<?xml version='1.0' encoding='UTF-8' standalone='no'?>
<doxygen xmlns:xsi="http://www.w3.org/2001/XMLSchema-instance" xsi:noNamespaceSchemaLocation="compound.xsd" version="1.8.11">
  <compounddef id="arprc__decls_8h" kind="file" language="C++">
    <compoundname>arprc_decls.h</compoundname>
    <includes local="no">stdbool.h</includes>
    <includes local="no">alsa/asoundlib.h</includes>
    <includes local="no">poll.h</includes>
    <includes local="no">OMX_Core.h</includes>
    <includes refid="tizprc__decls_8h" local="no">tizprc_decls.h</includes>
    <includedby refid="arprc_8c" local="yes">/home/joni/work/tizonia-master/plugins/pcm_renderer_alsa/src/arprc.c</includedby>
    <incdepgraph>
      <node id="13594">
        <label>stdbool.h</label>
      </node>
      <node id="13632">
        <label>stdarg.h</label>
      </node>
      <node id="13616">
        <label>tizbuffer.h</label>
        <link refid="tizbuffer_8h_source"/>
        <childnode refid="13597" relation="include">
        </childnode>
        <childnode refid="13603" relation="include">
        </childnode>
      </node>
      <node id="13619">
        <label>tizuuid.h</label>
        <link refid="tizuuid_8h_source"/>
        <childnode refid="13603" relation="include">
        </childnode>
      </node>
      <node id="13618">
        <label>tizthread.h</label>
        <link refid="tizthread_8h_source"/>
        <childnode refid="13597" relation="include">
        </childnode>
        <childnode refid="13603" relation="include">
        </childnode>
        <childnode refid="13612" relation="include">
        </childnode>
      </node>
      <node id="13615">
        <label>stdint.h</label>
      </node>
      <node id="13597">
        <label>OMX_Core.h</label>
      </node>
      <node id="13600">
        <label>tizplatform.h</label>
        <link refid="tizplatform_8h_source"/>
        <childnode refid="13601" relation="include">
        </childnode>
        <childnode refid="13609" relation="include">
        </childnode>
        <childnode refid="13606" relation="include">
        </childnode>
        <childnode refid="13611" relation="include">
        </childnode>
        <childnode refid="13613" relation="include">
        </childnode>
        <childnode refid="13616" relation="include">
        </childnode>
        <childnode refid="13617" relation="include">
        </childnode>
        <childnode refid="13612" relation="include">
        </childnode>
        <childnode refid="13618" relation="include">
        </childnode>
        <childnode refid="13619" relation="include">
        </childnode>
        <childnode refid="13602" relation="include">
        </childnode>
        <childnode refid="13620" relation="include">
        </childnode>
        <childnode refid="13614" relation="include">
        </childnode>
        <childnode refid="13621" relation="include">
        </childnode>
        <childnode refid="13622" relation="include">
        </childnode>
        <childnode refid="13623" relation="include">
        </childnode>
        <childnode refid="13624" relation="include">
        </childnode>
        <childnode refid="13625" relation="include">
        </childnode>
        <childnode refid="13626" relation="include">
        </childnode>
        <childnode refid="13627" relation="include">
        </childnode>
      </node>
      <node id="13596">
        <label>poll.h</label>
      </node>
      <node id="13631">
        <label>tizobject_decls.h</label>
        <link refid="tizobject__decls_8h_source"/>
        <childnode refid="13608" relation="include">
        </childnode>
        <childnode refid="13632" relation="include">
        </childnode>
      </node>
      <node id="13630">
        <label>tizapi_decls.h</label>
        <link refid="tizapi__decls_8h_source"/>
        <childnode refid="13631" relation="include">
        </childnode>
      </node>
      <node id="13604">
        <label>OMX_Component.h</label>
      </node>
      <node id="13614">
        <label>tizsoa.h</label>
        <link refid="tizsoa_8h_source"/>
        <childnode refid="13608" relation="include">
        </childnode>
        <childnode refid="13615" relation="include">
        </childnode>
        <childnode refid="13603" relation="include">
        </childnode>
        <childnode refid="13597" relation="include">
        </childnode>
      </node>
      <node id="13598">
        <label>tizprc_decls.h</label>
        <link refid="tizprc__decls_8h_source"/>
        <childnode refid="13597" relation="include">
        </childnode>
        <childnode refid="13599" relation="include">
        </childnode>
        <childnode refid="13628" relation="include">
        </childnode>
      </node>
      <node id="13601">
        <label>tizmacros.h</label>
        <link refid="tizmacros_8h_source"/>
        <childnode refid="13602" relation="include">
        </childnode>
        <childnode refid="13608" relation="include">
        </childnode>
      </node>
      <node id="13608">
        <label>stddef.h</label>
      </node>
      <node id="13595">
        <label>alsa/asoundlib.h</label>
      </node>
      <node id="13625">
        <label>tizprintf.h</label>
        <link refid="tizprintf_8h_source"/>
      </node>
      <node id="13611">
        <label>tizqueue.h</label>
        <link refid="tizqueue_8h_source"/>
        <childnode refid="13597" relation="include">
        </childnode>
        <childnode refid="13603" relation="include">
        </childnode>
        <childnode refid="13612" relation="include">
        </childnode>
      </node>
      <node id="13610">
        <label>log4c.h</label>
      </node>
      <node id="13607">
        <label>sys/types.h</label>
      </node>
      <node id="13606">
        <label>tizmem.h</label>
        <link refid="tizmem_8h_source"/>
        <childnode refid="13607" relation="include">
        </childnode>
        <childnode refid="13603" relation="include">
        </childnode>
      </node>
      <node id="13620">
        <label>tizrc.h</label>
        <link refid="tizrc_8h_source"/>
        <childnode refid="13597" relation="include">
        </childnode>
        <childnode refid="13603" relation="include">
        </childnode>
      </node>
      <node id="13613">
        <label>tizpqueue.h</label>
        <link refid="tizpqueue_8h_source"/>
        <childnode refid="13597" relation="include">
        </childnode>
        <childnode refid="13603" relation="include">
        </childnode>
        <childnode refid="13614" relation="include">
        </childnode>
      </node>
      <node id="13603">
        <label>OMX_Types.h</label>
      </node>
      <node id="13612">
        <label>tizsync.h</label>
        <link refid="tizsync_8h_source"/>
        <childnode refid="13597" relation="include">
        </childnode>
        <childnode refid="13603" relation="include">
        </childnode>
      </node>
      <node id="13609">
        <label>tizlog.h</label>
        <link refid="tizlog_8h_source"/>
        <childnode refid="13610" relation="include">
        </childnode>
      </node>
      <node id="13622">
        <label>tizhttp.h</label>
        <link refid="tizhttp_8h_source"/>
        <childnode refid="13597" relation="include">
        </childnode>
        <childnode refid="13603" relation="include">
        </childnode>
      </node>
      <node id="13617">
        <label>tizvector.h</label>
        <link refid="tizvector_8h_source"/>
        <childnode refid="13597" relation="include">
        </childnode>
        <childnode refid="13603" relation="include">
        </childnode>
      </node>
      <node id="13599">
        <label>tizprc.h</label>
        <link refid="tizprc_8h_source"/>
        <childnode refid="13600" relation="include">
        </childnode>
      </node>
      <node id="13627">
        <label>tizurltransfer.h</label>
        <link refid="tizurltransfer_8h_source"/>
        <childnode refid="13604" relation="include">
        </childnode>
      </node>
      <node id="13626">
        <label>tizshufflelst.h</label>
        <link refid="tizshufflelst_8h_source"/>
        <childnode refid="13597" relation="include">
        </childnode>
        <childnode refid="13603" relation="include">
        </childnode>
      </node>
      <node id="13602">
        <label>tizomxutils.h</label>
        <link refid="tizomxutils_8h_source"/>
        <childnode refid="13603" relation="include">
        </childnode>
        <childnode refid="13604" relation="include">
        </childnode>
        <childnode refid="13605" relation="include">
        </childnode>
        <childnode refid="13597" relation="include">
        </childnode>
        <childnode refid="13606" relation="include">
        </childnode>
      </node>
      <node id="13593">
        <label>/home/joni/work/tizonia-master/plugins/pcm_renderer_alsa/src/arprc_decls.h</label>
        <link refid="arprc_decls.h"/>
        <childnode refid="13594" relation="include">
        </childnode>
        <childnode refid="13595" relation="include">
        </childnode>
        <childnode refid="13596" relation="include">
        </childnode>
        <childnode refid="13597" relation="include">
        </childnode>
        <childnode refid="13598" relation="include">
        </childnode>
      </node>
      <node id="13629">
        <label>tizscheduler.h</label>
        <link refid="tizscheduler_8h_source"/>
        <childnode refid="13597" relation="include">
        </childnode>
        <childnode refid="13603" relation="include">
        </childnode>
        <childnode refid="13604" relation="include">
        </childnode>
        <childnode refid="13600" relation="include">
        </childnode>
      </node>
      <node id="13623">
        <label>tizmap.h</label>
        <link refid="tizmap_8h_source"/>
        <childnode refid="13594" relation="include">
        </childnode>
        <childnode refid="13597" relation="include">
        </childnode>
        <childnode refid="13603" relation="include">
        </childnode>
        <childnode refid="13614" relation="include">
        </childnode>
      </node>
      <node id="13628">
        <label>tizservant_decls.h</label>
        <link refid="tizservant__decls_8h_source"/>
        <childnode refid="13629" relation="include">
        </childnode>
        <childnode refid="13630" relation="include">
        </childnode>
      </node>
      <node id="13621">
        <label>tizev.h</label>
        <link refid="tizev_8h_source"/>
        <childnode refid="13594" relation="include">
        </childnode>
        <childnode refid="13615" relation="include">
        </childnode>
        <childnode refid="13597" relation="include">
        </childnode>
        <childnode refid="13603" relation="include">
        </childnode>
      </node>
      <node id="13624">
        <label>tizlimits.h</label>
        <link refid="tizlimits_8h_source"/>
      </node>
      <node id="13605">
        <label>OMX_Audio.h</label>
      </node>
    </incdepgraph>
    <innerclass refid="structar__prc" prot="public">ar_prc</innerclass>
    <innerclass refid="structar__prc__class" prot="public">ar_prc_class</innerclass>
      <sectiondef kind="typedef">
      <memberdef kind="typedef" id="arprc__decls_8h_1a13f34e34dc073d670eca9d4d15e6d070" prot="public" static="no">
        <type>struct <ref refid="structar__prc" kindref="compound">ar_prc</ref></type>
        <definition>typedef struct ar_prc ar_prc_t</definition>
        <argsstring></argsstring>
        <name>ar_prc_t</name>
        <briefdescription>
        </briefdescription>
        <detaileddescription>
        </detaileddescription>
        <inbodydescription>
        </inbodydescription>
        <location file="/home/joni/work/tizonia-master/plugins/pcm_renderer_alsa/src/arprc_decls.h" line="39" column="1" bodyfile="/home/joni/work/tizonia-master/plugins/pcm_renderer_alsa/src/arprc_decls.h" bodystart="44" bodyend="-1"/>
      </memberdef>
      <memberdef kind="typedef" id="arprc__decls_8h_1ac94c066d7107c7ccbf948622f72a8746" prot="public" static="no">
        <type>struct <ref refid="structar__prc__class" kindref="compound">ar_prc_class</ref></type>
        <definition>typedef struct ar_prc_class ar_prc_class_t</definition>
        <argsstring></argsstring>
        <name>ar_prc_class_t</name>
        <briefdescription>
        </briefdescription>
        <detaileddescription>
        </detaileddescription>
        <inbodydescription>
        </inbodydescription>
        <location file="/home/joni/work/tizonia-master/plugins/pcm_renderer_alsa/src/arprc_decls.h" line="39" column="1" bodyfile="/home/joni/work/tizonia-master/plugins/pcm_renderer_alsa/src/arprc_decls.h" bodystart="74" bodyend="-1"/>
      </memberdef>
      </sectiondef>
    <briefdescription>
<para>Tizonia - PCM Audio Renderer processor class decls. </para>    </briefdescription>
    <detaileddescription>
<para>Copyright (C) 2011-2018 Aratelia Limited - Juan A. Rubio</para><para>This file is part of Tizonia</para><para>Tizonia is free software: you can redistribute it and/or modify it under the terms of the GNU Lesser General Public License as published by the Free Software Foundation, either version 3 of the License, or (at your option) any later version.</para><para>Tizonia is distributed in the hope that it will be useful, but WITHOUT ANY WARRANTY; without even the implied warranty of MERCHANTABILITY or FITNESS FOR A PARTICULAR PURPOSE. See the GNU Lesser General Public License for more details.</para><para>You should have received a copy of the GNU Lesser General Public License along with Tizonia. If not, see <ulink url="http://www.gnu.org/licenses/">http://www.gnu.org/licenses/</ulink>.</para><para><simplesect kind="author"><para>Juan A. Rubio <ulink url="mailto:juan.rubio@aratelia.com">juan.rubio@aratelia.com</ulink> </para></simplesect>
</para>    </detaileddescription>
    <programlisting>
<codeline lineno="1"></codeline>
<codeline lineno="29"><highlight class="preprocessor">#ifndef<sp/>ARPRC_DECLS_H</highlight><highlight class="normal"></highlight></codeline>
<codeline lineno="30"><highlight class="normal"></highlight><highlight class="preprocessor">#define<sp/>ARPRC_DECLS_H</highlight><highlight class="normal"></highlight></codeline>
<codeline lineno="31"><highlight class="normal"></highlight></codeline>
<codeline lineno="32"><highlight class="normal"></highlight><highlight class="preprocessor">#ifdef<sp/>__cplusplus</highlight><highlight class="normal"></highlight></codeline>
<codeline lineno="33"><highlight class="normal"></highlight><highlight class="keyword">extern</highlight><highlight class="normal"><sp/></highlight><highlight class="stringliteral">&quot;C&quot;</highlight><highlight class="normal"><sp/>{</highlight></codeline>
<codeline lineno="34"><highlight class="normal"></highlight><highlight class="preprocessor">#endif</highlight><highlight class="normal"></highlight></codeline>
<codeline lineno="35"><highlight class="normal"></highlight></codeline>
<codeline lineno="36"><highlight class="normal"></highlight><highlight class="preprocessor">#include<sp/>&lt;stdbool.h&gt;</highlight><highlight class="normal"></highlight></codeline>
<codeline lineno="37"><highlight class="normal"></highlight><highlight class="preprocessor">#include<sp/>&lt;alsa/asoundlib.h&gt;</highlight><highlight class="normal"></highlight></codeline>
<codeline lineno="38"><highlight class="normal"></highlight><highlight class="preprocessor">#include<sp/>&lt;poll.h&gt;</highlight><highlight class="normal"></highlight></codeline>
<codeline lineno="39"><highlight class="normal"></highlight></codeline>
<codeline lineno="40"><highlight class="normal"></highlight><highlight class="preprocessor">#include<sp/>&lt;OMX_Core.h&gt;</highlight><highlight class="normal"></highlight></codeline>
<codeline lineno="41"><highlight class="normal"></highlight></codeline>
<codeline lineno="42"><highlight class="normal"></highlight><highlight class="preprocessor">#include<sp/>&lt;tizprc_decls.h&gt;</highlight><highlight class="normal"></highlight></codeline>
<codeline lineno="43"><highlight class="normal"></highlight></codeline>
<codeline lineno="44"><highlight class="normal"></highlight><highlight class="keyword">typedef</highlight><highlight class="normal"><sp/></highlight><highlight class="keyword">struct<sp/></highlight><highlight class="normal"><ref refid="structar__prc" kindref="compound">ar_prc</ref><sp/><ref refid="structar__prc" kindref="compound">ar_prc_t</ref>;</highlight></codeline>
<codeline lineno="45" refid="structar__prc" refkind="compound"><highlight class="normal"></highlight><highlight class="keyword">struct<sp/></highlight><highlight class="normal"><ref refid="structar__prc" kindref="compound">ar_prc</ref></highlight></codeline>
<codeline lineno="46"><highlight class="normal">{</highlight></codeline>
<codeline lineno="47"><highlight class="normal"><sp/><sp/></highlight><highlight class="comment">/*<sp/>Object<sp/>*/</highlight><highlight class="normal"></highlight></codeline>
<codeline lineno="48"><highlight class="normal"><sp/><sp/></highlight><highlight class="keyword">const</highlight><highlight class="normal"><sp/><ref refid="structtiz__prc" kindref="compound">tiz_prc_t</ref><sp/>_;</highlight></codeline>
<codeline lineno="49"><highlight class="normal"><sp/><sp/>OMX_AUDIO_PARAM_PCMMODETYPE<sp/>pcmmode_;</highlight></codeline>
<codeline lineno="50"><highlight class="normal"><sp/><sp/>snd_pcm_t<sp/>*<sp/>p_pcm_;</highlight></codeline>
<codeline lineno="51"><highlight class="normal"><sp/><sp/>snd_pcm_hw_params_t<sp/>*<sp/>p_hw_params_;</highlight></codeline>
<codeline lineno="52"><highlight class="normal"><sp/><sp/></highlight><highlight class="keywordtype">char</highlight><highlight class="normal"><sp/>*<sp/>p_pcm_name_;</highlight></codeline>
<codeline lineno="53"><highlight class="normal"><sp/><sp/></highlight><highlight class="keywordtype">char</highlight><highlight class="normal"><sp/>*<sp/>p_mixer_name_;</highlight></codeline>
<codeline lineno="54"><highlight class="normal"><sp/><sp/></highlight><highlight class="keywordtype">bool</highlight><highlight class="normal"><sp/>swap_byte_order_;</highlight></codeline>
<codeline lineno="55"><highlight class="normal"><sp/><sp/></highlight><highlight class="keywordtype">unsigned</highlight><highlight class="normal"><sp/></highlight><highlight class="keywordtype">int</highlight><highlight class="normal"><sp/>num_channels_supported_;</highlight></codeline>
<codeline lineno="56"><highlight class="normal"><sp/><sp/><ref refid="structtiz__buffer" kindref="compound">tiz_buffer_t</ref><sp/>*<sp/>p_sample_buf_;</highlight></codeline>
<codeline lineno="57"><highlight class="normal"><sp/><sp/></highlight><highlight class="keywordtype">int</highlight><highlight class="normal"><sp/>descriptor_count_;</highlight></codeline>
<codeline lineno="58"><highlight class="normal"><sp/><sp/></highlight><highlight class="keyword">struct<sp/></highlight><highlight class="normal">pollfd<sp/>*<sp/>p_fds_;</highlight></codeline>
<codeline lineno="59"><highlight class="normal"><sp/><sp/><ref refid="structtiz__event__io" kindref="compound">tiz_event_io_t</ref><sp/>*<sp/>p_ev_io_;</highlight></codeline>
<codeline lineno="60"><highlight class="normal"><sp/><sp/><ref refid="structtiz__event__timer" kindref="compound">tiz_event_timer_t</ref><sp/>*<sp/>p_vol_ramp_timer_;</highlight></codeline>
<codeline lineno="61"><highlight class="normal"><sp/><sp/><ref refid="structtiz__event__timer" kindref="compound">tiz_event_timer_t</ref><sp/>*<sp/>p_eos_timer_;</highlight></codeline>
<codeline lineno="62"><highlight class="normal"><sp/><sp/>OMX_BUFFERHEADERTYPE<sp/>*<sp/>p_inhdr_;</highlight></codeline>
<codeline lineno="63"><highlight class="normal"><sp/><sp/></highlight><highlight class="keywordtype">bool</highlight><highlight class="normal"><sp/>port_disabled_;</highlight></codeline>
<codeline lineno="64"><highlight class="normal"><sp/><sp/></highlight><highlight class="keywordtype">bool</highlight><highlight class="normal"><sp/>awaiting_io_ev_;</highlight></codeline>
<codeline lineno="65"><highlight class="normal"><sp/><sp/>OMX_U32<sp/>nflags_;</highlight></codeline>
<codeline lineno="66"><highlight class="normal"><sp/><sp/></highlight><highlight class="keywordtype">float</highlight><highlight class="normal"><sp/>gain_;</highlight></codeline>
<codeline lineno="67"><highlight class="normal"><sp/><sp/></highlight><highlight class="keywordtype">long</highlight><highlight class="normal"><sp/>volume_;</highlight></codeline>
<codeline lineno="68"><highlight class="normal"><sp/><sp/></highlight><highlight class="keywordtype">bool</highlight><highlight class="normal"><sp/>ramp_enabled_;</highlight></codeline>
<codeline lineno="69"><highlight class="normal"><sp/><sp/></highlight><highlight class="keywordtype">long</highlight><highlight class="normal"><sp/>ramp_step_;</highlight></codeline>
<codeline lineno="70"><highlight class="normal"><sp/><sp/></highlight><highlight class="keywordtype">long</highlight><highlight class="normal"><sp/>ramp_step_count_;</highlight></codeline>
<codeline lineno="71"><highlight class="normal"><sp/><sp/></highlight><highlight class="keywordtype">long</highlight><highlight class="normal"><sp/>ramp_volume_;</highlight></codeline>
<codeline lineno="72"><highlight class="normal">};</highlight></codeline>
<codeline lineno="73"><highlight class="normal"></highlight></codeline>
<codeline lineno="74"><highlight class="normal"></highlight><highlight class="keyword">typedef</highlight><highlight class="normal"><sp/></highlight><highlight class="keyword">struct<sp/></highlight><highlight class="normal"><ref refid="structar__prc__class" kindref="compound">ar_prc_class</ref><sp/>ar_prc_class_t;</highlight></codeline>
<codeline lineno="75" refid="structar__prc__class" refkind="compound"><highlight class="normal"></highlight><highlight class="keyword">struct<sp/></highlight><highlight class="normal"><ref refid="structar__prc__class" kindref="compound">ar_prc_class</ref></highlight></codeline>
<codeline lineno="76"><highlight class="normal">{</highlight></codeline>
<codeline lineno="77"><highlight class="normal"><sp/><sp/></highlight><highlight class="comment">/*<sp/>Class<sp/>*/</highlight><highlight class="normal"></highlight></codeline>
<codeline lineno="78"><highlight class="normal"><sp/><sp/></highlight><highlight class="keyword">const</highlight><highlight class="normal"><sp/><ref refid="structtiz__prc__class" kindref="compound">tiz_prc_class_t</ref><sp/>_;</highlight></codeline>
<codeline lineno="79"><highlight class="normal"><sp/><sp/></highlight><highlight class="comment">/*<sp/>NOTE:<sp/>Class<sp/>methods<sp/>might<sp/>be<sp/>added<sp/>in<sp/>the<sp/>future<sp/>*/</highlight><highlight class="normal"></highlight></codeline>
<codeline lineno="80"><highlight class="normal">};</highlight></codeline>
<codeline lineno="81"><highlight class="normal"></highlight></codeline>
<codeline lineno="82"><highlight class="normal"></highlight><highlight class="preprocessor">#ifdef<sp/>__cplusplus</highlight><highlight class="normal"></highlight></codeline>
<codeline lineno="83"><highlight class="normal">}</highlight></codeline>
<codeline lineno="84"><highlight class="normal"></highlight><highlight class="preprocessor">#endif</highlight><highlight class="normal"></highlight></codeline>
<codeline lineno="85"><highlight class="normal"></highlight></codeline>
<codeline lineno="86"><highlight class="normal"></highlight><highlight class="preprocessor">#endif<sp/></highlight><highlight class="comment">/*<sp/>ARPRC_DECLS_H<sp/>*/</highlight><highlight class="preprocessor"></highlight></codeline>
    </programlisting>
    <location file="/home/joni/work/tizonia-master/plugins/pcm_renderer_alsa/src/arprc_decls.h"/>
  </compounddef>
</doxygen>
