<?xml version='1.0' encoding='UTF-8' standalone='no'?>
<doxygen xmlns:xsi="http://www.w3.org/2001/XMLSchema-instance" xsi:noNamespaceSchemaLocation="compound.xsd" version="1.8.11">
  <compounddef id="cc__youtubecfgport_8c" kind="file" language="C++">
    <compoundname>cc_youtubecfgport.c</compoundname>
    <includes local="no">assert.h</includes>
    <includes local="no">string.h</includes>
    <includes local="no">limits.h</includes>
    <includes refid="tizplatform_8h" local="no">tizplatform.h</includes>
    <includes refid="cc__youtubecfgport_8h" local="yes">cc_youtubecfgport.h</includes>
    <includes refid="cc__youtubecfgport__decls_8h" local="yes">cc_youtubecfgport_decls.h</includes>
    <incdepgraph>
      <node id="9408">
        <label>stdbool.h</label>
      </node>
      <node id="9381">
        <label>/home/joni/work/tizonia-master/plugins/chromecast_renderer/src/cc_youtubecfgport.c</label>
        <link refid="cc_youtubecfgport.c"/>
        <childnode refid="9382" relation="include">
        </childnode>
        <childnode refid="9383" relation="include">
        </childnode>
        <childnode refid="9384" relation="include">
        </childnode>
        <childnode refid="9385" relation="include">
        </childnode>
        <childnode refid="9415" relation="include">
        </childnode>
        <childnode refid="9416" relation="include">
        </childnode>
      </node>
      <node id="9415">
        <label>cc_youtubecfgport.h</label>
        <link refid="cc__youtubecfgport_8h_source"/>
      </node>
      <node id="9425">
        <label>stdarg.h</label>
      </node>
      <node id="9421">
        <label>tizport_decls.h</label>
        <link refid="tizport__decls_8h_source"/>
        <childnode refid="9422" relation="include">
        </childnode>
        <childnode refid="9428" relation="include">
        </childnode>
        <childnode refid="9430" relation="include">
        </childnode>
        <childnode refid="9389" relation="include">
        </childnode>
        <childnode refid="9417" relation="include">
        </childnode>
      </node>
      <node id="9422">
        <label>tizport.h</label>
        <link refid="tizport_8h_source"/>
        <childnode refid="9423" relation="include">
        </childnode>
        <childnode refid="9427" relation="include">
        </childnode>
        <childnode refid="9385" relation="include">
        </childnode>
        <childnode refid="9391" relation="include">
        </childnode>
        <childnode refid="9389" relation="include">
        </childnode>
        <childnode refid="9388" relation="include">
        </childnode>
        <childnode refid="9384" relation="include">
        </childnode>
      </node>
      <node id="9382">
        <label>assert.h</label>
      </node>
      <node id="9402">
        <label>tizbuffer.h</label>
        <link refid="tizbuffer_8h_source"/>
        <childnode refid="9391" relation="include">
        </childnode>
        <childnode refid="9388" relation="include">
        </childnode>
      </node>
      <node id="9405">
        <label>tizuuid.h</label>
        <link refid="tizuuid_8h_source"/>
        <childnode refid="9388" relation="include">
        </childnode>
      </node>
      <node id="9404">
        <label>tizthread.h</label>
        <link refid="tizthread_8h_source"/>
        <childnode refid="9391" relation="include">
        </childnode>
        <childnode refid="9388" relation="include">
        </childnode>
        <childnode refid="9398" relation="include">
        </childnode>
      </node>
      <node id="9401">
        <label>stdint.h</label>
      </node>
      <node id="9391">
        <label>OMX_Core.h</label>
      </node>
      <node id="9418">
        <label>cc_cfgport_decls.h</label>
        <link refid="cc__cfgport__decls_8h_source"/>
        <childnode refid="9417" relation="include">
        </childnode>
        <childnode refid="9388" relation="include">
        </childnode>
        <childnode refid="9419" relation="include">
        </childnode>
      </node>
      <node id="9385">
        <label>tizplatform.h</label>
        <link refid="tizplatform_8h_source"/>
        <childnode refid="9386" relation="include">
        </childnode>
        <childnode refid="9395" relation="include">
        </childnode>
        <childnode refid="9392" relation="include">
        </childnode>
        <childnode refid="9397" relation="include">
        </childnode>
        <childnode refid="9399" relation="include">
        </childnode>
        <childnode refid="9402" relation="include">
        </childnode>
        <childnode refid="9403" relation="include">
        </childnode>
        <childnode refid="9398" relation="include">
        </childnode>
        <childnode refid="9404" relation="include">
        </childnode>
        <childnode refid="9405" relation="include">
        </childnode>
        <childnode refid="9387" relation="include">
        </childnode>
        <childnode refid="9406" relation="include">
        </childnode>
        <childnode refid="9400" relation="include">
        </childnode>
        <childnode refid="9407" relation="include">
        </childnode>
        <childnode refid="9409" relation="include">
        </childnode>
        <childnode refid="9410" relation="include">
        </childnode>
        <childnode refid="9411" relation="include">
        </childnode>
        <childnode refid="9412" relation="include">
        </childnode>
        <childnode refid="9413" relation="include">
        </childnode>
        <childnode refid="9414" relation="include">
        </childnode>
      </node>
      <node id="9429">
        <label>tizobject_decls.h</label>
        <link refid="tizobject__decls_8h_source"/>
        <childnode refid="9394" relation="include">
        </childnode>
        <childnode refid="9425" relation="include">
        </childnode>
      </node>
      <node id="9428">
        <label>tizapi_decls.h</label>
        <link refid="tizapi__decls_8h_source"/>
        <childnode refid="9429" relation="include">
        </childnode>
      </node>
      <node id="9424">
        <label>tizobject.h</label>
        <link refid="tizobject_8h_source"/>
        <childnode refid="9388" relation="include">
        </childnode>
        <childnode refid="9425" relation="include">
        </childnode>
        <childnode refid="9394" relation="include">
        </childnode>
        <childnode refid="9426" relation="include">
        </childnode>
      </node>
      <node id="9389">
        <label>OMX_Component.h</label>
      </node>
      <node id="9400">
        <label>tizsoa.h</label>
        <link refid="tizsoa_8h_source"/>
        <childnode refid="9394" relation="include">
        </childnode>
        <childnode refid="9401" relation="include">
        </childnode>
        <childnode refid="9388" relation="include">
        </childnode>
        <childnode refid="9391" relation="include">
        </childnode>
      </node>
      <node id="9386">
        <label>tizmacros.h</label>
        <link refid="tizmacros_8h_source"/>
        <childnode refid="9387" relation="include">
        </childnode>
        <childnode refid="9394" relation="include">
        </childnode>
      </node>
      <node id="9432">
        <label>tizservant.h</label>
        <link refid="tizservant_8h_source"/>
        <childnode refid="9391" relation="include">
        </childnode>
        <childnode refid="9385" relation="include">
        </childnode>
        <childnode refid="9427" relation="include">
        </childnode>
        <childnode refid="9423" relation="include">
        </childnode>
      </node>
      <node id="9394">
        <label>stddef.h</label>
      </node>
      <node id="9384">
        <label>limits.h</label>
      </node>
      <node id="9412">
        <label>tizprintf.h</label>
        <link refid="tizprintf_8h_source"/>
      </node>
      <node id="9397">
        <label>tizqueue.h</label>
        <link refid="tizqueue_8h_source"/>
        <childnode refid="9391" relation="include">
        </childnode>
        <childnode refid="9388" relation="include">
        </childnode>
        <childnode refid="9398" relation="include">
        </childnode>
      </node>
      <node id="9396">
        <label>log4c.h</label>
      </node>
      <node id="9393">
        <label>sys/types.h</label>
      </node>
      <node id="9417">
        <label>OMX_TizoniaExt.h</label>
      </node>
      <node id="9392">
        <label>tizmem.h</label>
        <link refid="tizmem_8h_source"/>
        <childnode refid="9393" relation="include">
        </childnode>
        <childnode refid="9388" relation="include">
        </childnode>
      </node>
      <node id="9383">
        <label>string.h</label>
      </node>
      <node id="9406">
        <label>tizrc.h</label>
        <link refid="tizrc_8h_source"/>
        <childnode refid="9391" relation="include">
        </childnode>
        <childnode refid="9388" relation="include">
        </childnode>
      </node>
      <node id="9399">
        <label>tizpqueue.h</label>
        <link refid="tizpqueue_8h_source"/>
        <childnode refid="9391" relation="include">
        </childnode>
        <childnode refid="9388" relation="include">
        </childnode>
        <childnode refid="9400" relation="include">
        </childnode>
      </node>
      <node id="9420">
        <label>tizconfigport_decls.h</label>
        <link refid="tizconfigport__decls_8h_source"/>
        <childnode refid="9389" relation="include">
        </childnode>
        <childnode refid="9391" relation="include">
        </childnode>
        <childnode refid="9417" relation="include">
        </childnode>
        <childnode refid="9385" relation="include">
        </childnode>
        <childnode refid="9421" relation="include">
        </childnode>
      </node>
      <node id="9423">
        <label>tizapi.h</label>
        <link refid="tizapi_8h_source"/>
        <childnode refid="9391" relation="include">
        </childnode>
        <childnode refid="9424" relation="include">
        </childnode>
      </node>
      <node id="9388">
        <label>OMX_Types.h</label>
      </node>
      <node id="9398">
        <label>tizsync.h</label>
        <link refid="tizsync_8h_source"/>
        <childnode refid="9391" relation="include">
        </childnode>
        <childnode refid="9388" relation="include">
        </childnode>
      </node>
      <node id="9395">
        <label>tizlog.h</label>
        <link refid="tizlog_8h_source"/>
        <childnode refid="9396" relation="include">
        </childnode>
      </node>
      <node id="9409">
        <label>tizhttp.h</label>
        <link refid="tizhttp_8h_source"/>
        <childnode refid="9391" relation="include">
        </childnode>
        <childnode refid="9388" relation="include">
        </childnode>
      </node>
      <node id="9403">
        <label>tizvector.h</label>
        <link refid="tizvector_8h_source"/>
        <childnode refid="9391" relation="include">
        </childnode>
        <childnode refid="9388" relation="include">
        </childnode>
      </node>
      <node id="9414">
        <label>tizurltransfer.h</label>
        <link refid="tizurltransfer_8h_source"/>
        <childnode refid="9389" relation="include">
        </childnode>
      </node>
      <node id="9419">
        <label>tizuricfgport_decls.h</label>
        <link refid="tizuricfgport__decls_8h_source"/>
        <childnode refid="9420" relation="include">
        </childnode>
      </node>
      <node id="9413">
        <label>tizshufflelst.h</label>
        <link refid="tizshufflelst_8h_source"/>
        <childnode refid="9391" relation="include">
        </childnode>
        <childnode refid="9388" relation="include">
        </childnode>
      </node>
      <node id="9387">
        <label>tizomxutils.h</label>
        <link refid="tizomxutils_8h_source"/>
        <childnode refid="9388" relation="include">
        </childnode>
        <childnode refid="9389" relation="include">
        </childnode>
        <childnode refid="9390" relation="include">
        </childnode>
        <childnode refid="9391" relation="include">
        </childnode>
        <childnode refid="9392" relation="include">
        </childnode>
      </node>
      <node id="9430">
        <label>tizutils.h</label>
        <link refid="tizutils_8h_source"/>
        <childnode refid="9388" relation="include">
        </childnode>
        <childnode refid="9391" relation="include">
        </childnode>
        <childnode refid="9431" relation="include">
        </childnode>
      </node>
      <node id="9416">
        <label>cc_youtubecfgport_decls.h</label>
        <link refid="cc__youtubecfgport__decls_8h_source"/>
        <childnode refid="9417" relation="include">
        </childnode>
        <childnode refid="9388" relation="include">
        </childnode>
        <childnode refid="9418" relation="include">
        </childnode>
      </node>
      <node id="9427">
        <label>tizscheduler.h</label>
        <link refid="tizscheduler_8h_source"/>
        <childnode refid="9391" relation="include">
        </childnode>
        <childnode refid="9388" relation="include">
        </childnode>
        <childnode refid="9389" relation="include">
        </childnode>
        <childnode refid="9385" relation="include">
        </childnode>
      </node>
      <node id="9431">
        <label>tizfsm.h</label>
        <link refid="tizfsm_8h_source"/>
        <childnode refid="9432" relation="include">
        </childnode>
      </node>
      <node id="9410">
        <label>tizmap.h</label>
        <link refid="tizmap_8h_source"/>
        <childnode refid="9408" relation="include">
        </childnode>
        <childnode refid="9391" relation="include">
        </childnode>
        <childnode refid="9388" relation="include">
        </childnode>
        <childnode refid="9400" relation="include">
        </childnode>
      </node>
      <node id="9407">
        <label>tizev.h</label>
        <link refid="tizev_8h_source"/>
        <childnode refid="9408" relation="include">
        </childnode>
        <childnode refid="9401" relation="include">
        </childnode>
        <childnode refid="9391" relation="include">
        </childnode>
        <childnode refid="9388" relation="include">
        </childnode>
      </node>
      <node id="9426">
        <label>stdio.h</label>
      </node>
      <node id="9411">
        <label>tizlimits.h</label>
        <link refid="tizlimits_8h_source"/>
      </node>
      <node id="9390">
        <label>OMX_Audio.h</label>
      </node>
    </incdepgraph>
      <sectiondef kind="func">
      <memberdef kind="function" id="cc__youtubecfgport_8c_1aa1a6006d65c44d03e93e5b990541fcb7" prot="public" static="yes" const="no" explicit="no" inline="no" virt="non-virtual">
        <type>void *</type>
        <definition>static void* cc_youtube_cfgport_ctor</definition>
        <argsstring>(void *ap_obj, va_list *app)</argsstring>
        <name>cc_youtube_cfgport_ctor</name>
        <param>
          <type>void *</type>
          <declname>ap_obj</declname>
        </param>
        <param>
          <type>va_list *</type>
          <declname>app</declname>
        </param>
        <briefdescription>
        </briefdescription>
        <detaileddescription>
        </detaileddescription>
        <inbodydescription>
        </inbodydescription>
        <location file="/home/joni/work/tizonia-master/plugins/chromecast_renderer/src/cc_youtubecfgport.c" line="52" column="1" bodyfile="/home/joni/work/tizonia-master/plugins/chromecast_renderer/src/cc_youtubecfgport.c" bodystart="52" bodyend="77"/>
      </memberdef>
      <memberdef kind="function" id="cc__youtubecfgport_8c_1ab7bb2b5b18898bc1b4b66045d8ac8ca6" prot="public" static="yes" const="no" explicit="no" inline="no" virt="non-virtual">
        <type>void *</type>
        <definition>static void* cc_youtube_cfgport_dtor</definition>
        <argsstring>(void *ap_obj)</argsstring>
        <name>cc_youtube_cfgport_dtor</name>
        <param>
          <type>void *</type>
          <declname>ap_obj</declname>
        </param>
        <briefdescription>
        </briefdescription>
        <detaileddescription>
        </detaileddescription>
        <inbodydescription>
        </inbodydescription>
        <location file="/home/joni/work/tizonia-master/plugins/chromecast_renderer/src/cc_youtubecfgport.c" line="80" column="1" bodyfile="/home/joni/work/tizonia-master/plugins/chromecast_renderer/src/cc_youtubecfgport.c" bodystart="80" bodyend="83"/>
      </memberdef>
      <memberdef kind="function" id="cc__youtubecfgport_8c_1ae5096f2ec9180ea4df529041a92efc2f" prot="public" static="yes" const="no" explicit="no" inline="no" virt="non-virtual">
        <type>OMX_ERRORTYPE</type>
        <definition>static OMX_ERRORTYPE cc_youtube_cfgport_GetParameter</definition>
        <argsstring>(const void *ap_obj, OMX_HANDLETYPE ap_hdl, OMX_INDEXTYPE a_index, OMX_PTR ap_struct)</argsstring>
        <name>cc_youtube_cfgport_GetParameter</name>
        <param>
          <type>const void *</type>
          <declname>ap_obj</declname>
        </param>
        <param>
          <type>OMX_HANDLETYPE</type>
          <declname>ap_hdl</declname>
        </param>
        <param>
          <type>OMX_INDEXTYPE</type>
          <declname>a_index</declname>
        </param>
        <param>
          <type>OMX_PTR</type>
          <declname>ap_struct</declname>
        </param>
        <briefdescription>
        </briefdescription>
        <detaileddescription>
        </detaileddescription>
        <inbodydescription>
        </inbodydescription>
        <location file="/home/joni/work/tizonia-master/plugins/chromecast_renderer/src/cc_youtubecfgport.c" line="90" column="1" bodyfile="/home/joni/work/tizonia-master/plugins/chromecast_renderer/src/cc_youtubecfgport.c" bodystart="90" bodyend="119"/>
      </memberdef>
      <memberdef kind="function" id="cc__youtubecfgport_8c_1a6e4f5c5cdb816fba14aa736c2c818476" prot="public" static="yes" const="no" explicit="no" inline="no" virt="non-virtual">
        <type>OMX_ERRORTYPE</type>
        <definition>static OMX_ERRORTYPE cc_youtube_cfgport_SetParameter</definition>
        <argsstring>(const void *ap_obj, OMX_HANDLETYPE ap_hdl, OMX_INDEXTYPE a_index, OMX_PTR ap_struct)</argsstring>
        <name>cc_youtube_cfgport_SetParameter</name>
        <param>
          <type>const void *</type>
          <declname>ap_obj</declname>
        </param>
        <param>
          <type>OMX_HANDLETYPE</type>
          <declname>ap_hdl</declname>
        </param>
        <param>
          <type>OMX_INDEXTYPE</type>
          <declname>a_index</declname>
        </param>
        <param>
          <type>OMX_PTR</type>
          <declname>ap_struct</declname>
        </param>
        <briefdescription>
        </briefdescription>
        <detaileddescription>
        </detaileddescription>
        <inbodydescription>
        </inbodydescription>
        <location file="/home/joni/work/tizonia-master/plugins/chromecast_renderer/src/cc_youtubecfgport.c" line="122" column="1" bodyfile="/home/joni/work/tizonia-master/plugins/chromecast_renderer/src/cc_youtubecfgport.c" bodystart="122" bodyend="156"/>
      </memberdef>
      <memberdef kind="function" id="cc__youtubecfgport_8c_1abeee8216ec0f25719cd793d043eca9e8" prot="public" static="yes" const="no" explicit="no" inline="no" virt="non-virtual">
        <type>void *</type>
        <definition>static void* cc_youtube_cfgport_class_ctor</definition>
        <argsstring>(void *ap_obj, va_list *app)</argsstring>
        <name>cc_youtube_cfgport_class_ctor</name>
        <param>
          <type>void *</type>
          <declname>ap_obj</declname>
        </param>
        <param>
          <type>va_list *</type>
          <declname>app</declname>
        </param>
        <briefdescription>
        </briefdescription>
        <detaileddescription>
        </detaileddescription>
        <inbodydescription>
        </inbodydescription>
        <location file="/home/joni/work/tizonia-master/plugins/chromecast_renderer/src/cc_youtubecfgport.c" line="163" column="1" bodyfile="/home/joni/work/tizonia-master/plugins/chromecast_renderer/src/cc_youtubecfgport.c" bodystart="163" bodyend="167"/>
      </memberdef>
      <memberdef kind="function" id="cc__youtubecfgport_8c_1abb969e2e3e2268f51bb31cbf0a2fd8b6" prot="public" static="no" const="no" explicit="no" inline="no" virt="non-virtual">
        <type>void *</type>
        <definition>void* cc_youtube_cfgport_class_init</definition>
        <argsstring>(void *ap_tos, void *ap_hdl)</argsstring>
        <name>cc_youtube_cfgport_class_init</name>
        <param>
          <type>void *</type>
          <declname>ap_tos</declname>
        </param>
        <param>
          <type>void *</type>
          <declname>ap_hdl</declname>
        </param>
        <briefdescription>
        </briefdescription>
        <detaileddescription>
        </detaileddescription>
        <inbodydescription>
        </inbodydescription>
        <location file="/home/joni/work/tizonia-master/plugins/chromecast_renderer/src/cc_youtubecfgport.c" line="174" column="1" bodyfile="/home/joni/work/tizonia-master/plugins/chromecast_renderer/src/cc_youtubecfgport.c" bodystart="174" bodyend="182"/>
      </memberdef>
      <memberdef kind="function" id="cc__youtubecfgport_8c_1ac3543606d52d7e0add8eacf91d30335c" prot="public" static="no" const="no" explicit="no" inline="no" virt="non-virtual">
        <type>void *</type>
        <definition>void* cc_youtube_cfgport_init</definition>
        <argsstring>(void *ap_tos, void *ap_hdl)</argsstring>
        <name>cc_youtube_cfgport_init</name>
        <param>
          <type>void *</type>
          <declname>ap_tos</declname>
        </param>
        <param>
          <type>void *</type>
          <declname>ap_hdl</declname>
        </param>
        <briefdescription>
        </briefdescription>
        <detaileddescription>
        </detaileddescription>
        <inbodydescription>
        </inbodydescription>
        <location file="/home/joni/work/tizonia-master/plugins/chromecast_renderer/src/cc_youtubecfgport.c" line="185" column="1" bodyfile="/home/joni/work/tizonia-master/plugins/chromecast_renderer/src/cc_youtubecfgport.c" bodystart="185" bodyend="209"/>
      </memberdef>
      </sectiondef>
    <briefdescription>
<para>A specialised config port class for the Youtube renderer component. </para>    </briefdescription>
    <detaileddescription>
<para>Copyright (C) 2011-2018 Aratelia Limited - Juan A. Rubio</para><para>This file is part of Tizonia</para><para>Tizonia is free software: you can redistribute it and/or modify it under the terms of the GNU Lesser General Public License as published by the Free Software Foundation, either version 3 of the License, or (at your option) any later version.</para><para>Tizonia is distributed in the hope that it will be useful, but WITHOUT ANY WARRANTY; without even the implied warranty of MERCHANTABILITY or FITNESS FOR A PARTICULAR PURPOSE. See the GNU Lesser General Public License for more details.</para><para>You should have received a copy of the GNU Lesser General Public License along with Tizonia. If not, see &lt;chromecast://www.gnu.org/licenses/&gt;.</para><para><simplesect kind="author"><para>Juan A. Rubio <ulink url="mailto:juan.rubio@aratelia.com">juan.rubio@aratelia.com</ulink> </para></simplesect>
</para>    </detaileddescription>
    <programlisting>
<codeline lineno="1"></codeline>
<codeline lineno="29"><highlight class="preprocessor">#ifdef<sp/>HAVE_CONFIG_H</highlight><highlight class="normal"></highlight></codeline>
<codeline lineno="30"><highlight class="normal"></highlight><highlight class="preprocessor">#include<sp/>&lt;config.h&gt;</highlight><highlight class="normal"></highlight></codeline>
<codeline lineno="31"><highlight class="normal"></highlight><highlight class="preprocessor">#endif</highlight><highlight class="normal"></highlight></codeline>
<codeline lineno="32"><highlight class="normal"></highlight></codeline>
<codeline lineno="33"><highlight class="normal"></highlight><highlight class="preprocessor">#include<sp/>&lt;assert.h&gt;</highlight><highlight class="normal"></highlight></codeline>
<codeline lineno="34"><highlight class="normal"></highlight><highlight class="preprocessor">#include<sp/>&lt;string.h&gt;</highlight><highlight class="normal"></highlight></codeline>
<codeline lineno="35"><highlight class="normal"></highlight><highlight class="preprocessor">#include<sp/>&lt;limits.h&gt;</highlight><highlight class="normal"></highlight></codeline>
<codeline lineno="36"><highlight class="normal"></highlight></codeline>
<codeline lineno="37"><highlight class="normal"></highlight><highlight class="preprocessor">#include<sp/>&lt;tizplatform.h&gt;</highlight><highlight class="normal"></highlight></codeline>
<codeline lineno="38"><highlight class="normal"></highlight></codeline>
<codeline lineno="39"><highlight class="normal"></highlight><highlight class="preprocessor">#include<sp/>&quot;cc_youtubecfgport.h&quot;</highlight><highlight class="normal"></highlight></codeline>
<codeline lineno="40"><highlight class="normal"></highlight><highlight class="preprocessor">#include<sp/>&quot;cc_youtubecfgport_decls.h&quot;</highlight><highlight class="normal"></highlight></codeline>
<codeline lineno="41"><highlight class="normal"></highlight></codeline>
<codeline lineno="42"><highlight class="normal"></highlight><highlight class="preprocessor">#ifdef<sp/>TIZ_LOG_CATEGORY_NAME</highlight><highlight class="normal"></highlight></codeline>
<codeline lineno="43"><highlight class="normal"></highlight><highlight class="preprocessor">#undef<sp/>TIZ_LOG_CATEGORY_NAME</highlight><highlight class="normal"></highlight></codeline>
<codeline lineno="44"><highlight class="normal"></highlight><highlight class="preprocessor">#define<sp/>TIZ_LOG_CATEGORY_NAME<sp/>&quot;tiz.chromecast_renderer.cfgport.youtube&quot;</highlight><highlight class="normal"></highlight></codeline>
<codeline lineno="45"><highlight class="normal"></highlight><highlight class="preprocessor">#endif</highlight><highlight class="normal"></highlight></codeline>
<codeline lineno="46"><highlight class="normal"></highlight></codeline>
<codeline lineno="47"><highlight class="normal"></highlight><highlight class="comment">/*</highlight></codeline>
<codeline lineno="48"><highlight class="comment"><sp/>*<sp/>cc_youtubecfgport<sp/>class</highlight></codeline>
<codeline lineno="49"><highlight class="comment"><sp/>*/</highlight><highlight class="normal"></highlight></codeline>
<codeline lineno="50"><highlight class="normal"></highlight></codeline>
<codeline lineno="51"><highlight class="normal"></highlight><highlight class="keyword">static</highlight><highlight class="normal"><sp/></highlight><highlight class="keywordtype">void</highlight><highlight class="normal"><sp/>*</highlight></codeline>
<codeline lineno="52"><highlight class="normal">cc_youtube_cfgport_ctor<sp/>(</highlight><highlight class="keywordtype">void</highlight><highlight class="normal"><sp/>*<sp/>ap_obj,<sp/>va_list<sp/>*<sp/>app)</highlight></codeline>
<codeline lineno="53"><highlight class="normal">{</highlight></codeline>
<codeline lineno="54"><highlight class="normal"><sp/><sp/><ref refid="structcc__youtube__cfgport" kindref="compound">cc_youtube_cfgport_t</ref><sp/>*<sp/>p_obj</highlight></codeline>
<codeline lineno="55"><highlight class="normal"><sp/><sp/><sp/><sp/>=<sp/>super_ctor<sp/>(typeOf<sp/>(ap_obj,<sp/></highlight><highlight class="stringliteral">&quot;cc_youtubecfgport&quot;</highlight><highlight class="normal">),<sp/>ap_obj,<sp/>app);</highlight></codeline>
<codeline lineno="56"><highlight class="normal"></highlight></codeline>
<codeline lineno="57"><highlight class="normal"><sp/><sp/>assert<sp/>(p_obj);</highlight></codeline>
<codeline lineno="58"><highlight class="normal"></highlight></codeline>
<codeline lineno="59"><highlight class="normal"><sp/><sp/>tiz_check_omx_ret_null<sp/>(</highlight></codeline>
<codeline lineno="60"><highlight class="normal"><sp/><sp/><sp/><sp/>tiz_port_register_index<sp/>(p_obj,<sp/>OMX_TizoniaIndexParamAudioYoutubeSession));</highlight></codeline>
<codeline lineno="61"><highlight class="normal"><sp/><sp/>tiz_check_omx_ret_null<sp/>(</highlight></codeline>
<codeline lineno="62"><highlight class="normal"><sp/><sp/><sp/><sp/>tiz_port_register_index<sp/>(p_obj,<sp/>OMX_TizoniaIndexParamAudioYoutubePlaylist));</highlight></codeline>
<codeline lineno="63"><highlight class="normal"></highlight></codeline>
<codeline lineno="64"><highlight class="normal"><sp/><sp/></highlight><highlight class="comment">/*<sp/>Initialize<sp/>the<sp/>OMX_TIZONIA_AUDIO_PARAM_YOUTUBESESSIONTYPE<sp/>structure<sp/>*/</highlight><highlight class="normal"></highlight></codeline>
<codeline lineno="65"><highlight class="normal"><sp/><sp/>TIZ_INIT_OMX_STRUCT<sp/>(p_obj-&gt;session_);</highlight></codeline>
<codeline lineno="66"><highlight class="normal"><sp/><sp/>snprintf<sp/>((</highlight><highlight class="keywordtype">char</highlight><highlight class="normal"><sp/>*)<sp/>p_obj-&gt;session_.cApiKey,<sp/>sizeof<sp/>(p_obj-&gt;session_.cApiKey),</highlight></codeline>
<codeline lineno="67"><highlight class="normal"><sp/><sp/><sp/><sp/><sp/><sp/><sp/><sp/><sp/><sp/><sp/><sp/></highlight><highlight class="stringliteral">&quot;xyzxyzxyzxyzxyz&quot;</highlight><highlight class="normal">);</highlight></codeline>
<codeline lineno="68"><highlight class="normal"></highlight></codeline>
<codeline lineno="69"><highlight class="normal"><sp/><sp/></highlight><highlight class="comment">/*<sp/>Initialize<sp/>the<sp/>OMX_TIZONIA_AUDIO_PARAM_YOUTUBEPLAYLISTTYPE<sp/>structure<sp/>*/</highlight><highlight class="normal"></highlight></codeline>
<codeline lineno="70"><highlight class="normal"><sp/><sp/>TIZ_INIT_OMX_STRUCT<sp/>(p_obj-&gt;playlist_);</highlight></codeline>
<codeline lineno="71"><highlight class="normal"><sp/><sp/>snprintf<sp/>((</highlight><highlight class="keywordtype">char</highlight><highlight class="normal"><sp/>*)<sp/>p_obj-&gt;playlist_.cPlaylistName,</highlight></codeline>
<codeline lineno="72"><highlight class="normal"><sp/><sp/><sp/><sp/><sp/><sp/><sp/><sp/><sp/><sp/><sp/><sp/>sizeof<sp/>(p_obj-&gt;playlist_.cPlaylistName),<sp/></highlight><highlight class="stringliteral">&quot;playlist&quot;</highlight><highlight class="normal">);</highlight></codeline>
<codeline lineno="73"><highlight class="normal"><sp/><sp/>p_obj-&gt;playlist_.ePlaylistType<sp/>=<sp/>OMX_AUDIO_YoutubePlaylistTypeUnknown;</highlight></codeline>
<codeline lineno="74"><highlight class="normal"><sp/><sp/>p_obj-&gt;playlist_.bShuffle<sp/>=<sp/>OMX_FALSE;</highlight></codeline>
<codeline lineno="75"><highlight class="normal"></highlight></codeline>
<codeline lineno="76"><highlight class="normal"><sp/><sp/></highlight><highlight class="keywordflow">return</highlight><highlight class="normal"><sp/>p_obj;</highlight></codeline>
<codeline lineno="77"><highlight class="normal">}</highlight></codeline>
<codeline lineno="78"><highlight class="normal"></highlight></codeline>
<codeline lineno="79"><highlight class="normal"></highlight><highlight class="keyword">static</highlight><highlight class="normal"><sp/></highlight><highlight class="keywordtype">void</highlight><highlight class="normal"><sp/>*</highlight></codeline>
<codeline lineno="80"><highlight class="normal">cc_youtube_cfgport_dtor<sp/>(</highlight><highlight class="keywordtype">void</highlight><highlight class="normal"><sp/>*<sp/>ap_obj)</highlight></codeline>
<codeline lineno="81"><highlight class="normal">{</highlight></codeline>
<codeline lineno="82"><highlight class="normal"><sp/><sp/></highlight><highlight class="keywordflow">return</highlight><highlight class="normal"><sp/>super_dtor<sp/>(typeOf<sp/>(ap_obj,<sp/></highlight><highlight class="stringliteral">&quot;cc_youtubecfgport&quot;</highlight><highlight class="normal">),<sp/>ap_obj);</highlight></codeline>
<codeline lineno="83"><highlight class="normal">}</highlight></codeline>
<codeline lineno="84"><highlight class="normal"></highlight></codeline>
<codeline lineno="85"><highlight class="normal"></highlight><highlight class="comment">/*</highlight></codeline>
<codeline lineno="86"><highlight class="comment"><sp/>*<sp/>from<sp/>tiz_api</highlight></codeline>
<codeline lineno="87"><highlight class="comment"><sp/>*/</highlight><highlight class="normal"></highlight></codeline>
<codeline lineno="88"><highlight class="normal"></highlight></codeline>
<codeline lineno="89"><highlight class="normal"></highlight><highlight class="keyword">static</highlight><highlight class="normal"><sp/>OMX_ERRORTYPE</highlight></codeline>
<codeline lineno="90"><highlight class="normal">cc_youtube_cfgport_GetParameter<sp/>(</highlight><highlight class="keyword">const</highlight><highlight class="normal"><sp/></highlight><highlight class="keywordtype">void</highlight><highlight class="normal"><sp/>*<sp/>ap_obj,<sp/>OMX_HANDLETYPE<sp/>ap_hdl,</highlight></codeline>
<codeline lineno="91"><highlight class="normal"><sp/><sp/><sp/><sp/><sp/><sp/><sp/><sp/><sp/><sp/><sp/><sp/><sp/><sp/><sp/><sp/><sp/><sp/><sp/><sp/><sp/><sp/><sp/><sp/><sp/><sp/><sp/><sp/><sp/><sp/>OMX_INDEXTYPE<sp/>a_index,<sp/>OMX_PTR<sp/>ap_struct)</highlight></codeline>
<codeline lineno="92"><highlight class="normal">{</highlight></codeline>
<codeline lineno="93"><highlight class="normal"><sp/><sp/></highlight><highlight class="keyword">const</highlight><highlight class="normal"><sp/><ref refid="structcc__youtube__cfgport" kindref="compound">cc_youtube_cfgport_t</ref><sp/>*<sp/>p_obj<sp/>=<sp/>ap_obj;</highlight></codeline>
<codeline lineno="94"><highlight class="normal"><sp/><sp/>OMX_ERRORTYPE<sp/>rc<sp/>=<sp/>OMX_ErrorNone;</highlight></codeline>
<codeline lineno="95"><highlight class="normal"></highlight></codeline>
<codeline lineno="96"><highlight class="normal"><sp/><sp/>assert<sp/>(p_obj);</highlight></codeline>
<codeline lineno="97"><highlight class="normal"></highlight></codeline>
<codeline lineno="98"><highlight class="normal"><sp/><sp/>TIZ_TRACE<sp/>(ap_hdl,<sp/></highlight><highlight class="stringliteral">&quot;PORT<sp/>[%d]<sp/>GetParameter<sp/>[%s]...&quot;</highlight><highlight class="normal">,<sp/>tiz_port_index<sp/>(ap_obj),</highlight></codeline>
<codeline lineno="99"><highlight class="normal"><sp/><sp/><sp/><sp/><sp/><sp/><sp/><sp/><sp/><sp/><sp/><sp/><sp/>tiz_idx_to_str<sp/>(a_index));</highlight></codeline>
<codeline lineno="100"><highlight class="normal"></highlight></codeline>
<codeline lineno="101"><highlight class="normal"><sp/><sp/></highlight><highlight class="keywordflow">if</highlight><highlight class="normal"><sp/>(OMX_TizoniaIndexParamAudioYoutubeSession<sp/>==<sp/>a_index)</highlight></codeline>
<codeline lineno="102"><highlight class="normal"><sp/><sp/><sp/><sp/>{</highlight></codeline>
<codeline lineno="103"><highlight class="normal"><sp/><sp/><sp/><sp/><sp/><sp/>memcpy<sp/>(ap_struct,<sp/>&amp;(p_obj-&gt;session_),</highlight></codeline>
<codeline lineno="104"><highlight class="normal"><sp/><sp/><sp/><sp/><sp/><sp/><sp/><sp/><sp/><sp/><sp/><sp/><sp/><sp/>sizeof<sp/>(OMX_TIZONIA_AUDIO_PARAM_YOUTUBESESSIONTYPE));</highlight></codeline>
<codeline lineno="105"><highlight class="normal"><sp/><sp/><sp/><sp/>}</highlight></codeline>
<codeline lineno="106"><highlight class="normal"><sp/><sp/></highlight><highlight class="keywordflow">else</highlight><highlight class="normal"><sp/></highlight><highlight class="keywordflow">if</highlight><highlight class="normal"><sp/>(OMX_TizoniaIndexParamAudioYoutubePlaylist<sp/>==<sp/>a_index)</highlight></codeline>
<codeline lineno="107"><highlight class="normal"><sp/><sp/><sp/><sp/>{</highlight></codeline>
<codeline lineno="108"><highlight class="normal"><sp/><sp/><sp/><sp/><sp/><sp/>memcpy<sp/>(ap_struct,<sp/>&amp;(p_obj-&gt;playlist_),</highlight></codeline>
<codeline lineno="109"><highlight class="normal"><sp/><sp/><sp/><sp/><sp/><sp/><sp/><sp/><sp/><sp/><sp/><sp/><sp/><sp/>sizeof<sp/>(OMX_TIZONIA_AUDIO_PARAM_YOUTUBEPLAYLISTTYPE));</highlight></codeline>
<codeline lineno="110"><highlight class="normal"><sp/><sp/><sp/><sp/>}</highlight></codeline>
<codeline lineno="111"><highlight class="normal"><sp/><sp/></highlight><highlight class="keywordflow">else</highlight><highlight class="normal"></highlight></codeline>
<codeline lineno="112"><highlight class="normal"><sp/><sp/><sp/><sp/>{</highlight></codeline>
<codeline lineno="113"><highlight class="normal"><sp/><sp/><sp/><sp/><sp/><sp/></highlight><highlight class="comment">/*<sp/>Delegate<sp/>to<sp/>the<sp/>base<sp/>port<sp/>*/</highlight><highlight class="normal"></highlight></codeline>
<codeline lineno="114"><highlight class="normal"><sp/><sp/><sp/><sp/><sp/><sp/>rc<sp/>=<sp/>super_GetParameter<sp/>(typeOf<sp/>(ap_obj,<sp/></highlight><highlight class="stringliteral">&quot;cc_youtubecfgport&quot;</highlight><highlight class="normal">),<sp/>ap_obj,</highlight></codeline>
<codeline lineno="115"><highlight class="normal"><sp/><sp/><sp/><sp/><sp/><sp/><sp/><sp/><sp/><sp/><sp/><sp/><sp/><sp/><sp/><sp/><sp/><sp/><sp/><sp/><sp/><sp/><sp/><sp/><sp/><sp/><sp/><sp/><sp/><sp/><sp/>ap_hdl,<sp/>a_index,<sp/>ap_struct);</highlight></codeline>
<codeline lineno="116"><highlight class="normal"><sp/><sp/><sp/><sp/>}</highlight></codeline>
<codeline lineno="117"><highlight class="normal"></highlight></codeline>
<codeline lineno="118"><highlight class="normal"><sp/><sp/></highlight><highlight class="keywordflow">return</highlight><highlight class="normal"><sp/>rc;</highlight></codeline>
<codeline lineno="119"><highlight class="normal">}</highlight></codeline>
<codeline lineno="120"><highlight class="normal"></highlight></codeline>
<codeline lineno="121"><highlight class="normal"></highlight><highlight class="keyword">static</highlight><highlight class="normal"><sp/>OMX_ERRORTYPE</highlight></codeline>
<codeline lineno="122"><highlight class="normal">cc_youtube_cfgport_SetParameter<sp/>(</highlight><highlight class="keyword">const</highlight><highlight class="normal"><sp/></highlight><highlight class="keywordtype">void</highlight><highlight class="normal"><sp/>*<sp/>ap_obj,<sp/>OMX_HANDLETYPE<sp/>ap_hdl,</highlight></codeline>
<codeline lineno="123"><highlight class="normal"><sp/><sp/><sp/><sp/><sp/><sp/><sp/><sp/><sp/><sp/><sp/><sp/><sp/><sp/><sp/><sp/><sp/><sp/><sp/><sp/><sp/><sp/><sp/><sp/><sp/><sp/><sp/><sp/><sp/><sp/>OMX_INDEXTYPE<sp/>a_index,<sp/>OMX_PTR<sp/>ap_struct)</highlight></codeline>
<codeline lineno="124"><highlight class="normal">{</highlight></codeline>
<codeline lineno="125"><highlight class="normal"><sp/><sp/><ref refid="structcc__youtube__cfgport" kindref="compound">cc_youtube_cfgport_t</ref><sp/>*<sp/>p_obj<sp/>=<sp/>(<ref refid="structcc__youtube__cfgport" kindref="compound">cc_youtube_cfgport_t</ref><sp/>*)<sp/>ap_obj;</highlight></codeline>
<codeline lineno="126"><highlight class="normal"><sp/><sp/>OMX_ERRORTYPE<sp/>rc<sp/>=<sp/>OMX_ErrorNone;</highlight></codeline>
<codeline lineno="127"><highlight class="normal"></highlight></codeline>
<codeline lineno="128"><highlight class="normal"><sp/><sp/>assert<sp/>(p_obj);</highlight></codeline>
<codeline lineno="129"><highlight class="normal"></highlight></codeline>
<codeline lineno="130"><highlight class="normal"><sp/><sp/>TIZ_TRACE<sp/>(ap_hdl,<sp/></highlight><highlight class="stringliteral">&quot;PORT<sp/>[%d]<sp/>GetParameter<sp/>[%s]...&quot;</highlight><highlight class="normal">,<sp/>tiz_port_index<sp/>(ap_obj),</highlight></codeline>
<codeline lineno="131"><highlight class="normal"><sp/><sp/><sp/><sp/><sp/><sp/><sp/><sp/><sp/><sp/><sp/><sp/><sp/>tiz_idx_to_str<sp/>(a_index));</highlight></codeline>
<codeline lineno="132"><highlight class="normal"></highlight></codeline>
<codeline lineno="133"><highlight class="normal"><sp/><sp/></highlight><highlight class="keywordflow">if</highlight><highlight class="normal"><sp/>(OMX_TizoniaIndexParamAudioYoutubeSession<sp/>==<sp/>a_index)</highlight></codeline>
<codeline lineno="134"><highlight class="normal"><sp/><sp/><sp/><sp/>{</highlight></codeline>
<codeline lineno="135"><highlight class="normal"><sp/><sp/><sp/><sp/><sp/><sp/>memcpy<sp/>(&amp;(p_obj-&gt;session_),<sp/>ap_struct,</highlight></codeline>
<codeline lineno="136"><highlight class="normal"><sp/><sp/><sp/><sp/><sp/><sp/><sp/><sp/><sp/><sp/><sp/><sp/><sp/><sp/>sizeof<sp/>(OMX_TIZONIA_AUDIO_PARAM_YOUTUBESESSIONTYPE));</highlight></codeline>
<codeline lineno="137"><highlight class="normal"><sp/><sp/><sp/><sp/><sp/><sp/>p_obj-&gt;session_.cApiKey[OMX_MAX_STRINGNAME_SIZE<sp/>-<sp/>1]<sp/>=<sp/></highlight><highlight class="charliteral">&apos;\0&apos;</highlight><highlight class="normal">;</highlight></codeline>
<codeline lineno="138"><highlight class="normal"><sp/><sp/><sp/><sp/><sp/><sp/>TIZ_TRACE<sp/>(ap_hdl,<sp/></highlight><highlight class="stringliteral">&quot;Youtube<sp/>Api<sp/>Key<sp/>[%s]...&quot;</highlight><highlight class="normal">,<sp/>p_obj-&gt;session_.cApiKey);</highlight></codeline>
<codeline lineno="139"><highlight class="normal"><sp/><sp/><sp/><sp/>}</highlight></codeline>
<codeline lineno="140"><highlight class="normal"><sp/><sp/></highlight><highlight class="keywordflow">else</highlight><highlight class="normal"><sp/></highlight><highlight class="keywordflow">if</highlight><highlight class="normal"><sp/>(OMX_TizoniaIndexParamAudioYoutubePlaylist<sp/>==<sp/>a_index)</highlight></codeline>
<codeline lineno="141"><highlight class="normal"><sp/><sp/><sp/><sp/>{</highlight></codeline>
<codeline lineno="142"><highlight class="normal"><sp/><sp/><sp/><sp/><sp/><sp/>memcpy<sp/>(&amp;(p_obj-&gt;playlist_),<sp/>ap_struct,</highlight></codeline>
<codeline lineno="143"><highlight class="normal"><sp/><sp/><sp/><sp/><sp/><sp/><sp/><sp/><sp/><sp/><sp/><sp/><sp/><sp/>sizeof<sp/>(OMX_TIZONIA_AUDIO_PARAM_YOUTUBEPLAYLISTTYPE));</highlight></codeline>
<codeline lineno="144"><highlight class="normal"><sp/><sp/><sp/><sp/><sp/><sp/>p_obj-&gt;playlist_.cPlaylistName[OMX_MAX_STRINGNAME_SIZE<sp/>-<sp/>1]<sp/>=<sp/></highlight><highlight class="charliteral">&apos;\0&apos;</highlight><highlight class="normal">;</highlight></codeline>
<codeline lineno="145"><highlight class="normal"><sp/><sp/><sp/><sp/><sp/><sp/>TIZ_TRACE<sp/>(ap_hdl,<sp/></highlight><highlight class="stringliteral">&quot;Youtube<sp/>playlist<sp/>[%s]...&quot;</highlight><highlight class="normal">,</highlight></codeline>
<codeline lineno="146"><highlight class="normal"><sp/><sp/><sp/><sp/><sp/><sp/><sp/><sp/><sp/><sp/><sp/><sp/><sp/><sp/><sp/><sp/><sp/>p_obj-&gt;playlist_.cPlaylistName);</highlight></codeline>
<codeline lineno="147"><highlight class="normal"><sp/><sp/><sp/><sp/>}</highlight></codeline>
<codeline lineno="148"><highlight class="normal"><sp/><sp/></highlight><highlight class="keywordflow">else</highlight><highlight class="normal"></highlight></codeline>
<codeline lineno="149"><highlight class="normal"><sp/><sp/><sp/><sp/>{</highlight></codeline>
<codeline lineno="150"><highlight class="normal"><sp/><sp/><sp/><sp/><sp/><sp/></highlight><highlight class="comment">/*<sp/>Delegate<sp/>to<sp/>the<sp/>base<sp/>port<sp/>*/</highlight><highlight class="normal"></highlight></codeline>
<codeline lineno="151"><highlight class="normal"><sp/><sp/><sp/><sp/><sp/><sp/>rc<sp/>=<sp/>super_SetParameter<sp/>(typeOf<sp/>(ap_obj,<sp/></highlight><highlight class="stringliteral">&quot;cc_youtubecfgport&quot;</highlight><highlight class="normal">),<sp/>ap_obj,</highlight></codeline>
<codeline lineno="152"><highlight class="normal"><sp/><sp/><sp/><sp/><sp/><sp/><sp/><sp/><sp/><sp/><sp/><sp/><sp/><sp/><sp/><sp/><sp/><sp/><sp/><sp/><sp/><sp/><sp/><sp/><sp/><sp/><sp/><sp/><sp/><sp/><sp/>ap_hdl,<sp/>a_index,<sp/>ap_struct);</highlight></codeline>
<codeline lineno="153"><highlight class="normal"><sp/><sp/><sp/><sp/>}</highlight></codeline>
<codeline lineno="154"><highlight class="normal"></highlight></codeline>
<codeline lineno="155"><highlight class="normal"><sp/><sp/></highlight><highlight class="keywordflow">return</highlight><highlight class="normal"><sp/>rc;</highlight></codeline>
<codeline lineno="156"><highlight class="normal">}</highlight></codeline>
<codeline lineno="157"><highlight class="normal"></highlight></codeline>
<codeline lineno="158"><highlight class="normal"></highlight><highlight class="comment">/*</highlight></codeline>
<codeline lineno="159"><highlight class="comment"><sp/>*<sp/>cc_youtube_cfgport_class</highlight></codeline>
<codeline lineno="160"><highlight class="comment"><sp/>*/</highlight><highlight class="normal"></highlight></codeline>
<codeline lineno="161"><highlight class="normal"></highlight></codeline>
<codeline lineno="162"><highlight class="normal"></highlight><highlight class="keyword">static</highlight><highlight class="normal"><sp/></highlight><highlight class="keywordtype">void</highlight><highlight class="normal"><sp/>*</highlight></codeline>
<codeline lineno="163"><highlight class="normal">cc_youtube_cfgport_class_ctor<sp/>(</highlight><highlight class="keywordtype">void</highlight><highlight class="normal"><sp/>*<sp/>ap_obj,<sp/>va_list<sp/>*<sp/>app)</highlight></codeline>
<codeline lineno="164"><highlight class="normal">{</highlight></codeline>
<codeline lineno="165"><highlight class="normal"><sp/><sp/></highlight><highlight class="comment">/*<sp/>NOTE:<sp/>Class<sp/>methods<sp/>might<sp/>be<sp/>added<sp/>in<sp/>the<sp/>future.<sp/>None<sp/>for<sp/>now.<sp/>*/</highlight><highlight class="normal"></highlight></codeline>
<codeline lineno="166"><highlight class="normal"><sp/><sp/></highlight><highlight class="keywordflow">return</highlight><highlight class="normal"><sp/>super_ctor<sp/>(typeOf<sp/>(ap_obj,<sp/></highlight><highlight class="stringliteral">&quot;cc_youtubecfgport_class&quot;</highlight><highlight class="normal">),<sp/>ap_obj,<sp/>app);</highlight></codeline>
<codeline lineno="167"><highlight class="normal">}</highlight></codeline>
<codeline lineno="168"><highlight class="normal"></highlight></codeline>
<codeline lineno="169"><highlight class="normal"></highlight><highlight class="comment">/*</highlight></codeline>
<codeline lineno="170"><highlight class="comment"><sp/>*<sp/>initialization</highlight></codeline>
<codeline lineno="171"><highlight class="comment"><sp/>*/</highlight><highlight class="normal"></highlight></codeline>
<codeline lineno="172"><highlight class="normal"></highlight></codeline>
<codeline lineno="173"><highlight class="normal"></highlight><highlight class="keywordtype">void</highlight><highlight class="normal"><sp/>*</highlight></codeline>
<codeline lineno="174"><highlight class="normal">cc_youtube_cfgport_class_init<sp/>(</highlight><highlight class="keywordtype">void</highlight><highlight class="normal"><sp/>*<sp/>ap_tos,<sp/></highlight><highlight class="keywordtype">void</highlight><highlight class="normal"><sp/>*<sp/>ap_hdl)</highlight></codeline>
<codeline lineno="175"><highlight class="normal">{</highlight></codeline>
<codeline lineno="176"><highlight class="normal"><sp/><sp/></highlight><highlight class="keywordtype">void</highlight><highlight class="normal"><sp/>*<sp/><ref refid="structcc__cfgport" kindref="compound">cc_cfgport</ref><sp/>=<sp/><ref refid="group__tizscheduler_1gacf2f63dcdf377b97875517fb7fca9425" kindref="member">tiz_get_type</ref><sp/>(ap_hdl,<sp/></highlight><highlight class="stringliteral">&quot;cc_cfgport&quot;</highlight><highlight class="normal">);</highlight></codeline>
<codeline lineno="177"><highlight class="normal"><sp/><sp/></highlight><highlight class="keywordtype">void</highlight><highlight class="normal"><sp/>*<sp/>cc_youtubecfgport_class</highlight></codeline>
<codeline lineno="178"><highlight class="normal"><sp/><sp/><sp/><sp/>=<sp/>factory_new<sp/>(classOf<sp/>(cc_cfgport),<sp/></highlight><highlight class="stringliteral">&quot;cc_youtubecfgport_class&quot;</highlight><highlight class="normal">,</highlight></codeline>
<codeline lineno="179"><highlight class="normal"><sp/><sp/><sp/><sp/><sp/><sp/><sp/><sp/><sp/><sp/><sp/><sp/><sp/><sp/><sp/><sp/><sp/><sp/><sp/>classOf<sp/>(cc_cfgport),<sp/></highlight><highlight class="keyword">sizeof</highlight><highlight class="normal"><sp/>(<ref refid="structcc__youtube__cfgport__class" kindref="compound">cc_youtube_cfgport_class_t</ref>),</highlight></codeline>
<codeline lineno="180"><highlight class="normal"><sp/><sp/><sp/><sp/><sp/><sp/><sp/><sp/><sp/><sp/><sp/><sp/><sp/><sp/><sp/><sp/><sp/><sp/><sp/>ap_tos,<sp/>ap_hdl,<sp/>ctor,<sp/>cc_youtube_cfgport_class_ctor,<sp/>0);</highlight></codeline>
<codeline lineno="181"><highlight class="normal"><sp/><sp/></highlight><highlight class="keywordflow">return</highlight><highlight class="normal"><sp/>cc_youtubecfgport_class;</highlight></codeline>
<codeline lineno="182"><highlight class="normal">}</highlight></codeline>
<codeline lineno="183"><highlight class="normal"></highlight></codeline>
<codeline lineno="184"><highlight class="normal"></highlight><highlight class="keywordtype">void</highlight><highlight class="normal"><sp/>*</highlight></codeline>
<codeline lineno="185"><highlight class="normal">cc_youtube_cfgport_init<sp/>(</highlight><highlight class="keywordtype">void</highlight><highlight class="normal"><sp/>*<sp/>ap_tos,<sp/></highlight><highlight class="keywordtype">void</highlight><highlight class="normal"><sp/>*<sp/>ap_hdl)</highlight></codeline>
<codeline lineno="186"><highlight class="normal">{</highlight></codeline>
<codeline lineno="187"><highlight class="normal"><sp/><sp/></highlight><highlight class="keywordtype">void</highlight><highlight class="normal"><sp/>*<sp/>cc_cfgport<sp/>=<sp/><ref refid="group__tizscheduler_1gacf2f63dcdf377b97875517fb7fca9425" kindref="member">tiz_get_type</ref><sp/>(ap_hdl,<sp/></highlight><highlight class="stringliteral">&quot;cc_cfgport&quot;</highlight><highlight class="normal">);</highlight></codeline>
<codeline lineno="188"><highlight class="normal"><sp/><sp/></highlight><highlight class="keywordtype">void</highlight><highlight class="normal"><sp/>*<sp/>cc_youtubecfgport_class</highlight></codeline>
<codeline lineno="189"><highlight class="normal"><sp/><sp/><sp/><sp/>=<sp/><ref refid="group__tizscheduler_1gacf2f63dcdf377b97875517fb7fca9425" kindref="member">tiz_get_type</ref><sp/>(ap_hdl,<sp/></highlight><highlight class="stringliteral">&quot;cc_youtubecfgport_class&quot;</highlight><highlight class="normal">);</highlight></codeline>
<codeline lineno="190"><highlight class="normal"><sp/><sp/>TIZ_LOG_CLASS<sp/>(cc_youtubecfgport_class);</highlight></codeline>
<codeline lineno="191"><highlight class="normal"><sp/><sp/></highlight><highlight class="keywordtype">void</highlight><highlight class="normal"><sp/>*<sp/>cc_youtubecfgport<sp/>=<sp/>factory_new</highlight></codeline>
<codeline lineno="192"><highlight class="normal"><sp/><sp/><sp/><sp/></highlight><highlight class="comment">/*<sp/>TIZ_CLASS_COMMENT:<sp/>class<sp/>type,<sp/>class<sp/>name,<sp/>parent,<sp/>size<sp/>*/</highlight><highlight class="normal"></highlight></codeline>
<codeline lineno="193"><highlight class="normal"><sp/><sp/><sp/><sp/>(cc_youtubecfgport_class,<sp/></highlight><highlight class="stringliteral">&quot;cc_youtubecfgport&quot;</highlight><highlight class="normal">,<sp/>cc_cfgport,</highlight></codeline>
<codeline lineno="194"><highlight class="normal"><sp/><sp/><sp/><sp/><sp/></highlight><highlight class="keyword">sizeof</highlight><highlight class="normal"><sp/>(<ref refid="structcc__youtube__cfgport" kindref="compound">cc_youtube_cfgport_t</ref>),</highlight></codeline>
<codeline lineno="195"><highlight class="normal"><sp/><sp/><sp/><sp/><sp/></highlight><highlight class="comment">/*<sp/>TIZ_CLASS_COMMENT:<sp/>class<sp/>constructor<sp/>*/</highlight><highlight class="normal"></highlight></codeline>
<codeline lineno="196"><highlight class="normal"><sp/><sp/><sp/><sp/><sp/>ap_tos,<sp/>ap_hdl,</highlight></codeline>
<codeline lineno="197"><highlight class="normal"><sp/><sp/><sp/><sp/><sp/></highlight><highlight class="comment">/*<sp/>TIZ_CLASS_COMMENT:<sp/>class<sp/>constructor<sp/>*/</highlight><highlight class="normal"></highlight></codeline>
<codeline lineno="198"><highlight class="normal"><sp/><sp/><sp/><sp/><sp/>ctor,<sp/>cc_youtube_cfgport_ctor,</highlight></codeline>
<codeline lineno="199"><highlight class="normal"><sp/><sp/><sp/><sp/><sp/></highlight><highlight class="comment">/*<sp/>TIZ_CLASS_COMMENT:<sp/>class<sp/>destructor<sp/>*/</highlight><highlight class="normal"></highlight></codeline>
<codeline lineno="200"><highlight class="normal"><sp/><sp/><sp/><sp/><sp/>dtor,<sp/>cc_youtube_cfgport_dtor,</highlight></codeline>
<codeline lineno="201"><highlight class="normal"><sp/><sp/><sp/><sp/><sp/></highlight><highlight class="comment">/*<sp/>TIZ_CLASS_COMMENT:<sp/>*/</highlight><highlight class="normal"></highlight></codeline>
<codeline lineno="202"><highlight class="normal"><sp/><sp/><sp/><sp/><sp/>tiz_api_GetParameter,<sp/>cc_youtube_cfgport_GetParameter,</highlight></codeline>
<codeline lineno="203"><highlight class="normal"><sp/><sp/><sp/><sp/><sp/></highlight><highlight class="comment">/*<sp/>TIZ_CLASS_COMMENT:<sp/>*/</highlight><highlight class="normal"></highlight></codeline>
<codeline lineno="204"><highlight class="normal"><sp/><sp/><sp/><sp/><sp/>tiz_api_SetParameter,<sp/>cc_youtube_cfgport_SetParameter,</highlight></codeline>
<codeline lineno="205"><highlight class="normal"><sp/><sp/><sp/><sp/><sp/></highlight><highlight class="comment">/*<sp/>TIZ_CLASS_COMMENT:<sp/>stop<sp/>value*/</highlight><highlight class="normal"></highlight></codeline>
<codeline lineno="206"><highlight class="normal"><sp/><sp/><sp/><sp/><sp/>0);</highlight></codeline>
<codeline lineno="207"><highlight class="normal"></highlight></codeline>
<codeline lineno="208"><highlight class="normal"><sp/><sp/></highlight><highlight class="keywordflow">return</highlight><highlight class="normal"><sp/>cc_youtubecfgport;</highlight></codeline>
<codeline lineno="209"><highlight class="normal">}</highlight></codeline>
    </programlisting>
    <location file="/home/joni/work/tizonia-master/plugins/chromecast_renderer/src/cc_youtubecfgport.c"/>
  </compounddef>
</doxygen>
