<?xml version='1.0' encoding='UTF-8' standalone='no'?>
<doxygen xmlns:xsi="http://www.w3.org/2001/XMLSchema-instance" xsi:noNamespaceSchemaLocation="compound.xsd" version="1.8.11">
  <compounddef id="cc__plexcfgport_8c" kind="file" language="C++">
    <compoundname>cc_plexcfgport.c</compoundname>
    <includes local="no">assert.h</includes>
    <includes local="no">string.h</includes>
    <includes local="no">limits.h</includes>
    <includes refid="tizplatform_8h" local="no">tizplatform.h</includes>
    <includes refid="cc__plexcfgport_8h" local="yes">cc_plexcfgport.h</includes>
    <includes refid="cc__plexcfgport__decls_8h" local="yes">cc_plexcfgport_decls.h</includes>
    <incdepgraph>
      <node id="8879">
        <label>stdbool.h</label>
      </node>
      <node id="8896">
        <label>stdarg.h</label>
      </node>
      <node id="8887">
        <label>cc_plexcfgport_decls.h</label>
        <link refid="cc__plexcfgport__decls_8h_source"/>
        <childnode refid="8859" relation="include">
        </childnode>
        <childnode refid="8888" relation="include">
        </childnode>
        <childnode refid="8889" relation="include">
        </childnode>
      </node>
      <node id="8892">
        <label>tizport_decls.h</label>
        <link refid="tizport__decls_8h_source"/>
        <childnode refid="8893" relation="include">
        </childnode>
        <childnode refid="8899" relation="include">
        </childnode>
        <childnode refid="8901" relation="include">
        </childnode>
        <childnode refid="8860" relation="include">
        </childnode>
        <childnode refid="8888" relation="include">
        </childnode>
      </node>
      <node id="8893">
        <label>tizport.h</label>
        <link refid="tizport_8h_source"/>
        <childnode refid="8894" relation="include">
        </childnode>
        <childnode refid="8898" relation="include">
        </childnode>
        <childnode refid="8856" relation="include">
        </childnode>
        <childnode refid="8862" relation="include">
        </childnode>
        <childnode refid="8860" relation="include">
        </childnode>
        <childnode refid="8859" relation="include">
        </childnode>
        <childnode refid="8855" relation="include">
        </childnode>
      </node>
      <node id="8853">
        <label>assert.h</label>
      </node>
      <node id="8873">
        <label>tizbuffer.h</label>
        <link refid="tizbuffer_8h_source"/>
        <childnode refid="8862" relation="include">
        </childnode>
        <childnode refid="8859" relation="include">
        </childnode>
      </node>
      <node id="8876">
        <label>tizuuid.h</label>
        <link refid="tizuuid_8h_source"/>
        <childnode refid="8859" relation="include">
        </childnode>
      </node>
      <node id="8875">
        <label>tizthread.h</label>
        <link refid="tizthread_8h_source"/>
        <childnode refid="8862" relation="include">
        </childnode>
        <childnode refid="8859" relation="include">
        </childnode>
        <childnode refid="8869" relation="include">
        </childnode>
      </node>
      <node id="8872">
        <label>stdint.h</label>
      </node>
      <node id="8862">
        <label>OMX_Core.h</label>
      </node>
      <node id="8889">
        <label>cc_cfgport_decls.h</label>
        <link refid="cc__cfgport__decls_8h_source"/>
        <childnode refid="8888" relation="include">
        </childnode>
        <childnode refid="8859" relation="include">
        </childnode>
        <childnode refid="8890" relation="include">
        </childnode>
      </node>
      <node id="8856">
        <label>tizplatform.h</label>
        <link refid="tizplatform_8h_source"/>
        <childnode refid="8857" relation="include">
        </childnode>
        <childnode refid="8866" relation="include">
        </childnode>
        <childnode refid="8863" relation="include">
        </childnode>
        <childnode refid="8868" relation="include">
        </childnode>
        <childnode refid="8870" relation="include">
        </childnode>
        <childnode refid="8873" relation="include">
        </childnode>
        <childnode refid="8874" relation="include">
        </childnode>
        <childnode refid="8869" relation="include">
        </childnode>
        <childnode refid="8875" relation="include">
        </childnode>
        <childnode refid="8876" relation="include">
        </childnode>
        <childnode refid="8858" relation="include">
        </childnode>
        <childnode refid="8877" relation="include">
        </childnode>
        <childnode refid="8871" relation="include">
        </childnode>
        <childnode refid="8878" relation="include">
        </childnode>
        <childnode refid="8880" relation="include">
        </childnode>
        <childnode refid="8881" relation="include">
        </childnode>
        <childnode refid="8882" relation="include">
        </childnode>
        <childnode refid="8883" relation="include">
        </childnode>
        <childnode refid="8884" relation="include">
        </childnode>
        <childnode refid="8885" relation="include">
        </childnode>
      </node>
      <node id="8900">
        <label>tizobject_decls.h</label>
        <link refid="tizobject__decls_8h_source"/>
        <childnode refid="8865" relation="include">
        </childnode>
        <childnode refid="8896" relation="include">
        </childnode>
      </node>
      <node id="8899">
        <label>tizapi_decls.h</label>
        <link refid="tizapi__decls_8h_source"/>
        <childnode refid="8900" relation="include">
        </childnode>
      </node>
      <node id="8895">
        <label>tizobject.h</label>
        <link refid="tizobject_8h_source"/>
        <childnode refid="8859" relation="include">
        </childnode>
        <childnode refid="8896" relation="include">
        </childnode>
        <childnode refid="8865" relation="include">
        </childnode>
        <childnode refid="8897" relation="include">
        </childnode>
      </node>
      <node id="8860">
        <label>OMX_Component.h</label>
      </node>
      <node id="8871">
        <label>tizsoa.h</label>
        <link refid="tizsoa_8h_source"/>
        <childnode refid="8865" relation="include">
        </childnode>
        <childnode refid="8872" relation="include">
        </childnode>
        <childnode refid="8859" relation="include">
        </childnode>
        <childnode refid="8862" relation="include">
        </childnode>
      </node>
      <node id="8857">
        <label>tizmacros.h</label>
        <link refid="tizmacros_8h_source"/>
        <childnode refid="8858" relation="include">
        </childnode>
        <childnode refid="8865" relation="include">
        </childnode>
      </node>
      <node id="8903">
        <label>tizservant.h</label>
        <link refid="tizservant_8h_source"/>
        <childnode refid="8862" relation="include">
        </childnode>
        <childnode refid="8856" relation="include">
        </childnode>
        <childnode refid="8898" relation="include">
        </childnode>
        <childnode refid="8894" relation="include">
        </childnode>
      </node>
      <node id="8865">
        <label>stddef.h</label>
      </node>
      <node id="8855">
        <label>limits.h</label>
      </node>
      <node id="8883">
        <label>tizprintf.h</label>
        <link refid="tizprintf_8h_source"/>
      </node>
      <node id="8868">
        <label>tizqueue.h</label>
        <link refid="tizqueue_8h_source"/>
        <childnode refid="8862" relation="include">
        </childnode>
        <childnode refid="8859" relation="include">
        </childnode>
        <childnode refid="8869" relation="include">
        </childnode>
      </node>
      <node id="8867">
        <label>log4c.h</label>
      </node>
      <node id="8864">
        <label>sys/types.h</label>
      </node>
      <node id="8888">
        <label>OMX_TizoniaExt.h</label>
      </node>
      <node id="8863">
        <label>tizmem.h</label>
        <link refid="tizmem_8h_source"/>
        <childnode refid="8864" relation="include">
        </childnode>
        <childnode refid="8859" relation="include">
        </childnode>
      </node>
      <node id="8854">
        <label>string.h</label>
      </node>
      <node id="8877">
        <label>tizrc.h</label>
        <link refid="tizrc_8h_source"/>
        <childnode refid="8862" relation="include">
        </childnode>
        <childnode refid="8859" relation="include">
        </childnode>
      </node>
      <node id="8870">
        <label>tizpqueue.h</label>
        <link refid="tizpqueue_8h_source"/>
        <childnode refid="8862" relation="include">
        </childnode>
        <childnode refid="8859" relation="include">
        </childnode>
        <childnode refid="8871" relation="include">
        </childnode>
      </node>
      <node id="8891">
        <label>tizconfigport_decls.h</label>
        <link refid="tizconfigport__decls_8h_source"/>
        <childnode refid="8860" relation="include">
        </childnode>
        <childnode refid="8862" relation="include">
        </childnode>
        <childnode refid="8888" relation="include">
        </childnode>
        <childnode refid="8856" relation="include">
        </childnode>
        <childnode refid="8892" relation="include">
        </childnode>
      </node>
      <node id="8894">
        <label>tizapi.h</label>
        <link refid="tizapi_8h_source"/>
        <childnode refid="8862" relation="include">
        </childnode>
        <childnode refid="8895" relation="include">
        </childnode>
      </node>
      <node id="8859">
        <label>OMX_Types.h</label>
      </node>
      <node id="8869">
        <label>tizsync.h</label>
        <link refid="tizsync_8h_source"/>
        <childnode refid="8862" relation="include">
        </childnode>
        <childnode refid="8859" relation="include">
        </childnode>
      </node>
      <node id="8866">
        <label>tizlog.h</label>
        <link refid="tizlog_8h_source"/>
        <childnode refid="8867" relation="include">
        </childnode>
      </node>
      <node id="8880">
        <label>tizhttp.h</label>
        <link refid="tizhttp_8h_source"/>
        <childnode refid="8862" relation="include">
        </childnode>
        <childnode refid="8859" relation="include">
        </childnode>
      </node>
      <node id="8874">
        <label>tizvector.h</label>
        <link refid="tizvector_8h_source"/>
        <childnode refid="8862" relation="include">
        </childnode>
        <childnode refid="8859" relation="include">
        </childnode>
      </node>
      <node id="8885">
        <label>tizurltransfer.h</label>
        <link refid="tizurltransfer_8h_source"/>
        <childnode refid="8860" relation="include">
        </childnode>
      </node>
      <node id="8890">
        <label>tizuricfgport_decls.h</label>
        <link refid="tizuricfgport__decls_8h_source"/>
        <childnode refid="8891" relation="include">
        </childnode>
      </node>
      <node id="8884">
        <label>tizshufflelst.h</label>
        <link refid="tizshufflelst_8h_source"/>
        <childnode refid="8862" relation="include">
        </childnode>
        <childnode refid="8859" relation="include">
        </childnode>
      </node>
      <node id="8858">
        <label>tizomxutils.h</label>
        <link refid="tizomxutils_8h_source"/>
        <childnode refid="8859" relation="include">
        </childnode>
        <childnode refid="8860" relation="include">
        </childnode>
        <childnode refid="8861" relation="include">
        </childnode>
        <childnode refid="8862" relation="include">
        </childnode>
        <childnode refid="8863" relation="include">
        </childnode>
      </node>
      <node id="8852">
        <label>/home/joni/work/tizonia-master/plugins/chromecast_renderer/src/cc_plexcfgport.c</label>
        <link refid="cc_plexcfgport.c"/>
        <childnode refid="8853" relation="include">
        </childnode>
        <childnode refid="8854" relation="include">
        </childnode>
        <childnode refid="8855" relation="include">
        </childnode>
        <childnode refid="8856" relation="include">
        </childnode>
        <childnode refid="8886" relation="include">
        </childnode>
        <childnode refid="8887" relation="include">
        </childnode>
      </node>
      <node id="8886">
        <label>cc_plexcfgport.h</label>
        <link refid="cc__plexcfgport_8h_source"/>
      </node>
      <node id="8901">
        <label>tizutils.h</label>
        <link refid="tizutils_8h_source"/>
        <childnode refid="8859" relation="include">
        </childnode>
        <childnode refid="8862" relation="include">
        </childnode>
        <childnode refid="8902" relation="include">
        </childnode>
      </node>
      <node id="8898">
        <label>tizscheduler.h</label>
        <link refid="tizscheduler_8h_source"/>
        <childnode refid="8862" relation="include">
        </childnode>
        <childnode refid="8859" relation="include">
        </childnode>
        <childnode refid="8860" relation="include">
        </childnode>
        <childnode refid="8856" relation="include">
        </childnode>
      </node>
      <node id="8902">
        <label>tizfsm.h</label>
        <link refid="tizfsm_8h_source"/>
        <childnode refid="8903" relation="include">
        </childnode>
      </node>
      <node id="8881">
        <label>tizmap.h</label>
        <link refid="tizmap_8h_source"/>
        <childnode refid="8879" relation="include">
        </childnode>
        <childnode refid="8862" relation="include">
        </childnode>
        <childnode refid="8859" relation="include">
        </childnode>
        <childnode refid="8871" relation="include">
        </childnode>
      </node>
      <node id="8878">
        <label>tizev.h</label>
        <link refid="tizev_8h_source"/>
        <childnode refid="8879" relation="include">
        </childnode>
        <childnode refid="8872" relation="include">
        </childnode>
        <childnode refid="8862" relation="include">
        </childnode>
        <childnode refid="8859" relation="include">
        </childnode>
      </node>
      <node id="8897">
        <label>stdio.h</label>
      </node>
      <node id="8882">
        <label>tizlimits.h</label>
        <link refid="tizlimits_8h_source"/>
      </node>
      <node id="8861">
        <label>OMX_Audio.h</label>
      </node>
    </incdepgraph>
      <sectiondef kind="func">
      <memberdef kind="function" id="cc__plexcfgport_8c_1aa2658f1ee994fed04faccdc48a80cf4e" prot="public" static="yes" const="no" explicit="no" inline="no" virt="non-virtual">
        <type>void *</type>
        <definition>static void* cc_plex_cfgport_ctor</definition>
        <argsstring>(void *ap_obj, va_list *app)</argsstring>
        <name>cc_plex_cfgport_ctor</name>
        <param>
          <type>void *</type>
          <declname>ap_obj</declname>
        </param>
        <param>
          <type>va_list *</type>
          <declname>app</declname>
        </param>
        <briefdescription>
        </briefdescription>
        <detaileddescription>
        </detaileddescription>
        <inbodydescription>
        </inbodydescription>
        <location file="/home/joni/work/tizonia-master/plugins/chromecast_renderer/src/cc_plexcfgport.c" line="52" column="1" bodyfile="/home/joni/work/tizonia-master/plugins/chromecast_renderer/src/cc_plexcfgport.c" bodystart="52" bodyend="79"/>
      </memberdef>
      <memberdef kind="function" id="cc__plexcfgport_8c_1a637eddeec4023cace14c636c018f8ecf" prot="public" static="yes" const="no" explicit="no" inline="no" virt="non-virtual">
        <type>void *</type>
        <definition>static void* cc_plex_cfgport_dtor</definition>
        <argsstring>(void *ap_obj)</argsstring>
        <name>cc_plex_cfgport_dtor</name>
        <param>
          <type>void *</type>
          <declname>ap_obj</declname>
        </param>
        <briefdescription>
        </briefdescription>
        <detaileddescription>
        </detaileddescription>
        <inbodydescription>
        </inbodydescription>
        <location file="/home/joni/work/tizonia-master/plugins/chromecast_renderer/src/cc_plexcfgport.c" line="82" column="1" bodyfile="/home/joni/work/tizonia-master/plugins/chromecast_renderer/src/cc_plexcfgport.c" bodystart="82" bodyend="85"/>
      </memberdef>
      <memberdef kind="function" id="cc__plexcfgport_8c_1a6255f3cba8a642a34966e8a5815729b4" prot="public" static="yes" const="no" explicit="no" inline="no" virt="non-virtual">
        <type>OMX_ERRORTYPE</type>
        <definition>static OMX_ERRORTYPE cc_plex_cfgport_GetParameter</definition>
        <argsstring>(const void *ap_obj, OMX_HANDLETYPE ap_hdl, OMX_INDEXTYPE a_index, OMX_PTR ap_struct)</argsstring>
        <name>cc_plex_cfgport_GetParameter</name>
        <param>
          <type>const void *</type>
          <declname>ap_obj</declname>
        </param>
        <param>
          <type>OMX_HANDLETYPE</type>
          <declname>ap_hdl</declname>
        </param>
        <param>
          <type>OMX_INDEXTYPE</type>
          <declname>a_index</declname>
        </param>
        <param>
          <type>OMX_PTR</type>
          <declname>ap_struct</declname>
        </param>
        <briefdescription>
        </briefdescription>
        <detaileddescription>
        </detaileddescription>
        <inbodydescription>
        </inbodydescription>
        <location file="/home/joni/work/tizonia-master/plugins/chromecast_renderer/src/cc_plexcfgport.c" line="92" column="1" bodyfile="/home/joni/work/tizonia-master/plugins/chromecast_renderer/src/cc_plexcfgport.c" bodystart="92" bodyend="121"/>
      </memberdef>
      <memberdef kind="function" id="cc__plexcfgport_8c_1ae350d4edf8cb835ecab4ecc89a67ba27" prot="public" static="yes" const="no" explicit="no" inline="no" virt="non-virtual">
        <type>OMX_ERRORTYPE</type>
        <definition>static OMX_ERRORTYPE cc_plex_cfgport_SetParameter</definition>
        <argsstring>(const void *ap_obj, OMX_HANDLETYPE ap_hdl, OMX_INDEXTYPE a_index, OMX_PTR ap_struct)</argsstring>
        <name>cc_plex_cfgport_SetParameter</name>
        <param>
          <type>const void *</type>
          <declname>ap_obj</declname>
        </param>
        <param>
          <type>OMX_HANDLETYPE</type>
          <declname>ap_hdl</declname>
        </param>
        <param>
          <type>OMX_INDEXTYPE</type>
          <declname>a_index</declname>
        </param>
        <param>
          <type>OMX_PTR</type>
          <declname>ap_struct</declname>
        </param>
        <briefdescription>
        </briefdescription>
        <detaileddescription>
        </detaileddescription>
        <inbodydescription>
        </inbodydescription>
        <location file="/home/joni/work/tizonia-master/plugins/chromecast_renderer/src/cc_plexcfgport.c" line="124" column="1" bodyfile="/home/joni/work/tizonia-master/plugins/chromecast_renderer/src/cc_plexcfgport.c" bodystart="124" bodyend="160"/>
      </memberdef>
      <memberdef kind="function" id="cc__plexcfgport_8c_1ab29f47d3830a47de2932353bb32b3bfa" prot="public" static="yes" const="no" explicit="no" inline="no" virt="non-virtual">
        <type>void *</type>
        <definition>static void* cc_plex_cfgport_class_ctor</definition>
        <argsstring>(void *ap_obj, va_list *app)</argsstring>
        <name>cc_plex_cfgport_class_ctor</name>
        <param>
          <type>void *</type>
          <declname>ap_obj</declname>
        </param>
        <param>
          <type>va_list *</type>
          <declname>app</declname>
        </param>
        <briefdescription>
        </briefdescription>
        <detaileddescription>
        </detaileddescription>
        <inbodydescription>
        </inbodydescription>
        <location file="/home/joni/work/tizonia-master/plugins/chromecast_renderer/src/cc_plexcfgport.c" line="167" column="1" bodyfile="/home/joni/work/tizonia-master/plugins/chromecast_renderer/src/cc_plexcfgport.c" bodystart="167" bodyend="171"/>
      </memberdef>
      <memberdef kind="function" id="cc__plexcfgport_8c_1afd3c9f83700a0059ba613f695195840a" prot="public" static="no" const="no" explicit="no" inline="no" virt="non-virtual">
        <type>void *</type>
        <definition>void* cc_plex_cfgport_class_init</definition>
        <argsstring>(void *ap_tos, void *ap_hdl)</argsstring>
        <name>cc_plex_cfgport_class_init</name>
        <param>
          <type>void *</type>
          <declname>ap_tos</declname>
        </param>
        <param>
          <type>void *</type>
          <declname>ap_hdl</declname>
        </param>
        <briefdescription>
        </briefdescription>
        <detaileddescription>
        </detaileddescription>
        <inbodydescription>
        </inbodydescription>
        <location file="/home/joni/work/tizonia-master/plugins/chromecast_renderer/src/cc_plexcfgport.c" line="178" column="1" bodyfile="/home/joni/work/tizonia-master/plugins/chromecast_renderer/src/cc_plexcfgport.c" bodystart="178" bodyend="186"/>
      </memberdef>
      <memberdef kind="function" id="cc__plexcfgport_8c_1a59fc9aaed9a3dbe13d51e0d16e5955c5" prot="public" static="no" const="no" explicit="no" inline="no" virt="non-virtual">
        <type>void *</type>
        <definition>void* cc_plex_cfgport_init</definition>
        <argsstring>(void *ap_tos, void *ap_hdl)</argsstring>
        <name>cc_plex_cfgport_init</name>
        <param>
          <type>void *</type>
          <declname>ap_tos</declname>
        </param>
        <param>
          <type>void *</type>
          <declname>ap_hdl</declname>
        </param>
        <briefdescription>
        </briefdescription>
        <detaileddescription>
        </detaileddescription>
        <inbodydescription>
        </inbodydescription>
        <location file="/home/joni/work/tizonia-master/plugins/chromecast_renderer/src/cc_plexcfgport.c" line="189" column="1" bodyfile="/home/joni/work/tizonia-master/plugins/chromecast_renderer/src/cc_plexcfgport.c" bodystart="189" bodyend="213"/>
      </memberdef>
      </sectiondef>
    <briefdescription>
<para>A specialised config port class for the Plex renderer component. </para>    </briefdescription>
    <detaileddescription>
<para>Copyright (C) 2011-2018 Aratelia Limited - Juan A. Rubio</para><para>This file is part of Tizonia</para><para>Tizonia is free software: you can redistribute it and/or modify it under the terms of the GNU Lesser General Public License as published by the Free Software Foundation, either version 3 of the License, or (at your option) any later version.</para><para>Tizonia is distributed in the hope that it will be useful, but WITHOUT ANY WARRANTY; without even the implied warranty of MERCHANTABILITY or FITNESS FOR A PARTICULAR PURPOSE. See the GNU Lesser General Public License for more details.</para><para>You should have received a copy of the GNU Lesser General Public License along with Tizonia. If not, see &lt;chromecast://www.gnu.org/licenses/&gt;.</para><para><simplesect kind="author"><para>Juan A. Rubio <ulink url="mailto:juan.rubio@aratelia.com">juan.rubio@aratelia.com</ulink> </para></simplesect>
</para>    </detaileddescription>
    <programlisting>
<codeline lineno="1"></codeline>
<codeline lineno="29"><highlight class="preprocessor">#ifdef<sp/>HAVE_CONFIG_H</highlight><highlight class="normal"></highlight></codeline>
<codeline lineno="30"><highlight class="normal"></highlight><highlight class="preprocessor">#include<sp/>&lt;config.h&gt;</highlight><highlight class="normal"></highlight></codeline>
<codeline lineno="31"><highlight class="normal"></highlight><highlight class="preprocessor">#endif</highlight><highlight class="normal"></highlight></codeline>
<codeline lineno="32"><highlight class="normal"></highlight></codeline>
<codeline lineno="33"><highlight class="normal"></highlight><highlight class="preprocessor">#include<sp/>&lt;assert.h&gt;</highlight><highlight class="normal"></highlight></codeline>
<codeline lineno="34"><highlight class="normal"></highlight><highlight class="preprocessor">#include<sp/>&lt;string.h&gt;</highlight><highlight class="normal"></highlight></codeline>
<codeline lineno="35"><highlight class="normal"></highlight><highlight class="preprocessor">#include<sp/>&lt;limits.h&gt;</highlight><highlight class="normal"></highlight></codeline>
<codeline lineno="36"><highlight class="normal"></highlight></codeline>
<codeline lineno="37"><highlight class="normal"></highlight><highlight class="preprocessor">#include<sp/>&lt;tizplatform.h&gt;</highlight><highlight class="normal"></highlight></codeline>
<codeline lineno="38"><highlight class="normal"></highlight></codeline>
<codeline lineno="39"><highlight class="normal"></highlight><highlight class="preprocessor">#include<sp/>&quot;cc_plexcfgport.h&quot;</highlight><highlight class="normal"></highlight></codeline>
<codeline lineno="40"><highlight class="normal"></highlight><highlight class="preprocessor">#include<sp/>&quot;cc_plexcfgport_decls.h&quot;</highlight><highlight class="normal"></highlight></codeline>
<codeline lineno="41"><highlight class="normal"></highlight></codeline>
<codeline lineno="42"><highlight class="normal"></highlight><highlight class="preprocessor">#ifdef<sp/>TIZ_LOG_CATEGORY_NAME</highlight><highlight class="normal"></highlight></codeline>
<codeline lineno="43"><highlight class="normal"></highlight><highlight class="preprocessor">#undef<sp/>TIZ_LOG_CATEGORY_NAME</highlight><highlight class="normal"></highlight></codeline>
<codeline lineno="44"><highlight class="normal"></highlight><highlight class="preprocessor">#define<sp/>TIZ_LOG_CATEGORY_NAME<sp/>&quot;tiz.chromecast_renderer.cfgport.plex&quot;</highlight><highlight class="normal"></highlight></codeline>
<codeline lineno="45"><highlight class="normal"></highlight><highlight class="preprocessor">#endif</highlight><highlight class="normal"></highlight></codeline>
<codeline lineno="46"><highlight class="normal"></highlight></codeline>
<codeline lineno="47"><highlight class="normal"></highlight><highlight class="comment">/*</highlight></codeline>
<codeline lineno="48"><highlight class="comment"><sp/>*<sp/>cc_plexcfgport<sp/>class</highlight></codeline>
<codeline lineno="49"><highlight class="comment"><sp/>*/</highlight><highlight class="normal"></highlight></codeline>
<codeline lineno="50"><highlight class="normal"></highlight></codeline>
<codeline lineno="51"><highlight class="normal"></highlight><highlight class="keyword">static</highlight><highlight class="normal"><sp/></highlight><highlight class="keywordtype">void</highlight><highlight class="normal"><sp/>*</highlight></codeline>
<codeline lineno="52"><highlight class="normal">cc_plex_cfgport_ctor<sp/>(</highlight><highlight class="keywordtype">void</highlight><highlight class="normal"><sp/>*<sp/>ap_obj,<sp/>va_list<sp/>*<sp/>app)</highlight></codeline>
<codeline lineno="53"><highlight class="normal">{</highlight></codeline>
<codeline lineno="54"><highlight class="normal"><sp/><sp/><ref refid="structcc__plex__cfgport" kindref="compound">cc_plex_cfgport_t</ref><sp/>*<sp/>p_obj</highlight></codeline>
<codeline lineno="55"><highlight class="normal"><sp/><sp/><sp/><sp/>=<sp/>super_ctor<sp/>(typeOf<sp/>(ap_obj,<sp/></highlight><highlight class="stringliteral">&quot;cc_plexcfgport&quot;</highlight><highlight class="normal">),<sp/>ap_obj,<sp/>app);</highlight></codeline>
<codeline lineno="56"><highlight class="normal"></highlight></codeline>
<codeline lineno="57"><highlight class="normal"><sp/><sp/>assert<sp/>(p_obj);</highlight></codeline>
<codeline lineno="58"><highlight class="normal"></highlight></codeline>
<codeline lineno="59"><highlight class="normal"><sp/><sp/>tiz_check_omx_ret_null<sp/>(tiz_port_register_index<sp/>(</highlight></codeline>
<codeline lineno="60"><highlight class="normal"><sp/><sp/><sp/><sp/>p_obj,<sp/>OMX_TizoniaIndexParamAudioPlexSession));</highlight></codeline>
<codeline lineno="61"><highlight class="normal"><sp/><sp/>tiz_check_omx_ret_null<sp/>(tiz_port_register_index<sp/>(</highlight></codeline>
<codeline lineno="62"><highlight class="normal"><sp/><sp/><sp/><sp/>p_obj,<sp/>OMX_TizoniaIndexParamAudioPlexPlaylist));</highlight></codeline>
<codeline lineno="63"><highlight class="normal"></highlight></codeline>
<codeline lineno="64"><highlight class="normal"><sp/><sp/></highlight><highlight class="comment">/*<sp/>Initialize<sp/>the<sp/>OMX_TIZONIA_AUDIO_PARAM_PLEXSESSIONTYPE<sp/>structure<sp/>*/</highlight><highlight class="normal"></highlight></codeline>
<codeline lineno="65"><highlight class="normal"><sp/><sp/>TIZ_INIT_OMX_STRUCT<sp/>(p_obj-&gt;session_);</highlight></codeline>
<codeline lineno="66"><highlight class="normal"><sp/><sp/>snprintf<sp/>((</highlight><highlight class="keywordtype">char</highlight><highlight class="normal"><sp/>*)<sp/>p_obj-&gt;session_.cBaseUrl,</highlight></codeline>
<codeline lineno="67"><highlight class="normal"><sp/><sp/><sp/><sp/><sp/><sp/><sp/><sp/><sp/><sp/><sp/><sp/>sizeof<sp/>(p_obj-&gt;session_.cBaseUrl),<sp/></highlight><highlight class="stringliteral">&quot;xyzxyzxyzxyzxyz&quot;</highlight><highlight class="normal">);</highlight></codeline>
<codeline lineno="68"><highlight class="normal"><sp/><sp/>snprintf<sp/>((</highlight><highlight class="keywordtype">char</highlight><highlight class="normal"><sp/>*)<sp/>p_obj-&gt;session_.cAuthToken,</highlight></codeline>
<codeline lineno="69"><highlight class="normal"><sp/><sp/><sp/><sp/><sp/><sp/><sp/><sp/><sp/><sp/><sp/><sp/>sizeof<sp/>(p_obj-&gt;session_.cAuthToken),<sp/></highlight><highlight class="stringliteral">&quot;xyzxyzxyzxyzxyz&quot;</highlight><highlight class="normal">);</highlight></codeline>
<codeline lineno="70"><highlight class="normal"></highlight></codeline>
<codeline lineno="71"><highlight class="normal"><sp/><sp/></highlight><highlight class="comment">/*<sp/>Initialize<sp/>the<sp/>OMX_TIZONIA_AUDIO_PARAM_PLEXPLAYLISTTYPE<sp/>structure<sp/>*/</highlight><highlight class="normal"></highlight></codeline>
<codeline lineno="72"><highlight class="normal"><sp/><sp/>TIZ_INIT_OMX_STRUCT<sp/>(p_obj-&gt;playlist_);</highlight></codeline>
<codeline lineno="73"><highlight class="normal"><sp/><sp/>snprintf<sp/>((</highlight><highlight class="keywordtype">char</highlight><highlight class="normal"><sp/>*)<sp/>p_obj-&gt;playlist_.cPlaylistName,</highlight></codeline>
<codeline lineno="74"><highlight class="normal"><sp/><sp/><sp/><sp/><sp/><sp/><sp/><sp/><sp/><sp/><sp/><sp/>sizeof<sp/>(p_obj-&gt;playlist_.cPlaylistName),<sp/></highlight><highlight class="stringliteral">&quot;playlist&quot;</highlight><highlight class="normal">);</highlight></codeline>
<codeline lineno="75"><highlight class="normal"><sp/><sp/>p_obj-&gt;playlist_.ePlaylistType<sp/>=<sp/>OMX_AUDIO_PlexPlaylistTypeUnknown;</highlight></codeline>
<codeline lineno="76"><highlight class="normal"><sp/><sp/>p_obj-&gt;playlist_.bShuffle<sp/>=<sp/>OMX_FALSE;</highlight></codeline>
<codeline lineno="77"><highlight class="normal"></highlight></codeline>
<codeline lineno="78"><highlight class="normal"><sp/><sp/></highlight><highlight class="keywordflow">return</highlight><highlight class="normal"><sp/>p_obj;</highlight></codeline>
<codeline lineno="79"><highlight class="normal">}</highlight></codeline>
<codeline lineno="80"><highlight class="normal"></highlight></codeline>
<codeline lineno="81"><highlight class="normal"></highlight><highlight class="keyword">static</highlight><highlight class="normal"><sp/></highlight><highlight class="keywordtype">void</highlight><highlight class="normal"><sp/>*</highlight></codeline>
<codeline lineno="82"><highlight class="normal">cc_plex_cfgport_dtor<sp/>(</highlight><highlight class="keywordtype">void</highlight><highlight class="normal"><sp/>*<sp/>ap_obj)</highlight></codeline>
<codeline lineno="83"><highlight class="normal">{</highlight></codeline>
<codeline lineno="84"><highlight class="normal"><sp/><sp/></highlight><highlight class="keywordflow">return</highlight><highlight class="normal"><sp/>super_dtor<sp/>(typeOf<sp/>(ap_obj,<sp/></highlight><highlight class="stringliteral">&quot;cc_plexcfgport&quot;</highlight><highlight class="normal">),<sp/>ap_obj);</highlight></codeline>
<codeline lineno="85"><highlight class="normal">}</highlight></codeline>
<codeline lineno="86"><highlight class="normal"></highlight></codeline>
<codeline lineno="87"><highlight class="normal"></highlight><highlight class="comment">/*</highlight></codeline>
<codeline lineno="88"><highlight class="comment"><sp/>*<sp/>from<sp/>tiz_api</highlight></codeline>
<codeline lineno="89"><highlight class="comment"><sp/>*/</highlight><highlight class="normal"></highlight></codeline>
<codeline lineno="90"><highlight class="normal"></highlight></codeline>
<codeline lineno="91"><highlight class="normal"></highlight><highlight class="keyword">static</highlight><highlight class="normal"><sp/>OMX_ERRORTYPE</highlight></codeline>
<codeline lineno="92"><highlight class="normal">cc_plex_cfgport_GetParameter<sp/>(</highlight><highlight class="keyword">const</highlight><highlight class="normal"><sp/></highlight><highlight class="keywordtype">void</highlight><highlight class="normal"><sp/>*<sp/>ap_obj,<sp/>OMX_HANDLETYPE<sp/>ap_hdl,</highlight></codeline>
<codeline lineno="93"><highlight class="normal"><sp/><sp/><sp/><sp/><sp/><sp/><sp/><sp/><sp/><sp/><sp/><sp/><sp/><sp/><sp/><sp/><sp/><sp/><sp/><sp/><sp/><sp/><sp/><sp/><sp/><sp/><sp/><sp/><sp/>OMX_INDEXTYPE<sp/>a_index,<sp/>OMX_PTR<sp/>ap_struct)</highlight></codeline>
<codeline lineno="94"><highlight class="normal">{</highlight></codeline>
<codeline lineno="95"><highlight class="normal"><sp/><sp/></highlight><highlight class="keyword">const</highlight><highlight class="normal"><sp/><ref refid="structcc__plex__cfgport" kindref="compound">cc_plex_cfgport_t</ref><sp/>*<sp/>p_obj<sp/>=<sp/>ap_obj;</highlight></codeline>
<codeline lineno="96"><highlight class="normal"><sp/><sp/>OMX_ERRORTYPE<sp/>rc<sp/>=<sp/>OMX_ErrorNone;</highlight></codeline>
<codeline lineno="97"><highlight class="normal"></highlight></codeline>
<codeline lineno="98"><highlight class="normal"><sp/><sp/>assert<sp/>(p_obj);</highlight></codeline>
<codeline lineno="99"><highlight class="normal"></highlight></codeline>
<codeline lineno="100"><highlight class="normal"><sp/><sp/>TIZ_TRACE<sp/>(ap_hdl,<sp/></highlight><highlight class="stringliteral">&quot;PORT<sp/>[%d]<sp/>GetParameter<sp/>[%s]...&quot;</highlight><highlight class="normal">,<sp/>tiz_port_index<sp/>(ap_obj),</highlight></codeline>
<codeline lineno="101"><highlight class="normal"><sp/><sp/><sp/><sp/><sp/><sp/><sp/><sp/><sp/><sp/><sp/><sp/><sp/>tiz_idx_to_str<sp/>(a_index));</highlight></codeline>
<codeline lineno="102"><highlight class="normal"></highlight></codeline>
<codeline lineno="103"><highlight class="normal"><sp/><sp/></highlight><highlight class="keywordflow">if</highlight><highlight class="normal"><sp/>(OMX_TizoniaIndexParamAudioPlexSession<sp/>==<sp/>a_index)</highlight></codeline>
<codeline lineno="104"><highlight class="normal"><sp/><sp/><sp/><sp/>{</highlight></codeline>
<codeline lineno="105"><highlight class="normal"><sp/><sp/><sp/><sp/><sp/><sp/>memcpy<sp/>(ap_struct,<sp/>&amp;(p_obj-&gt;session_),</highlight></codeline>
<codeline lineno="106"><highlight class="normal"><sp/><sp/><sp/><sp/><sp/><sp/><sp/><sp/><sp/><sp/><sp/><sp/><sp/><sp/>sizeof<sp/>(OMX_TIZONIA_AUDIO_PARAM_PLEXSESSIONTYPE));</highlight></codeline>
<codeline lineno="107"><highlight class="normal"><sp/><sp/><sp/><sp/>}</highlight></codeline>
<codeline lineno="108"><highlight class="normal"><sp/><sp/></highlight><highlight class="keywordflow">else</highlight><highlight class="normal"><sp/></highlight><highlight class="keywordflow">if</highlight><highlight class="normal"><sp/>(OMX_TizoniaIndexParamAudioPlexPlaylist<sp/>==<sp/>a_index)</highlight></codeline>
<codeline lineno="109"><highlight class="normal"><sp/><sp/><sp/><sp/>{</highlight></codeline>
<codeline lineno="110"><highlight class="normal"><sp/><sp/><sp/><sp/><sp/><sp/>memcpy<sp/>(ap_struct,<sp/>&amp;(p_obj-&gt;playlist_),</highlight></codeline>
<codeline lineno="111"><highlight class="normal"><sp/><sp/><sp/><sp/><sp/><sp/><sp/><sp/><sp/><sp/><sp/><sp/><sp/><sp/>sizeof<sp/>(OMX_TIZONIA_AUDIO_PARAM_PLEXPLAYLISTTYPE));</highlight></codeline>
<codeline lineno="112"><highlight class="normal"><sp/><sp/><sp/><sp/>}</highlight></codeline>
<codeline lineno="113"><highlight class="normal"><sp/><sp/></highlight><highlight class="keywordflow">else</highlight><highlight class="normal"></highlight></codeline>
<codeline lineno="114"><highlight class="normal"><sp/><sp/><sp/><sp/>{</highlight></codeline>
<codeline lineno="115"><highlight class="normal"><sp/><sp/><sp/><sp/><sp/><sp/></highlight><highlight class="comment">/*<sp/>Delegate<sp/>to<sp/>the<sp/>base<sp/>port<sp/>*/</highlight><highlight class="normal"></highlight></codeline>
<codeline lineno="116"><highlight class="normal"><sp/><sp/><sp/><sp/><sp/><sp/>rc<sp/>=<sp/>super_GetParameter<sp/>(typeOf<sp/>(ap_obj,<sp/></highlight><highlight class="stringliteral">&quot;cc_plexcfgport&quot;</highlight><highlight class="normal">),<sp/>ap_obj,</highlight></codeline>
<codeline lineno="117"><highlight class="normal"><sp/><sp/><sp/><sp/><sp/><sp/><sp/><sp/><sp/><sp/><sp/><sp/><sp/><sp/><sp/><sp/><sp/><sp/><sp/><sp/><sp/><sp/><sp/><sp/><sp/><sp/><sp/><sp/><sp/><sp/><sp/>ap_hdl,<sp/>a_index,<sp/>ap_struct);</highlight></codeline>
<codeline lineno="118"><highlight class="normal"><sp/><sp/><sp/><sp/>}</highlight></codeline>
<codeline lineno="119"><highlight class="normal"></highlight></codeline>
<codeline lineno="120"><highlight class="normal"><sp/><sp/></highlight><highlight class="keywordflow">return</highlight><highlight class="normal"><sp/>rc;</highlight></codeline>
<codeline lineno="121"><highlight class="normal">}</highlight></codeline>
<codeline lineno="122"><highlight class="normal"></highlight></codeline>
<codeline lineno="123"><highlight class="normal"></highlight><highlight class="keyword">static</highlight><highlight class="normal"><sp/>OMX_ERRORTYPE</highlight></codeline>
<codeline lineno="124"><highlight class="normal">cc_plex_cfgport_SetParameter<sp/>(</highlight><highlight class="keyword">const</highlight><highlight class="normal"><sp/></highlight><highlight class="keywordtype">void</highlight><highlight class="normal"><sp/>*<sp/>ap_obj,<sp/>OMX_HANDLETYPE<sp/>ap_hdl,</highlight></codeline>
<codeline lineno="125"><highlight class="normal"><sp/><sp/><sp/><sp/><sp/><sp/><sp/><sp/><sp/><sp/><sp/><sp/><sp/><sp/><sp/><sp/><sp/><sp/><sp/><sp/><sp/><sp/><sp/><sp/><sp/><sp/><sp/><sp/><sp/>OMX_INDEXTYPE<sp/>a_index,<sp/>OMX_PTR<sp/>ap_struct)</highlight></codeline>
<codeline lineno="126"><highlight class="normal">{</highlight></codeline>
<codeline lineno="127"><highlight class="normal"><sp/><sp/><ref refid="structcc__plex__cfgport" kindref="compound">cc_plex_cfgport_t</ref><sp/>*<sp/>p_obj<sp/>=<sp/>(<ref refid="structcc__plex__cfgport" kindref="compound">cc_plex_cfgport_t</ref><sp/>*)<sp/>ap_obj;</highlight></codeline>
<codeline lineno="128"><highlight class="normal"><sp/><sp/>OMX_ERRORTYPE<sp/>rc<sp/>=<sp/>OMX_ErrorNone;</highlight></codeline>
<codeline lineno="129"><highlight class="normal"></highlight></codeline>
<codeline lineno="130"><highlight class="normal"><sp/><sp/>assert<sp/>(p_obj);</highlight></codeline>
<codeline lineno="131"><highlight class="normal"></highlight></codeline>
<codeline lineno="132"><highlight class="normal"><sp/><sp/>TIZ_TRACE<sp/>(ap_hdl,<sp/></highlight><highlight class="stringliteral">&quot;PORT<sp/>[%d]<sp/>GetParameter<sp/>[%s]...&quot;</highlight><highlight class="normal">,<sp/>tiz_port_index<sp/>(ap_obj),</highlight></codeline>
<codeline lineno="133"><highlight class="normal"><sp/><sp/><sp/><sp/><sp/><sp/><sp/><sp/><sp/><sp/><sp/><sp/><sp/>tiz_idx_to_str<sp/>(a_index));</highlight></codeline>
<codeline lineno="134"><highlight class="normal"></highlight></codeline>
<codeline lineno="135"><highlight class="normal"><sp/><sp/></highlight><highlight class="keywordflow">if</highlight><highlight class="normal"><sp/>(OMX_TizoniaIndexParamAudioPlexSession<sp/>==<sp/>a_index)</highlight></codeline>
<codeline lineno="136"><highlight class="normal"><sp/><sp/><sp/><sp/>{</highlight></codeline>
<codeline lineno="137"><highlight class="normal"><sp/><sp/><sp/><sp/><sp/><sp/>memcpy<sp/>(&amp;(p_obj-&gt;session_),<sp/>ap_struct,</highlight></codeline>
<codeline lineno="138"><highlight class="normal"><sp/><sp/><sp/><sp/><sp/><sp/><sp/><sp/><sp/><sp/><sp/><sp/><sp/><sp/>sizeof<sp/>(OMX_TIZONIA_AUDIO_PARAM_PLEXSESSIONTYPE));</highlight></codeline>
<codeline lineno="139"><highlight class="normal"><sp/><sp/><sp/><sp/><sp/><sp/>p_obj-&gt;session_.cBaseUrl[OMX_MAX_STRINGNAME_SIZE<sp/>-<sp/>1]<sp/>=<sp/></highlight><highlight class="charliteral">&apos;\0&apos;</highlight><highlight class="normal">;</highlight></codeline>
<codeline lineno="140"><highlight class="normal"><sp/><sp/><sp/><sp/><sp/><sp/>p_obj-&gt;session_.cAuthToken[OMX_MAX_STRINGNAME_SIZE<sp/>-<sp/>1]<sp/>=<sp/></highlight><highlight class="charliteral">&apos;\0&apos;</highlight><highlight class="normal">;</highlight></codeline>
<codeline lineno="141"><highlight class="normal"><sp/><sp/><sp/><sp/><sp/><sp/>TIZ_TRACE<sp/>(ap_hdl,<sp/></highlight><highlight class="stringliteral">&quot;Plex<sp/>Auth<sp/>Token<sp/>[%s]...&quot;</highlight><highlight class="normal">,</highlight></codeline>
<codeline lineno="142"><highlight class="normal"><sp/><sp/><sp/><sp/><sp/><sp/><sp/><sp/><sp/><sp/><sp/><sp/><sp/><sp/><sp/><sp/><sp/>p_obj-&gt;session_.cAuthToken);</highlight></codeline>
<codeline lineno="143"><highlight class="normal"><sp/><sp/><sp/><sp/>}</highlight></codeline>
<codeline lineno="144"><highlight class="normal"><sp/><sp/></highlight><highlight class="keywordflow">else</highlight><highlight class="normal"><sp/></highlight><highlight class="keywordflow">if</highlight><highlight class="normal"><sp/>(OMX_TizoniaIndexParamAudioPlexPlaylist<sp/>==<sp/>a_index)</highlight></codeline>
<codeline lineno="145"><highlight class="normal"><sp/><sp/><sp/><sp/>{</highlight></codeline>
<codeline lineno="146"><highlight class="normal"><sp/><sp/><sp/><sp/><sp/><sp/>memcpy<sp/>(&amp;(p_obj-&gt;playlist_),<sp/>ap_struct,</highlight></codeline>
<codeline lineno="147"><highlight class="normal"><sp/><sp/><sp/><sp/><sp/><sp/><sp/><sp/><sp/><sp/><sp/><sp/><sp/><sp/>sizeof<sp/>(OMX_TIZONIA_AUDIO_PARAM_PLEXPLAYLISTTYPE));</highlight></codeline>
<codeline lineno="148"><highlight class="normal"><sp/><sp/><sp/><sp/><sp/><sp/>p_obj-&gt;playlist_.cPlaylistName[OMX_MAX_STRINGNAME_SIZE<sp/>-<sp/>1]<sp/>=<sp/></highlight><highlight class="charliteral">&apos;\0&apos;</highlight><highlight class="normal">;</highlight></codeline>
<codeline lineno="149"><highlight class="normal"><sp/><sp/><sp/><sp/><sp/><sp/>TIZ_TRACE<sp/>(ap_hdl,<sp/></highlight><highlight class="stringliteral">&quot;Plex<sp/>playlist<sp/>[%s]...&quot;</highlight><highlight class="normal">,</highlight></codeline>
<codeline lineno="150"><highlight class="normal"><sp/><sp/><sp/><sp/><sp/><sp/><sp/><sp/><sp/><sp/><sp/><sp/><sp/><sp/><sp/><sp/><sp/>p_obj-&gt;playlist_.cPlaylistName);</highlight></codeline>
<codeline lineno="151"><highlight class="normal"><sp/><sp/><sp/><sp/>}</highlight></codeline>
<codeline lineno="152"><highlight class="normal"><sp/><sp/></highlight><highlight class="keywordflow">else</highlight><highlight class="normal"></highlight></codeline>
<codeline lineno="153"><highlight class="normal"><sp/><sp/><sp/><sp/>{</highlight></codeline>
<codeline lineno="154"><highlight class="normal"><sp/><sp/><sp/><sp/><sp/><sp/></highlight><highlight class="comment">/*<sp/>Delegate<sp/>to<sp/>the<sp/>base<sp/>port<sp/>*/</highlight><highlight class="normal"></highlight></codeline>
<codeline lineno="155"><highlight class="normal"><sp/><sp/><sp/><sp/><sp/><sp/>rc<sp/>=<sp/>super_SetParameter<sp/>(typeOf<sp/>(ap_obj,<sp/></highlight><highlight class="stringliteral">&quot;cc_plexcfgport&quot;</highlight><highlight class="normal">),<sp/>ap_obj,</highlight></codeline>
<codeline lineno="156"><highlight class="normal"><sp/><sp/><sp/><sp/><sp/><sp/><sp/><sp/><sp/><sp/><sp/><sp/><sp/><sp/><sp/><sp/><sp/><sp/><sp/><sp/><sp/><sp/><sp/><sp/><sp/><sp/><sp/><sp/><sp/><sp/><sp/>ap_hdl,<sp/>a_index,<sp/>ap_struct);</highlight></codeline>
<codeline lineno="157"><highlight class="normal"><sp/><sp/><sp/><sp/>}</highlight></codeline>
<codeline lineno="158"><highlight class="normal"></highlight></codeline>
<codeline lineno="159"><highlight class="normal"><sp/><sp/></highlight><highlight class="keywordflow">return</highlight><highlight class="normal"><sp/>rc;</highlight></codeline>
<codeline lineno="160"><highlight class="normal">}</highlight></codeline>
<codeline lineno="161"><highlight class="normal"></highlight></codeline>
<codeline lineno="162"><highlight class="normal"></highlight><highlight class="comment">/*</highlight></codeline>
<codeline lineno="163"><highlight class="comment"><sp/>*<sp/>cc_plex_cfgport_class</highlight></codeline>
<codeline lineno="164"><highlight class="comment"><sp/>*/</highlight><highlight class="normal"></highlight></codeline>
<codeline lineno="165"><highlight class="normal"></highlight></codeline>
<codeline lineno="166"><highlight class="normal"></highlight><highlight class="keyword">static</highlight><highlight class="normal"><sp/></highlight><highlight class="keywordtype">void</highlight><highlight class="normal"><sp/>*</highlight></codeline>
<codeline lineno="167"><highlight class="normal">cc_plex_cfgport_class_ctor<sp/>(</highlight><highlight class="keywordtype">void</highlight><highlight class="normal"><sp/>*<sp/>ap_obj,<sp/>va_list<sp/>*<sp/>app)</highlight></codeline>
<codeline lineno="168"><highlight class="normal">{</highlight></codeline>
<codeline lineno="169"><highlight class="normal"><sp/><sp/></highlight><highlight class="comment">/*<sp/>NOTE:<sp/>Class<sp/>methods<sp/>might<sp/>be<sp/>added<sp/>in<sp/>the<sp/>future.<sp/>None<sp/>for<sp/>now.<sp/>*/</highlight><highlight class="normal"></highlight></codeline>
<codeline lineno="170"><highlight class="normal"><sp/><sp/></highlight><highlight class="keywordflow">return</highlight><highlight class="normal"><sp/>super_ctor<sp/>(typeOf<sp/>(ap_obj,<sp/></highlight><highlight class="stringliteral">&quot;cc_plexcfgport_class&quot;</highlight><highlight class="normal">),<sp/>ap_obj,<sp/>app);</highlight></codeline>
<codeline lineno="171"><highlight class="normal">}</highlight></codeline>
<codeline lineno="172"><highlight class="normal"></highlight></codeline>
<codeline lineno="173"><highlight class="normal"></highlight><highlight class="comment">/*</highlight></codeline>
<codeline lineno="174"><highlight class="comment"><sp/>*<sp/>initialization</highlight></codeline>
<codeline lineno="175"><highlight class="comment"><sp/>*/</highlight><highlight class="normal"></highlight></codeline>
<codeline lineno="176"><highlight class="normal"></highlight></codeline>
<codeline lineno="177"><highlight class="normal"></highlight><highlight class="keywordtype">void</highlight><highlight class="normal"><sp/>*</highlight></codeline>
<codeline lineno="178"><highlight class="normal">cc_plex_cfgport_class_init<sp/>(</highlight><highlight class="keywordtype">void</highlight><highlight class="normal"><sp/>*<sp/>ap_tos,<sp/></highlight><highlight class="keywordtype">void</highlight><highlight class="normal"><sp/>*<sp/>ap_hdl)</highlight></codeline>
<codeline lineno="179"><highlight class="normal">{</highlight></codeline>
<codeline lineno="180"><highlight class="normal"><sp/><sp/></highlight><highlight class="keywordtype">void</highlight><highlight class="normal"><sp/>*<sp/><ref refid="structcc__cfgport" kindref="compound">cc_cfgport</ref><sp/>=<sp/><ref refid="group__tizscheduler_1gacf2f63dcdf377b97875517fb7fca9425" kindref="member">tiz_get_type</ref><sp/>(ap_hdl,<sp/></highlight><highlight class="stringliteral">&quot;cc_cfgport&quot;</highlight><highlight class="normal">);</highlight></codeline>
<codeline lineno="181"><highlight class="normal"><sp/><sp/></highlight><highlight class="keywordtype">void</highlight><highlight class="normal"><sp/>*<sp/>cc_plexcfgport_class</highlight></codeline>
<codeline lineno="182"><highlight class="normal"><sp/><sp/><sp/><sp/>=<sp/>factory_new<sp/>(classOf<sp/>(cc_cfgport),<sp/></highlight><highlight class="stringliteral">&quot;cc_plexcfgport_class&quot;</highlight><highlight class="normal">,</highlight></codeline>
<codeline lineno="183"><highlight class="normal"><sp/><sp/><sp/><sp/><sp/><sp/><sp/><sp/><sp/><sp/><sp/><sp/><sp/><sp/><sp/><sp/><sp/><sp/><sp/>classOf<sp/>(cc_cfgport),<sp/></highlight><highlight class="keyword">sizeof</highlight><highlight class="normal"><sp/>(<ref refid="structcc__plex__cfgport__class" kindref="compound">cc_plex_cfgport_class_t</ref>),</highlight></codeline>
<codeline lineno="184"><highlight class="normal"><sp/><sp/><sp/><sp/><sp/><sp/><sp/><sp/><sp/><sp/><sp/><sp/><sp/><sp/><sp/><sp/><sp/><sp/><sp/>ap_tos,<sp/>ap_hdl,<sp/>ctor,<sp/>cc_plex_cfgport_class_ctor,<sp/>0);</highlight></codeline>
<codeline lineno="185"><highlight class="normal"><sp/><sp/></highlight><highlight class="keywordflow">return</highlight><highlight class="normal"><sp/>cc_plexcfgport_class;</highlight></codeline>
<codeline lineno="186"><highlight class="normal">}</highlight></codeline>
<codeline lineno="187"><highlight class="normal"></highlight></codeline>
<codeline lineno="188"><highlight class="normal"></highlight><highlight class="keywordtype">void</highlight><highlight class="normal"><sp/>*</highlight></codeline>
<codeline lineno="189"><highlight class="normal">cc_plex_cfgport_init<sp/>(</highlight><highlight class="keywordtype">void</highlight><highlight class="normal"><sp/>*<sp/>ap_tos,<sp/></highlight><highlight class="keywordtype">void</highlight><highlight class="normal"><sp/>*<sp/>ap_hdl)</highlight></codeline>
<codeline lineno="190"><highlight class="normal">{</highlight></codeline>
<codeline lineno="191"><highlight class="normal"><sp/><sp/></highlight><highlight class="keywordtype">void</highlight><highlight class="normal"><sp/>*<sp/>cc_cfgport<sp/>=<sp/><ref refid="group__tizscheduler_1gacf2f63dcdf377b97875517fb7fca9425" kindref="member">tiz_get_type</ref><sp/>(ap_hdl,<sp/></highlight><highlight class="stringliteral">&quot;cc_cfgport&quot;</highlight><highlight class="normal">);</highlight></codeline>
<codeline lineno="192"><highlight class="normal"><sp/><sp/></highlight><highlight class="keywordtype">void</highlight><highlight class="normal"><sp/>*<sp/>cc_plexcfgport_class</highlight></codeline>
<codeline lineno="193"><highlight class="normal"><sp/><sp/><sp/><sp/>=<sp/><ref refid="group__tizscheduler_1gacf2f63dcdf377b97875517fb7fca9425" kindref="member">tiz_get_type</ref><sp/>(ap_hdl,<sp/></highlight><highlight class="stringliteral">&quot;cc_plexcfgport_class&quot;</highlight><highlight class="normal">);</highlight></codeline>
<codeline lineno="194"><highlight class="normal"><sp/><sp/>TIZ_LOG_CLASS<sp/>(cc_plexcfgport_class);</highlight></codeline>
<codeline lineno="195"><highlight class="normal"><sp/><sp/></highlight><highlight class="keywordtype">void</highlight><highlight class="normal"><sp/>*<sp/>cc_plexcfgport<sp/>=<sp/>factory_new</highlight></codeline>
<codeline lineno="196"><highlight class="normal"><sp/><sp/><sp/><sp/></highlight><highlight class="comment">/*<sp/>TIZ_CLASS_COMMENT:<sp/>class<sp/>type,<sp/>class<sp/>name,<sp/>parent,<sp/>size<sp/>*/</highlight><highlight class="normal"></highlight></codeline>
<codeline lineno="197"><highlight class="normal"><sp/><sp/><sp/><sp/>(cc_plexcfgport_class,<sp/></highlight><highlight class="stringliteral">&quot;cc_plexcfgport&quot;</highlight><highlight class="normal">,<sp/>cc_cfgport,</highlight></codeline>
<codeline lineno="198"><highlight class="normal"><sp/><sp/><sp/><sp/><sp/></highlight><highlight class="keyword">sizeof</highlight><highlight class="normal"><sp/>(<ref refid="structcc__plex__cfgport" kindref="compound">cc_plex_cfgport_t</ref>),</highlight></codeline>
<codeline lineno="199"><highlight class="normal"><sp/><sp/><sp/><sp/><sp/></highlight><highlight class="comment">/*<sp/>TIZ_CLASS_COMMENT:<sp/>class<sp/>constructor<sp/>*/</highlight><highlight class="normal"></highlight></codeline>
<codeline lineno="200"><highlight class="normal"><sp/><sp/><sp/><sp/><sp/>ap_tos,<sp/>ap_hdl,</highlight></codeline>
<codeline lineno="201"><highlight class="normal"><sp/><sp/><sp/><sp/><sp/></highlight><highlight class="comment">/*<sp/>TIZ_CLASS_COMMENT:<sp/>class<sp/>constructor<sp/>*/</highlight><highlight class="normal"></highlight></codeline>
<codeline lineno="202"><highlight class="normal"><sp/><sp/><sp/><sp/><sp/>ctor,<sp/>cc_plex_cfgport_ctor,</highlight></codeline>
<codeline lineno="203"><highlight class="normal"><sp/><sp/><sp/><sp/><sp/></highlight><highlight class="comment">/*<sp/>TIZ_CLASS_COMMENT:<sp/>class<sp/>destructor<sp/>*/</highlight><highlight class="normal"></highlight></codeline>
<codeline lineno="204"><highlight class="normal"><sp/><sp/><sp/><sp/><sp/>dtor,<sp/>cc_plex_cfgport_dtor,</highlight></codeline>
<codeline lineno="205"><highlight class="normal"><sp/><sp/><sp/><sp/><sp/></highlight><highlight class="comment">/*<sp/>TIZ_CLASS_COMMENT:<sp/>*/</highlight><highlight class="normal"></highlight></codeline>
<codeline lineno="206"><highlight class="normal"><sp/><sp/><sp/><sp/><sp/>tiz_api_GetParameter,<sp/>cc_plex_cfgport_GetParameter,</highlight></codeline>
<codeline lineno="207"><highlight class="normal"><sp/><sp/><sp/><sp/><sp/></highlight><highlight class="comment">/*<sp/>TIZ_CLASS_COMMENT:<sp/>*/</highlight><highlight class="normal"></highlight></codeline>
<codeline lineno="208"><highlight class="normal"><sp/><sp/><sp/><sp/><sp/>tiz_api_SetParameter,<sp/>cc_plex_cfgport_SetParameter,</highlight></codeline>
<codeline lineno="209"><highlight class="normal"><sp/><sp/><sp/><sp/><sp/></highlight><highlight class="comment">/*<sp/>TIZ_CLASS_COMMENT:<sp/>stop<sp/>value*/</highlight><highlight class="normal"></highlight></codeline>
<codeline lineno="210"><highlight class="normal"><sp/><sp/><sp/><sp/><sp/>0);</highlight></codeline>
<codeline lineno="211"><highlight class="normal"></highlight></codeline>
<codeline lineno="212"><highlight class="normal"><sp/><sp/></highlight><highlight class="keywordflow">return</highlight><highlight class="normal"><sp/>cc_plexcfgport;</highlight></codeline>
<codeline lineno="213"><highlight class="normal">}</highlight></codeline>
    </programlisting>
    <location file="/home/joni/work/tizonia-master/plugins/chromecast_renderer/src/cc_plexcfgport.c"/>
  </compounddef>
</doxygen>
