<?xml version='1.0' encoding='UTF-8' standalone='no'?>
<doxygen xmlns:xsi="http://www.w3.org/2001/XMLSchema-instance" xsi:noNamespaceSchemaLocation="compound.xsd" version="1.8.11">
  <compounddef id="check__tizplatform_8c" kind="file" language="C++">
    <compoundname>check_tizplatform.c</compoundname>
    <includes local="no">stdlib.h</includes>
    <includes local="no">check.h</includes>
    <includes local="no">signal.h</includes>
    <includes local="no">unistd.h</includes>
    <includes local="no">linux/limits.h</includes>
    <includes refid="tizplatform_8h" local="yes">../src/tizplatform.h</includes>
    <includes local="yes">check_tizplatform.h</includes>
    <includes refid="check__mem_8c" local="yes">./check_mem.c</includes>
    <includes refid="check__sem_8c" local="yes">./check_sem.c</includes>
    <includes refid="check__mutex_8c" local="yes">./check_mutex.c</includes>
    <includes refid="check__queue_8c" local="yes">./check_queue.c</includes>
    <includes refid="check__pqueue_8c" local="yes">./check_pqueue.c</includes>
    <includes refid="check__vector_8c" local="yes">./check_vector.c</includes>
    <includes refid="check__rc_8c" local="yes">./check_rc.c</includes>
    <includes refid="check__soa_8c" local="yes">./check_soa.c</includes>
    <includes refid="check__event_8c" local="yes">./check_event.c</includes>
    <includes refid="check__http__parser_8c" local="yes">./check_http_parser.c</includes>
    <includes refid="check__map_8c" local="yes">./check_map.c</includes>
    <incdepgraph>
      <node id="8066">
        <label>stdbool.h</label>
      </node>
      <node id="8073">
        <label>check_tizplatform.h</label>
      </node>
      <node id="8060">
        <label>tizbuffer.h</label>
        <link refid="tizbuffer_8h_source"/>
        <childnode refid="8049" relation="include">
        </childnode>
        <childnode refid="8046" relation="include">
        </childnode>
      </node>
      <node id="8063">
        <label>tizuuid.h</label>
        <link refid="tizuuid_8h_source"/>
        <childnode refid="8046" relation="include">
        </childnode>
      </node>
      <node id="8062">
        <label>tizthread.h</label>
        <link refid="tizthread_8h_source"/>
        <childnode refid="8049" relation="include">
        </childnode>
        <childnode refid="8046" relation="include">
        </childnode>
        <childnode refid="8056" relation="include">
        </childnode>
      </node>
      <node id="8059">
        <label>stdint.h</label>
      </node>
      <node id="8038">
        <label>stdlib.h</label>
      </node>
      <node id="8049">
        <label>OMX_Core.h</label>
      </node>
      <node id="8043">
        <label>../src/tizplatform.h</label>
        <link refid="tizplatform_8h_source"/>
        <childnode refid="8044" relation="include">
        </childnode>
        <childnode refid="8053" relation="include">
        </childnode>
        <childnode refid="8050" relation="include">
        </childnode>
        <childnode refid="8055" relation="include">
        </childnode>
        <childnode refid="8057" relation="include">
        </childnode>
        <childnode refid="8060" relation="include">
        </childnode>
        <childnode refid="8061" relation="include">
        </childnode>
        <childnode refid="8056" relation="include">
        </childnode>
        <childnode refid="8062" relation="include">
        </childnode>
        <childnode refid="8063" relation="include">
        </childnode>
        <childnode refid="8045" relation="include">
        </childnode>
        <childnode refid="8064" relation="include">
        </childnode>
        <childnode refid="8058" relation="include">
        </childnode>
        <childnode refid="8065" relation="include">
        </childnode>
        <childnode refid="8067" relation="include">
        </childnode>
        <childnode refid="8068" relation="include">
        </childnode>
        <childnode refid="8069" relation="include">
        </childnode>
        <childnode refid="8070" relation="include">
        </childnode>
        <childnode refid="8071" relation="include">
        </childnode>
        <childnode refid="8072" relation="include">
        </childnode>
      </node>
      <node id="8047">
        <label>OMX_Component.h</label>
      </node>
      <node id="8058">
        <label>tizsoa.h</label>
        <link refid="tizsoa_8h_source"/>
        <childnode refid="8052" relation="include">
        </childnode>
        <childnode refid="8059" relation="include">
        </childnode>
        <childnode refid="8046" relation="include">
        </childnode>
        <childnode refid="8049" relation="include">
        </childnode>
      </node>
      <node id="8044">
        <label>tizmacros.h</label>
        <link refid="tizmacros_8h_source"/>
        <childnode refid="8045" relation="include">
        </childnode>
        <childnode refid="8052" relation="include">
        </childnode>
      </node>
      <node id="8052">
        <label>stddef.h</label>
      </node>
      <node id="8070">
        <label>tizprintf.h</label>
        <link refid="tizprintf_8h_source"/>
      </node>
      <node id="8055">
        <label>tizqueue.h</label>
        <link refid="tizqueue_8h_source"/>
        <childnode refid="8049" relation="include">
        </childnode>
        <childnode refid="8046" relation="include">
        </childnode>
        <childnode refid="8056" relation="include">
        </childnode>
      </node>
      <node id="8054">
        <label>log4c.h</label>
      </node>
      <node id="8051">
        <label>sys/types.h</label>
      </node>
      <node id="8050">
        <label>tizmem.h</label>
        <link refid="tizmem_8h_source"/>
        <childnode refid="8051" relation="include">
        </childnode>
        <childnode refid="8046" relation="include">
        </childnode>
      </node>
      <node id="8064">
        <label>tizrc.h</label>
        <link refid="tizrc_8h_source"/>
        <childnode refid="8049" relation="include">
        </childnode>
        <childnode refid="8046" relation="include">
        </childnode>
      </node>
      <node id="8057">
        <label>tizpqueue.h</label>
        <link refid="tizpqueue_8h_source"/>
        <childnode refid="8049" relation="include">
        </childnode>
        <childnode refid="8046" relation="include">
        </childnode>
        <childnode refid="8058" relation="include">
        </childnode>
      </node>
      <node id="8041">
        <label>unistd.h</label>
      </node>
      <node id="8040">
        <label>signal.h</label>
      </node>
      <node id="8037">
        <label>/home/joni/work/tizonia-master/libtizplatform/tests/check_tizplatform.c</label>
        <link refid="check_tizplatform.c"/>
        <childnode refid="8038" relation="include">
        </childnode>
        <childnode refid="8039" relation="include">
        </childnode>
        <childnode refid="8040" relation="include">
        </childnode>
        <childnode refid="8041" relation="include">
        </childnode>
        <childnode refid="8042" relation="include">
        </childnode>
        <childnode refid="8043" relation="include">
        </childnode>
        <childnode refid="8073" relation="include">
        </childnode>
      </node>
      <node id="8046">
        <label>OMX_Types.h</label>
      </node>
      <node id="8056">
        <label>tizsync.h</label>
        <link refid="tizsync_8h_source"/>
        <childnode refid="8049" relation="include">
        </childnode>
        <childnode refid="8046" relation="include">
        </childnode>
      </node>
      <node id="8053">
        <label>tizlog.h</label>
        <link refid="tizlog_8h_source"/>
        <childnode refid="8054" relation="include">
        </childnode>
      </node>
      <node id="8067">
        <label>tizhttp.h</label>
        <link refid="tizhttp_8h_source"/>
        <childnode refid="8049" relation="include">
        </childnode>
        <childnode refid="8046" relation="include">
        </childnode>
      </node>
      <node id="8061">
        <label>tizvector.h</label>
        <link refid="tizvector_8h_source"/>
        <childnode refid="8049" relation="include">
        </childnode>
        <childnode refid="8046" relation="include">
        </childnode>
      </node>
      <node id="8072">
        <label>tizurltransfer.h</label>
        <link refid="tizurltransfer_8h_source"/>
        <childnode refid="8047" relation="include">
        </childnode>
      </node>
      <node id="8071">
        <label>tizshufflelst.h</label>
        <link refid="tizshufflelst_8h_source"/>
        <childnode refid="8049" relation="include">
        </childnode>
        <childnode refid="8046" relation="include">
        </childnode>
      </node>
      <node id="8045">
        <label>tizomxutils.h</label>
        <link refid="tizomxutils_8h_source"/>
        <childnode refid="8046" relation="include">
        </childnode>
        <childnode refid="8047" relation="include">
        </childnode>
        <childnode refid="8048" relation="include">
        </childnode>
        <childnode refid="8049" relation="include">
        </childnode>
        <childnode refid="8050" relation="include">
        </childnode>
      </node>
      <node id="8039">
        <label>check.h</label>
      </node>
      <node id="8042">
        <label>linux/limits.h</label>
      </node>
      <node id="8068">
        <label>tizmap.h</label>
        <link refid="tizmap_8h_source"/>
        <childnode refid="8066" relation="include">
        </childnode>
        <childnode refid="8049" relation="include">
        </childnode>
        <childnode refid="8046" relation="include">
        </childnode>
        <childnode refid="8058" relation="include">
        </childnode>
      </node>
      <node id="8065">
        <label>tizev.h</label>
        <link refid="tizev_8h_source"/>
        <childnode refid="8066" relation="include">
        </childnode>
        <childnode refid="8059" relation="include">
        </childnode>
        <childnode refid="8049" relation="include">
        </childnode>
        <childnode refid="8046" relation="include">
        </childnode>
      </node>
      <node id="8069">
        <label>tizlimits.h</label>
        <link refid="tizlimits_8h_source"/>
      </node>
      <node id="8048">
        <label>OMX_Audio.h</label>
      </node>
    </incdepgraph>
      <sectiondef kind="define">
      <memberdef kind="define" id="check__tizplatform_8c_1a98b459f3f1d5f59de4b2ee6e84bb3707" prot="public" static="no">
        <name>EVENT_API_TEST_TIMEOUT</name>
        <initializer>100</initializer>
        <briefdescription>
        </briefdescription>
        <detaileddescription>
        </detaileddescription>
        <inbodydescription>
        </inbodydescription>
        <location file="/home/joni/work/tizonia-master/libtizplatform/tests/check_tizplatform.c" line="55" column="9" bodyfile="/home/joni/work/tizonia-master/libtizplatform/tests/check_tizplatform.c" bodystart="55" bodyend="-1"/>
      </memberdef>
      </sectiondef>
      <sectiondef kind="func">
      <memberdef kind="function" id="check__tizplatform_8c_1ab849878b87a3058b6074e71ebcd09610" prot="public" static="no" const="no" explicit="no" inline="no" virt="non-virtual">
        <type>Suite *</type>
        <definition>Suite* platform_mem_suite</definition>
        <argsstring>(void)</argsstring>
        <name>platform_mem_suite</name>
        <param>
          <type>void</type>
        </param>
        <briefdescription>
        </briefdescription>
        <detaileddescription>
        </detaileddescription>
        <inbodydescription>
        </inbodydescription>
        <location file="/home/joni/work/tizonia-master/libtizplatform/tests/check_tizplatform.c" line="58" column="1" bodyfile="/home/joni/work/tizonia-master/libtizplatform/tests/check_tizplatform.c" bodystart="58" bodyend="69"/>
      </memberdef>
      <memberdef kind="function" id="check__tizplatform_8c_1aad23a45b3c28e234828706de8c396e19" prot="public" static="no" const="no" explicit="no" inline="no" virt="non-virtual">
        <type>Suite *</type>
        <definition>Suite* platform_sync_suite</definition>
        <argsstring>(void)</argsstring>
        <name>platform_sync_suite</name>
        <param>
          <type>void</type>
        </param>
        <briefdescription>
        </briefdescription>
        <detaileddescription>
        </detaileddescription>
        <inbodydescription>
        </inbodydescription>
        <location file="/home/joni/work/tizonia-master/libtizplatform/tests/check_tizplatform.c" line="72" column="1" bodyfile="/home/joni/work/tizonia-master/libtizplatform/tests/check_tizplatform.c" bodystart="72" bodyend="94"/>
      </memberdef>
      <memberdef kind="function" id="check__tizplatform_8c_1a9e904cd678615a5544f4fa26e9febac5" prot="public" static="no" const="no" explicit="no" inline="no" virt="non-virtual">
        <type>Suite *</type>
        <definition>Suite* platform_queue_suite</definition>
        <argsstring>(void)</argsstring>
        <name>platform_queue_suite</name>
        <param>
          <type>void</type>
        </param>
        <briefdescription>
        </briefdescription>
        <detaileddescription>
        </detaileddescription>
        <inbodydescription>
        </inbodydescription>
        <location file="/home/joni/work/tizonia-master/libtizplatform/tests/check_tizplatform.c" line="97" column="1" bodyfile="/home/joni/work/tizonia-master/libtizplatform/tests/check_tizplatform.c" bodystart="97" bodyend="109"/>
      </memberdef>
      <memberdef kind="function" id="check__tizplatform_8c_1a6c7b51b98c115bb05ed5ce52589aaa68" prot="public" static="no" const="no" explicit="no" inline="no" virt="non-virtual">
        <type>Suite *</type>
        <definition>Suite* platform_pqueue_suite</definition>
        <argsstring>(void)</argsstring>
        <name>platform_pqueue_suite</name>
        <param>
          <type>void</type>
        </param>
        <briefdescription>
        </briefdescription>
        <detaileddescription>
        </detaileddescription>
        <inbodydescription>
        </inbodydescription>
        <location file="/home/joni/work/tizonia-master/libtizplatform/tests/check_tizplatform.c" line="112" column="1" bodyfile="/home/joni/work/tizonia-master/libtizplatform/tests/check_tizplatform.c" bodystart="112" bodyend="129"/>
      </memberdef>
      <memberdef kind="function" id="check__tizplatform_8c_1a332c64de458acb3a528f552d3771e0e1" prot="public" static="no" const="no" explicit="no" inline="no" virt="non-virtual">
        <type>Suite *</type>
        <definition>Suite* platform_vector_suite</definition>
        <argsstring>(void)</argsstring>
        <name>platform_vector_suite</name>
        <param>
          <type>void</type>
        </param>
        <briefdescription>
        </briefdescription>
        <detaileddescription>
        </detaileddescription>
        <inbodydescription>
        </inbodydescription>
        <location file="/home/joni/work/tizonia-master/libtizplatform/tests/check_tizplatform.c" line="132" column="1" bodyfile="/home/joni/work/tizonia-master/libtizplatform/tests/check_tizplatform.c" bodystart="132" bodyend="146"/>
      </memberdef>
      <memberdef kind="function" id="check__tizplatform_8c_1a5d0fb3e6408c21b3dc15b3fa4a6c4b3f" prot="public" static="no" const="no" explicit="no" inline="no" virt="non-virtual">
        <type>Suite *</type>
        <definition>Suite* platform_rcfile_suite</definition>
        <argsstring>(void)</argsstring>
        <name>platform_rcfile_suite</name>
        <param>
          <type>void</type>
        </param>
        <briefdescription>
        </briefdescription>
        <detaileddescription>
        </detaileddescription>
        <inbodydescription>
        </inbodydescription>
        <location file="/home/joni/work/tizonia-master/libtizplatform/tests/check_tizplatform.c" line="149" column="1" bodyfile="/home/joni/work/tizonia-master/libtizplatform/tests/check_tizplatform.c" bodystart="149" bodyend="164"/>
      </memberdef>
      <memberdef kind="function" id="check__tizplatform_8c_1a4cad3f204d6f350aaa5512561ed162b2" prot="public" static="no" const="no" explicit="no" inline="no" virt="non-virtual">
        <type>Suite *</type>
        <definition>Suite* platform_soa_suite</definition>
        <argsstring>(void)</argsstring>
        <name>platform_soa_suite</name>
        <param>
          <type>void</type>
        </param>
        <briefdescription>
        </briefdescription>
        <detaileddescription>
        </detaileddescription>
        <inbodydescription>
        </inbodydescription>
        <location file="/home/joni/work/tizonia-master/libtizplatform/tests/check_tizplatform.c" line="167" column="1" bodyfile="/home/joni/work/tizonia-master/libtizplatform/tests/check_tizplatform.c" bodystart="167" bodyend="179"/>
      </memberdef>
      <memberdef kind="function" id="check__tizplatform_8c_1a1c4e6a245ebe59483fcc62cbafed1b81" prot="public" static="no" const="no" explicit="no" inline="no" virt="non-virtual">
        <type>Suite *</type>
        <definition>Suite* platform_event_suite</definition>
        <argsstring>(void)</argsstring>
        <name>platform_event_suite</name>
        <param>
          <type>void</type>
        </param>
        <briefdescription>
        </briefdescription>
        <detaileddescription>
        </detaileddescription>
        <inbodydescription>
        </inbodydescription>
        <location file="/home/joni/work/tizonia-master/libtizplatform/tests/check_tizplatform.c" line="182" column="1" bodyfile="/home/joni/work/tizonia-master/libtizplatform/tests/check_tizplatform.c" bodystart="182" bodyend="197"/>
      </memberdef>
      <memberdef kind="function" id="check__tizplatform_8c_1ae7095131751b181467b4bb883f3df8bd" prot="public" static="no" const="no" explicit="no" inline="no" virt="non-virtual">
        <type>Suite *</type>
        <definition>Suite* platform_http_parser_suite</definition>
        <argsstring>(void)</argsstring>
        <name>platform_http_parser_suite</name>
        <param>
          <type>void</type>
        </param>
        <briefdescription>
        </briefdescription>
        <detaileddescription>
        </detaileddescription>
        <inbodydescription>
        </inbodydescription>
        <location file="/home/joni/work/tizonia-master/libtizplatform/tests/check_tizplatform.c" line="200" column="1" bodyfile="/home/joni/work/tizonia-master/libtizplatform/tests/check_tizplatform.c" bodystart="200" bodyend="211"/>
      </memberdef>
      <memberdef kind="function" id="check__tizplatform_8c_1a0ccd41fa736c423775013d7b6907bbcc" prot="public" static="no" const="no" explicit="no" inline="no" virt="non-virtual">
        <type>Suite *</type>
        <definition>Suite* platform_map_suite</definition>
        <argsstring>(void)</argsstring>
        <name>platform_map_suite</name>
        <param>
          <type>void</type>
        </param>
        <briefdescription>
        </briefdescription>
        <detaileddescription>
        </detaileddescription>
        <inbodydescription>
        </inbodydescription>
        <location file="/home/joni/work/tizonia-master/libtizplatform/tests/check_tizplatform.c" line="214" column="1" bodyfile="/home/joni/work/tizonia-master/libtizplatform/tests/check_tizplatform.c" bodystart="214" bodyend="228"/>
      </memberdef>
      <memberdef kind="function" id="check__tizplatform_8c_1a840291bc02cba5474a4cb46a9b9566fe" prot="public" static="no" const="no" explicit="no" inline="no" virt="non-virtual">
        <type>int</type>
        <definition>int main</definition>
        <argsstring>(void)</argsstring>
        <name>main</name>
        <param>
          <type>void</type>
        </param>
        <briefdescription>
        </briefdescription>
        <detaileddescription>
        </detaileddescription>
        <inbodydescription>
        </inbodydescription>
        <location file="/home/joni/work/tizonia-master/libtizplatform/tests/check_tizplatform.c" line="231" column="1" bodyfile="/home/joni/work/tizonia-master/libtizplatform/tests/check_tizplatform.c" bodystart="231" bodyend="257"/>
      </memberdef>
      </sectiondef>
    <briefdescription>
<para>Tizonia Platform Unit Tests. </para>    </briefdescription>
    <detaileddescription>
<para>Copyright (C) 2011-2018 Aratelia Limited - Juan A. Rubio</para><para>This file is part of Tizonia</para><para>Tizonia is free software: you can redistribute it and/or modify it under the terms of the GNU Lesser General Public License as published by the Free Software Foundation, either version 3 of the License, or (at your option) any later version.</para><para>Tizonia is distributed in the hope that it will be useful, but WITHOUT ANY WARRANTY; without even the implied warranty of MERCHANTABILITY or FITNESS FOR A PARTICULAR PURPOSE. See the GNU Lesser General Public License for more details.</para><para>You should have received a copy of the GNU Lesser General Public License along with Tizonia. If not, see <ulink url="http://www.gnu.org/licenses/">http://www.gnu.org/licenses/</ulink>.</para><para><simplesect kind="author"><para>Juan A. Rubio <ulink url="mailto:juan.rubio@aratelia.com">juan.rubio@aratelia.com</ulink> </para></simplesect>
</para>    </detaileddescription>
    <programlisting>
<codeline lineno="1"></codeline>
<codeline lineno="30"><highlight class="preprocessor">#include<sp/>&lt;stdlib.h&gt;</highlight><highlight class="normal"></highlight></codeline>
<codeline lineno="31"><highlight class="normal"></highlight><highlight class="preprocessor">#include<sp/>&lt;check.h&gt;</highlight><highlight class="normal"></highlight></codeline>
<codeline lineno="32"><highlight class="normal"></highlight><highlight class="preprocessor">#include<sp/>&lt;signal.h&gt;</highlight><highlight class="normal"></highlight></codeline>
<codeline lineno="33"><highlight class="normal"></highlight><highlight class="preprocessor">#include<sp/>&lt;unistd.h&gt;</highlight><highlight class="normal"></highlight></codeline>
<codeline lineno="34"><highlight class="normal"></highlight><highlight class="preprocessor">#include<sp/>&lt;linux/limits.h&gt;</highlight><highlight class="normal"></highlight></codeline>
<codeline lineno="35"><highlight class="normal"></highlight><highlight class="preprocessor">#include<sp/>&quot;../src/tizplatform.h&quot;</highlight><highlight class="normal"></highlight></codeline>
<codeline lineno="36"><highlight class="normal"></highlight></codeline>
<codeline lineno="37"><highlight class="normal"></highlight><highlight class="preprocessor">#ifdef<sp/>TIZ_LOG_CATEGORY_NAME</highlight><highlight class="normal"></highlight></codeline>
<codeline lineno="38"><highlight class="normal"></highlight><highlight class="preprocessor">#undef<sp/>TIZ_LOG_CATEGORY_NAME</highlight><highlight class="normal"></highlight></codeline>
<codeline lineno="39"><highlight class="normal"></highlight><highlight class="preprocessor">#define<sp/>TIZ_LOG_CATEGORY_NAME<sp/>&quot;tiz.platform.check&quot;</highlight><highlight class="normal"></highlight></codeline>
<codeline lineno="40"><highlight class="normal"></highlight><highlight class="preprocessor">#endif</highlight><highlight class="normal"></highlight></codeline>
<codeline lineno="41"><highlight class="normal"></highlight></codeline>
<codeline lineno="42"><highlight class="normal"></highlight><highlight class="preprocessor">#include<sp/>&quot;check_tizplatform.h&quot;</highlight><highlight class="normal"></highlight></codeline>
<codeline lineno="43"><highlight class="normal"></highlight><highlight class="preprocessor">#include<sp/>&quot;./check_mem.c&quot;</highlight><highlight class="normal"></highlight></codeline>
<codeline lineno="44"><highlight class="normal"></highlight><highlight class="preprocessor">#include<sp/>&quot;./check_sem.c&quot;</highlight><highlight class="normal"></highlight></codeline>
<codeline lineno="45"><highlight class="normal"></highlight><highlight class="preprocessor">#include<sp/>&quot;./check_mutex.c&quot;</highlight><highlight class="normal"></highlight></codeline>
<codeline lineno="46"><highlight class="normal"></highlight><highlight class="preprocessor">#include<sp/>&quot;./check_queue.c&quot;</highlight><highlight class="normal"></highlight></codeline>
<codeline lineno="47"><highlight class="normal"></highlight><highlight class="preprocessor">#include<sp/>&quot;./check_pqueue.c&quot;</highlight><highlight class="normal"></highlight></codeline>
<codeline lineno="48"><highlight class="normal"></highlight><highlight class="preprocessor">#include<sp/>&quot;./check_vector.c&quot;</highlight><highlight class="normal"></highlight></codeline>
<codeline lineno="49"><highlight class="normal"></highlight><highlight class="preprocessor">#include<sp/>&quot;./check_rc.c&quot;</highlight><highlight class="normal"></highlight></codeline>
<codeline lineno="50"><highlight class="normal"></highlight><highlight class="preprocessor">#include<sp/>&quot;./check_soa.c&quot;</highlight><highlight class="normal"></highlight></codeline>
<codeline lineno="51"><highlight class="normal"></highlight><highlight class="preprocessor">#include<sp/>&quot;./check_event.c&quot;</highlight><highlight class="normal"></highlight></codeline>
<codeline lineno="52"><highlight class="normal"></highlight><highlight class="preprocessor">#include<sp/>&quot;./check_http_parser.c&quot;</highlight><highlight class="normal"></highlight></codeline>
<codeline lineno="53"><highlight class="normal"></highlight><highlight class="preprocessor">#include<sp/>&quot;./check_map.c&quot;</highlight><highlight class="normal"></highlight></codeline>
<codeline lineno="54"><highlight class="normal"></highlight></codeline>
<codeline lineno="55"><highlight class="normal"></highlight><highlight class="preprocessor">#define<sp/>EVENT_API_TEST_TIMEOUT<sp/>100</highlight><highlight class="normal"></highlight></codeline>
<codeline lineno="56"><highlight class="normal"></highlight></codeline>
<codeline lineno="57"><highlight class="normal">Suite<sp/>*</highlight></codeline>
<codeline lineno="58"><highlight class="normal">platform_mem_suite<sp/>(</highlight><highlight class="keywordtype">void</highlight><highlight class="normal">)</highlight></codeline>
<codeline lineno="59"><highlight class="normal">{</highlight></codeline>
<codeline lineno="60"><highlight class="normal"><sp/><sp/>TCase<sp/>*tc_mem<sp/>=<sp/>NULL;</highlight></codeline>
<codeline lineno="61"><highlight class="normal"><sp/><sp/>Suite<sp/>*s<sp/>=<sp/>suite_create<sp/>(</highlight><highlight class="stringliteral">&quot;Memory<sp/>allocation<sp/>APIs&quot;</highlight><highlight class="normal">);</highlight></codeline>
<codeline lineno="62"><highlight class="normal"></highlight></codeline>
<codeline lineno="63"><highlight class="normal"><sp/><sp/></highlight><highlight class="comment">/*<sp/>Memory<sp/>API<sp/>test<sp/>case<sp/>*/</highlight><highlight class="normal"></highlight></codeline>
<codeline lineno="64"><highlight class="normal"><sp/><sp/>tc_mem<sp/>=<sp/>tcase_create<sp/>(</highlight><highlight class="stringliteral">&quot;memory&quot;</highlight><highlight class="normal">);</highlight></codeline>
<codeline lineno="65"><highlight class="normal"><sp/><sp/>tcase_add_test<sp/>(tc_mem,<sp/>test_mem_alloc_and_free);</highlight></codeline>
<codeline lineno="66"><highlight class="normal"><sp/><sp/>suite_add_tcase<sp/>(s,<sp/>tc_mem);</highlight></codeline>
<codeline lineno="67"><highlight class="normal"></highlight></codeline>
<codeline lineno="68"><highlight class="normal"><sp/><sp/></highlight><highlight class="keywordflow">return</highlight><highlight class="normal"><sp/>s;</highlight></codeline>
<codeline lineno="69"><highlight class="normal">}</highlight></codeline>
<codeline lineno="70"><highlight class="normal"></highlight></codeline>
<codeline lineno="71"><highlight class="normal">Suite<sp/>*</highlight></codeline>
<codeline lineno="72"><highlight class="normal">platform_sync_suite<sp/>(</highlight><highlight class="keywordtype">void</highlight><highlight class="normal">)</highlight></codeline>
<codeline lineno="73"><highlight class="normal">{</highlight></codeline>
<codeline lineno="74"><highlight class="normal"><sp/><sp/>TCase<sp/>*tc_sem<sp/>=<sp/>NULL;</highlight></codeline>
<codeline lineno="75"><highlight class="normal"><sp/><sp/>Suite<sp/>*s<sp/>=<sp/>suite_create<sp/>(</highlight><highlight class="stringliteral">&quot;Synchronization&quot;</highlight><highlight class="normal">);</highlight></codeline>
<codeline lineno="76"><highlight class="normal"></highlight></codeline>
<codeline lineno="77"><highlight class="normal"><sp/><sp/></highlight><highlight class="comment">/*<sp/>synch<sp/>APIs<sp/>test<sp/>case<sp/>*/</highlight><highlight class="normal"></highlight></codeline>
<codeline lineno="78"><highlight class="normal"><sp/><sp/>tc_sem<sp/>=<sp/>tcase_create<sp/>(</highlight><highlight class="stringliteral">&quot;synchronization&quot;</highlight><highlight class="normal">);</highlight></codeline>
<codeline lineno="79"><highlight class="normal"><sp/><sp/>tcase_add_test<sp/>(tc_sem,<sp/>test_sem_init_and_destroy);</highlight></codeline>
<codeline lineno="80"><highlight class="normal"><sp/><sp/>tcase_add_test<sp/>(tc_sem,<sp/>test_sem_post_and_wait);</highlight></codeline>
<codeline lineno="81"><highlight class="normal"><sp/><sp/>tcase_add_test_raise_signal<sp/>(tc_sem,<sp/>test_sem_init_null,<sp/>SIGABRT);</highlight></codeline>
<codeline lineno="82"><highlight class="normal"><sp/><sp/>tcase_add_test<sp/>(tc_sem,<sp/>test_sem_destroy_null);</highlight></codeline>
<codeline lineno="83"><highlight class="normal"><sp/><sp/>tcase_add_test_raise_signal<sp/>(tc_sem,<sp/>test_sem_wait_null,<sp/>SIGABRT);</highlight></codeline>
<codeline lineno="84"><highlight class="normal"><sp/><sp/>tcase_add_test_raise_signal<sp/>(tc_sem,<sp/>test_sem_post_null,<sp/>SIGABRT);</highlight></codeline>
<codeline lineno="85"><highlight class="normal"><sp/><sp/>tcase_add_test<sp/>(tc_sem,<sp/>test_mutex_init_and_destroy);</highlight></codeline>
<codeline lineno="86"><highlight class="normal"><sp/><sp/>tcase_add_test<sp/>(tc_sem,<sp/>test_mutex_lock_and_unlock);</highlight></codeline>
<codeline lineno="87"><highlight class="normal"><sp/><sp/>tcase_add_test_raise_signal<sp/>(tc_sem,<sp/>test_mutex_init_null,<sp/>SIGABRT);</highlight></codeline>
<codeline lineno="88"><highlight class="normal"><sp/><sp/>tcase_add_test<sp/>(tc_sem,<sp/>test_mutex_destroy_null);</highlight></codeline>
<codeline lineno="89"><highlight class="normal"><sp/><sp/>tcase_add_test_raise_signal<sp/>(tc_sem,<sp/>test_mutex_lock_null,<sp/>SIGABRT);</highlight></codeline>
<codeline lineno="90"><highlight class="normal"><sp/><sp/>tcase_add_test_raise_signal<sp/>(tc_sem,<sp/>test_mutex_unlock_null,<sp/>SIGABRT);</highlight></codeline>
<codeline lineno="91"><highlight class="normal"><sp/><sp/>suite_add_tcase<sp/>(s,<sp/>tc_sem);</highlight></codeline>
<codeline lineno="92"><highlight class="normal"></highlight></codeline>
<codeline lineno="93"><highlight class="normal"><sp/><sp/></highlight><highlight class="keywordflow">return</highlight><highlight class="normal"><sp/>s;</highlight></codeline>
<codeline lineno="94"><highlight class="normal">}</highlight></codeline>
<codeline lineno="95"><highlight class="normal"></highlight></codeline>
<codeline lineno="96"><highlight class="normal">Suite<sp/>*</highlight></codeline>
<codeline lineno="97"><highlight class="normal">platform_queue_suite<sp/>(</highlight><highlight class="keywordtype">void</highlight><highlight class="normal">)</highlight></codeline>
<codeline lineno="98"><highlight class="normal">{</highlight></codeline>
<codeline lineno="99"><highlight class="normal"><sp/><sp/>TCase<sp/>*tc_queue<sp/>=<sp/>NULL;</highlight></codeline>
<codeline lineno="100"><highlight class="normal"><sp/><sp/>Suite<sp/>*s<sp/>=<sp/>suite_create<sp/>(</highlight><highlight class="stringliteral">&quot;Synchronized<sp/>FIFO<sp/>queue&quot;</highlight><highlight class="normal">);</highlight></codeline>
<codeline lineno="101"><highlight class="normal"></highlight></codeline>
<codeline lineno="102"><highlight class="normal"><sp/><sp/></highlight><highlight class="comment">/*<sp/>queue<sp/>API<sp/>test<sp/>case<sp/>*/</highlight><highlight class="normal"></highlight></codeline>
<codeline lineno="103"><highlight class="normal"><sp/><sp/>tc_queue<sp/>=<sp/>tcase_create<sp/>(</highlight><highlight class="stringliteral">&quot;queue&quot;</highlight><highlight class="normal">);</highlight></codeline>
<codeline lineno="104"><highlight class="normal"><sp/><sp/>tcase_add_test<sp/>(tc_queue,<sp/>test_queue_init_and_destroy);</highlight></codeline>
<codeline lineno="105"><highlight class="normal"><sp/><sp/>tcase_add_test<sp/>(tc_queue,<sp/>test_queue_send_and_receive);</highlight></codeline>
<codeline lineno="106"><highlight class="normal"><sp/><sp/>suite_add_tcase<sp/>(s,<sp/>tc_queue);</highlight></codeline>
<codeline lineno="107"><highlight class="normal"></highlight></codeline>
<codeline lineno="108"><highlight class="normal"><sp/><sp/></highlight><highlight class="keywordflow">return</highlight><highlight class="normal"><sp/>s;</highlight></codeline>
<codeline lineno="109"><highlight class="normal">}</highlight></codeline>
<codeline lineno="110"><highlight class="normal"></highlight></codeline>
<codeline lineno="111"><highlight class="normal">Suite<sp/>*</highlight></codeline>
<codeline lineno="112"><highlight class="normal">platform_pqueue_suite<sp/>(</highlight><highlight class="keywordtype">void</highlight><highlight class="normal">)</highlight></codeline>
<codeline lineno="113"><highlight class="normal">{</highlight></codeline>
<codeline lineno="114"><highlight class="normal"><sp/><sp/>TCase<sp/>*tc_pqueue<sp/>=<sp/>NULL;</highlight></codeline>
<codeline lineno="115"><highlight class="normal"><sp/><sp/>Suite<sp/>*s<sp/>=<sp/>suite_create<sp/>(</highlight><highlight class="stringliteral">&quot;Priority<sp/>queue&quot;</highlight><highlight class="normal">);</highlight></codeline>
<codeline lineno="116"><highlight class="normal"></highlight></codeline>
<codeline lineno="117"><highlight class="normal"><sp/><sp/></highlight><highlight class="comment">/*<sp/>pqueue<sp/>API<sp/>test<sp/>case<sp/>*/</highlight><highlight class="normal"></highlight></codeline>
<codeline lineno="118"><highlight class="normal"><sp/><sp/>tc_pqueue<sp/>=<sp/>tcase_create<sp/>(</highlight><highlight class="stringliteral">&quot;priority<sp/>queue&quot;</highlight><highlight class="normal">);</highlight></codeline>
<codeline lineno="119"><highlight class="normal"><sp/><sp/>tcase_add_test<sp/>(tc_pqueue,<sp/>test_pqueue_init_and_destroy);</highlight></codeline>
<codeline lineno="120"><highlight class="normal"><sp/><sp/>tcase_add_test<sp/>(tc_pqueue,<sp/>test_pqueue_send_and_receive_one_group);</highlight></codeline>
<codeline lineno="121"><highlight class="normal"><sp/><sp/>tcase_add_test<sp/>(tc_pqueue,<sp/>test_pqueue_send_and_receive_two_groups);</highlight></codeline>
<codeline lineno="122"><highlight class="normal"><sp/><sp/>tcase_add_test<sp/>(tc_pqueue,<sp/>test_pqueue_send_and_receive_three_groups);</highlight></codeline>
<codeline lineno="123"><highlight class="normal"><sp/><sp/>tcase_add_test<sp/>(tc_pqueue,<sp/>test_pqueue_first);</highlight></codeline>
<codeline lineno="124"><highlight class="normal"><sp/><sp/>tcase_add_test<sp/>(tc_pqueue,<sp/>test_pqueue_remove);</highlight></codeline>
<codeline lineno="125"><highlight class="normal"><sp/><sp/>tcase_add_test<sp/>(tc_pqueue,<sp/>test_pqueue_removep);</highlight></codeline>
<codeline lineno="126"><highlight class="normal"><sp/><sp/>suite_add_tcase<sp/>(s,<sp/>tc_pqueue);</highlight></codeline>
<codeline lineno="127"><highlight class="normal"></highlight></codeline>
<codeline lineno="128"><highlight class="normal"><sp/><sp/></highlight><highlight class="keywordflow">return</highlight><highlight class="normal"><sp/>s;</highlight></codeline>
<codeline lineno="129"><highlight class="normal">}</highlight></codeline>
<codeline lineno="130"><highlight class="normal"></highlight></codeline>
<codeline lineno="131"><highlight class="normal">Suite<sp/>*</highlight></codeline>
<codeline lineno="132"><highlight class="normal">platform_vector_suite<sp/>(</highlight><highlight class="keywordtype">void</highlight><highlight class="normal">)</highlight></codeline>
<codeline lineno="133"><highlight class="normal">{</highlight></codeline>
<codeline lineno="134"><highlight class="normal"><sp/><sp/>TCase<sp/>*tc_vector<sp/>=<sp/>NULL;</highlight></codeline>
<codeline lineno="135"><highlight class="normal"><sp/><sp/>Suite<sp/>*s<sp/>=<sp/>suite_create<sp/>(</highlight><highlight class="stringliteral">&quot;Dynamic<sp/>array<sp/>implementation&quot;</highlight><highlight class="normal">);</highlight></codeline>
<codeline lineno="136"><highlight class="normal"></highlight></codeline>
<codeline lineno="137"><highlight class="normal"><sp/><sp/></highlight><highlight class="comment">/*<sp/>vector<sp/>API<sp/>test<sp/>case<sp/>*/</highlight><highlight class="normal"></highlight></codeline>
<codeline lineno="138"><highlight class="normal"><sp/><sp/>tc_vector<sp/>=<sp/>tcase_create<sp/>(</highlight><highlight class="stringliteral">&quot;vector&quot;</highlight><highlight class="normal">);</highlight></codeline>
<codeline lineno="139"><highlight class="normal"><sp/><sp/>tcase_add_test<sp/>(tc_vector,<sp/>test_vector_init_and_destroy);</highlight></codeline>
<codeline lineno="140"><highlight class="normal"><sp/><sp/>tcase_add_test<sp/>(tc_vector,<sp/>test_vector_push_and_pop_length_front_back_ints);</highlight></codeline>
<codeline lineno="141"><highlight class="normal"><sp/><sp/>tcase_add_test<sp/>(tc_vector,<sp/>test_vector_push_and_pop_length_front_back_pointers);</highlight></codeline>
<codeline lineno="142"><highlight class="normal"><sp/><sp/>tcase_add_test<sp/>(tc_vector,<sp/>test_vector_push_back_vector);</highlight></codeline>
<codeline lineno="143"><highlight class="normal"><sp/><sp/>suite_add_tcase<sp/>(s,<sp/>tc_vector);</highlight></codeline>
<codeline lineno="144"><highlight class="normal"></highlight></codeline>
<codeline lineno="145"><highlight class="normal"><sp/><sp/></highlight><highlight class="keywordflow">return</highlight><highlight class="normal"><sp/>s;</highlight></codeline>
<codeline lineno="146"><highlight class="normal">}</highlight></codeline>
<codeline lineno="147"><highlight class="normal"></highlight></codeline>
<codeline lineno="148"><highlight class="normal">Suite<sp/>*</highlight></codeline>
<codeline lineno="149"><highlight class="normal">platform_rcfile_suite<sp/>(</highlight><highlight class="keywordtype">void</highlight><highlight class="normal">)</highlight></codeline>
<codeline lineno="150"><highlight class="normal">{</highlight></codeline>
<codeline lineno="151"><highlight class="normal"><sp/><sp/>TCase<sp/>*tc_rc<sp/>=<sp/>NULL;</highlight></codeline>
<codeline lineno="152"><highlight class="normal"><sp/><sp/>Suite<sp/>*s<sp/>=<sp/>suite_create<sp/>(</highlight><highlight class="stringliteral">&quot;Runcon<sp/>file<sp/>parsing<sp/>APIs&quot;</highlight><highlight class="normal">);</highlight></codeline>
<codeline lineno="153"><highlight class="normal"></highlight></codeline>
<codeline lineno="154"><highlight class="normal"><sp/><sp/>putenv(TIZ_PLATFORM_RC_FILE_ENV);</highlight></codeline>
<codeline lineno="155"><highlight class="normal"></highlight></codeline>
<codeline lineno="156"><highlight class="normal"><sp/><sp/></highlight><highlight class="comment">/*<sp/>config<sp/>file<sp/>parsing<sp/>API<sp/>test<sp/>cases<sp/>*/</highlight><highlight class="normal"></highlight></codeline>
<codeline lineno="157"><highlight class="normal"><sp/><sp/>tc_rc<sp/>=<sp/>tcase_create<sp/>(</highlight><highlight class="stringliteral">&quot;rcfile&quot;</highlight><highlight class="normal">);</highlight></codeline>
<codeline lineno="158"><highlight class="normal"><sp/><sp/>tcase_add_test<sp/>(tc_rc,<sp/>test_rcfile_get_single_value);</highlight></codeline>
<codeline lineno="159"><highlight class="normal"><sp/><sp/>tcase_add_test<sp/>(tc_rc,<sp/>test_rcfile_get_unexistent_value);</highlight></codeline>
<codeline lineno="160"><highlight class="normal"><sp/><sp/>tcase_add_test<sp/>(tc_rc,<sp/>test_rcfile_get_value_list);</highlight></codeline>
<codeline lineno="161"><highlight class="normal"><sp/><sp/>suite_add_tcase<sp/>(s,<sp/>tc_rc);</highlight></codeline>
<codeline lineno="162"><highlight class="normal"></highlight></codeline>
<codeline lineno="163"><highlight class="normal"><sp/><sp/></highlight><highlight class="keywordflow">return</highlight><highlight class="normal"><sp/>s;</highlight></codeline>
<codeline lineno="164"><highlight class="normal">}</highlight></codeline>
<codeline lineno="165"><highlight class="normal"></highlight></codeline>
<codeline lineno="166"><highlight class="normal">Suite<sp/>*</highlight></codeline>
<codeline lineno="167"><highlight class="normal">platform_soa_suite<sp/>(</highlight><highlight class="keywordtype">void</highlight><highlight class="normal">)</highlight></codeline>
<codeline lineno="168"><highlight class="normal">{</highlight></codeline>
<codeline lineno="169"><highlight class="normal"><sp/><sp/>TCase<sp/>*tc_soa<sp/>=<sp/>NULL;</highlight></codeline>
<codeline lineno="170"><highlight class="normal"><sp/><sp/>Suite<sp/>*s<sp/>=<sp/>suite_create<sp/>(</highlight><highlight class="stringliteral">&quot;Small<sp/>object<sp/>allocation<sp/>APIs&quot;</highlight><highlight class="normal">);</highlight></codeline>
<codeline lineno="171"><highlight class="normal"></highlight></codeline>
<codeline lineno="172"><highlight class="normal"><sp/><sp/></highlight><highlight class="comment">/*<sp/>small<sp/>object<sp/>allocation<sp/>API<sp/>test<sp/>cases<sp/>*/</highlight><highlight class="normal"></highlight></codeline>
<codeline lineno="173"><highlight class="normal"><sp/><sp/>tc_soa<sp/>=<sp/>tcase_create<sp/>(</highlight><highlight class="stringliteral">&quot;soa&quot;</highlight><highlight class="normal">);</highlight></codeline>
<codeline lineno="174"><highlight class="normal"><sp/><sp/>tcase_add_test<sp/>(tc_soa,<sp/>test_soa_basic_life_cycle);</highlight></codeline>
<codeline lineno="175"><highlight class="normal"><sp/><sp/>tcase_add_test<sp/>(tc_soa,<sp/>test_soa_reserve_life_cycle);</highlight></codeline>
<codeline lineno="176"><highlight class="normal"><sp/><sp/>suite_add_tcase<sp/>(s,<sp/>tc_soa);</highlight></codeline>
<codeline lineno="177"><highlight class="normal"></highlight></codeline>
<codeline lineno="178"><highlight class="normal"><sp/><sp/></highlight><highlight class="keywordflow">return</highlight><highlight class="normal"><sp/>s;</highlight></codeline>
<codeline lineno="179"><highlight class="normal">}</highlight></codeline>
<codeline lineno="180"><highlight class="normal"></highlight></codeline>
<codeline lineno="181"><highlight class="normal">Suite<sp/>*</highlight></codeline>
<codeline lineno="182"><highlight class="normal">platform_event_suite<sp/>(</highlight><highlight class="keywordtype">void</highlight><highlight class="normal">)</highlight></codeline>
<codeline lineno="183"><highlight class="normal">{</highlight></codeline>
<codeline lineno="184"><highlight class="normal"><sp/><sp/>TCase<sp/><sp/>*tc_event;</highlight></codeline>
<codeline lineno="185"><highlight class="normal"><sp/><sp/>Suite<sp/>*s<sp/>=<sp/>suite_create<sp/>(</highlight><highlight class="stringliteral">&quot;events&quot;</highlight><highlight class="normal">);</highlight></codeline>
<codeline lineno="186"><highlight class="normal"></highlight></codeline>
<codeline lineno="187"><highlight class="normal"><sp/><sp/></highlight><highlight class="comment">/*<sp/>event<sp/>loop<sp/>API<sp/>test<sp/>cases<sp/>*/</highlight><highlight class="normal"></highlight></codeline>
<codeline lineno="188"><highlight class="normal"><sp/><sp/>tc_event<sp/>=<sp/>tcase_create<sp/>(</highlight><highlight class="stringliteral">&quot;event<sp/>loop<sp/>API&quot;</highlight><highlight class="normal">);</highlight></codeline>
<codeline lineno="189"><highlight class="normal"><sp/><sp/>tcase_set_timeout<sp/>(tc_event,<sp/>EVENT_API_TEST_TIMEOUT);</highlight></codeline>
<codeline lineno="190"><highlight class="normal"><sp/><sp/>tcase_add_test<sp/>(tc_event,<sp/>test_event_loop_init_and_destroy);</highlight></codeline>
<codeline lineno="191"><highlight class="normal"><sp/><sp/>tcase_add_test<sp/>(tc_event,<sp/>test_event_io);</highlight></codeline>
<codeline lineno="192"><highlight class="normal"><sp/><sp/>tcase_add_test<sp/>(tc_event,<sp/>test_event_timer);</highlight></codeline>
<codeline lineno="193"><highlight class="normal"><sp/><sp/>tcase_add_test<sp/>(tc_event,<sp/>test_event_stat);</highlight></codeline>
<codeline lineno="194"><highlight class="normal"><sp/><sp/>suite_add_tcase<sp/>(s,<sp/>tc_event);</highlight></codeline>
<codeline lineno="195"><highlight class="normal"></highlight></codeline>
<codeline lineno="196"><highlight class="normal"><sp/><sp/></highlight><highlight class="keywordflow">return</highlight><highlight class="normal"><sp/>s;</highlight></codeline>
<codeline lineno="197"><highlight class="normal">}</highlight></codeline>
<codeline lineno="198"><highlight class="normal"></highlight></codeline>
<codeline lineno="199"><highlight class="normal">Suite<sp/>*</highlight></codeline>
<codeline lineno="200"><highlight class="normal">platform_http_parser_suite<sp/>(</highlight><highlight class="keywordtype">void</highlight><highlight class="normal">)</highlight></codeline>
<codeline lineno="201"><highlight class="normal">{</highlight></codeline>
<codeline lineno="202"><highlight class="normal"><sp/><sp/>TCase<sp/><sp/>*tc_http;</highlight></codeline>
<codeline lineno="203"><highlight class="normal"><sp/><sp/>Suite<sp/>*s<sp/>=<sp/>suite_create<sp/>(</highlight><highlight class="stringliteral">&quot;http<sp/>parser&quot;</highlight><highlight class="normal">);</highlight></codeline>
<codeline lineno="204"><highlight class="normal"></highlight></codeline>
<codeline lineno="205"><highlight class="normal"><sp/><sp/></highlight><highlight class="comment">/*<sp/>http<sp/>parser<sp/>API<sp/>test<sp/>cases<sp/>*/</highlight><highlight class="normal"></highlight></codeline>
<codeline lineno="206"><highlight class="normal"><sp/><sp/>tc_http<sp/>=<sp/>tcase_create<sp/>(</highlight><highlight class="stringliteral">&quot;http<sp/>parser<sp/>API&quot;</highlight><highlight class="normal">);</highlight></codeline>
<codeline lineno="207"><highlight class="normal"><sp/><sp/>tcase_add_test<sp/>(tc_http,<sp/>test_http_parser_request_test);</highlight></codeline>
<codeline lineno="208"><highlight class="normal"><sp/><sp/>suite_add_tcase<sp/>(s,<sp/>tc_http);</highlight></codeline>
<codeline lineno="209"><highlight class="normal"></highlight></codeline>
<codeline lineno="210"><highlight class="normal"><sp/><sp/></highlight><highlight class="keywordflow">return</highlight><highlight class="normal"><sp/>s;</highlight></codeline>
<codeline lineno="211"><highlight class="normal">}</highlight></codeline>
<codeline lineno="212"><highlight class="normal"></highlight></codeline>
<codeline lineno="213"><highlight class="normal">Suite<sp/>*</highlight></codeline>
<codeline lineno="214"><highlight class="normal">platform_map_suite<sp/>(</highlight><highlight class="keywordtype">void</highlight><highlight class="normal">)</highlight></codeline>
<codeline lineno="215"><highlight class="normal">{</highlight></codeline>
<codeline lineno="216"><highlight class="normal"><sp/><sp/>TCase<sp/><sp/>*tc_map;</highlight></codeline>
<codeline lineno="217"><highlight class="normal"><sp/><sp/>Suite<sp/>*s<sp/>=<sp/>suite_create<sp/>(</highlight><highlight class="stringliteral">&quot;map&quot;</highlight><highlight class="normal">);</highlight></codeline>
<codeline lineno="218"><highlight class="normal"></highlight></codeline>
<codeline lineno="219"><highlight class="normal"><sp/><sp/></highlight><highlight class="comment">/*<sp/>map<sp/>API<sp/>test<sp/>cases<sp/>*/</highlight><highlight class="normal"></highlight></codeline>
<codeline lineno="220"><highlight class="normal"><sp/><sp/>tc_map<sp/>=<sp/>tcase_create<sp/>(</highlight><highlight class="stringliteral">&quot;map<sp/>API&quot;</highlight><highlight class="normal">);</highlight></codeline>
<codeline lineno="221"><highlight class="normal"><sp/><sp/>tcase_add_test<sp/>(tc_map,<sp/>test_map_init_and_destroy);</highlight></codeline>
<codeline lineno="222"><highlight class="normal"><sp/><sp/>tcase_add_test<sp/>(tc_map,<sp/>test_map_insert_find_erase_size_empty_at_for_each);</highlight></codeline>
<codeline lineno="223"><highlight class="normal"><sp/><sp/>tcase_add_test<sp/>(tc_map,<sp/>test_map_clear);</highlight></codeline>
<codeline lineno="224"><highlight class="normal"><sp/><sp/>suite_add_tcase<sp/>(s,<sp/>tc_map);</highlight></codeline>
<codeline lineno="225"><highlight class="normal"></highlight></codeline>
<codeline lineno="226"><highlight class="normal"><sp/><sp/></highlight><highlight class="keywordflow">return</highlight><highlight class="normal"><sp/>s;</highlight></codeline>
<codeline lineno="227"><highlight class="normal"></highlight></codeline>
<codeline lineno="228"><highlight class="normal">}</highlight></codeline>
<codeline lineno="229"><highlight class="normal"></highlight></codeline>
<codeline lineno="230"><highlight class="normal"></highlight><highlight class="keywordtype">int</highlight><highlight class="normal"></highlight></codeline>
<codeline lineno="231"><highlight class="normal">main<sp/>(</highlight><highlight class="keywordtype">void</highlight><highlight class="normal">)</highlight></codeline>
<codeline lineno="232"><highlight class="normal">{</highlight></codeline>
<codeline lineno="233"><highlight class="normal"><sp/><sp/></highlight><highlight class="keywordtype">int</highlight><highlight class="normal"><sp/>number_failed<sp/>=<sp/>0;</highlight></codeline>
<codeline lineno="234"><highlight class="normal"><sp/><sp/>SRunner<sp/>*sr<sp/>=<sp/>NULL;</highlight></codeline>
<codeline lineno="235"><highlight class="normal"></highlight></codeline>
<codeline lineno="236"><highlight class="normal"><sp/><sp/>tiz_log_init();</highlight></codeline>
<codeline lineno="237"><highlight class="normal"></highlight></codeline>
<codeline lineno="238"><highlight class="normal"><sp/><sp/>TIZ_LOG<sp/>(TIZ_PRIORITY_TRACE,<sp/></highlight><highlight class="stringliteral">&quot;Tizonia<sp/>Platform<sp/>unit<sp/>tests&quot;</highlight><highlight class="normal">);</highlight></codeline>
<codeline lineno="239"><highlight class="normal"></highlight></codeline>
<codeline lineno="240"><highlight class="normal"><sp/><sp/>sr<sp/>=<sp/>srunner_create<sp/>(platform_mem_suite<sp/>());</highlight></codeline>
<codeline lineno="241"><highlight class="normal"><sp/><sp/>srunner_add_suite<sp/>(sr,<sp/>platform_sync_suite<sp/>());</highlight></codeline>
<codeline lineno="242"><highlight class="normal"><sp/><sp/>srunner_add_suite<sp/>(sr,<sp/>platform_queue_suite<sp/>());</highlight></codeline>
<codeline lineno="243"><highlight class="normal"><sp/><sp/>srunner_add_suite<sp/>(sr,<sp/>platform_pqueue_suite<sp/>());</highlight></codeline>
<codeline lineno="244"><highlight class="normal"><sp/><sp/>srunner_add_suite<sp/>(sr,<sp/>platform_vector_suite<sp/>());</highlight></codeline>
<codeline lineno="245"><highlight class="normal"><sp/><sp/>srunner_add_suite<sp/>(sr,<sp/>platform_rcfile_suite<sp/>());</highlight></codeline>
<codeline lineno="246"><highlight class="normal"><sp/><sp/>srunner_add_suite<sp/>(sr,<sp/>platform_soa_suite<sp/>());</highlight></codeline>
<codeline lineno="247"><highlight class="normal"><sp/><sp/>srunner_add_suite<sp/>(sr,<sp/>platform_http_parser_suite<sp/>());</highlight></codeline>
<codeline lineno="248"><highlight class="normal"><sp/><sp/>srunner_add_suite<sp/>(sr,<sp/>platform_map_suite<sp/>());</highlight></codeline>
<codeline lineno="249"><highlight class="normal"></highlight><highlight class="comment">/*<sp/><sp/><sp/>srunner_add_suite<sp/>(sr,<sp/>platform_event_suite<sp/>());<sp/>*/</highlight><highlight class="normal"></highlight></codeline>
<codeline lineno="250"><highlight class="normal"><sp/><sp/>srunner_run_all<sp/>(sr,<sp/>CK_VERBOSE);</highlight></codeline>
<codeline lineno="251"><highlight class="normal"><sp/><sp/>number_failed<sp/>=<sp/>srunner_ntests_failed<sp/>(sr);</highlight></codeline>
<codeline lineno="252"><highlight class="normal"><sp/><sp/>srunner_free<sp/>(sr);</highlight></codeline>
<codeline lineno="253"><highlight class="normal"></highlight></codeline>
<codeline lineno="254"><highlight class="normal"><sp/><sp/>tiz_log_deinit<sp/>();</highlight></codeline>
<codeline lineno="255"><highlight class="normal"></highlight></codeline>
<codeline lineno="256"><highlight class="normal"><sp/><sp/></highlight><highlight class="keywordflow">return</highlight><highlight class="normal"><sp/>(number_failed<sp/>==<sp/>0)<sp/>?<sp/>EXIT_SUCCESS<sp/>:<sp/>EXIT_FAILURE;</highlight></codeline>
<codeline lineno="257"><highlight class="normal">}</highlight></codeline>
<codeline lineno="258"><highlight class="normal"></highlight></codeline>
<codeline lineno="259"><highlight class="normal"></highlight><highlight class="comment">/*<sp/>Local<sp/>Variables:<sp/>*/</highlight><highlight class="normal"></highlight></codeline>
<codeline lineno="260"><highlight class="normal"></highlight><highlight class="comment">/*<sp/>c-default-style:<sp/>gnu<sp/>*/</highlight><highlight class="normal"></highlight></codeline>
<codeline lineno="261"><highlight class="normal"></highlight><highlight class="comment">/*<sp/>fill-column:<sp/>79<sp/>*/</highlight><highlight class="normal"></highlight></codeline>
<codeline lineno="262"><highlight class="normal"></highlight><highlight class="comment">/*<sp/>indent-tabs-mode:<sp/>nil<sp/>*/</highlight><highlight class="normal"></highlight></codeline>
<codeline lineno="263"><highlight class="normal"></highlight><highlight class="comment">/*<sp/>compile-command:<sp/>&quot;make<sp/>check&quot;<sp/>*/</highlight><highlight class="normal"></highlight></codeline>
<codeline lineno="264"><highlight class="normal"></highlight><highlight class="comment">/*<sp/>End:<sp/>*/</highlight><highlight class="normal"></highlight></codeline>
    </programlisting>
    <location file="/home/joni/work/tizonia-master/libtizplatform/tests/check_tizplatform.c"/>
  </compounddef>
</doxygen>
