<?xml version='1.0' encoding='UTF-8' standalone='no'?>
<doxygen xmlns:xsi="http://www.w3.org/2001/XMLSchema-instance" xsi:noNamespaceSchemaLocation="compound.xsd" version="1.8.11">
  <compounddef id="check__pqueue_8c" kind="file" language="C++">
    <compoundname>check_pqueue.c</compoundname>
    <includedby refid="check__tizplatform_8c" local="yes">/home/joni/work/tizonia-master/libtizplatform/tests/check_tizplatform.c</includedby>
      <sectiondef kind="func">
      <memberdef kind="function" id="check__pqueue_8c_1a818b4007b3bce89e3c0576e399986be5" prot="public" static="yes" const="no" explicit="no" inline="no" virt="non-virtual">
        <type>void</type>
        <definition>static void pqueue_dump_item</definition>
        <argsstring>(const char *ap_str, OMX_PTR ap_data, OMX_S32 a_priority, OMX_PTR ap_cur, OMX_PTR ap_next, OMX_PTR ap_prev)</argsstring>
        <name>pqueue_dump_item</name>
        <param>
          <type>const char *</type>
          <declname>ap_str</declname>
        </param>
        <param>
          <type>OMX_PTR</type>
          <declname>ap_data</declname>
        </param>
        <param>
          <type>OMX_S32</type>
          <declname>a_priority</declname>
        </param>
        <param>
          <type>OMX_PTR</type>
          <declname>ap_cur</declname>
        </param>
        <param>
          <type>OMX_PTR</type>
          <declname>ap_next</declname>
        </param>
        <param>
          <type>OMX_PTR</type>
          <declname>ap_prev</declname>
        </param>
        <briefdescription>
        </briefdescription>
        <detaileddescription>
        </detaileddescription>
        <inbodydescription>
        </inbodydescription>
        <location file="/home/joni/work/tizonia-master/libtizplatform/tests/check_pqueue.c" line="30" column="1" bodyfile="/home/joni/work/tizonia-master/libtizplatform/tests/check_pqueue.c" bodystart="30" bodyend="36"/>
      </memberdef>
      <memberdef kind="function" id="check__pqueue_8c_1a03fe45e06fb1b6077c0e97423d6d3c45" prot="public" static="yes" const="no" explicit="no" inline="no" virt="non-virtual">
        <type>OMX_S32</type>
        <definition>static OMX_S32 pqueue_cmp</definition>
        <argsstring>(OMX_PTR ap_left, OMX_PTR ap_right)</argsstring>
        <name>pqueue_cmp</name>
        <param>
          <type>OMX_PTR</type>
          <declname>ap_left</declname>
        </param>
        <param>
          <type>OMX_PTR</type>
          <declname>ap_right</declname>
        </param>
        <briefdescription>
        </briefdescription>
        <detaileddescription>
        </detaileddescription>
        <inbodydescription>
        </inbodydescription>
        <location file="/home/joni/work/tizonia-master/libtizplatform/tests/check_pqueue.c" line="39" column="1" bodyfile="/home/joni/work/tizonia-master/libtizplatform/tests/check_pqueue.c" bodystart="39" bodyend="55"/>
      </memberdef>
      <memberdef kind="function" id="check__pqueue_8c_1adacdf638e89edc7e4a4863e1ae3ca962" prot="public" static="no" const="no" explicit="no" inline="no" virt="non-virtual">
        <type></type>
        <definition>START_TEST</definition>
        <argsstring>(test_pqueue_init_and_destroy)</argsstring>
        <name>START_TEST</name>
        <param>
          <type>test_pqueue_init_and_destroy</type>
        </param>
        <briefdescription>
        </briefdescription>
        <detaileddescription>
        </detaileddescription>
        <inbodydescription>
        </inbodydescription>
        <location file="/home/joni/work/tizonia-master/libtizplatform/tests/check_pqueue.c" line="57" column="1" bodyfile="/home/joni/work/tizonia-master/libtizplatform/tests/check_pqueue.c" bodystart="57" bodyend="70"/>
      </memberdef>
      <memberdef kind="function" id="check__pqueue_8c_1a758870d53ab130174e6d1e67ee020538" prot="public" static="no" const="no" explicit="no" inline="no" virt="non-virtual">
        <type>END_TEST</type>
        <definition>END_TEST START_TEST</definition>
        <argsstring>(test_pqueue_send_and_receive_one_group)</argsstring>
        <name>START_TEST</name>
        <param>
          <type>test_pqueue_send_and_receive_one_group</type>
        </param>
        <briefdescription>
        </briefdescription>
        <detaileddescription>
        </detaileddescription>
        <inbodydescription>
        </inbodydescription>
        <location file="/home/joni/work/tizonia-master/libtizplatform/tests/check_pqueue.c" line="73" column="1" bodyfile="/home/joni/work/tizonia-master/libtizplatform/tests/check_pqueue.c" bodystart="73" bodyend="127"/>
      </memberdef>
      <memberdef kind="function" id="check__pqueue_8c_1a1f38bd84634ede1ca0380c9db424d09b" prot="public" static="no" const="no" explicit="no" inline="no" virt="non-virtual">
        <type>END_TEST</type>
        <definition>END_TEST START_TEST</definition>
        <argsstring>(test_pqueue_send_and_receive_two_groups)</argsstring>
        <name>START_TEST</name>
        <param>
          <type>test_pqueue_send_and_receive_two_groups</type>
        </param>
        <briefdescription>
        </briefdescription>
        <detaileddescription>
        </detaileddescription>
        <inbodydescription>
        </inbodydescription>
        <location file="/home/joni/work/tizonia-master/libtizplatform/tests/check_pqueue.c" line="130" column="1" bodyfile="/home/joni/work/tizonia-master/libtizplatform/tests/check_pqueue.c" bodystart="130" bodyend="194"/>
      </memberdef>
      <memberdef kind="function" id="check__pqueue_8c_1a5e950f66fc6d647ed8f4a6958b91703d" prot="public" static="no" const="no" explicit="no" inline="no" virt="non-virtual">
        <type>END_TEST</type>
        <definition>END_TEST START_TEST</definition>
        <argsstring>(test_pqueue_send_and_receive_three_groups)</argsstring>
        <name>START_TEST</name>
        <param>
          <type>test_pqueue_send_and_receive_three_groups</type>
        </param>
        <briefdescription>
        </briefdescription>
        <detaileddescription>
        </detaileddescription>
        <inbodydescription>
        </inbodydescription>
        <location file="/home/joni/work/tizonia-master/libtizplatform/tests/check_pqueue.c" line="197" column="1" bodyfile="/home/joni/work/tizonia-master/libtizplatform/tests/check_pqueue.c" bodystart="197" bodyend="293"/>
      </memberdef>
      <memberdef kind="function" id="check__pqueue_8c_1ada2963efb063d3da8ecc7ca1a40166eb" prot="public" static="no" const="no" explicit="no" inline="no" virt="non-virtual">
        <type>END_TEST</type>
        <definition>END_TEST START_TEST</definition>
        <argsstring>(test_pqueue_first)</argsstring>
        <name>START_TEST</name>
        <param>
          <type>test_pqueue_first</type>
        </param>
        <briefdescription>
        </briefdescription>
        <detaileddescription>
        </detaileddescription>
        <inbodydescription>
        </inbodydescription>
        <location file="/home/joni/work/tizonia-master/libtizplatform/tests/check_pqueue.c" line="296" column="1" bodyfile="/home/joni/work/tizonia-master/libtizplatform/tests/check_pqueue.c" bodystart="296" bodyend="342"/>
      </memberdef>
      <memberdef kind="function" id="check__pqueue_8c_1a44aa23b6f2829c287c159f13a2c044dc" prot="public" static="no" const="no" explicit="no" inline="no" virt="non-virtual">
        <type>END_TEST</type>
        <definition>END_TEST START_TEST</definition>
        <argsstring>(test_pqueue_remove)</argsstring>
        <name>START_TEST</name>
        <param>
          <type>test_pqueue_remove</type>
        </param>
        <briefdescription>
        </briefdescription>
        <detaileddescription>
        </detaileddescription>
        <inbodydescription>
        </inbodydescription>
        <location file="/home/joni/work/tizonia-master/libtizplatform/tests/check_pqueue.c" line="345" column="1" bodyfile="/home/joni/work/tizonia-master/libtizplatform/tests/check_pqueue.c" bodystart="345" bodyend="393"/>
      </memberdef>
      <memberdef kind="function" id="check__pqueue_8c_1a9288c28d58082f9f7387a919acf3528e" prot="public" static="no" const="no" explicit="no" inline="no" virt="non-virtual">
        <type>END_TEST</type>
        <definition>END_TEST START_TEST</definition>
        <argsstring>(test_pqueue_removep)</argsstring>
        <name>START_TEST</name>
        <param>
          <type>test_pqueue_removep</type>
        </param>
        <briefdescription>
        </briefdescription>
        <detaileddescription>
        </detaileddescription>
        <inbodydescription>
        </inbodydescription>
        <location file="/home/joni/work/tizonia-master/libtizplatform/tests/check_pqueue.c" line="396" column="1" bodyfile="/home/joni/work/tizonia-master/libtizplatform/tests/check_pqueue.c" bodystart="396" bodyend="452"/>
      </memberdef>
      </sectiondef>
    <briefdescription>
<para>Non-synchronized priority queue API unit tests. </para>    </briefdescription>
    <detaileddescription>
<para>Copyright (C) 2011-2018 Aratelia Limited - Juan A. Rubio</para><para>This file is part of Tizonia</para><para>Tizonia is free software: you can redistribute it and/or modify it under the terms of the GNU Lesser General Public License as published by the Free Software Foundation, either version 3 of the License, or (at your option) any later version.</para><para>Tizonia is distributed in the hope that it will be useful, but WITHOUT ANY WARRANTY; without even the implied warranty of MERCHANTABILITY or FITNESS FOR A PARTICULAR PURPOSE. See the GNU Lesser General Public License for more details.</para><para>You should have received a copy of the GNU Lesser General Public License along with Tizonia. If not, see <ulink url="http://www.gnu.org/licenses/">http://www.gnu.org/licenses/</ulink>.</para><para><simplesect kind="author"><para>Juan A. Rubio <ulink url="mailto:juan.rubio@aratelia.com">juan.rubio@aratelia.com</ulink> </para></simplesect>
</para>    </detaileddescription>
    <programlisting>
<codeline lineno="1"></codeline>
<codeline lineno="29"><highlight class="keyword">static</highlight><highlight class="normal"><sp/></highlight><highlight class="keywordtype">void</highlight><highlight class="normal"></highlight></codeline>
<codeline lineno="30"><highlight class="normal">pqueue_dump_item<sp/>(</highlight><highlight class="keyword">const</highlight><highlight class="normal"><sp/></highlight><highlight class="keywordtype">char</highlight><highlight class="normal"><sp/>*ap_str,<sp/>OMX_PTR<sp/>ap_data,<sp/>OMX_S32<sp/>a_priority,</highlight></codeline>
<codeline lineno="31"><highlight class="normal"><sp/><sp/><sp/><sp/><sp/><sp/><sp/><sp/><sp/><sp/><sp/><sp/><sp/><sp/><sp/><sp/><sp/><sp/>OMX_PTR<sp/>ap_cur,<sp/>OMX_PTR<sp/>ap_next,<sp/>OMX_PTR<sp/>ap_prev)</highlight></codeline>
<codeline lineno="32"><highlight class="normal">{</highlight></codeline>
<codeline lineno="33"><highlight class="normal"><sp/><sp/>TIZ_LOG<sp/>(TIZ_PRIORITY_TRACE,<sp/></highlight><highlight class="stringliteral">&quot;[%s]<sp/>data<sp/>[%d]<sp/>priority<sp/>[%d]<sp/>cur<sp/>[%p]<sp/>&quot;</highlight><highlight class="normal"></highlight></codeline>
<codeline lineno="34"><highlight class="normal"><sp/><sp/><sp/><sp/><sp/><sp/><sp/><sp/><sp/><sp/><sp/></highlight><highlight class="stringliteral">&quot;next<sp/>[%p]<sp/>prev<sp/>[%p]&quot;</highlight><highlight class="normal">,<sp/>ap_str,</highlight></codeline>
<codeline lineno="35"><highlight class="normal"><sp/><sp/><sp/><sp/><sp/><sp/><sp/><sp/><sp/><sp/><sp/><sp/><sp/>*(</highlight><highlight class="keywordtype">int</highlight><highlight class="normal"><sp/>*)<sp/>ap_data,<sp/>a_priority,<sp/>ap_cur,<sp/>ap_next,<sp/>ap_prev);</highlight></codeline>
<codeline lineno="36"><highlight class="normal">}</highlight></codeline>
<codeline lineno="37"><highlight class="normal"></highlight></codeline>
<codeline lineno="38"><highlight class="normal"></highlight><highlight class="keyword">static</highlight><highlight class="normal"><sp/>OMX_S32</highlight></codeline>
<codeline lineno="39"><highlight class="normal">pqueue_cmp<sp/>(OMX_PTR<sp/>ap_left,<sp/>OMX_PTR<sp/>ap_right)</highlight></codeline>
<codeline lineno="40"><highlight class="normal">{</highlight></codeline>
<codeline lineno="41"><highlight class="normal"><sp/><sp/>TIZ_LOG<sp/>(TIZ_PRIORITY_TRACE,<sp/></highlight><highlight class="stringliteral">&quot;left<sp/>[%d]<sp/>right<sp/>[%d]&quot;</highlight><highlight class="normal">,</highlight></codeline>
<codeline lineno="42"><highlight class="normal"><sp/><sp/><sp/><sp/><sp/><sp/><sp/><sp/><sp/><sp/><sp/><sp/><sp/>*(</highlight><highlight class="keywordtype">int</highlight><highlight class="normal"><sp/>*)<sp/>ap_left,<sp/>*(</highlight><highlight class="keywordtype">int</highlight><highlight class="normal"><sp/>*)<sp/>ap_right);</highlight></codeline>
<codeline lineno="43"><highlight class="normal"></highlight></codeline>
<codeline lineno="44"><highlight class="normal"><sp/><sp/></highlight><highlight class="keywordflow">if</highlight><highlight class="normal"><sp/>((*(</highlight><highlight class="keywordtype">int</highlight><highlight class="normal"><sp/>*)<sp/>ap_left)<sp/>==<sp/>(*(</highlight><highlight class="keywordtype">int</highlight><highlight class="normal"><sp/>*)<sp/>ap_right))</highlight></codeline>
<codeline lineno="45"><highlight class="normal"><sp/><sp/><sp/><sp/>{</highlight></codeline>
<codeline lineno="46"><highlight class="normal"><sp/><sp/><sp/><sp/><sp/><sp/></highlight><highlight class="keywordflow">return</highlight><highlight class="normal"><sp/>0;</highlight></codeline>
<codeline lineno="47"><highlight class="normal"><sp/><sp/><sp/><sp/>}</highlight></codeline>
<codeline lineno="48"><highlight class="normal"><sp/><sp/></highlight><highlight class="keywordflow">else</highlight><highlight class="normal"><sp/></highlight><highlight class="keywordflow">if</highlight><highlight class="normal"><sp/>((*(</highlight><highlight class="keywordtype">int</highlight><highlight class="normal"><sp/>*)<sp/>ap_left)<sp/>&lt;<sp/>(*(</highlight><highlight class="keywordtype">int</highlight><highlight class="normal"><sp/>*)<sp/>ap_right))</highlight></codeline>
<codeline lineno="49"><highlight class="normal"><sp/><sp/><sp/><sp/>{</highlight></codeline>
<codeline lineno="50"><highlight class="normal"><sp/><sp/><sp/><sp/><sp/><sp/></highlight><highlight class="keywordflow">return</highlight><highlight class="normal"><sp/>-1;</highlight></codeline>
<codeline lineno="51"><highlight class="normal"><sp/><sp/><sp/><sp/>}</highlight></codeline>
<codeline lineno="52"><highlight class="normal"></highlight></codeline>
<codeline lineno="53"><highlight class="normal"><sp/><sp/></highlight><highlight class="keywordflow">return</highlight><highlight class="normal"><sp/>1;</highlight></codeline>
<codeline lineno="54"><highlight class="normal"></highlight></codeline>
<codeline lineno="55"><highlight class="normal">}</highlight></codeline>
<codeline lineno="56"><highlight class="normal"></highlight></codeline>
<codeline lineno="57"><highlight class="normal">START_TEST<sp/>(test_pqueue_init_and_destroy)</highlight></codeline>
<codeline lineno="58"><highlight class="normal">{</highlight></codeline>
<codeline lineno="59"><highlight class="normal"><sp/><sp/>OMX_ERRORTYPE<sp/>error<sp/>=<sp/>OMX_ErrorNone;</highlight></codeline>
<codeline lineno="60"><highlight class="normal"><sp/><sp/><ref refid="structtiz__pqueue" kindref="compound">tiz_pqueue_t</ref><sp/>*p_queue<sp/>=<sp/>NULL;</highlight></codeline>
<codeline lineno="61"><highlight class="normal"></highlight></codeline>
<codeline lineno="62"><highlight class="normal"><sp/><sp/>TIZ_LOG<sp/>(TIZ_PRIORITY_TRACE,<sp/></highlight><highlight class="stringliteral">&quot;test_pqueue_init_and_destroy&quot;</highlight><highlight class="normal">);</highlight></codeline>
<codeline lineno="63"><highlight class="normal"></highlight></codeline>
<codeline lineno="64"><highlight class="normal"><sp/><sp/>error<sp/>=<sp/><ref refid="group__tizpqueue_1gaa4c54751fb3b451c42989dec7d0af985" kindref="member">tiz_pqueue_init</ref><sp/>(&amp;p_queue,<sp/>10,<sp/>&amp;pqueue_cmp,<sp/>NULL,<sp/></highlight><highlight class="stringliteral">&quot;tizkrn&quot;</highlight><highlight class="normal">);</highlight></codeline>
<codeline lineno="65"><highlight class="normal"></highlight></codeline>
<codeline lineno="66"><highlight class="normal"><sp/><sp/>fail_if<sp/>(p_queue<sp/>==<sp/>NULL);</highlight></codeline>
<codeline lineno="67"><highlight class="normal"><sp/><sp/>fail_if<sp/>(error<sp/>!=<sp/>OMX_ErrorNone);</highlight></codeline>
<codeline lineno="68"><highlight class="normal"></highlight></codeline>
<codeline lineno="69"><highlight class="normal"><sp/><sp/><ref refid="group__tizpqueue_1gae39e231787df49ad1e299990d463edd5" kindref="member">tiz_pqueue_destroy</ref><sp/>(p_queue);</highlight></codeline>
<codeline lineno="70"><highlight class="normal">}</highlight></codeline>
<codeline lineno="71"><highlight class="normal">END_TEST</highlight></codeline>
<codeline lineno="72"><highlight class="normal"></highlight></codeline>
<codeline lineno="73"><highlight class="normal">START_TEST<sp/>(test_pqueue_send_and_receive_one_group)</highlight></codeline>
<codeline lineno="74"><highlight class="normal">{</highlight></codeline>
<codeline lineno="75"><highlight class="normal"><sp/><sp/>OMX_U32<sp/>i;</highlight></codeline>
<codeline lineno="76"><highlight class="normal"><sp/><sp/>OMX_PTR<sp/>p_received<sp/>=<sp/>NULL;</highlight></codeline>
<codeline lineno="77"><highlight class="normal"><sp/><sp/>OMX_ERRORTYPE<sp/>error<sp/>=<sp/>OMX_ErrorNone;</highlight></codeline>
<codeline lineno="78"><highlight class="normal"><sp/><sp/></highlight><highlight class="keywordtype">int</highlight><highlight class="normal"><sp/>*p_item<sp/>=<sp/>NULL;</highlight></codeline>
<codeline lineno="79"><highlight class="normal"><sp/><sp/><ref refid="structtiz__pqueue" kindref="compound">tiz_pqueue_t</ref><sp/>*p_queue<sp/>=<sp/>NULL;</highlight></codeline>
<codeline lineno="80"><highlight class="normal"><sp/><sp/><ref refid="structtiz__soa" kindref="compound">tiz_soa_t</ref><sp/>*p_soa<sp/>=<sp/>NULL;</highlight></codeline>
<codeline lineno="81"><highlight class="normal"></highlight></codeline>
<codeline lineno="82"><highlight class="normal"><sp/><sp/>TIZ_LOG<sp/>(TIZ_PRIORITY_TRACE,<sp/></highlight><highlight class="stringliteral">&quot;test_pqueue_send_and_receive_one_group&quot;</highlight><highlight class="normal">);</highlight></codeline>
<codeline lineno="83"><highlight class="normal"></highlight></codeline>
<codeline lineno="84"><highlight class="normal"><sp/><sp/>fail_if<sp/>(tiz_soa_init<sp/>(&amp;p_soa)<sp/>!=<sp/>OMX_ErrorNone);</highlight></codeline>
<codeline lineno="85"><highlight class="normal"></highlight></codeline>
<codeline lineno="86"><highlight class="normal"><sp/><sp/>error<sp/>=<sp/><ref refid="group__tizpqueue_1gaa4c54751fb3b451c42989dec7d0af985" kindref="member">tiz_pqueue_init</ref><sp/>(&amp;p_queue,<sp/>0,<sp/>&amp;pqueue_cmp,<sp/>p_soa,<sp/></highlight><highlight class="stringliteral">&quot;tizkrn&quot;</highlight><highlight class="normal">);</highlight></codeline>
<codeline lineno="87"><highlight class="normal"></highlight></codeline>
<codeline lineno="88"><highlight class="normal"><sp/><sp/>fail_if<sp/>(error<sp/>!=<sp/>OMX_ErrorNone);</highlight></codeline>
<codeline lineno="89"><highlight class="normal"></highlight></codeline>
<codeline lineno="90"><highlight class="normal"><sp/><sp/></highlight><highlight class="keywordflow">for</highlight><highlight class="normal"><sp/>(i<sp/>=<sp/>0;<sp/>i<sp/>&lt;<sp/>10;<sp/>i++)</highlight></codeline>
<codeline lineno="91"><highlight class="normal"><sp/><sp/><sp/><sp/>{</highlight></codeline>
<codeline lineno="92"><highlight class="normal"><sp/><sp/><sp/><sp/><sp/><sp/>p_item<sp/>=<sp/>(</highlight><highlight class="keywordtype">int</highlight><highlight class="normal"><sp/>*)<sp/>tiz_mem_alloc<sp/>(</highlight><highlight class="keyword">sizeof</highlight><highlight class="normal"><sp/>(</highlight><highlight class="keywordtype">int</highlight><highlight class="normal">));</highlight></codeline>
<codeline lineno="93"><highlight class="normal"><sp/><sp/><sp/><sp/><sp/><sp/>fail_if<sp/>(p_item<sp/>==<sp/>NULL);</highlight></codeline>
<codeline lineno="94"><highlight class="normal"><sp/><sp/><sp/><sp/><sp/><sp/>*p_item<sp/>=<sp/>i;</highlight></codeline>
<codeline lineno="95"><highlight class="normal"><sp/><sp/><sp/><sp/><sp/><sp/>error<sp/>=<sp/><ref refid="group__tizpqueue_1gabc765db0f7d9b712182db5f5efcec98b" kindref="member">tiz_pqueue_send</ref><sp/>(p_queue,<sp/>p_item,<sp/>0);</highlight></codeline>
<codeline lineno="96"><highlight class="normal"><sp/><sp/><sp/><sp/><sp/><sp/>fail_if<sp/>(error<sp/>!=<sp/>OMX_ErrorNone);</highlight></codeline>
<codeline lineno="97"><highlight class="normal"><sp/><sp/><sp/><sp/>}</highlight></codeline>
<codeline lineno="98"><highlight class="normal"></highlight></codeline>
<codeline lineno="99"><highlight class="normal"><sp/><sp/>TIZ_LOG<sp/>(TIZ_PRIORITY_TRACE,<sp/></highlight><highlight class="stringliteral">&quot;queue<sp/>length<sp/>%d&quot;</highlight><highlight class="normal">,</highlight></codeline>
<codeline lineno="100"><highlight class="normal"><sp/><sp/><sp/><sp/><sp/><sp/><sp/><sp/><sp/><sp/><sp/><sp/><sp/><ref refid="group__tizpqueue_1ga63a2afce7f5c79c1a09bf9a33aa11da1" kindref="member">tiz_pqueue_length</ref><sp/>(p_queue));</highlight></codeline>
<codeline lineno="101"><highlight class="normal"><sp/><sp/>fail_if<sp/>(10<sp/>!=<sp/><ref refid="group__tizpqueue_1ga63a2afce7f5c79c1a09bf9a33aa11da1" kindref="member">tiz_pqueue_length</ref><sp/>(p_queue));</highlight></codeline>
<codeline lineno="102"><highlight class="normal"></highlight></codeline>
<codeline lineno="103"><highlight class="normal"><sp/><sp/></highlight><highlight class="keywordflow">for</highlight><highlight class="normal"><sp/>(i<sp/>=<sp/>0;<sp/>i<sp/>&lt;=<sp/>10;<sp/>i++)</highlight></codeline>
<codeline lineno="104"><highlight class="normal"><sp/><sp/><sp/><sp/>{</highlight></codeline>
<codeline lineno="105"><highlight class="normal"><sp/><sp/><sp/><sp/><sp/><sp/>error<sp/>=<sp/><ref refid="group__tizpqueue_1ga799927e72f0fb71a1df3c4407f56abb2" kindref="member">tiz_pqueue_receive</ref><sp/>(p_queue,<sp/>&amp;p_received);</highlight></codeline>
<codeline lineno="106"><highlight class="normal"><sp/><sp/><sp/><sp/><sp/><sp/></highlight><highlight class="keywordflow">if</highlight><highlight class="normal"><sp/>(i<sp/>&gt;<sp/>9)</highlight></codeline>
<codeline lineno="107"><highlight class="normal"><sp/><sp/><sp/><sp/><sp/><sp/><sp/><sp/>{</highlight></codeline>
<codeline lineno="108"><highlight class="normal"><sp/><sp/><sp/><sp/><sp/><sp/><sp/><sp/><sp/><sp/>fail_if<sp/>(error<sp/>!=<sp/>OMX_ErrorNoMore);</highlight></codeline>
<codeline lineno="109"><highlight class="normal"><sp/><sp/><sp/><sp/><sp/><sp/><sp/><sp/>}</highlight></codeline>
<codeline lineno="110"><highlight class="normal"><sp/><sp/><sp/><sp/><sp/><sp/></highlight><highlight class="keywordflow">else</highlight><highlight class="normal"></highlight></codeline>
<codeline lineno="111"><highlight class="normal"><sp/><sp/><sp/><sp/><sp/><sp/><sp/><sp/>{</highlight></codeline>
<codeline lineno="112"><highlight class="normal"><sp/><sp/><sp/><sp/><sp/><sp/><sp/><sp/><sp/><sp/>fail_if<sp/>(error<sp/>!=<sp/>OMX_ErrorNone);</highlight></codeline>
<codeline lineno="113"><highlight class="normal"><sp/><sp/><sp/><sp/><sp/><sp/><sp/><sp/>}</highlight></codeline>
<codeline lineno="114"><highlight class="normal"></highlight></codeline>
<codeline lineno="115"><highlight class="normal"><sp/><sp/><sp/><sp/><sp/><sp/>fail_if<sp/>(p_received<sp/>==<sp/>NULL);</highlight></codeline>
<codeline lineno="116"><highlight class="normal"><sp/><sp/><sp/><sp/><sp/><sp/>p_item<sp/>=<sp/>(</highlight><highlight class="keywordtype">int</highlight><highlight class="normal"><sp/>*)<sp/>p_received;</highlight></codeline>
<codeline lineno="117"><highlight class="normal"><sp/><sp/><sp/><sp/><sp/><sp/></highlight><highlight class="keywordflow">if</highlight><highlight class="normal"><sp/>(i<sp/>&lt;<sp/>9)</highlight></codeline>
<codeline lineno="118"><highlight class="normal"><sp/><sp/><sp/><sp/><sp/><sp/><sp/><sp/>{</highlight></codeline>
<codeline lineno="119"><highlight class="normal"><sp/><sp/><sp/><sp/><sp/><sp/><sp/><sp/><sp/><sp/>TIZ_LOG<sp/>(TIZ_PRIORITY_TRACE,<sp/></highlight><highlight class="stringliteral">&quot;item<sp/>[%d]&quot;</highlight><highlight class="normal">,<sp/>*p_item);</highlight></codeline>
<codeline lineno="120"><highlight class="normal"><sp/><sp/><sp/><sp/><sp/><sp/><sp/><sp/><sp/><sp/>fail_if<sp/>(*p_item<sp/>!=<sp/>i);</highlight></codeline>
<codeline lineno="121"><highlight class="normal"><sp/><sp/><sp/><sp/><sp/><sp/><sp/><sp/><sp/><sp/>tiz_mem_free<sp/>(p_received);</highlight></codeline>
<codeline lineno="122"><highlight class="normal"><sp/><sp/><sp/><sp/><sp/><sp/><sp/><sp/>}</highlight></codeline>
<codeline lineno="123"><highlight class="normal"><sp/><sp/><sp/><sp/>}</highlight></codeline>
<codeline lineno="124"><highlight class="normal"></highlight></codeline>
<codeline lineno="125"><highlight class="normal"><sp/><sp/><ref refid="group__tizpqueue_1gae39e231787df49ad1e299990d463edd5" kindref="member">tiz_pqueue_destroy</ref><sp/>(p_queue);</highlight></codeline>
<codeline lineno="126"><highlight class="normal"><sp/><sp/>tiz_soa_destroy<sp/>(p_soa);</highlight></codeline>
<codeline lineno="127"><highlight class="normal">}</highlight></codeline>
<codeline lineno="128"><highlight class="normal">END_TEST</highlight></codeline>
<codeline lineno="129"><highlight class="normal"></highlight></codeline>
<codeline lineno="130"><highlight class="normal">START_TEST<sp/>(test_pqueue_send_and_receive_two_groups)</highlight></codeline>
<codeline lineno="131"><highlight class="normal">{</highlight></codeline>
<codeline lineno="132"><highlight class="normal"></highlight></codeline>
<codeline lineno="133"><highlight class="normal"><sp/><sp/>OMX_U32<sp/>i;</highlight></codeline>
<codeline lineno="134"><highlight class="normal"><sp/><sp/>OMX_PTR<sp/>p_received<sp/>=<sp/>NULL;</highlight></codeline>
<codeline lineno="135"><highlight class="normal"><sp/><sp/>OMX_ERRORTYPE<sp/>error<sp/>=<sp/>OMX_ErrorNone;</highlight></codeline>
<codeline lineno="136"><highlight class="normal"><sp/><sp/></highlight><highlight class="keywordtype">int</highlight><highlight class="normal"><sp/>*p_item<sp/>=<sp/>NULL;</highlight></codeline>
<codeline lineno="137"><highlight class="normal"><sp/><sp/><ref refid="structtiz__pqueue" kindref="compound">tiz_pqueue_t</ref><sp/>*p_queue<sp/>=<sp/>NULL;</highlight></codeline>
<codeline lineno="138"><highlight class="normal"></highlight></codeline>
<codeline lineno="139"><highlight class="normal"><sp/><sp/>TIZ_LOG<sp/>(TIZ_PRIORITY_TRACE,<sp/></highlight><highlight class="stringliteral">&quot;test_pqueue_send_and_receive_two_groups&quot;</highlight><highlight class="normal">);</highlight></codeline>
<codeline lineno="140"><highlight class="normal"></highlight></codeline>
<codeline lineno="141"><highlight class="normal"><sp/><sp/>error<sp/>=<sp/><ref refid="group__tizpqueue_1gaa4c54751fb3b451c42989dec7d0af985" kindref="member">tiz_pqueue_init</ref><sp/>(&amp;p_queue,<sp/>1,<sp/>&amp;pqueue_cmp,<sp/>NULL,<sp/></highlight><highlight class="stringliteral">&quot;tizkrn&quot;</highlight><highlight class="normal">);</highlight></codeline>
<codeline lineno="142"><highlight class="normal"></highlight></codeline>
<codeline lineno="143"><highlight class="normal"><sp/><sp/>fail_if<sp/>(error<sp/>!=<sp/>OMX_ErrorNone);</highlight></codeline>
<codeline lineno="144"><highlight class="normal"></highlight></codeline>
<codeline lineno="145"><highlight class="normal"><sp/><sp/></highlight><highlight class="keywordflow">for</highlight><highlight class="normal"><sp/>(i<sp/>=<sp/>0;<sp/>i<sp/>&lt;<sp/>10;<sp/>i++)</highlight></codeline>
<codeline lineno="146"><highlight class="normal"><sp/><sp/><sp/><sp/>{</highlight></codeline>
<codeline lineno="147"><highlight class="normal"><sp/><sp/><sp/><sp/><sp/><sp/>p_item<sp/>=<sp/>(</highlight><highlight class="keywordtype">int</highlight><highlight class="normal"><sp/>*)<sp/>tiz_mem_alloc<sp/>(</highlight><highlight class="keyword">sizeof</highlight><highlight class="normal"><sp/>(</highlight><highlight class="keywordtype">int</highlight><highlight class="normal">));</highlight></codeline>
<codeline lineno="148"><highlight class="normal"><sp/><sp/><sp/><sp/><sp/><sp/>fail_if<sp/>(p_item<sp/>==<sp/>NULL);</highlight></codeline>
<codeline lineno="149"><highlight class="normal"><sp/><sp/><sp/><sp/><sp/><sp/>*p_item<sp/>=<sp/>i;</highlight></codeline>
<codeline lineno="150"><highlight class="normal"><sp/><sp/><sp/><sp/><sp/><sp/>error<sp/>=<sp/><ref refid="group__tizpqueue_1gabc765db0f7d9b712182db5f5efcec98b" kindref="member">tiz_pqueue_send</ref><sp/>(p_queue,<sp/>p_item,<sp/>i<sp/>/<sp/>5);</highlight></codeline>
<codeline lineno="151"><highlight class="normal"><sp/><sp/><sp/><sp/><sp/><sp/>TIZ_LOG<sp/>(TIZ_PRIORITY_TRACE,<sp/></highlight><highlight class="stringliteral">&quot;error<sp/>[%p]&quot;</highlight><highlight class="normal">,<sp/>error);</highlight></codeline>
<codeline lineno="152"><highlight class="normal"><sp/><sp/><sp/><sp/><sp/><sp/>fail_if<sp/>(error<sp/>!=<sp/>OMX_ErrorNone);</highlight></codeline>
<codeline lineno="153"><highlight class="normal"><sp/><sp/><sp/><sp/>}</highlight></codeline>
<codeline lineno="154"><highlight class="normal"></highlight></codeline>
<codeline lineno="155"><highlight class="normal"><sp/><sp/>TIZ_LOG<sp/>(TIZ_PRIORITY_TRACE,<sp/></highlight><highlight class="stringliteral">&quot;queue<sp/>length<sp/>%d&quot;</highlight><highlight class="normal">,</highlight></codeline>
<codeline lineno="156"><highlight class="normal"><sp/><sp/><sp/><sp/><sp/><sp/><sp/><sp/><sp/><sp/><sp/><sp/><sp/><ref refid="group__tizpqueue_1ga63a2afce7f5c79c1a09bf9a33aa11da1" kindref="member">tiz_pqueue_length</ref><sp/>(p_queue));</highlight></codeline>
<codeline lineno="157"><highlight class="normal"><sp/><sp/>fail_if<sp/>(10<sp/>!=<sp/><ref refid="group__tizpqueue_1ga63a2afce7f5c79c1a09bf9a33aa11da1" kindref="member">tiz_pqueue_length</ref><sp/>(p_queue));</highlight></codeline>
<codeline lineno="158"><highlight class="normal"></highlight></codeline>
<codeline lineno="159"><highlight class="normal"><sp/><sp/></highlight><highlight class="keywordflow">for</highlight><highlight class="normal"><sp/>(i<sp/>=<sp/>0;<sp/>i<sp/>&lt;<sp/>5;<sp/>i++)</highlight></codeline>
<codeline lineno="160"><highlight class="normal"><sp/><sp/><sp/><sp/>{</highlight></codeline>
<codeline lineno="161"><highlight class="normal"><sp/><sp/><sp/><sp/><sp/><sp/>error<sp/>=<sp/><ref refid="group__tizpqueue_1ga799927e72f0fb71a1df3c4407f56abb2" kindref="member">tiz_pqueue_receive</ref><sp/>(p_queue,<sp/>&amp;p_received);</highlight></codeline>
<codeline lineno="162"><highlight class="normal"><sp/><sp/><sp/><sp/><sp/><sp/>fail_if<sp/>(error<sp/>!=<sp/>OMX_ErrorNone);</highlight></codeline>
<codeline lineno="163"><highlight class="normal"><sp/><sp/><sp/><sp/><sp/><sp/>fail_if<sp/>(p_received<sp/>==<sp/>NULL);</highlight></codeline>
<codeline lineno="164"><highlight class="normal"><sp/><sp/><sp/><sp/><sp/><sp/>p_item<sp/>=<sp/>(</highlight><highlight class="keywordtype">int</highlight><highlight class="normal"><sp/>*)<sp/>p_received;</highlight></codeline>
<codeline lineno="165"><highlight class="normal"><sp/><sp/><sp/><sp/><sp/><sp/>TIZ_LOG<sp/>(TIZ_PRIORITY_TRACE,<sp/></highlight><highlight class="stringliteral">&quot;item<sp/>[%d]&quot;</highlight><highlight class="normal">,<sp/>*p_item);</highlight></codeline>
<codeline lineno="166"><highlight class="normal"><sp/><sp/><sp/><sp/><sp/><sp/>fail_if<sp/>(*p_item<sp/>!=<sp/>i);</highlight></codeline>
<codeline lineno="167"><highlight class="normal"><sp/><sp/><sp/><sp/><sp/><sp/>tiz_mem_free<sp/>(p_received);</highlight></codeline>
<codeline lineno="168"><highlight class="normal"><sp/><sp/><sp/><sp/>}</highlight></codeline>
<codeline lineno="169"><highlight class="normal"></highlight></codeline>
<codeline lineno="170"><highlight class="normal"><sp/><sp/></highlight><highlight class="keywordflow">for</highlight><highlight class="normal"><sp/>(i<sp/>=<sp/>5;<sp/>i<sp/>&lt;=<sp/>10;<sp/>i++)</highlight></codeline>
<codeline lineno="171"><highlight class="normal"><sp/><sp/><sp/><sp/>{</highlight></codeline>
<codeline lineno="172"><highlight class="normal"><sp/><sp/><sp/><sp/><sp/><sp/>error<sp/>=<sp/><ref refid="group__tizpqueue_1ga799927e72f0fb71a1df3c4407f56abb2" kindref="member">tiz_pqueue_receive</ref><sp/>(p_queue,<sp/>&amp;p_received);</highlight></codeline>
<codeline lineno="173"><highlight class="normal"><sp/><sp/><sp/><sp/><sp/><sp/></highlight><highlight class="keywordflow">if</highlight><highlight class="normal"><sp/>(i<sp/>&gt;<sp/>9)</highlight></codeline>
<codeline lineno="174"><highlight class="normal"><sp/><sp/><sp/><sp/><sp/><sp/><sp/><sp/>{</highlight></codeline>
<codeline lineno="175"><highlight class="normal"><sp/><sp/><sp/><sp/><sp/><sp/><sp/><sp/><sp/><sp/>fail_if<sp/>(error<sp/>!=<sp/>OMX_ErrorNoMore);</highlight></codeline>
<codeline lineno="176"><highlight class="normal"><sp/><sp/><sp/><sp/><sp/><sp/><sp/><sp/>}</highlight></codeline>
<codeline lineno="177"><highlight class="normal"><sp/><sp/><sp/><sp/><sp/><sp/></highlight><highlight class="keywordflow">else</highlight><highlight class="normal"></highlight></codeline>
<codeline lineno="178"><highlight class="normal"><sp/><sp/><sp/><sp/><sp/><sp/><sp/><sp/>{</highlight></codeline>
<codeline lineno="179"><highlight class="normal"><sp/><sp/><sp/><sp/><sp/><sp/><sp/><sp/><sp/><sp/>fail_if<sp/>(error<sp/>!=<sp/>OMX_ErrorNone);</highlight></codeline>
<codeline lineno="180"><highlight class="normal"><sp/><sp/><sp/><sp/><sp/><sp/><sp/><sp/>}</highlight></codeline>
<codeline lineno="181"><highlight class="normal"></highlight></codeline>
<codeline lineno="182"><highlight class="normal"><sp/><sp/><sp/><sp/><sp/><sp/>fail_if<sp/>(p_received<sp/>==<sp/>NULL);</highlight></codeline>
<codeline lineno="183"><highlight class="normal"><sp/><sp/><sp/><sp/><sp/><sp/>p_item<sp/>=<sp/>(</highlight><highlight class="keywordtype">int</highlight><highlight class="normal"><sp/>*)<sp/>p_received;</highlight></codeline>
<codeline lineno="184"><highlight class="normal"></highlight></codeline>
<codeline lineno="185"><highlight class="normal"><sp/><sp/><sp/><sp/><sp/><sp/></highlight><highlight class="keywordflow">if</highlight><highlight class="normal"><sp/>(i<sp/>&lt;<sp/>9)</highlight></codeline>
<codeline lineno="186"><highlight class="normal"><sp/><sp/><sp/><sp/><sp/><sp/><sp/><sp/>{</highlight></codeline>
<codeline lineno="187"><highlight class="normal"><sp/><sp/><sp/><sp/><sp/><sp/><sp/><sp/><sp/><sp/>TIZ_LOG<sp/>(TIZ_PRIORITY_TRACE,<sp/></highlight><highlight class="stringliteral">&quot;item<sp/>[%d]&quot;</highlight><highlight class="normal">,<sp/>*p_item);</highlight></codeline>
<codeline lineno="188"><highlight class="normal"><sp/><sp/><sp/><sp/><sp/><sp/><sp/><sp/><sp/><sp/>fail_if<sp/>(*p_item<sp/>!=<sp/>i);</highlight></codeline>
<codeline lineno="189"><highlight class="normal"><sp/><sp/><sp/><sp/><sp/><sp/><sp/><sp/><sp/><sp/>tiz_mem_free<sp/>(p_received);</highlight></codeline>
<codeline lineno="190"><highlight class="normal"><sp/><sp/><sp/><sp/><sp/><sp/><sp/><sp/>}</highlight></codeline>
<codeline lineno="191"><highlight class="normal"><sp/><sp/><sp/><sp/>}</highlight></codeline>
<codeline lineno="192"><highlight class="normal"></highlight></codeline>
<codeline lineno="193"><highlight class="normal"><sp/><sp/><ref refid="group__tizpqueue_1gae39e231787df49ad1e299990d463edd5" kindref="member">tiz_pqueue_destroy</ref><sp/>(p_queue);</highlight></codeline>
<codeline lineno="194"><highlight class="normal">}</highlight></codeline>
<codeline lineno="195"><highlight class="normal">END_TEST</highlight></codeline>
<codeline lineno="196"><highlight class="normal"></highlight></codeline>
<codeline lineno="197"><highlight class="normal">START_TEST<sp/>(test_pqueue_send_and_receive_three_groups)</highlight></codeline>
<codeline lineno="198"><highlight class="normal">{</highlight></codeline>
<codeline lineno="199"><highlight class="normal"></highlight></codeline>
<codeline lineno="200"><highlight class="normal"><sp/><sp/>OMX_U32<sp/>i;</highlight></codeline>
<codeline lineno="201"><highlight class="normal"><sp/><sp/>OMX_PTR<sp/>p_received<sp/>=<sp/>NULL;</highlight></codeline>
<codeline lineno="202"><highlight class="normal"><sp/><sp/>OMX_ERRORTYPE<sp/>error<sp/>=<sp/>OMX_ErrorNone;</highlight></codeline>
<codeline lineno="203"><highlight class="normal"><sp/><sp/></highlight><highlight class="keywordtype">int</highlight><highlight class="normal"><sp/>*p_item<sp/>=<sp/>NULL;</highlight></codeline>
<codeline lineno="204"><highlight class="normal"><sp/><sp/><ref refid="structtiz__pqueue" kindref="compound">tiz_pqueue_t</ref><sp/>*p_queue<sp/>=<sp/>NULL;</highlight></codeline>
<codeline lineno="205"><highlight class="normal"></highlight></codeline>
<codeline lineno="206"><highlight class="normal"><sp/><sp/>TIZ_LOG<sp/>(TIZ_PRIORITY_TRACE,<sp/></highlight><highlight class="stringliteral">&quot;test_pqueue_send_and_receive_three_groups&quot;</highlight><highlight class="normal">);</highlight></codeline>
<codeline lineno="207"><highlight class="normal"></highlight></codeline>
<codeline lineno="208"><highlight class="normal"><sp/><sp/>error<sp/>=<sp/><ref refid="group__tizpqueue_1gaa4c54751fb3b451c42989dec7d0af985" kindref="member">tiz_pqueue_init</ref><sp/>(&amp;p_queue,<sp/>2,<sp/>&amp;pqueue_cmp,<sp/>NULL,<sp/></highlight><highlight class="stringliteral">&quot;tizkrn&quot;</highlight><highlight class="normal">);</highlight></codeline>
<codeline lineno="209"><highlight class="normal"></highlight></codeline>
<codeline lineno="210"><highlight class="normal"><sp/><sp/>fail_if<sp/>(error<sp/>!=<sp/>OMX_ErrorNone);</highlight></codeline>
<codeline lineno="211"><highlight class="normal"></highlight></codeline>
<codeline lineno="212"><highlight class="normal"><sp/><sp/></highlight><highlight class="keywordflow">for</highlight><highlight class="normal"><sp/>(i<sp/>=<sp/>0;<sp/>i<sp/>&lt;<sp/>3;<sp/>i++)</highlight></codeline>
<codeline lineno="213"><highlight class="normal"><sp/><sp/><sp/><sp/>{</highlight></codeline>
<codeline lineno="214"><highlight class="normal"><sp/><sp/><sp/><sp/><sp/><sp/>p_item<sp/>=<sp/>(</highlight><highlight class="keywordtype">int</highlight><highlight class="normal"><sp/>*)<sp/>tiz_mem_alloc<sp/>(</highlight><highlight class="keyword">sizeof</highlight><highlight class="normal"><sp/>(</highlight><highlight class="keywordtype">int</highlight><highlight class="normal">));</highlight></codeline>
<codeline lineno="215"><highlight class="normal"><sp/><sp/><sp/><sp/><sp/><sp/>fail_if<sp/>(p_item<sp/>==<sp/>NULL);</highlight></codeline>
<codeline lineno="216"><highlight class="normal"><sp/><sp/><sp/><sp/><sp/><sp/>*p_item<sp/>=<sp/>i;</highlight></codeline>
<codeline lineno="217"><highlight class="normal"><sp/><sp/><sp/><sp/><sp/><sp/>error<sp/>=<sp/><ref refid="group__tizpqueue_1gabc765db0f7d9b712182db5f5efcec98b" kindref="member">tiz_pqueue_send</ref><sp/>(p_queue,<sp/>p_item,<sp/>0);</highlight></codeline>
<codeline lineno="218"><highlight class="normal"><sp/><sp/><sp/><sp/><sp/><sp/>TIZ_LOG<sp/>(TIZ_PRIORITY_TRACE,<sp/></highlight><highlight class="stringliteral">&quot;error<sp/>[%X]&quot;</highlight><highlight class="normal">,<sp/>error);</highlight></codeline>
<codeline lineno="219"><highlight class="normal"><sp/><sp/><sp/><sp/><sp/><sp/>fail_if<sp/>(error<sp/>!=<sp/>OMX_ErrorNone);</highlight></codeline>
<codeline lineno="220"><highlight class="normal"><sp/><sp/><sp/><sp/>}</highlight></codeline>
<codeline lineno="221"><highlight class="normal"></highlight></codeline>
<codeline lineno="222"><highlight class="normal"><sp/><sp/></highlight><highlight class="keywordflow">for</highlight><highlight class="normal"><sp/>(i<sp/>=<sp/>3;<sp/>i<sp/>&lt;<sp/>7;<sp/>i++)</highlight></codeline>
<codeline lineno="223"><highlight class="normal"><sp/><sp/><sp/><sp/>{</highlight></codeline>
<codeline lineno="224"><highlight class="normal"><sp/><sp/><sp/><sp/><sp/><sp/>p_item<sp/>=<sp/>(</highlight><highlight class="keywordtype">int</highlight><highlight class="normal"><sp/>*)<sp/>tiz_mem_alloc<sp/>(</highlight><highlight class="keyword">sizeof</highlight><highlight class="normal"><sp/>(</highlight><highlight class="keywordtype">int</highlight><highlight class="normal">));</highlight></codeline>
<codeline lineno="225"><highlight class="normal"><sp/><sp/><sp/><sp/><sp/><sp/>fail_if<sp/>(p_item<sp/>==<sp/>NULL);</highlight></codeline>
<codeline lineno="226"><highlight class="normal"><sp/><sp/><sp/><sp/><sp/><sp/>*p_item<sp/>=<sp/>i;</highlight></codeline>
<codeline lineno="227"><highlight class="normal"><sp/><sp/><sp/><sp/><sp/><sp/>error<sp/>=<sp/><ref refid="group__tizpqueue_1gabc765db0f7d9b712182db5f5efcec98b" kindref="member">tiz_pqueue_send</ref><sp/>(p_queue,<sp/>p_item,<sp/>1);</highlight></codeline>
<codeline lineno="228"><highlight class="normal"><sp/><sp/><sp/><sp/><sp/><sp/>TIZ_LOG<sp/>(TIZ_PRIORITY_TRACE,<sp/></highlight><highlight class="stringliteral">&quot;error<sp/>[%X]&quot;</highlight><highlight class="normal">,<sp/>error);</highlight></codeline>
<codeline lineno="229"><highlight class="normal"><sp/><sp/><sp/><sp/><sp/><sp/>fail_if<sp/>(error<sp/>!=<sp/>OMX_ErrorNone);</highlight></codeline>
<codeline lineno="230"><highlight class="normal"><sp/><sp/><sp/><sp/>}</highlight></codeline>
<codeline lineno="231"><highlight class="normal"></highlight></codeline>
<codeline lineno="232"><highlight class="normal"><sp/><sp/></highlight><highlight class="keywordflow">for</highlight><highlight class="normal"><sp/>(i<sp/>=<sp/>7;<sp/>i<sp/>&lt;<sp/>10;<sp/>i++)</highlight></codeline>
<codeline lineno="233"><highlight class="normal"><sp/><sp/><sp/><sp/>{</highlight></codeline>
<codeline lineno="234"><highlight class="normal"><sp/><sp/><sp/><sp/><sp/><sp/>p_item<sp/>=<sp/>(</highlight><highlight class="keywordtype">int</highlight><highlight class="normal"><sp/>*)<sp/>tiz_mem_alloc<sp/>(</highlight><highlight class="keyword">sizeof</highlight><highlight class="normal"><sp/>(</highlight><highlight class="keywordtype">int</highlight><highlight class="normal">));</highlight></codeline>
<codeline lineno="235"><highlight class="normal"><sp/><sp/><sp/><sp/><sp/><sp/>fail_if<sp/>(p_item<sp/>==<sp/>NULL);</highlight></codeline>
<codeline lineno="236"><highlight class="normal"><sp/><sp/><sp/><sp/><sp/><sp/>*p_item<sp/>=<sp/>i;</highlight></codeline>
<codeline lineno="237"><highlight class="normal"><sp/><sp/><sp/><sp/><sp/><sp/>error<sp/>=<sp/><ref refid="group__tizpqueue_1gabc765db0f7d9b712182db5f5efcec98b" kindref="member">tiz_pqueue_send</ref><sp/>(p_queue,<sp/>p_item,<sp/>2);</highlight></codeline>
<codeline lineno="238"><highlight class="normal"><sp/><sp/><sp/><sp/><sp/><sp/>TIZ_LOG<sp/>(TIZ_PRIORITY_TRACE,<sp/></highlight><highlight class="stringliteral">&quot;error<sp/>[%X]&quot;</highlight><highlight class="normal">,<sp/>error);</highlight></codeline>
<codeline lineno="239"><highlight class="normal"><sp/><sp/><sp/><sp/><sp/><sp/>fail_if<sp/>(error<sp/>!=<sp/>OMX_ErrorNone);</highlight></codeline>
<codeline lineno="240"><highlight class="normal"><sp/><sp/><sp/><sp/>}</highlight></codeline>
<codeline lineno="241"><highlight class="normal"></highlight></codeline>
<codeline lineno="242"><highlight class="normal"><sp/><sp/>TIZ_LOG<sp/>(TIZ_PRIORITY_TRACE,<sp/></highlight><highlight class="stringliteral">&quot;queue<sp/>length<sp/>%d&quot;</highlight><highlight class="normal">,</highlight></codeline>
<codeline lineno="243"><highlight class="normal"><sp/><sp/><sp/><sp/><sp/><sp/><sp/><sp/><sp/><sp/><sp/><sp/><sp/><ref refid="group__tizpqueue_1ga63a2afce7f5c79c1a09bf9a33aa11da1" kindref="member">tiz_pqueue_length</ref><sp/>(p_queue));</highlight></codeline>
<codeline lineno="244"><highlight class="normal"><sp/><sp/>fail_if<sp/>(10<sp/>!=<sp/><ref refid="group__tizpqueue_1ga63a2afce7f5c79c1a09bf9a33aa11da1" kindref="member">tiz_pqueue_length</ref><sp/>(p_queue));</highlight></codeline>
<codeline lineno="245"><highlight class="normal"></highlight></codeline>
<codeline lineno="246"><highlight class="normal"><sp/><sp/></highlight><highlight class="keywordflow">for</highlight><highlight class="normal"><sp/>(i<sp/>=<sp/>0;<sp/>i<sp/>&lt;<sp/>3;<sp/>i++)</highlight></codeline>
<codeline lineno="247"><highlight class="normal"><sp/><sp/><sp/><sp/>{</highlight></codeline>
<codeline lineno="248"><highlight class="normal"><sp/><sp/><sp/><sp/><sp/><sp/>error<sp/>=<sp/><ref refid="group__tizpqueue_1ga799927e72f0fb71a1df3c4407f56abb2" kindref="member">tiz_pqueue_receive</ref><sp/>(p_queue,<sp/>&amp;p_received);</highlight></codeline>
<codeline lineno="249"><highlight class="normal"><sp/><sp/><sp/><sp/><sp/><sp/>fail_if<sp/>(error<sp/>!=<sp/>OMX_ErrorNone);</highlight></codeline>
<codeline lineno="250"><highlight class="normal"><sp/><sp/><sp/><sp/><sp/><sp/>fail_if<sp/>(p_received<sp/>==<sp/>NULL);</highlight></codeline>
<codeline lineno="251"><highlight class="normal"><sp/><sp/><sp/><sp/><sp/><sp/>p_item<sp/>=<sp/>(</highlight><highlight class="keywordtype">int</highlight><highlight class="normal"><sp/>*)<sp/>p_received;</highlight></codeline>
<codeline lineno="252"><highlight class="normal"><sp/><sp/><sp/><sp/><sp/><sp/>TIZ_LOG<sp/>(TIZ_PRIORITY_TRACE,<sp/></highlight><highlight class="stringliteral">&quot;item<sp/>[%d]&quot;</highlight><highlight class="normal">,<sp/>*p_item);</highlight></codeline>
<codeline lineno="253"><highlight class="normal"><sp/><sp/><sp/><sp/><sp/><sp/>fail_if<sp/>(*p_item<sp/>!=<sp/>i);</highlight></codeline>
<codeline lineno="254"><highlight class="normal"><sp/><sp/><sp/><sp/><sp/><sp/>tiz_mem_free<sp/>(p_received);</highlight></codeline>
<codeline lineno="255"><highlight class="normal"><sp/><sp/><sp/><sp/>}</highlight></codeline>
<codeline lineno="256"><highlight class="normal"></highlight></codeline>
<codeline lineno="257"><highlight class="normal"><sp/><sp/></highlight><highlight class="keywordflow">for</highlight><highlight class="normal"><sp/>(i<sp/>=<sp/>3;<sp/>i<sp/>&lt;<sp/>7;<sp/>i++)</highlight></codeline>
<codeline lineno="258"><highlight class="normal"><sp/><sp/><sp/><sp/>{</highlight></codeline>
<codeline lineno="259"><highlight class="normal"><sp/><sp/><sp/><sp/><sp/><sp/>error<sp/>=<sp/><ref refid="group__tizpqueue_1ga799927e72f0fb71a1df3c4407f56abb2" kindref="member">tiz_pqueue_receive</ref><sp/>(p_queue,<sp/>&amp;p_received);</highlight></codeline>
<codeline lineno="260"><highlight class="normal"><sp/><sp/><sp/><sp/><sp/><sp/>fail_if<sp/>(error<sp/>!=<sp/>OMX_ErrorNone);</highlight></codeline>
<codeline lineno="261"><highlight class="normal"><sp/><sp/><sp/><sp/><sp/><sp/>fail_if<sp/>(p_received<sp/>==<sp/>NULL);</highlight></codeline>
<codeline lineno="262"><highlight class="normal"><sp/><sp/><sp/><sp/><sp/><sp/>p_item<sp/>=<sp/>(</highlight><highlight class="keywordtype">int</highlight><highlight class="normal"><sp/>*)<sp/>p_received;</highlight></codeline>
<codeline lineno="263"><highlight class="normal"><sp/><sp/><sp/><sp/><sp/><sp/>TIZ_LOG<sp/>(TIZ_PRIORITY_TRACE,<sp/></highlight><highlight class="stringliteral">&quot;item<sp/>[%d]&quot;</highlight><highlight class="normal">,<sp/>*p_item);</highlight></codeline>
<codeline lineno="264"><highlight class="normal"><sp/><sp/><sp/><sp/><sp/><sp/>fail_if<sp/>(*p_item<sp/>!=<sp/>i);</highlight></codeline>
<codeline lineno="265"><highlight class="normal"><sp/><sp/><sp/><sp/><sp/><sp/>tiz_mem_free<sp/>(p_received);</highlight></codeline>
<codeline lineno="266"><highlight class="normal"><sp/><sp/><sp/><sp/>}</highlight></codeline>
<codeline lineno="267"><highlight class="normal"></highlight></codeline>
<codeline lineno="268"><highlight class="normal"><sp/><sp/></highlight><highlight class="keywordflow">for</highlight><highlight class="normal"><sp/>(i<sp/>=<sp/>7;<sp/>i<sp/>&lt;=<sp/>10;<sp/>i++)</highlight></codeline>
<codeline lineno="269"><highlight class="normal"><sp/><sp/><sp/><sp/>{</highlight></codeline>
<codeline lineno="270"><highlight class="normal"><sp/><sp/><sp/><sp/><sp/><sp/>error<sp/>=<sp/><ref refid="group__tizpqueue_1ga799927e72f0fb71a1df3c4407f56abb2" kindref="member">tiz_pqueue_receive</ref><sp/>(p_queue,<sp/>&amp;p_received);</highlight></codeline>
<codeline lineno="271"><highlight class="normal"><sp/><sp/><sp/><sp/><sp/><sp/></highlight><highlight class="keywordflow">if</highlight><highlight class="normal"><sp/>(i<sp/>&gt;<sp/>9)</highlight></codeline>
<codeline lineno="272"><highlight class="normal"><sp/><sp/><sp/><sp/><sp/><sp/><sp/><sp/>{</highlight></codeline>
<codeline lineno="273"><highlight class="normal"><sp/><sp/><sp/><sp/><sp/><sp/><sp/><sp/><sp/><sp/>fail_if<sp/>(error<sp/>!=<sp/>OMX_ErrorNoMore);</highlight></codeline>
<codeline lineno="274"><highlight class="normal"><sp/><sp/><sp/><sp/><sp/><sp/><sp/><sp/>}</highlight></codeline>
<codeline lineno="275"><highlight class="normal"><sp/><sp/><sp/><sp/><sp/><sp/></highlight><highlight class="keywordflow">else</highlight><highlight class="normal"></highlight></codeline>
<codeline lineno="276"><highlight class="normal"><sp/><sp/><sp/><sp/><sp/><sp/><sp/><sp/>{</highlight></codeline>
<codeline lineno="277"><highlight class="normal"><sp/><sp/><sp/><sp/><sp/><sp/><sp/><sp/><sp/><sp/>fail_if<sp/>(error<sp/>!=<sp/>OMX_ErrorNone);</highlight></codeline>
<codeline lineno="278"><highlight class="normal"><sp/><sp/><sp/><sp/><sp/><sp/><sp/><sp/>}</highlight></codeline>
<codeline lineno="279"><highlight class="normal"></highlight></codeline>
<codeline lineno="280"><highlight class="normal"><sp/><sp/><sp/><sp/><sp/><sp/>fail_if<sp/>(p_received<sp/>==<sp/>NULL);</highlight></codeline>
<codeline lineno="281"><highlight class="normal"><sp/><sp/><sp/><sp/><sp/><sp/>p_item<sp/>=<sp/>(</highlight><highlight class="keywordtype">int</highlight><highlight class="normal"><sp/>*)<sp/>p_received;</highlight></codeline>
<codeline lineno="282"><highlight class="normal"></highlight></codeline>
<codeline lineno="283"><highlight class="normal"><sp/><sp/><sp/><sp/><sp/><sp/></highlight><highlight class="keywordflow">if</highlight><highlight class="normal"><sp/>(i<sp/>&lt;<sp/>10)</highlight></codeline>
<codeline lineno="284"><highlight class="normal"><sp/><sp/><sp/><sp/><sp/><sp/><sp/><sp/>{</highlight></codeline>
<codeline lineno="285"><highlight class="normal"><sp/><sp/><sp/><sp/><sp/><sp/><sp/><sp/><sp/><sp/>TIZ_LOG<sp/>(TIZ_PRIORITY_TRACE,<sp/></highlight><highlight class="stringliteral">&quot;item<sp/>[%d]&quot;</highlight><highlight class="normal">,<sp/>*p_item);</highlight></codeline>
<codeline lineno="286"><highlight class="normal"><sp/><sp/><sp/><sp/><sp/><sp/><sp/><sp/><sp/><sp/>fail_if<sp/>(*p_item<sp/>!=<sp/>i);</highlight></codeline>
<codeline lineno="287"><highlight class="normal"><sp/><sp/><sp/><sp/><sp/><sp/><sp/><sp/><sp/><sp/>tiz_mem_free<sp/>(p_received);</highlight></codeline>
<codeline lineno="288"><highlight class="normal"><sp/><sp/><sp/><sp/><sp/><sp/><sp/><sp/>}</highlight></codeline>
<codeline lineno="289"><highlight class="normal"><sp/><sp/><sp/><sp/>}</highlight></codeline>
<codeline lineno="290"><highlight class="normal"></highlight></codeline>
<codeline lineno="291"><highlight class="normal"><sp/><sp/><ref refid="group__tizpqueue_1gae39e231787df49ad1e299990d463edd5" kindref="member">tiz_pqueue_destroy</ref><sp/>(p_queue);</highlight></codeline>
<codeline lineno="292"><highlight class="normal"></highlight></codeline>
<codeline lineno="293"><highlight class="normal">}</highlight></codeline>
<codeline lineno="294"><highlight class="normal">END_TEST</highlight></codeline>
<codeline lineno="295"><highlight class="normal"></highlight></codeline>
<codeline lineno="296"><highlight class="normal">START_TEST<sp/>(test_pqueue_first)</highlight></codeline>
<codeline lineno="297"><highlight class="normal">{</highlight></codeline>
<codeline lineno="298"><highlight class="normal"></highlight></codeline>
<codeline lineno="299"><highlight class="normal"><sp/><sp/>OMX_S32<sp/>i;</highlight></codeline>
<codeline lineno="300"><highlight class="normal"><sp/><sp/>OMX_ERRORTYPE<sp/>error<sp/>=<sp/>OMX_ErrorNone;</highlight></codeline>
<codeline lineno="301"><highlight class="normal"><sp/><sp/><ref refid="structtiz__pqueue" kindref="compound">tiz_pqueue_t</ref><sp/>*p_queue<sp/>=<sp/>NULL;</highlight></codeline>
<codeline lineno="302"><highlight class="normal"><sp/><sp/>OMX_PTR<sp/>p_received<sp/>=<sp/>NULL;</highlight></codeline>
<codeline lineno="303"><highlight class="normal"><sp/><sp/></highlight><highlight class="keywordtype">int</highlight><highlight class="normal"><sp/>*p_item<sp/>=<sp/>NULL;</highlight></codeline>
<codeline lineno="304"><highlight class="normal"></highlight></codeline>
<codeline lineno="305"><highlight class="normal"><sp/><sp/>TIZ_LOG<sp/>(TIZ_PRIORITY_TRACE,<sp/></highlight><highlight class="stringliteral">&quot;test_pqueue_first&quot;</highlight><highlight class="normal">);</highlight></codeline>
<codeline lineno="306"><highlight class="normal"></highlight></codeline>
<codeline lineno="307"><highlight class="normal"><sp/><sp/>error<sp/>=<sp/><ref refid="group__tizpqueue_1gaa4c54751fb3b451c42989dec7d0af985" kindref="member">tiz_pqueue_init</ref><sp/>(&amp;p_queue,<sp/>2,<sp/>&amp;pqueue_cmp,<sp/>NULL,<sp/></highlight><highlight class="stringliteral">&quot;tizkrn&quot;</highlight><highlight class="normal">);</highlight></codeline>
<codeline lineno="308"><highlight class="normal"></highlight></codeline>
<codeline lineno="309"><highlight class="normal"><sp/><sp/>fail_if<sp/>(error<sp/>!=<sp/>OMX_ErrorNone);</highlight></codeline>
<codeline lineno="310"><highlight class="normal"></highlight></codeline>
<codeline lineno="311"><highlight class="normal"><sp/><sp/>error<sp/>=<sp/><ref refid="group__tizpqueue_1ga83dcf7749b93b28f00967f949d737821" kindref="member">tiz_pqueue_first</ref><sp/>(p_queue,<sp/>&amp;p_received);</highlight></codeline>
<codeline lineno="312"><highlight class="normal"></highlight></codeline>
<codeline lineno="313"><highlight class="normal"><sp/><sp/>fail_if<sp/>(error<sp/>!=<sp/>OMX_ErrorNoMore);</highlight></codeline>
<codeline lineno="314"><highlight class="normal"></highlight></codeline>
<codeline lineno="315"><highlight class="normal"><sp/><sp/></highlight><highlight class="keywordflow">for</highlight><highlight class="normal"><sp/>(i<sp/>=<sp/>2;<sp/>i<sp/>&gt;=<sp/>0;<sp/>i--)</highlight></codeline>
<codeline lineno="316"><highlight class="normal"><sp/><sp/><sp/><sp/>{</highlight></codeline>
<codeline lineno="317"><highlight class="normal"><sp/><sp/><sp/><sp/><sp/><sp/>p_item<sp/>=<sp/>(</highlight><highlight class="keywordtype">int</highlight><highlight class="normal"><sp/>*)<sp/>tiz_mem_alloc<sp/>(</highlight><highlight class="keyword">sizeof</highlight><highlight class="normal"><sp/>(</highlight><highlight class="keywordtype">int</highlight><highlight class="normal">));</highlight></codeline>
<codeline lineno="318"><highlight class="normal"><sp/><sp/><sp/><sp/><sp/><sp/>fail_if<sp/>(p_item<sp/>==<sp/>NULL);</highlight></codeline>
<codeline lineno="319"><highlight class="normal"><sp/><sp/><sp/><sp/><sp/><sp/>*p_item<sp/>=<sp/>i;</highlight></codeline>
<codeline lineno="320"><highlight class="normal"><sp/><sp/><sp/><sp/><sp/><sp/>error<sp/>=<sp/><ref refid="group__tizpqueue_1gabc765db0f7d9b712182db5f5efcec98b" kindref="member">tiz_pqueue_send</ref><sp/>(p_queue,<sp/>p_item,<sp/>i);</highlight></codeline>
<codeline lineno="321"><highlight class="normal"><sp/><sp/><sp/><sp/><sp/><sp/>fail_if<sp/>(error<sp/>!=<sp/>OMX_ErrorNone);</highlight></codeline>
<codeline lineno="322"><highlight class="normal"><sp/><sp/><sp/><sp/>}</highlight></codeline>
<codeline lineno="323"><highlight class="normal"></highlight></codeline>
<codeline lineno="324"><highlight class="normal"><sp/><sp/>error<sp/>=<sp/><ref refid="group__tizpqueue_1ga83dcf7749b93b28f00967f949d737821" kindref="member">tiz_pqueue_first</ref><sp/>(p_queue,<sp/>&amp;p_received);</highlight></codeline>
<codeline lineno="325"><highlight class="normal"><sp/><sp/>fail_if<sp/>(error<sp/>!=<sp/>OMX_ErrorNone);</highlight></codeline>
<codeline lineno="326"><highlight class="normal"><sp/><sp/>p_item<sp/>=<sp/>(</highlight><highlight class="keywordtype">int</highlight><highlight class="normal"><sp/>*)<sp/>p_received;</highlight></codeline>
<codeline lineno="327"><highlight class="normal"><sp/><sp/>TIZ_LOG<sp/>(TIZ_PRIORITY_TRACE,<sp/></highlight><highlight class="stringliteral">&quot;*p_item<sp/>[%d]&quot;</highlight><highlight class="normal">,<sp/>*p_item);</highlight></codeline>
<codeline lineno="328"><highlight class="normal"><sp/><sp/>fail_if<sp/>(*p_item<sp/>!=<sp/>0);</highlight></codeline>
<codeline lineno="329"><highlight class="normal"></highlight></codeline>
<codeline lineno="330"><highlight class="normal"><sp/><sp/></highlight><highlight class="keywordflow">for</highlight><highlight class="normal"><sp/>(i<sp/>=<sp/>0;<sp/>i<sp/>&lt;=<sp/>2;<sp/>i++)</highlight></codeline>
<codeline lineno="331"><highlight class="normal"><sp/><sp/><sp/><sp/>{</highlight></codeline>
<codeline lineno="332"><highlight class="normal"><sp/><sp/><sp/><sp/><sp/><sp/>error<sp/>=<sp/><ref refid="group__tizpqueue_1ga799927e72f0fb71a1df3c4407f56abb2" kindref="member">tiz_pqueue_receive</ref><sp/>(p_queue,<sp/>&amp;p_received);</highlight></codeline>
<codeline lineno="333"><highlight class="normal"><sp/><sp/><sp/><sp/><sp/><sp/>fail_if<sp/>(error<sp/>!=<sp/>OMX_ErrorNone);</highlight></codeline>
<codeline lineno="334"><highlight class="normal"><sp/><sp/><sp/><sp/><sp/><sp/>p_item<sp/>=<sp/>(</highlight><highlight class="keywordtype">int</highlight><highlight class="normal"><sp/>*)<sp/>p_received;</highlight></codeline>
<codeline lineno="335"><highlight class="normal"><sp/><sp/><sp/><sp/><sp/><sp/>TIZ_LOG<sp/>(TIZ_PRIORITY_TRACE,<sp/></highlight><highlight class="stringliteral">&quot;*p_item<sp/>[%d]&quot;</highlight><highlight class="normal">,<sp/>*p_item);</highlight></codeline>
<codeline lineno="336"><highlight class="normal"><sp/><sp/><sp/><sp/><sp/><sp/>fail_if<sp/>(*p_item<sp/>!=<sp/>i);</highlight></codeline>
<codeline lineno="337"><highlight class="normal"><sp/><sp/><sp/><sp/><sp/><sp/>tiz_mem_free<sp/>(p_received);</highlight></codeline>
<codeline lineno="338"><highlight class="normal"><sp/><sp/><sp/><sp/>}</highlight></codeline>
<codeline lineno="339"><highlight class="normal"></highlight></codeline>
<codeline lineno="340"><highlight class="normal"><sp/><sp/><ref refid="group__tizpqueue_1gae39e231787df49ad1e299990d463edd5" kindref="member">tiz_pqueue_destroy</ref><sp/>(p_queue);</highlight></codeline>
<codeline lineno="341"><highlight class="normal"></highlight></codeline>
<codeline lineno="342"><highlight class="normal">}</highlight></codeline>
<codeline lineno="343"><highlight class="normal">END_TEST</highlight></codeline>
<codeline lineno="344"><highlight class="normal"></highlight></codeline>
<codeline lineno="345"><highlight class="normal">START_TEST<sp/>(test_pqueue_remove)</highlight></codeline>
<codeline lineno="346"><highlight class="normal">{</highlight></codeline>
<codeline lineno="347"><highlight class="normal"></highlight></codeline>
<codeline lineno="348"><highlight class="normal"><sp/><sp/>OMX_S32<sp/>i;</highlight></codeline>
<codeline lineno="349"><highlight class="normal"><sp/><sp/>OMX_ERRORTYPE<sp/>error<sp/>=<sp/>OMX_ErrorNone;</highlight></codeline>
<codeline lineno="350"><highlight class="normal"><sp/><sp/><ref refid="structtiz__pqueue" kindref="compound">tiz_pqueue_t</ref><sp/>*p_queue<sp/>=<sp/>NULL;</highlight></codeline>
<codeline lineno="351"><highlight class="normal"><sp/><sp/>OMX_PTR<sp/>p_received<sp/>=<sp/>NULL;</highlight></codeline>
<codeline lineno="352"><highlight class="normal"><sp/><sp/></highlight><highlight class="keywordtype">int</highlight><highlight class="normal"><sp/>*p_item<sp/>=<sp/>NULL;</highlight></codeline>
<codeline lineno="353"><highlight class="normal"></highlight></codeline>
<codeline lineno="354"><highlight class="normal"><sp/><sp/>TIZ_LOG<sp/>(TIZ_PRIORITY_TRACE,<sp/></highlight><highlight class="stringliteral">&quot;test_pqueue_remove&quot;</highlight><highlight class="normal">);</highlight></codeline>
<codeline lineno="355"><highlight class="normal"></highlight></codeline>
<codeline lineno="356"><highlight class="normal"><sp/><sp/>error<sp/>=<sp/><ref refid="group__tizpqueue_1gaa4c54751fb3b451c42989dec7d0af985" kindref="member">tiz_pqueue_init</ref><sp/>(&amp;p_queue,<sp/>2,<sp/>&amp;pqueue_cmp,<sp/>NULL,<sp/></highlight><highlight class="stringliteral">&quot;tizkrn&quot;</highlight><highlight class="normal">);</highlight></codeline>
<codeline lineno="357"><highlight class="normal"></highlight></codeline>
<codeline lineno="358"><highlight class="normal"><sp/><sp/>fail_if<sp/>(error<sp/>!=<sp/>OMX_ErrorNone);</highlight></codeline>
<codeline lineno="359"><highlight class="normal"></highlight></codeline>
<codeline lineno="360"><highlight class="normal"><sp/><sp/>error<sp/>=<sp/><ref refid="group__tizpqueue_1ga83dcf7749b93b28f00967f949d737821" kindref="member">tiz_pqueue_first</ref><sp/>(p_queue,<sp/>&amp;p_received);</highlight></codeline>
<codeline lineno="361"><highlight class="normal"></highlight></codeline>
<codeline lineno="362"><highlight class="normal"><sp/><sp/>fail_if<sp/>(error<sp/>!=<sp/>OMX_ErrorNoMore);</highlight></codeline>
<codeline lineno="363"><highlight class="normal"></highlight></codeline>
<codeline lineno="364"><highlight class="normal"><sp/><sp/></highlight><highlight class="keywordflow">for</highlight><highlight class="normal"><sp/>(i<sp/>=<sp/>2;<sp/>i<sp/>&gt;=<sp/>0;<sp/>i--)</highlight></codeline>
<codeline lineno="365"><highlight class="normal"><sp/><sp/><sp/><sp/>{</highlight></codeline>
<codeline lineno="366"><highlight class="normal"><sp/><sp/><sp/><sp/><sp/><sp/>p_item<sp/>=<sp/>(</highlight><highlight class="keywordtype">int</highlight><highlight class="normal"><sp/>*)<sp/>tiz_mem_alloc<sp/>(</highlight><highlight class="keyword">sizeof</highlight><highlight class="normal"><sp/>(</highlight><highlight class="keywordtype">int</highlight><highlight class="normal">));</highlight></codeline>
<codeline lineno="367"><highlight class="normal"><sp/><sp/><sp/><sp/><sp/><sp/>fail_if<sp/>(p_item<sp/>==<sp/>NULL);</highlight></codeline>
<codeline lineno="368"><highlight class="normal"><sp/><sp/><sp/><sp/><sp/><sp/>*p_item<sp/>=<sp/>i;</highlight></codeline>
<codeline lineno="369"><highlight class="normal"><sp/><sp/><sp/><sp/><sp/><sp/>error<sp/>=<sp/><ref refid="group__tizpqueue_1gabc765db0f7d9b712182db5f5efcec98b" kindref="member">tiz_pqueue_send</ref><sp/>(p_queue,<sp/>p_item,<sp/>i);</highlight></codeline>
<codeline lineno="370"><highlight class="normal"><sp/><sp/><sp/><sp/><sp/><sp/>fail_if<sp/>(error<sp/>!=<sp/>OMX_ErrorNone);</highlight></codeline>
<codeline lineno="371"><highlight class="normal"><sp/><sp/><sp/><sp/>}</highlight></codeline>
<codeline lineno="372"><highlight class="normal"></highlight></codeline>
<codeline lineno="373"><highlight class="normal"><sp/><sp/><ref refid="group__tizpqueue_1gaa6ae0a9c3c12fce274dc4c9a8e7c6463" kindref="member">tiz_pqueue_dump</ref><sp/>(p_queue,<sp/>&amp;pqueue_dump_item);</highlight></codeline>
<codeline lineno="374"><highlight class="normal"></highlight></codeline>
<codeline lineno="375"><highlight class="normal"><sp/><sp/>error<sp/>=<sp/><ref refid="group__tizpqueue_1ga89ab202a5a3a05d58f34d34ffd50b36b" kindref="member">tiz_pqueue_remove</ref><sp/>(p_queue,<sp/>p_item);</highlight></codeline>
<codeline lineno="376"><highlight class="normal"><sp/><sp/>fail_if<sp/>(error<sp/>!=<sp/>OMX_ErrorNone);</highlight></codeline>
<codeline lineno="377"><highlight class="normal"><sp/><sp/>fail_if<sp/>(<ref refid="group__tizpqueue_1ga63a2afce7f5c79c1a09bf9a33aa11da1" kindref="member">tiz_pqueue_length</ref><sp/>(p_queue)<sp/>!=<sp/>2);</highlight></codeline>
<codeline lineno="378"><highlight class="normal"></highlight></codeline>
<codeline lineno="379"><highlight class="normal"><sp/><sp/><ref refid="group__tizpqueue_1gaa6ae0a9c3c12fce274dc4c9a8e7c6463" kindref="member">tiz_pqueue_dump</ref><sp/>(p_queue,<sp/>&amp;pqueue_dump_item);</highlight></codeline>
<codeline lineno="380"><highlight class="normal"></highlight></codeline>
<codeline lineno="381"><highlight class="normal"><sp/><sp/></highlight><highlight class="keywordflow">for</highlight><highlight class="normal"><sp/>(i<sp/>=<sp/>1;<sp/>i<sp/>&lt;=<sp/>2;<sp/>i++)</highlight></codeline>
<codeline lineno="382"><highlight class="normal"><sp/><sp/><sp/><sp/>{</highlight></codeline>
<codeline lineno="383"><highlight class="normal"><sp/><sp/><sp/><sp/><sp/><sp/>error<sp/>=<sp/><ref refid="group__tizpqueue_1ga799927e72f0fb71a1df3c4407f56abb2" kindref="member">tiz_pqueue_receive</ref><sp/>(p_queue,<sp/>&amp;p_received);</highlight></codeline>
<codeline lineno="384"><highlight class="normal"><sp/><sp/><sp/><sp/><sp/><sp/>fail_if<sp/>(error<sp/>!=<sp/>OMX_ErrorNone);</highlight></codeline>
<codeline lineno="385"><highlight class="normal"><sp/><sp/><sp/><sp/><sp/><sp/>p_item<sp/>=<sp/>(</highlight><highlight class="keywordtype">int</highlight><highlight class="normal"><sp/>*)<sp/>p_received;</highlight></codeline>
<codeline lineno="386"><highlight class="normal"><sp/><sp/><sp/><sp/><sp/><sp/>TIZ_LOG<sp/>(TIZ_PRIORITY_TRACE,<sp/></highlight><highlight class="stringliteral">&quot;*p_item<sp/>[%d]&quot;</highlight><highlight class="normal">,<sp/>*p_item);</highlight></codeline>
<codeline lineno="387"><highlight class="normal"><sp/><sp/><sp/><sp/><sp/><sp/>fail_if<sp/>(*p_item<sp/>!=<sp/>i);</highlight></codeline>
<codeline lineno="388"><highlight class="normal"><sp/><sp/><sp/><sp/><sp/><sp/>tiz_mem_free<sp/>(p_received);</highlight></codeline>
<codeline lineno="389"><highlight class="normal"><sp/><sp/><sp/><sp/>}</highlight></codeline>
<codeline lineno="390"><highlight class="normal"></highlight></codeline>
<codeline lineno="391"><highlight class="normal"><sp/><sp/><ref refid="group__tizpqueue_1gae39e231787df49ad1e299990d463edd5" kindref="member">tiz_pqueue_destroy</ref><sp/>(p_queue);</highlight></codeline>
<codeline lineno="392"><highlight class="normal"></highlight></codeline>
<codeline lineno="393"><highlight class="normal">}</highlight></codeline>
<codeline lineno="394"><highlight class="normal">END_TEST</highlight></codeline>
<codeline lineno="395"><highlight class="normal"></highlight></codeline>
<codeline lineno="396"><highlight class="normal">START_TEST<sp/>(test_pqueue_removep)</highlight></codeline>
<codeline lineno="397"><highlight class="normal">{</highlight></codeline>
<codeline lineno="398"><highlight class="normal"></highlight></codeline>
<codeline lineno="399"><highlight class="normal"><sp/><sp/>OMX_S32<sp/>i;</highlight></codeline>
<codeline lineno="400"><highlight class="normal"><sp/><sp/>OMX_ERRORTYPE<sp/>error<sp/>=<sp/>OMX_ErrorNone;</highlight></codeline>
<codeline lineno="401"><highlight class="normal"><sp/><sp/><ref refid="structtiz__pqueue" kindref="compound">tiz_pqueue_t</ref><sp/>*p_queue<sp/>=<sp/>NULL;</highlight></codeline>
<codeline lineno="402"><highlight class="normal"><sp/><sp/>OMX_PTR<sp/>p_received<sp/>=<sp/>NULL;</highlight></codeline>
<codeline lineno="403"><highlight class="normal"><sp/><sp/></highlight><highlight class="keywordtype">int</highlight><highlight class="normal"><sp/>*p_item<sp/>=<sp/>NULL;</highlight></codeline>
<codeline lineno="404"><highlight class="normal"><sp/><sp/></highlight><highlight class="keywordtype">int</highlight><highlight class="normal"><sp/>*p_item_cat_one<sp/>=<sp/>NULL;</highlight></codeline>
<codeline lineno="405"><highlight class="normal"></highlight></codeline>
<codeline lineno="406"><highlight class="normal"><sp/><sp/>TIZ_LOG<sp/>(TIZ_PRIORITY_TRACE,<sp/></highlight><highlight class="stringliteral">&quot;test_pqueue_removep&quot;</highlight><highlight class="normal">);</highlight></codeline>
<codeline lineno="407"><highlight class="normal"></highlight></codeline>
<codeline lineno="408"><highlight class="normal"><sp/><sp/>error<sp/>=<sp/><ref refid="group__tizpqueue_1gaa4c54751fb3b451c42989dec7d0af985" kindref="member">tiz_pqueue_init</ref><sp/>(&amp;p_queue,<sp/>2,<sp/>&amp;pqueue_cmp,<sp/>NULL,<sp/></highlight><highlight class="stringliteral">&quot;tizkrn&quot;</highlight><highlight class="normal">);</highlight></codeline>
<codeline lineno="409"><highlight class="normal"></highlight></codeline>
<codeline lineno="410"><highlight class="normal"><sp/><sp/>fail_if<sp/>(error<sp/>!=<sp/>OMX_ErrorNone);</highlight></codeline>
<codeline lineno="411"><highlight class="normal"></highlight></codeline>
<codeline lineno="412"><highlight class="normal"><sp/><sp/>error<sp/>=<sp/><ref refid="group__tizpqueue_1ga83dcf7749b93b28f00967f949d737821" kindref="member">tiz_pqueue_first</ref><sp/>(p_queue,<sp/>&amp;p_received);</highlight></codeline>
<codeline lineno="413"><highlight class="normal"></highlight></codeline>
<codeline lineno="414"><highlight class="normal"><sp/><sp/>fail_if<sp/>(error<sp/>!=<sp/>OMX_ErrorNoMore);</highlight></codeline>
<codeline lineno="415"><highlight class="normal"></highlight></codeline>
<codeline lineno="416"><highlight class="normal"><sp/><sp/></highlight><highlight class="keywordflow">for</highlight><highlight class="normal"><sp/>(i<sp/>=<sp/>2;<sp/>i<sp/>&gt;=<sp/>0;<sp/>i--)</highlight></codeline>
<codeline lineno="417"><highlight class="normal"><sp/><sp/><sp/><sp/>{</highlight></codeline>
<codeline lineno="418"><highlight class="normal"><sp/><sp/><sp/><sp/><sp/><sp/>p_item<sp/>=<sp/>(</highlight><highlight class="keywordtype">int</highlight><highlight class="normal"><sp/>*)<sp/>tiz_mem_alloc<sp/>(</highlight><highlight class="keyword">sizeof</highlight><highlight class="normal"><sp/>(</highlight><highlight class="keywordtype">int</highlight><highlight class="normal">));</highlight></codeline>
<codeline lineno="419"><highlight class="normal"><sp/><sp/><sp/><sp/><sp/><sp/>fail_if<sp/>(p_item<sp/>==<sp/>NULL);</highlight></codeline>
<codeline lineno="420"><highlight class="normal"><sp/><sp/><sp/><sp/><sp/><sp/>*p_item<sp/>=<sp/>i;</highlight></codeline>
<codeline lineno="421"><highlight class="normal"><sp/><sp/><sp/><sp/><sp/><sp/>error<sp/>=<sp/><ref refid="group__tizpqueue_1gabc765db0f7d9b712182db5f5efcec98b" kindref="member">tiz_pqueue_send</ref><sp/>(p_queue,<sp/>p_item,<sp/>i);</highlight></codeline>
<codeline lineno="422"><highlight class="normal"><sp/><sp/><sp/><sp/><sp/><sp/>fail_if<sp/>(error<sp/>!=<sp/>OMX_ErrorNone);</highlight></codeline>
<codeline lineno="423"><highlight class="normal"><sp/><sp/><sp/><sp/><sp/><sp/></highlight><highlight class="keywordflow">if</highlight><highlight class="normal"><sp/>(1<sp/>==<sp/>i)</highlight></codeline>
<codeline lineno="424"><highlight class="normal"><sp/><sp/><sp/><sp/><sp/><sp/><sp/><sp/>{</highlight></codeline>
<codeline lineno="425"><highlight class="normal"><sp/><sp/><sp/><sp/><sp/><sp/><sp/><sp/><sp/><sp/>p_item_cat_one<sp/>=<sp/>p_item;</highlight></codeline>
<codeline lineno="426"><highlight class="normal"><sp/><sp/><sp/><sp/><sp/><sp/><sp/><sp/>}</highlight></codeline>
<codeline lineno="427"><highlight class="normal"><sp/><sp/><sp/><sp/>}</highlight></codeline>
<codeline lineno="428"><highlight class="normal"></highlight></codeline>
<codeline lineno="429"><highlight class="normal"><sp/><sp/><ref refid="group__tizpqueue_1gaa6ae0a9c3c12fce274dc4c9a8e7c6463" kindref="member">tiz_pqueue_dump</ref><sp/>(p_queue,<sp/>&amp;pqueue_dump_item);</highlight></codeline>
<codeline lineno="430"><highlight class="normal"></highlight></codeline>
<codeline lineno="431"><highlight class="normal"><sp/><sp/>error<sp/>=<sp/><ref refid="group__tizpqueue_1gac38dec32fb90ab9fb001068b16ebf988" kindref="member">tiz_pqueue_removep</ref><sp/>(p_queue,<sp/>p_item_cat_one,<sp/>1);</highlight></codeline>
<codeline lineno="432"><highlight class="normal"><sp/><sp/>fail_if<sp/>(error<sp/>!=<sp/>OMX_ErrorNone);</highlight></codeline>
<codeline lineno="433"><highlight class="normal"><sp/><sp/>fail_if<sp/>(<ref refid="group__tizpqueue_1ga63a2afce7f5c79c1a09bf9a33aa11da1" kindref="member">tiz_pqueue_length</ref><sp/>(p_queue)<sp/>!=<sp/>2);</highlight></codeline>
<codeline lineno="434"><highlight class="normal"></highlight></codeline>
<codeline lineno="435"><highlight class="normal"><sp/><sp/><ref refid="group__tizpqueue_1gaa6ae0a9c3c12fce274dc4c9a8e7c6463" kindref="member">tiz_pqueue_dump</ref><sp/>(p_queue,<sp/>&amp;pqueue_dump_item);</highlight></codeline>
<codeline lineno="436"><highlight class="normal"></highlight></codeline>
<codeline lineno="437"><highlight class="normal"><sp/><sp/></highlight><highlight class="keywordflow">for</highlight><highlight class="normal"><sp/>(i<sp/>=<sp/>0;<sp/>i<sp/>&lt;<sp/>2;<sp/>i++)</highlight></codeline>
<codeline lineno="438"><highlight class="normal"><sp/><sp/><sp/><sp/>{</highlight></codeline>
<codeline lineno="439"><highlight class="normal"><sp/><sp/><sp/><sp/><sp/><sp/>error<sp/>=<sp/><ref refid="group__tizpqueue_1ga799927e72f0fb71a1df3c4407f56abb2" kindref="member">tiz_pqueue_receive</ref><sp/>(p_queue,<sp/>&amp;p_received);</highlight></codeline>
<codeline lineno="440"><highlight class="normal"><sp/><sp/><sp/><sp/><sp/><sp/>fail_if<sp/>(error<sp/>!=<sp/>OMX_ErrorNone);</highlight></codeline>
<codeline lineno="441"><highlight class="normal"><sp/><sp/><sp/><sp/><sp/><sp/>p_item<sp/>=<sp/>(</highlight><highlight class="keywordtype">int</highlight><highlight class="normal"><sp/>*)<sp/>p_received;</highlight></codeline>
<codeline lineno="442"><highlight class="normal"><sp/><sp/><sp/><sp/><sp/><sp/>TIZ_LOG<sp/>(TIZ_PRIORITY_TRACE,<sp/></highlight><highlight class="stringliteral">&quot;*p_item<sp/>[%d]&quot;</highlight><highlight class="normal">,<sp/>*p_item);</highlight></codeline>
<codeline lineno="443"><highlight class="normal"><sp/><sp/><sp/><sp/><sp/><sp/></highlight><highlight class="keywordflow">if</highlight><highlight class="normal"><sp/>(0<sp/>==<sp/>i)</highlight></codeline>
<codeline lineno="444"><highlight class="normal"><sp/><sp/><sp/><sp/><sp/><sp/><sp/><sp/>fail_if<sp/>(*p_item<sp/>!=<sp/>0);</highlight></codeline>
<codeline lineno="445"><highlight class="normal"><sp/><sp/><sp/><sp/><sp/><sp/></highlight><highlight class="keywordflow">if</highlight><highlight class="normal"><sp/>(1<sp/>==<sp/>i)</highlight></codeline>
<codeline lineno="446"><highlight class="normal"><sp/><sp/><sp/><sp/><sp/><sp/><sp/><sp/>fail_if<sp/>(*p_item<sp/>!=<sp/>2);</highlight></codeline>
<codeline lineno="447"><highlight class="normal"><sp/><sp/><sp/><sp/><sp/><sp/>tiz_mem_free<sp/>(p_received);</highlight></codeline>
<codeline lineno="448"><highlight class="normal"><sp/><sp/><sp/><sp/>}</highlight></codeline>
<codeline lineno="449"><highlight class="normal"></highlight></codeline>
<codeline lineno="450"><highlight class="normal"><sp/><sp/><ref refid="group__tizpqueue_1gae39e231787df49ad1e299990d463edd5" kindref="member">tiz_pqueue_destroy</ref><sp/>(p_queue);</highlight></codeline>
<codeline lineno="451"><highlight class="normal"></highlight></codeline>
<codeline lineno="452"><highlight class="normal">}</highlight></codeline>
<codeline lineno="453"><highlight class="normal">END_TEST</highlight></codeline>
<codeline lineno="454"><highlight class="normal"></highlight></codeline>
<codeline lineno="455"><highlight class="normal"></highlight><highlight class="comment">/*<sp/>Local<sp/>Variables:<sp/>*/</highlight><highlight class="normal"></highlight></codeline>
<codeline lineno="456"><highlight class="normal"></highlight><highlight class="comment">/*<sp/>c-default-style:<sp/>gnu<sp/>*/</highlight><highlight class="normal"></highlight></codeline>
<codeline lineno="457"><highlight class="normal"></highlight><highlight class="comment">/*<sp/>fill-column:<sp/>79<sp/>*/</highlight><highlight class="normal"></highlight></codeline>
<codeline lineno="458"><highlight class="normal"></highlight><highlight class="comment">/*<sp/>indent-tabs-mode:<sp/>nil<sp/>*/</highlight><highlight class="normal"></highlight></codeline>
<codeline lineno="459"><highlight class="normal"></highlight><highlight class="comment">/*<sp/>compile-command:<sp/>&quot;make<sp/>check&quot;<sp/>*/</highlight><highlight class="normal"></highlight></codeline>
<codeline lineno="460"><highlight class="normal"></highlight><highlight class="comment">/*<sp/>End:<sp/>*/</highlight><highlight class="normal"></highlight></codeline>
    </programlisting>
    <location file="/home/joni/work/tizonia-master/libtizplatform/tests/check_pqueue.c"/>
  </compounddef>
</doxygen>
