<?xml version='1.0' encoding='UTF-8' standalone='no'?>
<doxygen xmlns:xsi="http://www.w3.org/2001/XMLSchema-instance" xsi:noNamespaceSchemaLocation="compound.xsd" version="1.8.11">
  <compounddef id="classtizrmd" kind="class" language="C++" prot="public">
    <compoundname>tizrmd</compoundname>
    <basecompoundref prot="public" virt="non-virtual">tizrmif_adaptor</basecompoundref>
    <basecompoundref prot="public" virt="non-virtual">IntrospectableAdaptor</basecompoundref>
    <basecompoundref prot="public" virt="non-virtual">ObjectAdaptor</basecompoundref>
      <sectiondef kind="private-type">
      <memberdef kind="typedef" id="classtizrmd_1a3a1950332228241211f3935f57f8da07" prot="private" static="no">
        <type>std::deque&lt; <ref refid="classtizrmwaiter" kindref="compound">tizrmwaiter</ref> &gt;</type>
        <definition>typedef std::deque&lt; tizrmwaiter &gt; tizrmd::waitlist_t</definition>
        <argsstring></argsstring>
        <name>waitlist_t</name>
        <briefdescription>
        </briefdescription>
        <detaileddescription>
        </detaileddescription>
        <inbodydescription>
        </inbodydescription>
        <location file="/home/joni/work/tizonia-master/rm/tizrmd/src/tizrmd.hpp" line="162" column="1" bodyfile="/home/joni/work/tizonia-master/rm/tizrmd/src/tizrmd.hpp" bodystart="162" bodyend="-1"/>
      </memberdef>
      <memberdef kind="typedef" id="classtizrmd_1a2b9a90e973c604c6339be591d748157a" prot="private" static="no">
        <type>std::map&lt; <ref refid="classtizrmowner" kindref="compound">tizrmowner</ref>, <ref refid="classtizrmpreemptor" kindref="compound">tizrmpreemptor</ref> &gt;</type>
        <definition>typedef std::map&lt; tizrmowner, tizrmpreemptor &gt; tizrmd::preemptlist_t</definition>
        <argsstring></argsstring>
        <name>preemptlist_t</name>
        <briefdescription>
        </briefdescription>
        <detaileddescription>
        </detaileddescription>
        <inbodydescription>
        </inbodydescription>
        <location file="/home/joni/work/tizonia-master/rm/tizrmd/src/tizrmd.hpp" line="163" column="1" bodyfile="/home/joni/work/tizonia-master/rm/tizrmd/src/tizrmd.hpp" bodystart="163" bodyend="-1"/>
      </memberdef>
      </sectiondef>
      <sectiondef kind="private-attrib">
      <memberdef kind="variable" id="classtizrmd_1a38e9aa5586e0ceefe59940cf9c65680d" prot="private" static="no" mutable="no">
        <type><ref refid="classtizrmdb" kindref="compound">tizrmdb</ref></type>
        <definition>tizrmdb tizrmd::rmdb_</definition>
        <argsstring></argsstring>
        <name>rmdb_</name>
        <briefdescription>
        </briefdescription>
        <detaileddescription>
        </detaileddescription>
        <inbodydescription>
        </inbodydescription>
        <location file="/home/joni/work/tizonia-master/rm/tizrmd/src/tizrmd.hpp" line="166" column="1" bodyfile="/home/joni/work/tizonia-master/rm/tizrmd/src/tizrmd.hpp" bodystart="166" bodyend="-1"/>
      </memberdef>
      <memberdef kind="variable" id="classtizrmd_1a1fa176e2d8df0bbf177cc5a6e1c4d7ee" prot="private" static="no" mutable="no">
        <type>waitlist_t</type>
        <definition>waitlist_t tizrmd::waiters_</definition>
        <argsstring></argsstring>
        <name>waiters_</name>
        <briefdescription>
        </briefdescription>
        <detaileddescription>
        </detaileddescription>
        <inbodydescription>
        </inbodydescription>
        <location file="/home/joni/work/tizonia-master/rm/tizrmd/src/tizrmd.hpp" line="167" column="1" bodyfile="/home/joni/work/tizonia-master/rm/tizrmd/src/tizrmd.hpp" bodystart="167" bodyend="-1"/>
      </memberdef>
      <memberdef kind="variable" id="classtizrmd_1a1295198092ddd978e9dc8009909b2e94" prot="private" static="no" mutable="no">
        <type>preemptlist_t</type>
        <definition>preemptlist_t tizrmd::preemptions_</definition>
        <argsstring></argsstring>
        <name>preemptions_</name>
        <briefdescription>
        </briefdescription>
        <detaileddescription>
        </detaileddescription>
        <inbodydescription>
        </inbodydescription>
        <location file="/home/joni/work/tizonia-master/rm/tizrmd/src/tizrmd.hpp" line="168" column="1" bodyfile="/home/joni/work/tizonia-master/rm/tizrmd/src/tizrmd.hpp" bodystart="168" bodyend="-1"/>
      </memberdef>
      </sectiondef>
      <sectiondef kind="public-func">
      <memberdef kind="function" id="classtizrmd_1ac924be426fd4cb6ddcfc30f4106f1ef9" prot="public" static="no" const="no" explicit="no" inline="no" virt="non-virtual">
        <type></type>
        <definition>tizrmd::tizrmd</definition>
        <argsstring>(Tiz::DBus::Connection &amp;connection, char const *ap_dbname)</argsstring>
        <name>tizrmd</name>
        <param>
          <type>Tiz::DBus::Connection &amp;</type>
          <declname>connection</declname>
        </param>
        <param>
          <type>char const *</type>
          <declname>ap_dbname</declname>
        </param>
        <briefdescription>
        </briefdescription>
        <detaileddescription>
        </detaileddescription>
        <inbodydescription>
        </inbodydescription>
        <location file="/home/joni/work/tizonia-master/rm/tizrmd/src/tizrmd.hpp" line="62" column="1" bodyfile="/home/joni/work/tizonia-master/rm/tizrmd/src/tizrmd.cpp" bodystart="56" bodyend="63"/>
      </memberdef>
      <memberdef kind="function" id="classtizrmd_1acdcad3c573914fb7c6393241ccb1ed94" prot="public" static="no" const="no" explicit="no" inline="no" virt="non-virtual">
        <type></type>
        <definition>tizrmd::~tizrmd</definition>
        <argsstring>()</argsstring>
        <name>~tizrmd</name>
        <briefdescription>
        </briefdescription>
        <detaileddescription>
        </detaileddescription>
        <inbodydescription>
        </inbodydescription>
        <location file="/home/joni/work/tizonia-master/rm/tizrmd/src/tizrmd.hpp" line="63" column="1" bodyfile="/home/joni/work/tizonia-master/rm/tizrmd/src/tizrmd.cpp" bodystart="65" bodyend="68"/>
      </memberdef>
      <memberdef kind="function" id="classtizrmd_1aff6f27f4a8059805df6223ece464b4e1" prot="public" static="no" const="no" explicit="no" inline="no" virt="non-virtual">
        <type>int32_t</type>
        <definition>int32_t tizrmd::acquire</definition>
        <argsstring>(const uint32_t &amp;rid, const uint32_t &amp;quantity, const std::string &amp;cname, const std::vector&lt; uint8_t &gt; &amp;uuid, const uint32_t &amp;grpid, const uint32_t &amp;pri)</argsstring>
        <name>acquire</name>
        <param>
          <type>const uint32_t &amp;</type>
          <declname>rid</declname>
        </param>
        <param>
          <type>const uint32_t &amp;</type>
          <declname>quantity</declname>
        </param>
        <param>
          <type>const std::string &amp;</type>
          <declname>cname</declname>
        </param>
        <param>
          <type>const std::vector&lt; uint8_t &gt; &amp;</type>
          <declname>uuid</declname>
        </param>
        <param>
          <type>const uint32_t &amp;</type>
          <declname>grpid</declname>
        </param>
        <param>
          <type>const uint32_t &amp;</type>
          <declname>pri</declname>
        </param>
        <briefdescription>
<para>RM API for OMX_StateLoaded to OMX_StateIdle transitions where RM is present. </para>        </briefdescription>
        <detaileddescription>
<para><parameterlist kind="param"><parameteritem>
<parameternamelist>
<parametername>rid</parametername>
</parameternamelist>
<parameterdescription>
<para>The resource identifier </para></parameterdescription>
</parameteritem>
<parameteritem>
<parameternamelist>
<parametername>quantity</parametername>
</parameternamelist>
<parameterdescription>
<para>The amount of resource required </para></parameterdescription>
</parameteritem>
<parameteritem>
<parameternamelist>
<parametername>cname</parametername>
</parameternamelist>
<parameterdescription>
<para>The OpenMAX IL component&apos;s name </para></parameterdescription>
</parameteritem>
<parameteritem>
<parameternamelist>
<parametername>uuid</parametername>
</parameternamelist>
<parameterdescription>
<para>The component&apos;s uuid </para></parameterdescription>
</parameteritem>
<parameteritem>
<parameternamelist>
<parametername>grpid</parametername>
</parameternamelist>
<parameterdescription>
<para>The component&apos;s group </para></parameterdescription>
</parameteritem>
<parameteritem>
<parameternamelist>
<parametername>pri</parametername>
</parameternamelist>
<parameterdescription>
<para>The component&apos;s group priority</para></parameterdescription>
</parameteritem>
</parameterlist>
<simplesect kind="return"><para>An tiz_rm_error_t error code </para></simplesect>
</para>        </detaileddescription>
        <inbodydescription>
        </inbodydescription>
        <location file="/home/joni/work/tizonia-master/rm/tizrmd/src/tizrmd.hpp" line="78" column="1" bodyfile="/home/joni/work/tizonia-master/rm/tizrmd/src/tizrmd.cpp" bodystart="70" bodyend="171"/>
      </memberdef>
      <memberdef kind="function" id="classtizrmd_1aa477075a79b22e3db5d40ac4fe33d549" prot="public" static="no" const="no" explicit="no" inline="no" virt="non-virtual">
        <type>int32_t</type>
        <definition>int32_t tizrmd::release</definition>
        <argsstring>(const uint32_t &amp;rid, const uint32_t &amp;quantity, const std::string &amp;cname, const std::vector&lt; uint8_t &gt; &amp;uuid, const uint32_t &amp;grpid, const uint32_t &amp;pri)</argsstring>
        <name>release</name>
        <param>
          <type>const uint32_t &amp;</type>
          <declname>rid</declname>
        </param>
        <param>
          <type>const uint32_t &amp;</type>
          <declname>quantity</declname>
        </param>
        <param>
          <type>const std::string &amp;</type>
          <declname>cname</declname>
        </param>
        <param>
          <type>const std::vector&lt; uint8_t &gt; &amp;</type>
          <declname>uuid</declname>
        </param>
        <param>
          <type>const uint32_t &amp;</type>
          <declname>grpid</declname>
        </param>
        <param>
          <type>const uint32_t &amp;</type>
          <declname>pri</declname>
        </param>
        <briefdescription>
<para>RM API for OMX_StateIdle to OMX_StateLoaded transitions where RM is present. </para>        </briefdescription>
        <detaileddescription>
<para><parameterlist kind="param"><parameteritem>
<parameternamelist>
<parametername>rid</parametername>
</parameternamelist>
<parameterdescription>
<para>The resource identifier </para></parameterdescription>
</parameteritem>
<parameteritem>
<parameternamelist>
<parametername>quantity</parametername>
</parameternamelist>
<parameterdescription>
<para>The amount of resource to be released </para></parameterdescription>
</parameteritem>
<parameteritem>
<parameternamelist>
<parametername>cname</parametername>
</parameternamelist>
<parameterdescription>
<para>The OpenMAX IL component name </para></parameterdescription>
</parameteritem>
<parameteritem>
<parameternamelist>
<parametername>uuid</parametername>
</parameternamelist>
<parameterdescription>
<para>The component&apos;s uuid </para></parameterdescription>
</parameteritem>
<parameteritem>
<parameternamelist>
<parametername>grpid</parametername>
</parameternamelist>
<parameterdescription>
<para>The component&apos;s group </para></parameterdescription>
</parameteritem>
<parameteritem>
<parameternamelist>
<parametername>pri</parametername>
</parameternamelist>
<parameterdescription>
<para>The component&apos;s group priority</para></parameterdescription>
</parameteritem>
</parameterlist>
<simplesect kind="return"><para>An tiz_rm_error_t error code </para></simplesect>
</para>        </detaileddescription>
        <inbodydescription>
        </inbodydescription>
        <location file="/home/joni/work/tizonia-master/rm/tizrmd/src/tizrmd.hpp" line="95" column="1" bodyfile="/home/joni/work/tizonia-master/rm/tizrmd/src/tizrmd.cpp" bodystart="173" bodyend="228"/>
      </memberdef>
      <memberdef kind="function" id="classtizrmd_1ab840b13ab4fd2388cae243242e2fd468" prot="public" static="no" const="no" explicit="no" inline="no" virt="non-virtual">
        <type>int32_t</type>
        <definition>int32_t tizrmd::wait</definition>
        <argsstring>(const uint32_t &amp;rid, const uint32_t &amp;quantity, const std::string &amp;cname, const std::vector&lt; uint8_t &gt; &amp;uuid, const uint32_t &amp;grpid, const uint32_t &amp;pri)</argsstring>
        <name>wait</name>
        <param>
          <type>const uint32_t &amp;</type>
          <declname>rid</declname>
        </param>
        <param>
          <type>const uint32_t &amp;</type>
          <declname>quantity</declname>
        </param>
        <param>
          <type>const std::string &amp;</type>
          <declname>cname</declname>
        </param>
        <param>
          <type>const std::vector&lt; uint8_t &gt; &amp;</type>
          <declname>uuid</declname>
        </param>
        <param>
          <type>const uint32_t &amp;</type>
          <declname>grpid</declname>
        </param>
        <param>
          <type>const uint32_t &amp;</type>
          <declname>pri</declname>
        </param>
        <briefdescription>
<para>RM API for OMX_StateWaitForResources. </para>        </briefdescription>
        <detaileddescription>
<para><parameterlist kind="param"><parameteritem>
<parameternamelist>
<parametername>rid</parametername>
</parameternamelist>
<parameterdescription>
<para>The resource identifier </para></parameterdescription>
</parameteritem>
<parameteritem>
<parameternamelist>
<parametername>quantity</parametername>
</parameternamelist>
<parameterdescription>
<para>The amount of resource required </para></parameterdescription>
</parameteritem>
<parameteritem>
<parameternamelist>
<parametername>cname</parametername>
</parameternamelist>
<parameterdescription>
<para>The OpenMAX IL component&apos;s name </para></parameterdescription>
</parameteritem>
<parameteritem>
<parameternamelist>
<parametername>uuid</parametername>
</parameternamelist>
<parameterdescription>
<para>The component&apos;s uuid </para></parameterdescription>
</parameteritem>
<parameteritem>
<parameternamelist>
<parametername>grpid</parametername>
</parameternamelist>
<parameterdescription>
<para>The component&apos;s group </para></parameterdescription>
</parameteritem>
<parameteritem>
<parameternamelist>
<parametername>pri</parametername>
</parameternamelist>
<parameterdescription>
<para>The component&apos;s group priority</para></parameterdescription>
</parameteritem>
</parameterlist>
<simplesect kind="return"><para>An tiz_rm_error_t error code </para></simplesect>
</para>        </detaileddescription>
        <inbodydescription>
        </inbodydescription>
        <location file="/home/joni/work/tizonia-master/rm/tizrmd/src/tizrmd.hpp" line="111" column="1" bodyfile="/home/joni/work/tizonia-master/rm/tizrmd/src/tizrmd.cpp" bodystart="230" bodyend="297"/>
      </memberdef>
      <memberdef kind="function" id="classtizrmd_1af12960209cdcd523f083654e40c4f19e" prot="public" static="no" const="no" explicit="no" inline="no" virt="non-virtual">
        <type>int32_t</type>
        <definition>int32_t tizrmd::cancel_wait</definition>
        <argsstring>(const uint32_t &amp;rid, const uint32_t &amp;quantity, const std::string &amp;cname, const std::vector&lt; uint8_t &gt; &amp;uuid, const uint32_t &amp;grpid, const uint32_t &amp;pri)</argsstring>
        <name>cancel_wait</name>
        <param>
          <type>const uint32_t &amp;</type>
          <declname>rid</declname>
        </param>
        <param>
          <type>const uint32_t &amp;</type>
          <declname>quantity</declname>
        </param>
        <param>
          <type>const std::string &amp;</type>
          <declname>cname</declname>
        </param>
        <param>
          <type>const std::vector&lt; uint8_t &gt; &amp;</type>
          <declname>uuid</declname>
        </param>
        <param>
          <type>const uint32_t &amp;</type>
          <declname>grpid</declname>
        </param>
        <param>
          <type>const uint32_t &amp;</type>
          <declname>pri</declname>
        </param>
        <briefdescription>
<para>RM API for. </para>        </briefdescription>
        <detaileddescription>
<para><parameterlist kind="param"><parameteritem>
<parameternamelist>
<parametername>rid</parametername>
</parameternamelist>
<parameterdescription>
<para>The resource identifier </para></parameterdescription>
</parameteritem>
<parameteritem>
<parameternamelist>
<parametername>quantity</parametername>
</parameternamelist>
<parameterdescription>
<para>The amount of resource required </para></parameterdescription>
</parameteritem>
<parameteritem>
<parameternamelist>
<parametername>cname</parametername>
</parameternamelist>
<parameterdescription>
<para>The OpenMAX IL component&apos;s name </para></parameterdescription>
</parameteritem>
<parameteritem>
<parameternamelist>
<parametername>uuid</parametername>
</parameternamelist>
<parameterdescription>
<para>The component&apos;s uuid </para></parameterdescription>
</parameteritem>
<parameteritem>
<parameternamelist>
<parametername>grpid</parametername>
</parameternamelist>
<parameterdescription>
<para>The component&apos;s group </para></parameterdescription>
</parameteritem>
<parameteritem>
<parameternamelist>
<parametername>pri</parametername>
</parameternamelist>
<parameterdescription>
<para>The component&apos;s group priority</para></parameterdescription>
</parameteritem>
</parameterlist>
<simplesect kind="return"><para>An tiz_rm_error_t error code </para></simplesect>
</para>        </detaileddescription>
        <inbodydescription>
        </inbodydescription>
        <location file="/home/joni/work/tizonia-master/rm/tizrmd/src/tizrmd.hpp" line="127" column="1" bodyfile="/home/joni/work/tizonia-master/rm/tizrmd/src/tizrmd.cpp" bodystart="299" bodyend="332"/>
      </memberdef>
      <memberdef kind="function" id="classtizrmd_1a9371598b16020dc5193bdb216a0f1220" prot="public" static="no" const="no" explicit="no" inline="no" virt="non-virtual">
        <type>int32_t</type>
        <definition>int32_t tizrmd::preemption_conf</definition>
        <argsstring>(const uint32_t &amp;rid, const uint32_t &amp;quantity, const std::string &amp;cname, const std::vector&lt; uint8_t &gt; &amp;uuid, const uint32_t &amp;grpid, const uint32_t &amp;pri)</argsstring>
        <name>preemption_conf</name>
        <param>
          <type>const uint32_t &amp;</type>
          <declname>rid</declname>
        </param>
        <param>
          <type>const uint32_t &amp;</type>
          <declname>quantity</declname>
        </param>
        <param>
          <type>const std::string &amp;</type>
          <declname>cname</declname>
        </param>
        <param>
          <type>const std::vector&lt; uint8_t &gt; &amp;</type>
          <declname>uuid</declname>
        </param>
        <param>
          <type>const uint32_t &amp;</type>
          <declname>grpid</declname>
        </param>
        <param>
          <type>const uint32_t &amp;</type>
          <declname>pri</declname>
        </param>
        <briefdescription>
<para>RM API for. </para>        </briefdescription>
        <detaileddescription>
<para><parameterlist kind="param"><parameteritem>
<parameternamelist>
<parametername>rid</parametername>
</parameternamelist>
<parameterdescription>
<para>The resource identifier </para></parameterdescription>
</parameteritem>
<parameteritem>
<parameternamelist>
<parametername>quantity</parametername>
</parameternamelist>
<parameterdescription>
<para>The amount of resource required </para></parameterdescription>
</parameteritem>
<parameteritem>
<parameternamelist>
<parametername>cname</parametername>
</parameternamelist>
<parameterdescription>
<para>The OpenMAX IL component&apos;s name </para></parameterdescription>
</parameteritem>
<parameteritem>
<parameternamelist>
<parametername>uuid</parametername>
</parameternamelist>
<parameterdescription>
<para>The component&apos;s uuid </para></parameterdescription>
</parameteritem>
<parameteritem>
<parameternamelist>
<parametername>grpid</parametername>
</parameternamelist>
<parameterdescription>
<para>The component&apos;s group </para></parameterdescription>
</parameteritem>
<parameteritem>
<parameternamelist>
<parametername>pri</parametername>
</parameternamelist>
<parameterdescription>
<para>The component&apos;s group priority</para></parameterdescription>
</parameteritem>
</parameterlist>
<simplesect kind="return"><para>An tiz_rm_error_t error code </para></simplesect>
</para>        </detaileddescription>
        <inbodydescription>
        </inbodydescription>
        <location file="/home/joni/work/tizonia-master/rm/tizrmd/src/tizrmd.hpp" line="144" column="1" bodyfile="/home/joni/work/tizonia-master/rm/tizrmd/src/tizrmd.cpp" bodystart="334" bodyend="409"/>
      </memberdef>
      <memberdef kind="function" id="classtizrmd_1a70695ca8a28b47eaa046151cd8617c1a" prot="public" static="no" const="no" explicit="no" inline="no" virt="non-virtual">
        <type>int32_t</type>
        <definition>int32_t tizrmd::relinquish_all</definition>
        <argsstring>(const std::string &amp;cname, const std::vector&lt; unsigned char &gt; &amp;uuid)</argsstring>
        <name>relinquish_all</name>
        <param>
          <type>const std::string &amp;</type>
          <declname>cname</declname>
        </param>
        <param>
          <type>const std::vector&lt; unsigned char &gt; &amp;</type>
          <declname>uuid</declname>
        </param>
        <briefdescription>
<para>Release all currently allocated resources and cancel all allocation requests. </para>        </briefdescription>
        <detaileddescription>
<para><parameterlist kind="param"><parameteritem>
<parameternamelist>
<parametername>cname</parametername>
</parameternamelist>
<parameterdescription>
<para>The OpenMAX IL component&apos;s name </para></parameterdescription>
</parameteritem>
<parameteritem>
<parameternamelist>
<parametername>uuid</parametername>
</parameternamelist>
<parameterdescription>
<para>The component&apos;s uuid</para></parameterdescription>
</parameteritem>
</parameterlist>
<simplesect kind="return"><para>A tiz_rm_error_t error code </para></simplesect>
</para>        </detaileddescription>
        <inbodydescription>
        </inbodydescription>
        <location file="/home/joni/work/tizonia-master/rm/tizrmd/src/tizrmd.hpp" line="158" column="1" bodyfile="/home/joni/work/tizonia-master/rm/tizrmd/src/tizrmd.cpp" bodystart="411" bodyend="431"/>
      </memberdef>
      </sectiondef>
    <briefdescription>
    </briefdescription>
    <detaileddescription>
    </detaileddescription>
    <inheritancegraph>
      <node id="2781">
        <label>Tiz::DBus::ObjectAdaptor</label>
      </node>
      <node id="2779">
        <label>com::aratelia::tiz::tizrmif_adaptor</label>
      </node>
      <node id="2778">
        <label>tizrmd</label>
        <link refid="classtizrmd"/>
        <childnode refid="2779" relation="public-inheritance">
        </childnode>
        <childnode refid="2780" relation="public-inheritance">
        </childnode>
        <childnode refid="2781" relation="public-inheritance">
        </childnode>
      </node>
      <node id="2780">
        <label>Tiz::DBus::IntrospectableAdaptor</label>
      </node>
    </inheritancegraph>
    <collaborationgraph>
      <node id="2785">
        <label>Tiz::DBus::ObjectAdaptor</label>
      </node>
      <node id="2783">
        <label>com::aratelia::tiz::tizrmif_adaptor</label>
      </node>
      <node id="2782">
        <label>tizrmd</label>
        <link refid="classtizrmd"/>
        <childnode refid="2783" relation="public-inheritance">
        </childnode>
        <childnode refid="2784" relation="public-inheritance">
        </childnode>
        <childnode refid="2785" relation="public-inheritance">
        </childnode>
      </node>
      <node id="2784">
        <label>Tiz::DBus::IntrospectableAdaptor</label>
      </node>
    </collaborationgraph>
    <location file="/home/joni/work/tizonia-master/rm/tizrmd/src/tizrmd.hpp" line="59" column="1" bodyfile="/home/joni/work/tizonia-master/rm/tizrmd/src/tizrmd.hpp" bodystart="55" bodyend="169"/>
    <listofallmembers>
      <member refid="classtizrmd_1aff6f27f4a8059805df6223ece464b4e1" prot="public" virt="non-virtual"><scope>tizrmd</scope><name>acquire</name></member>
      <member refid="classtizrmd_1af12960209cdcd523f083654e40c4f19e" prot="public" virt="non-virtual"><scope>tizrmd</scope><name>cancel_wait</name></member>
      <member refid="classtizrmd_1a9371598b16020dc5193bdb216a0f1220" prot="public" virt="non-virtual"><scope>tizrmd</scope><name>preemption_conf</name></member>
      <member refid="classtizrmd_1a1295198092ddd978e9dc8009909b2e94" prot="private" virt="non-virtual"><scope>tizrmd</scope><name>preemptions_</name></member>
      <member refid="classtizrmd_1a2b9a90e973c604c6339be591d748157a" prot="private" virt="non-virtual"><scope>tizrmd</scope><name>preemptlist_t</name></member>
      <member refid="classtizrmd_1aa477075a79b22e3db5d40ac4fe33d549" prot="public" virt="non-virtual"><scope>tizrmd</scope><name>release</name></member>
      <member refid="classtizrmd_1a70695ca8a28b47eaa046151cd8617c1a" prot="public" virt="non-virtual"><scope>tizrmd</scope><name>relinquish_all</name></member>
      <member refid="classtizrmd_1a38e9aa5586e0ceefe59940cf9c65680d" prot="private" virt="non-virtual"><scope>tizrmd</scope><name>rmdb_</name></member>
      <member refid="classtizrmd_1ac924be426fd4cb6ddcfc30f4106f1ef9" prot="public" virt="non-virtual"><scope>tizrmd</scope><name>tizrmd</name></member>
      <member refid="classtizrmd_1ab840b13ab4fd2388cae243242e2fd468" prot="public" virt="non-virtual"><scope>tizrmd</scope><name>wait</name></member>
      <member refid="classtizrmd_1a1fa176e2d8df0bbf177cc5a6e1c4d7ee" prot="private" virt="non-virtual"><scope>tizrmd</scope><name>waiters_</name></member>
      <member refid="classtizrmd_1a3a1950332228241211f3935f57f8da07" prot="private" virt="non-virtual"><scope>tizrmd</scope><name>waitlist_t</name></member>
      <member refid="classtizrmd_1acdcad3c573914fb7c6393241ccb1ed94" prot="public" virt="non-virtual"><scope>tizrmd</scope><name>~tizrmd</name></member>
    </listofallmembers>
  </compounddef>
</doxygen>
