<?xml version='1.0' encoding='UTF-8' standalone='no'?>
<doxygen xmlns:xsi="http://www.w3.org/2001/XMLSchema-instance" xsi:noNamespaceSchemaLocation="compound.xsd" version="1.8.11">
  <compounddef id="dir_2926d9b5770dd5cd5b4c3981d860e176" kind="dir">
    <compoundname>/home/joni/work/tizonia-master/clients/soundcloud/libtizsoundcloud/tests</compoundname>
    <innerfile refid="check__tizsoundcloud_8c">check_tizsoundcloud.c</innerfile>
    <briefdescription>
    </briefdescription>
    <detaileddescription>
    </detaileddescription>
    <location file="/home/joni/work/tizonia-master/clients/soundcloud/libtizsoundcloud/tests/"/>
  </compounddef>
</doxygen>
