<?xml version='1.0' encoding='UTF-8' standalone='no'?>
<doxygen xmlns:xsi="http://www.w3.org/2001/XMLSchema-instance" xsi:noNamespaceSchemaLocation="compound.xsd" version="1.8.11">
  <compounddef id="dir_f9fcf4379eefa931282554092c68051d" kind="dir">
    <compoundname>/home/joni/work/tizonia-master/clients/soundcloud/libtizsoundcloud/src</compoundname>
    <innerfile refid="tizsoundcloud_8cpp">tizsoundcloud.cpp</innerfile>
    <innerfile refid="tizsoundcloud_8hpp">tizsoundcloud.hpp</innerfile>
    <innerfile refid="tizsoundcloud__c_8cpp">tizsoundcloud_c.cpp</innerfile>
    <innerfile refid="tizsoundcloud__c_8h">tizsoundcloud_c.h</innerfile>
    <briefdescription>
    </briefdescription>
    <detaileddescription>
    </detaileddescription>
    <location file="/home/joni/work/tizonia-master/clients/soundcloud/libtizsoundcloud/src/"/>
  </compounddef>
</doxygen>
