<?xml version='1.0' encoding='UTF-8' standalone='no'?>
<doxygen xmlns:xsi="http://www.w3.org/2001/XMLSchema-instance" xsi:noNamespaceSchemaLocation="compound.xsd" version="1.8.11">
  <compounddef id="dir_a3fae0d8550a3c7ec5865aabbceed1f1" kind="dir">
    <compoundname>/home/joni/work/tizonia-master/plugins/vp8_decoder/src</compoundname>
    <innerfile refid="vp8d_8c">vp8d.c</innerfile>
    <innerfile refid="vp8d_8h">vp8d.h</innerfile>
    <innerfile refid="vp8dinport_8c">vp8dinport.c</innerfile>
    <innerfile refid="vp8dinport_8h">vp8dinport.h</innerfile>
    <innerfile refid="vp8dinport__decls_8h">vp8dinport_decls.h</innerfile>
    <innerfile refid="vp8dprc_8c">vp8dprc.c</innerfile>
    <innerfile refid="vp8dprc_8h">vp8dprc.h</innerfile>
    <innerfile refid="vp8dprc__decls_8h">vp8dprc_decls.h</innerfile>
    <briefdescription>
    </briefdescription>
    <detaileddescription>
    </detaileddescription>
    <location file="/home/joni/work/tizonia-master/plugins/vp8_decoder/src/"/>
  </compounddef>
</doxygen>
