<?xml version='1.0' encoding='UTF-8' standalone='no'?>
<doxygen xmlns:xsi="http://www.w3.org/2001/XMLSchema-instance" xsi:noNamespaceSchemaLocation="compound.xsd" version="1.8.11">
  <compounddef id="dir_81ff04733a1472781237955e18b5158d" kind="dir">
    <compoundname>/home/joni/work/tizonia-master/rm/tizrmd/dbus</compoundname>
    <innerfile refid="tizrmtypes_8h">tizrmtypes.h</innerfile>
    <briefdescription>
    </briefdescription>
    <detaileddescription>
    </detaileddescription>
    <location file="/home/joni/work/tizonia-master/rm/tizrmd/dbus/"/>
  </compounddef>
</doxygen>
