<?xml version='1.0' encoding='UTF-8' standalone='no'?>
<doxygen xmlns:xsi="http://www.w3.org/2001/XMLSchema-instance" xsi:noNamespaceSchemaLocation="compound.xsd" version="1.8.11">
  <compounddef id="dir_b4481a7f2c9a430c3d6a1c5b24d74657" kind="dir">
    <compoundname>/home/joni/work/tizonia-master/plugins/pcm_decoder</compoundname>
    <innerdir refid="dir_328ab428c6d0df67ea6dd6100913f7ce">/home/joni/work/tizonia-master/plugins/pcm_decoder/src</innerdir>
    <briefdescription>
    </briefdescription>
    <detaileddescription>
    </detaileddescription>
    <location file="/home/joni/work/tizonia-master/plugins/pcm_decoder/"/>
  </compounddef>
</doxygen>
