<?xml version='1.0' encoding='UTF-8' standalone='no'?>
<doxygen xmlns:xsi="http://www.w3.org/2001/XMLSchema-instance" xsi:noNamespaceSchemaLocation="compound.xsd" version="1.8.11">
  <compounddef id="dir_058e86a444b94221555b866f0255b2ef" kind="dir">
    <compoundname>/home/joni/work/tizonia-master/plugins/mpeg_audio_decoder/src</compoundname>
    <innerfile refid="mpg123d_8c">mpg123d.c</innerfile>
    <innerfile refid="mpg123d_8h">mpg123d.h</innerfile>
    <innerfile refid="mpg123dprc_8c">mpg123dprc.c</innerfile>
    <innerfile refid="mpg123dprc_8h">mpg123dprc.h</innerfile>
    <innerfile refid="mpg123dprc__decls_8h">mpg123dprc_decls.h</innerfile>
    <briefdescription>
    </briefdescription>
    <detaileddescription>
    </detaileddescription>
    <location file="/home/joni/work/tizonia-master/plugins/mpeg_audio_decoder/src/"/>
  </compounddef>
</doxygen>
