<?xml version='1.0' encoding='UTF-8' standalone='no'?>
<doxygen xmlns:xsi="http://www.w3.org/2001/XMLSchema-instance" xsi:noNamespaceSchemaLocation="compound.xsd" version="1.8.11">
  <compounddef id="dir_f57d842a5e975e7e992b383cbb403320" kind="dir">
    <compoundname>/home/joni/work/tizonia-master/plugins/chromecast_renderer</compoundname>
    <innerdir refid="dir_bb0c135a183c15d28592d04bafdd7a82">/home/joni/work/tizonia-master/plugins/chromecast_renderer/src</innerdir>
    <briefdescription>
    </briefdescription>
    <detaileddescription>
    </detaileddescription>
    <location file="/home/joni/work/tizonia-master/plugins/chromecast_renderer/"/>
  </compounddef>
</doxygen>
