<?xml version='1.0' encoding='UTF-8' standalone='no'?>
<doxygen xmlns:xsi="http://www.w3.org/2001/XMLSchema-instance" xsi:noNamespaceSchemaLocation="compound.xsd" version="1.8.11">
  <compounddef id="group__tizevent" kind="group">
    <compoundname>tizevent</compoundname>
    <title>Global event loop, async io and timers.</title>
      <sectiondef kind="typedef">
      <memberdef kind="typedef" id="group__tizevent_1gae7a73afe22b85074857bb317a8659112" prot="public" static="no">
        <type>struct <ref refid="structtiz__event__io" kindref="compound">tiz_event_io</ref></type>
        <definition>typedef struct tiz_event_io tiz_event_io_t</definition>
        <argsstring></argsstring>
        <name>tiz_event_io_t</name>
        <briefdescription>
        </briefdescription>
        <detaileddescription>
<para>Handle to an io event </para>        </detaileddescription>
        <inbodydescription>
        </inbodydescription>
        <location file="/home/joni/work/tizonia-master/libtizplatform/src/tizev.h" line="227" column="1" bodyfile="/home/joni/work/tizonia-master/libtizplatform/src/tizev.h" bodystart="54" bodyend="-1"/>
      </memberdef>
      <memberdef kind="typedef" id="group__tizevent_1ga61beba9d851389a306528773ddd9a8ad" prot="public" static="no">
        <type>struct <ref refid="structtiz__event__timer" kindref="compound">tiz_event_timer</ref></type>
        <definition>typedef struct tiz_event_timer tiz_event_timer_t</definition>
        <argsstring></argsstring>
        <name>tiz_event_timer_t</name>
        <briefdescription>
        </briefdescription>
        <detaileddescription>
<para>Handle to a timer event </para>        </detaileddescription>
        <inbodydescription>
        </inbodydescription>
        <location file="/home/joni/work/tizonia-master/libtizplatform/src/tizev.h" line="227" column="1" bodyfile="/home/joni/work/tizonia-master/libtizplatform/src/tizev.h" bodystart="60" bodyend="-1"/>
      </memberdef>
      <memberdef kind="typedef" id="group__tizevent_1ga931c3365eb26ccdc029967af0c381f19" prot="public" static="no">
        <type>struct <ref refid="structtiz__event__stat" kindref="compound">tiz_event_stat</ref></type>
        <definition>typedef struct tiz_event_stat tiz_event_stat_t</definition>
        <argsstring></argsstring>
        <name>tiz_event_stat_t</name>
        <briefdescription>
        </briefdescription>
        <detaileddescription>
<para>Handle to a file status change event </para>        </detaileddescription>
        <inbodydescription>
        </inbodydescription>
        <location file="/home/joni/work/tizonia-master/libtizplatform/src/tizev.h" line="227" column="1" bodyfile="/home/joni/work/tizonia-master/libtizplatform/src/tizev.h" bodystart="66" bodyend="-1"/>
      </memberdef>
      <memberdef kind="typedef" id="group__tizevent_1ga9335be6fe0430667a10ebcccc22e9b60" prot="public" static="no">
        <type>void(*</type>
        <definition>typedef void(* tiz_event_io_cb_f) (void *ap_arg0, tiz_event_io_t *ap_ev_io, void *ap_arg1, const uint32_t a_id, int a_fd, int a_events)</definition>
        <argsstring>)(void *ap_arg0, tiz_event_io_t *ap_ev_io, void *ap_arg1, const uint32_t a_id, int a_fd, int a_events)</argsstring>
        <name>tiz_event_io_cb_f</name>
        <briefdescription>
        </briefdescription>
        <detaileddescription>
<para>Callback prototype for io events</para><para><parameterlist kind="param"><parameteritem>
<parameternamelist>
<parametername>p_ev_io</parametername>
</parameternamelist>
<parameterdescription>
<para>The io event being notified</para></parameterdescription>
</parameteritem>
<parameteritem>
<parameternamelist>
<parametername>fd</parametername>
</parameternamelist>
<parameterdescription>
<para>The associated file descriptor</para></parameterdescription>
</parameteritem>
<parameteritem>
<parameternamelist>
<parametername>events</parametername>
</parameternamelist>
<parameterdescription>
<para>The event types notified </para></parameterdescription>
</parameteritem>
</parameterlist>
</para>        </detaileddescription>
        <inbodydescription>
        </inbodydescription>
        <location file="/home/joni/work/tizonia-master/libtizplatform/src/tizev.h" line="79" column="1" bodyfile="/home/joni/work/tizonia-master/libtizplatform/src/tizev.h" bodystart="79" bodyend="-1"/>
      </memberdef>
      </sectiondef>
      <sectiondef kind="func">
      <memberdef kind="function" id="group__tizevent_1ga76ce116973179328493aed3e5554a754" prot="public" static="no" const="no" explicit="no" inline="no" virt="non-virtual">
        <type>OMX_ERRORTYPE</type>
        <definition>OMX_ERRORTYPE tiz_event_loop_init</definition>
        <argsstring>(void)</argsstring>
        <name>tiz_event_loop_init</name>
        <param>
          <type>void</type>
        </param>
        <briefdescription>
        </briefdescription>
        <detaileddescription>
<para>Explicit initialisation of the global event loop. The loop is hosted in its own thread which is spawned the first time this function or any other function in this module are called. Therefore it is not mandatory to call this function in order to instantiate the global event loop. This is only useful if for some reason the initialization cannot be done at the same time as the first use.</para><para><simplesect kind="return"><para>OMX_ErrorNone if success, OMX_ErrorInsufficientResources otherwise. </para></simplesect>
</para>        </detaileddescription>
        <inbodydescription>
        </inbodydescription>
        <location file="/home/joni/work/tizonia-master/libtizplatform/src/tizev.h" line="114" column="1" bodyfile="/home/joni/work/tizonia-master/libtizplatform/src/tizev.c" bodystart="1180" bodyend="1183"/>
      </memberdef>
      <memberdef kind="function" id="group__tizevent_1ga4d54807c6fe040229cca556b8bd52648" prot="public" static="no" const="no" explicit="no" inline="no" virt="non-virtual">
        <type>void</type>
        <definition>void tiz_event_loop_destroy</definition>
        <argsstring>(void)</argsstring>
        <name>tiz_event_loop_destroy</name>
        <param>
          <type>void</type>
        </param>
        <briefdescription>
        </briefdescription>
        <detaileddescription>
<para>Explicit destruction of the global event loop. WARNING: After this function, the event loop cannot be recreated in the current process. Therefore, if this function is used, the caller should guarantee that the global event loop is no longer needed. </para>        </detaileddescription>
        <inbodydescription>
        </inbodydescription>
        <location file="/home/joni/work/tizonia-master/libtizplatform/src/tizev.h" line="126" column="1" bodyfile="/home/joni/work/tizonia-master/libtizplatform/src/tizev.c" bodystart="1186" bodyend="1209"/>
      </memberdef>
      </sectiondef>
    <briefdescription>
    </briefdescription>
    <detaileddescription>
<para>Global event loop, async io and timers. </para>    </detaileddescription>
  </compounddef>
</doxygen>
