<?xml version='1.0' encoding='UTF-8' standalone='no'?>
<doxygen xmlns:xsi="http://www.w3.org/2001/XMLSchema-instance" xsi:noNamespaceSchemaLocation="compound.xsd" version="1.8.11">
  <compounddef id="group__tizwebmdemux" kind="group">
    <compoundname>tizwebmdemux</compoundname>
    <title>&apos;tizwebmdemux&apos; : OpenMAX IL WebM Demuxer</title>
    <briefdescription>
    </briefdescription>
    <detaileddescription>
<para><itemizedlist>
<listitem><para>Component name : &quot;OMX.Aratelia.container_demuxer.webm&quot;</para></listitem><listitem><para>Implements role: &quot;container_demuxer.source.webm&quot;</para></listitem><listitem><para>Implements role: &quot;container_demuxer.filter.webm&quot; </para></listitem></itemizedlist>
</para>    </detaileddescription>
  </compounddef>
</doxygen>
