<?xml version='1.0' encoding='UTF-8' standalone='no'?>
<doxygen xmlns:xsi="http://www.w3.org/2001/XMLSchema-instance" xsi:noNamespaceSchemaLocation="compound.xsd" version="1.8.11">
  <compounddef id="group__tizatomic" kind="group">
    <compoundname>tizatomic</compoundname>
    <title>Atomic operations</title>
      <sectiondef kind="typedef">
      <memberdef kind="typedef" id="group__tizatomic_1ga2b73653e002f3f569ebaf114b1f5a5f2" prot="public" static="no">
        <type>struct <ref refid="structtiz__atomic__var" kindref="compound">tiz_atomic_var</ref></type>
        <definition>typedef struct tiz_atomic_var tiz_atomic_var_t</definition>
        <argsstring></argsstring>
        <name>tiz_atomic_var_t</name>
        <briefdescription>
        </briefdescription>
        <detaileddescription>
<para>Atomic variable opaque handle. </para>        </detaileddescription>
        <inbodydescription>
        </inbodydescription>
        <location file="/home/joni/work/tizonia-master/libtizplatform/src/tizatomic.h" line="48" column="1" bodyfile="/home/joni/work/tizonia-master/libtizplatform/src/tizatomic.h" bodystart="51" bodyend="-1"/>
      </memberdef>
      </sectiondef>
      <sectiondef kind="func">
      <memberdef kind="function" id="group__tizatomic_1gadf1fcd2a14f24d23df596d17abf6db15" prot="public" static="no" const="no" explicit="no" inline="no" virt="non-virtual">
        <type>OMX_ERRORTYPE</type>
        <definition>OMX_ERRORTYPE tiz_atomic_var_init</definition>
        <argsstring>(tiz_atomic_var_ptr_t *app_atomic_var)</argsstring>
        <name>tiz_atomic_var_init</name>
        <param>
          <type><ref refid="structtiz__atomic__var" kindref="compound">tiz_atomic_var_ptr_t</ref> *</type>
          <declname>app_atomic_var</declname>
        </param>
        <briefdescription>
        </briefdescription>
        <detaileddescription>
<para>Create a new atomic binary variable.</para><para><parameterlist kind="param"><parameteritem>
<parameternamelist>
<parametername>app_atomic_var</parametername>
</parameternamelist>
<parameterdescription>
<para>An atomic variable opaque handle to be initialised. </para></parameterdescription>
</parameteritem>
</parameterlist>
<simplesect kind="return"><para>OMX_ErrorNone if success, OMX_ErrorUndefined otherwise. </para></simplesect>
</para>        </detaileddescription>
        <inbodydescription>
        </inbodydescription>
        <location file="/home/joni/work/tizonia-master/libtizplatform/src/tizatomic.h" line="62" column="1"/>
      </memberdef>
      <memberdef kind="function" id="group__tizatomic_1gab586c8e84079fdf61c911df018d192e3" prot="public" static="no" const="no" explicit="no" inline="no" virt="non-virtual">
        <type>OMX_ERRORTYPE</type>
        <definition>OMX_ERRORTYPE tiz_atomic_var_test_and_set</definition>
        <argsstring>(tiz_atomic_var_t *ap_atomic_var)</argsstring>
        <name>tiz_atomic_var_test_and_set</name>
        <param>
          <type><ref refid="group__tizatomic_1ga2b73653e002f3f569ebaf114b1f5a5f2" kindref="member">tiz_atomic_var_t</ref> *</type>
          <declname>ap_atomic_var</declname>
        </param>
        <briefdescription>
        </briefdescription>
        <detaileddescription>
<para>Atomic test and set.</para><para><parameterlist kind="param"><parameteritem>
<parameternamelist>
<parametername>app_atomic_var</parametername>
</parameternamelist>
<parameterdescription>
<para>An atomic variable opaque handle. </para></parameterdescription>
</parameteritem>
</parameterlist>
<simplesect kind="return"><para>OMX_ErrorNone if success, OMX_ErrorUndefined otherwise. </para></simplesect>
</para>        </detaileddescription>
        <inbodydescription>
        </inbodydescription>
        <location file="/home/joni/work/tizonia-master/libtizplatform/src/tizatomic.h" line="72" column="1"/>
      </memberdef>
      <memberdef kind="function" id="group__tizatomic_1gae62b3ec4102a5709f96e3447a67e09a4" prot="public" static="no" const="no" explicit="no" inline="no" virt="non-virtual">
        <type>void</type>
        <definition>void tiz_atomic_var_destroy</definition>
        <argsstring>(tiz_atomic_var_t *ap_atomic_var)</argsstring>
        <name>tiz_atomic_var_destroy</name>
        <param>
          <type><ref refid="group__tizatomic_1ga2b73653e002f3f569ebaf114b1f5a5f2" kindref="member">tiz_atomic_var_t</ref> *</type>
          <declname>ap_atomic_var</declname>
        </param>
        <briefdescription>
        </briefdescription>
        <detaileddescription>
<para>Destroy the atomic binary variable. <parameterlist kind="param"><parameteritem>
<parameternamelist>
<parametername>app_atomic_var</parametername>
</parameternamelist>
<parameterdescription>
<para>An atomic variable opaque handle. </para></parameterdescription>
</parameteritem>
</parameterlist>
</para>        </detaileddescription>
        <inbodydescription>
        </inbodydescription>
        <location file="/home/joni/work/tizonia-master/libtizplatform/src/tizatomic.h" line="80" column="1" bodyfile="/home/joni/work/tizonia-master/libtizplatform/src/tizatomic.c" bodystart="144" bodyend="147"/>
      </memberdef>
      </sectiondef>
    <briefdescription>
    </briefdescription>
    <detaileddescription>
<para>Atomic operations. This module is work-in-progress. </para>    </detaileddescription>
  </compounddef>
</doxygen>
