<?xml version='1.0' encoding='UTF-8' standalone='no'?>
<doxygen xmlns:xsi="http://www.w3.org/2001/XMLSchema-instance" xsi:noNamespaceSchemaLocation="compound.xsd" version="1.8.11">
  <compounddef id="group__libtizvorbisdec" kind="group">
    <compoundname>libtizvorbisdec</compoundname>
    <title>&apos;libtizvorbisdec&apos; : OpenMAX IL Vorbis decoder</title>
    <briefdescription>
    </briefdescription>
    <detaileddescription>
<para><itemizedlist>
<listitem><para>Component name : &quot;OMX.Aratelia.audio_decoder.vorbis&quot;</para></listitem><listitem><para>Implements role: &quot;audio_decoder.vorbis&quot; </para></listitem></itemizedlist>
</para>    </detaileddescription>
  </compounddef>
</doxygen>
