<?xml version='1.0' encoding='UTF-8' standalone='no'?>
<doxygen xmlns:xsi="http://www.w3.org/2001/XMLSchema-instance" xsi:noNamespaceSchemaLocation="compound.xsd" version="1.8.11">
  <compounddef id="group__libtizfr" kind="group">
    <compoundname>libtizfr</compoundname>
    <title>&apos;libtizfr&apos; : OpenMAX IL binary file reader</title>
    <briefdescription>
    </briefdescription>
    <detaileddescription>
<para><itemizedlist>
<listitem><para>Component name : &quot;OMX.Aratelia.file_reader.binary&quot;</para></listitem><listitem><para>Implements role: &quot;audio_reader.binary&quot;</para></listitem><listitem><para>Implements role: &quot;video_reader.binary&quot;</para></listitem><listitem><para>Implements role: &quot;image_reader.binary&quot;</para></listitem><listitem><para>Implements role: &quot;other_reader.binary&quot; </para></listitem></itemizedlist>
</para>    </detaileddescription>
  </compounddef>
</doxygen>
