<?xml version='1.0' encoding='UTF-8' standalone='no'?>
<doxygen xmlns:xsi="http://www.w3.org/2001/XMLSchema-instance" xsi:noNamespaceSchemaLocation="compound.xsd" version="1.8.11">
  <compounddef id="group__map" kind="group">
    <compoundname>map</compoundname>
    <title>Associative array</title>
      <sectiondef kind="func">
      <memberdef kind="function" id="group__map_1gab971a243f7b0f9b2082530575f8a477b" prot="public" static="no" const="no" explicit="no" inline="no" virt="non-virtual">
        <type>OMX_ERRORTYPE</type>
        <definition>OMX_ERRORTYPE tiz_map_init</definition>
        <argsstring>(tiz_map_t **app_map, tiz_map_cmp_f a_pf_cmp, tiz_map_free_f a_pf_free, tiz_soa_t *ap_soa)</argsstring>
        <name>tiz_map_init</name>
        <param>
          <type><ref refid="structtiz__map" kindref="compound">tiz_map_t</ref> **</type>
          <declname>app_map</declname>
        </param>
        <param>
          <type>tiz_map_cmp_f</type>
          <declname>a_pf_cmp</declname>
        </param>
        <param>
          <type>tiz_map_free_f</type>
          <declname>a_pf_free</declname>
        </param>
        <param>
          <type><ref refid="structtiz__soa" kindref="compound">tiz_soa_t</ref> *</type>
          <declname>ap_soa</declname>
        </param>
        <briefdescription>
        </briefdescription>
        <detaileddescription>
<para>Initializes a new empty map.</para><para><parameterlist kind="param"><parameteritem>
<parameternamelist>
<parametername>a_pf_cmp</parametername>
</parameternamelist>
<parameterdescription>
<para>A comparison function for map keys. This function should return negative, 0, or positive values when a comparison result that is less than, equal or greater than).</para></parameterdescription>
</parameteritem>
<parameteritem>
<parameternamelist>
<parametername>a_pf_free</parametername>
</parameternamelist>
<parameterdescription>
<para>A function to free the key-value pair of a map item.</para></parameterdescription>
</parameteritem>
<parameteritem>
<parameternamelist>
<parametername>ap_soa</parametername>
</parameternamelist>
<parameterdescription>
<para>The Tizonia&apos;s small object allocator to allocate from. Or NULL if the Tizonia&apos;s default allocation/deallocation routines should be used instead.</para></parameterdescription>
</parameteritem>
</parameterlist>
<simplesect kind="return"><para>OMX_ErrorNone if success, OMX_ErrorInsufficientResources otherwise </para></simplesect>
</para>        </detaileddescription>
        <inbodydescription>
        </inbodydescription>
        <location file="/home/joni/work/tizonia-master/libtizplatform/src/tizmap.c" line="145" column="1" bodyfile="/home/joni/work/tizonia-master/libtizplatform/src/tizmap.c" bodystart="145" bodyend="173"/>
      </memberdef>
      </sectiondef>
    <briefdescription>
    </briefdescription>
    <detaileddescription>
<para>Based on the avl tree implementation by Sam Rushing <ulink url="mailto:rushing@nightmare.com">rushing@nightmare.com</ulink> </para>    </detaileddescription>
  </compounddef>
</doxygen>
