<?xml version='1.0' encoding='UTF-8' standalone='no'?>
<doxygen xmlns:xsi="http://www.w3.org/2001/XMLSchema-instance" xsi:noNamespaceSchemaLocation="compound.xsd" version="1.8.11">
  <compounddef id="httpsrcprc__decls_8h" kind="file" language="C++">
    <compoundname>httpsrcprc_decls.h</compoundname>
    <includes local="no">stdbool.h</includes>
    <includes local="no">OMX_Core.h</includes>
    <includes refid="tizprc__decls_8h" local="no">tizprc_decls.h</includes>
    <includes refid="tizplatform_8h" local="no">tizplatform.h</includes>
    <includedby refid="httpsrcprc_8c" local="yes">/home/joni/work/tizonia-master/plugins/http_source/src/httpsrcprc.c</includedby>
    <incdepgraph>
      <node id="11104">
        <label>stdbool.h</label>
      </node>
      <node id="11140">
        <label>stdarg.h</label>
      </node>
      <node id="11124">
        <label>tizbuffer.h</label>
        <link refid="tizbuffer_8h_source"/>
        <childnode refid="11105" relation="include">
        </childnode>
        <childnode refid="11111" relation="include">
        </childnode>
      </node>
      <node id="11127">
        <label>tizuuid.h</label>
        <link refid="tizuuid_8h_source"/>
        <childnode refid="11111" relation="include">
        </childnode>
      </node>
      <node id="11126">
        <label>tizthread.h</label>
        <link refid="tizthread_8h_source"/>
        <childnode refid="11105" relation="include">
        </childnode>
        <childnode refid="11111" relation="include">
        </childnode>
        <childnode refid="11120" relation="include">
        </childnode>
      </node>
      <node id="11123">
        <label>stdint.h</label>
      </node>
      <node id="11105">
        <label>OMX_Core.h</label>
      </node>
      <node id="11108">
        <label>tizplatform.h</label>
        <link refid="tizplatform_8h_source"/>
        <childnode refid="11109" relation="include">
        </childnode>
        <childnode refid="11117" relation="include">
        </childnode>
        <childnode refid="11114" relation="include">
        </childnode>
        <childnode refid="11119" relation="include">
        </childnode>
        <childnode refid="11121" relation="include">
        </childnode>
        <childnode refid="11124" relation="include">
        </childnode>
        <childnode refid="11125" relation="include">
        </childnode>
        <childnode refid="11120" relation="include">
        </childnode>
        <childnode refid="11126" relation="include">
        </childnode>
        <childnode refid="11127" relation="include">
        </childnode>
        <childnode refid="11110" relation="include">
        </childnode>
        <childnode refid="11128" relation="include">
        </childnode>
        <childnode refid="11122" relation="include">
        </childnode>
        <childnode refid="11129" relation="include">
        </childnode>
        <childnode refid="11130" relation="include">
        </childnode>
        <childnode refid="11131" relation="include">
        </childnode>
        <childnode refid="11132" relation="include">
        </childnode>
        <childnode refid="11133" relation="include">
        </childnode>
        <childnode refid="11134" relation="include">
        </childnode>
        <childnode refid="11135" relation="include">
        </childnode>
      </node>
      <node id="11139">
        <label>tizobject_decls.h</label>
        <link refid="tizobject__decls_8h_source"/>
        <childnode refid="11116" relation="include">
        </childnode>
        <childnode refid="11140" relation="include">
        </childnode>
      </node>
      <node id="11138">
        <label>tizapi_decls.h</label>
        <link refid="tizapi__decls_8h_source"/>
        <childnode refid="11139" relation="include">
        </childnode>
      </node>
      <node id="11112">
        <label>OMX_Component.h</label>
      </node>
      <node id="11122">
        <label>tizsoa.h</label>
        <link refid="tizsoa_8h_source"/>
        <childnode refid="11116" relation="include">
        </childnode>
        <childnode refid="11123" relation="include">
        </childnode>
        <childnode refid="11111" relation="include">
        </childnode>
        <childnode refid="11105" relation="include">
        </childnode>
      </node>
      <node id="11106">
        <label>tizprc_decls.h</label>
        <link refid="tizprc__decls_8h_source"/>
        <childnode refid="11105" relation="include">
        </childnode>
        <childnode refid="11107" relation="include">
        </childnode>
        <childnode refid="11136" relation="include">
        </childnode>
      </node>
      <node id="11109">
        <label>tizmacros.h</label>
        <link refid="tizmacros_8h_source"/>
        <childnode refid="11110" relation="include">
        </childnode>
        <childnode refid="11116" relation="include">
        </childnode>
      </node>
      <node id="11116">
        <label>stddef.h</label>
      </node>
      <node id="11133">
        <label>tizprintf.h</label>
        <link refid="tizprintf_8h_source"/>
      </node>
      <node id="11119">
        <label>tizqueue.h</label>
        <link refid="tizqueue_8h_source"/>
        <childnode refid="11105" relation="include">
        </childnode>
        <childnode refid="11111" relation="include">
        </childnode>
        <childnode refid="11120" relation="include">
        </childnode>
      </node>
      <node id="11118">
        <label>log4c.h</label>
      </node>
      <node id="11115">
        <label>sys/types.h</label>
      </node>
      <node id="11114">
        <label>tizmem.h</label>
        <link refid="tizmem_8h_source"/>
        <childnode refid="11115" relation="include">
        </childnode>
        <childnode refid="11111" relation="include">
        </childnode>
      </node>
      <node id="11128">
        <label>tizrc.h</label>
        <link refid="tizrc_8h_source"/>
        <childnode refid="11105" relation="include">
        </childnode>
        <childnode refid="11111" relation="include">
        </childnode>
      </node>
      <node id="11121">
        <label>tizpqueue.h</label>
        <link refid="tizpqueue_8h_source"/>
        <childnode refid="11105" relation="include">
        </childnode>
        <childnode refid="11111" relation="include">
        </childnode>
        <childnode refid="11122" relation="include">
        </childnode>
      </node>
      <node id="11111">
        <label>OMX_Types.h</label>
      </node>
      <node id="11120">
        <label>tizsync.h</label>
        <link refid="tizsync_8h_source"/>
        <childnode refid="11105" relation="include">
        </childnode>
        <childnode refid="11111" relation="include">
        </childnode>
      </node>
      <node id="11117">
        <label>tizlog.h</label>
        <link refid="tizlog_8h_source"/>
        <childnode refid="11118" relation="include">
        </childnode>
      </node>
      <node id="11130">
        <label>tizhttp.h</label>
        <link refid="tizhttp_8h_source"/>
        <childnode refid="11105" relation="include">
        </childnode>
        <childnode refid="11111" relation="include">
        </childnode>
      </node>
      <node id="11125">
        <label>tizvector.h</label>
        <link refid="tizvector_8h_source"/>
        <childnode refid="11105" relation="include">
        </childnode>
        <childnode refid="11111" relation="include">
        </childnode>
      </node>
      <node id="11107">
        <label>tizprc.h</label>
        <link refid="tizprc_8h_source"/>
        <childnode refid="11108" relation="include">
        </childnode>
      </node>
      <node id="11135">
        <label>tizurltransfer.h</label>
        <link refid="tizurltransfer_8h_source"/>
        <childnode refid="11112" relation="include">
        </childnode>
      </node>
      <node id="11134">
        <label>tizshufflelst.h</label>
        <link refid="tizshufflelst_8h_source"/>
        <childnode refid="11105" relation="include">
        </childnode>
        <childnode refid="11111" relation="include">
        </childnode>
      </node>
      <node id="11110">
        <label>tizomxutils.h</label>
        <link refid="tizomxutils_8h_source"/>
        <childnode refid="11111" relation="include">
        </childnode>
        <childnode refid="11112" relation="include">
        </childnode>
        <childnode refid="11113" relation="include">
        </childnode>
        <childnode refid="11105" relation="include">
        </childnode>
        <childnode refid="11114" relation="include">
        </childnode>
      </node>
      <node id="11137">
        <label>tizscheduler.h</label>
        <link refid="tizscheduler_8h_source"/>
        <childnode refid="11105" relation="include">
        </childnode>
        <childnode refid="11111" relation="include">
        </childnode>
        <childnode refid="11112" relation="include">
        </childnode>
        <childnode refid="11108" relation="include">
        </childnode>
      </node>
      <node id="11131">
        <label>tizmap.h</label>
        <link refid="tizmap_8h_source"/>
        <childnode refid="11104" relation="include">
        </childnode>
        <childnode refid="11105" relation="include">
        </childnode>
        <childnode refid="11111" relation="include">
        </childnode>
        <childnode refid="11122" relation="include">
        </childnode>
      </node>
      <node id="11136">
        <label>tizservant_decls.h</label>
        <link refid="tizservant__decls_8h_source"/>
        <childnode refid="11137" relation="include">
        </childnode>
        <childnode refid="11138" relation="include">
        </childnode>
      </node>
      <node id="11129">
        <label>tizev.h</label>
        <link refid="tizev_8h_source"/>
        <childnode refid="11104" relation="include">
        </childnode>
        <childnode refid="11123" relation="include">
        </childnode>
        <childnode refid="11105" relation="include">
        </childnode>
        <childnode refid="11111" relation="include">
        </childnode>
      </node>
      <node id="11132">
        <label>tizlimits.h</label>
        <link refid="tizlimits_8h_source"/>
      </node>
      <node id="11103">
        <label>/home/joni/work/tizonia-master/plugins/http_source/src/httpsrcprc_decls.h</label>
        <link refid="httpsrcprc_decls.h"/>
        <childnode refid="11104" relation="include">
        </childnode>
        <childnode refid="11105" relation="include">
        </childnode>
        <childnode refid="11106" relation="include">
        </childnode>
        <childnode refid="11108" relation="include">
        </childnode>
      </node>
      <node id="11113">
        <label>OMX_Audio.h</label>
      </node>
    </incdepgraph>
    <innerclass refid="structhttpsrc__prc" prot="public">httpsrc_prc</innerclass>
    <innerclass refid="structhttpsrc__prc__class" prot="public">httpsrc_prc_class</innerclass>
      <sectiondef kind="typedef">
      <memberdef kind="typedef" id="httpsrcprc__decls_8h_1a970aec5fdc924099476a46acede059d8" prot="public" static="no">
        <type>struct <ref refid="structhttpsrc__prc" kindref="compound">httpsrc_prc</ref></type>
        <definition>typedef struct httpsrc_prc httpsrc_prc_t</definition>
        <argsstring></argsstring>
        <name>httpsrc_prc_t</name>
        <briefdescription>
        </briefdescription>
        <detaileddescription>
        </detaileddescription>
        <inbodydescription>
        </inbodydescription>
        <location file="/home/joni/work/tizonia-master/plugins/http_source/src/httpsrcprc_decls.h" line="39" column="1" bodyfile="/home/joni/work/tizonia-master/plugins/http_source/src/httpsrcprc_decls.h" bodystart="43" bodyend="-1"/>
      </memberdef>
      <memberdef kind="typedef" id="httpsrcprc__decls_8h_1a055d008a4b86c0d8a7ed02093412e6a4" prot="public" static="no">
        <type>struct <ref refid="structhttpsrc__prc__class" kindref="compound">httpsrc_prc_class</ref></type>
        <definition>typedef struct httpsrc_prc_class httpsrc_prc_class_t</definition>
        <argsstring></argsstring>
        <name>httpsrc_prc_class_t</name>
        <briefdescription>
        </briefdescription>
        <detaileddescription>
        </detaileddescription>
        <inbodydescription>
        </inbodydescription>
        <location file="/home/joni/work/tizonia-master/plugins/http_source/src/httpsrcprc_decls.h" line="39" column="1" bodyfile="/home/joni/work/tizonia-master/plugins/http_source/src/httpsrcprc_decls.h" bodystart="63" bodyend="-1"/>
      </memberdef>
      </sectiondef>
    <briefdescription>
<para>HTTP streaming client - processor declarations. </para>    </briefdescription>
    <detaileddescription>
<para>Copyright (C) 2011-2018 Aratelia Limited - Juan A. Rubio</para><para>This file is part of Tizonia</para><para>Tizonia is free software: you can redistribute it and/or modify it under the terms of the GNU Lesser General Public License as published by the Free Software Foundation, either version 3 of the License, or (at your option) any later version.</para><para>Tizonia is distributed in the hope that it will be useful, but WITHOUT ANY WARRANTY; without even the implied warranty of MERCHANTABILITY or FITNESS FOR A PARTICULAR PURPOSE. See the GNU Lesser General Public License for more details.</para><para>You should have received a copy of the GNU Lesser General Public License along with Tizonia. If not, see <ulink url="http://www.gnu.org/licenses/">http://www.gnu.org/licenses/</ulink>.</para><para><simplesect kind="author"><para>Juan A. Rubio <ulink url="mailto:juan.rubio@aratelia.com">juan.rubio@aratelia.com</ulink> </para></simplesect>
</para>    </detaileddescription>
    <programlisting>
<codeline lineno="1"></codeline>
<codeline lineno="28"><highlight class="preprocessor">#ifndef<sp/>HTTPSRCPRC_DECLS_H</highlight><highlight class="normal"></highlight></codeline>
<codeline lineno="29"><highlight class="normal"></highlight><highlight class="preprocessor">#define<sp/>HTTPSRCPRC_DECLS_H</highlight><highlight class="normal"></highlight></codeline>
<codeline lineno="30"><highlight class="normal"></highlight></codeline>
<codeline lineno="31"><highlight class="normal"></highlight><highlight class="preprocessor">#ifdef<sp/>__cplusplus</highlight><highlight class="normal"></highlight></codeline>
<codeline lineno="32"><highlight class="normal"></highlight><highlight class="keyword">extern</highlight><highlight class="normal"><sp/></highlight><highlight class="stringliteral">&quot;C&quot;</highlight><highlight class="normal"><sp/>{</highlight></codeline>
<codeline lineno="33"><highlight class="normal"></highlight><highlight class="preprocessor">#endif</highlight><highlight class="normal"></highlight></codeline>
<codeline lineno="34"><highlight class="normal"></highlight></codeline>
<codeline lineno="35"><highlight class="normal"></highlight><highlight class="preprocessor">#include<sp/>&lt;stdbool.h&gt;</highlight><highlight class="normal"></highlight></codeline>
<codeline lineno="36"><highlight class="normal"></highlight></codeline>
<codeline lineno="37"><highlight class="normal"></highlight><highlight class="preprocessor">#include<sp/>&lt;OMX_Core.h&gt;</highlight><highlight class="normal"></highlight></codeline>
<codeline lineno="38"><highlight class="normal"></highlight></codeline>
<codeline lineno="39"><highlight class="normal"></highlight><highlight class="preprocessor">#include<sp/>&lt;tizprc_decls.h&gt;</highlight><highlight class="normal"></highlight></codeline>
<codeline lineno="40"><highlight class="normal"></highlight></codeline>
<codeline lineno="41"><highlight class="normal"></highlight><highlight class="preprocessor">#include<sp/>&lt;tizplatform.h&gt;</highlight><highlight class="normal"></highlight></codeline>
<codeline lineno="42"><highlight class="normal"></highlight></codeline>
<codeline lineno="43"><highlight class="normal"></highlight><highlight class="keyword">typedef</highlight><highlight class="normal"><sp/></highlight><highlight class="keyword">struct<sp/></highlight><highlight class="normal"><ref refid="structhttpsrc__prc" kindref="compound">httpsrc_prc</ref><sp/><ref refid="structhttpsrc__prc" kindref="compound">httpsrc_prc_t</ref>;</highlight></codeline>
<codeline lineno="44" refid="structhttpsrc__prc" refkind="compound"><highlight class="normal"></highlight><highlight class="keyword">struct<sp/></highlight><highlight class="normal"><ref refid="structhttpsrc__prc" kindref="compound">httpsrc_prc</ref></highlight></codeline>
<codeline lineno="45"><highlight class="normal">{</highlight></codeline>
<codeline lineno="46"><highlight class="normal"><sp/><sp/></highlight><highlight class="comment">/*<sp/>Object<sp/>*/</highlight><highlight class="normal"></highlight></codeline>
<codeline lineno="47"><highlight class="normal"><sp/><sp/></highlight><highlight class="keyword">const</highlight><highlight class="normal"><sp/><ref refid="structtiz__prc" kindref="compound">tiz_prc_t</ref><sp/>_;</highlight></codeline>
<codeline lineno="48"><highlight class="normal"><sp/><sp/>OMX_BUFFERHEADERTYPE<sp/>*<sp/>p_outhdr_;</highlight></codeline>
<codeline lineno="49"><highlight class="normal"><sp/><sp/>OMX_PARAM_CONTENTURITYPE<sp/>*<sp/>p_uri_param_;</highlight></codeline>
<codeline lineno="50"><highlight class="normal"><sp/><sp/><ref refid="structtiz__urltrans" kindref="compound">tiz_urltrans_t</ref><sp/>*<sp/>p_trans_;</highlight></codeline>
<codeline lineno="51"><highlight class="normal"><sp/><sp/></highlight><highlight class="keywordtype">bool</highlight><highlight class="normal"><sp/>eos_;</highlight></codeline>
<codeline lineno="52"><highlight class="normal"><sp/><sp/></highlight><highlight class="keywordtype">bool</highlight><highlight class="normal"><sp/>port_disabled_;</highlight></codeline>
<codeline lineno="53"><highlight class="normal"><sp/><sp/>OMX_S32<sp/>audio_coding_type_;</highlight></codeline>
<codeline lineno="54"><highlight class="normal"><sp/><sp/>OMX_U32<sp/>num_channels_;</highlight></codeline>
<codeline lineno="55"><highlight class="normal"><sp/><sp/>OMX_U32<sp/>samplerate_;</highlight></codeline>
<codeline lineno="56"><highlight class="normal"><sp/><sp/></highlight><highlight class="keywordtype">bool</highlight><highlight class="normal"><sp/>auto_detect_on_;</highlight></codeline>
<codeline lineno="57"><highlight class="normal"><sp/><sp/></highlight><highlight class="keywordtype">int</highlight><highlight class="normal"><sp/>bitrate_;</highlight></codeline>
<codeline lineno="58"><highlight class="normal"><sp/><sp/></highlight><highlight class="keywordtype">int</highlight><highlight class="normal"><sp/>cache_bytes_;</highlight></codeline>
<codeline lineno="59"><highlight class="normal"><sp/><sp/></highlight><highlight class="keywordtype">bool</highlight><highlight class="normal"><sp/>connection_closed_;</highlight></codeline>
<codeline lineno="60"><highlight class="normal"><sp/><sp/></highlight><highlight class="keywordtype">bool</highlight><highlight class="normal"><sp/>first_buffer_delivered_;</highlight></codeline>
<codeline lineno="61"><highlight class="normal">};</highlight></codeline>
<codeline lineno="62"><highlight class="normal"></highlight></codeline>
<codeline lineno="63"><highlight class="normal"></highlight><highlight class="keyword">typedef</highlight><highlight class="normal"><sp/></highlight><highlight class="keyword">struct<sp/></highlight><highlight class="normal"><ref refid="structhttpsrc__prc__class" kindref="compound">httpsrc_prc_class</ref><sp/>httpsrc_prc_class_t;</highlight></codeline>
<codeline lineno="64" refid="structhttpsrc__prc__class" refkind="compound"><highlight class="normal"></highlight><highlight class="keyword">struct<sp/></highlight><highlight class="normal"><ref refid="structhttpsrc__prc__class" kindref="compound">httpsrc_prc_class</ref></highlight></codeline>
<codeline lineno="65"><highlight class="normal">{</highlight></codeline>
<codeline lineno="66"><highlight class="normal"><sp/><sp/></highlight><highlight class="comment">/*<sp/>Class<sp/>*/</highlight><highlight class="normal"></highlight></codeline>
<codeline lineno="67"><highlight class="normal"><sp/><sp/></highlight><highlight class="keyword">const</highlight><highlight class="normal"><sp/><ref refid="structtiz__prc__class" kindref="compound">tiz_prc_class_t</ref><sp/>_;</highlight></codeline>
<codeline lineno="68"><highlight class="normal"><sp/><sp/></highlight><highlight class="comment">/*<sp/>NOTE:<sp/>Class<sp/>methods<sp/>might<sp/>be<sp/>added<sp/>in<sp/>the<sp/>future<sp/>*/</highlight><highlight class="normal"></highlight></codeline>
<codeline lineno="69"><highlight class="normal">};</highlight></codeline>
<codeline lineno="70"><highlight class="normal"></highlight></codeline>
<codeline lineno="71"><highlight class="normal"></highlight><highlight class="preprocessor">#ifdef<sp/>__cplusplus</highlight><highlight class="normal"></highlight></codeline>
<codeline lineno="72"><highlight class="normal">}</highlight></codeline>
<codeline lineno="73"><highlight class="normal"></highlight><highlight class="preprocessor">#endif</highlight><highlight class="normal"></highlight></codeline>
<codeline lineno="74"><highlight class="normal"></highlight></codeline>
<codeline lineno="75"><highlight class="normal"></highlight><highlight class="preprocessor">#endif<sp/></highlight><highlight class="comment">/*<sp/>HTTPSRCPRC_DECLS_H<sp/>*/</highlight><highlight class="preprocessor"></highlight></codeline>
    </programlisting>
    <location file="/home/joni/work/tizonia-master/plugins/http_source/src/httpsrcprc_decls.h"/>
  </compounddef>
</doxygen>
