<?xml version='1.0' encoding='UTF-8' standalone='no'?>
<doxygen xmlns:xsi="http://www.w3.org/2001/XMLSchema-instance" xsi:noNamespaceSchemaLocation="compound.xsd" version="1.8.11">
  <compounddef id="httprcfgport__decls_8h" kind="file" language="C++">
    <compoundname>httprcfgport_decls.h</compoundname>
    <includes local="no">OMX_Types.h</includes>
    <includes local="no">OMX_TizoniaExt.h</includes>
    <includes refid="tizconfigport__decls_8h" local="no">tizconfigport_decls.h</includes>
    <includedby refid="httprcfgport_8c" local="yes">/home/joni/work/tizonia-master/plugins/http_renderer/src/httprcfgport.c</includedby>
    <incdepgraph>
      <node id="10211">
        <label>stdbool.h</label>
      </node>
      <node id="10222">
        <label>stdarg.h</label>
      </node>
      <node id="10218">
        <label>tizport_decls.h</label>
        <link refid="tizport__decls_8h_source"/>
        <childnode refid="10219" relation="include">
        </childnode>
        <childnode refid="10226" relation="include">
        </childnode>
        <childnode refid="10228" relation="include">
        </childnode>
        <childnode refid="10189" relation="include">
        </childnode>
        <childnode refid="10187" relation="include">
        </childnode>
      </node>
      <node id="10219">
        <label>tizport.h</label>
        <link refid="tizport_8h_source"/>
        <childnode refid="10220" relation="include">
        </childnode>
        <childnode refid="10224" relation="include">
        </childnode>
        <childnode refid="10191" relation="include">
        </childnode>
        <childnode refid="10190" relation="include">
        </childnode>
        <childnode refid="10189" relation="include">
        </childnode>
        <childnode refid="10186" relation="include">
        </childnode>
        <childnode refid="10225" relation="include">
        </childnode>
      </node>
      <node id="10205">
        <label>tizbuffer.h</label>
        <link refid="tizbuffer_8h_source"/>
        <childnode refid="10190" relation="include">
        </childnode>
        <childnode refid="10186" relation="include">
        </childnode>
      </node>
      <node id="10208">
        <label>tizuuid.h</label>
        <link refid="tizuuid_8h_source"/>
        <childnode refid="10186" relation="include">
        </childnode>
      </node>
      <node id="10207">
        <label>tizthread.h</label>
        <link refid="tizthread_8h_source"/>
        <childnode refid="10190" relation="include">
        </childnode>
        <childnode refid="10186" relation="include">
        </childnode>
        <childnode refid="10201" relation="include">
        </childnode>
      </node>
      <node id="10204">
        <label>stdint.h</label>
      </node>
      <node id="10190">
        <label>OMX_Core.h</label>
      </node>
      <node id="10191">
        <label>tizplatform.h</label>
        <link refid="tizplatform_8h_source"/>
        <childnode refid="10192" relation="include">
        </childnode>
        <childnode refid="10198" relation="include">
        </childnode>
        <childnode refid="10195" relation="include">
        </childnode>
        <childnode refid="10200" relation="include">
        </childnode>
        <childnode refid="10202" relation="include">
        </childnode>
        <childnode refid="10205" relation="include">
        </childnode>
        <childnode refid="10206" relation="include">
        </childnode>
        <childnode refid="10201" relation="include">
        </childnode>
        <childnode refid="10207" relation="include">
        </childnode>
        <childnode refid="10208" relation="include">
        </childnode>
        <childnode refid="10193" relation="include">
        </childnode>
        <childnode refid="10209" relation="include">
        </childnode>
        <childnode refid="10203" relation="include">
        </childnode>
        <childnode refid="10210" relation="include">
        </childnode>
        <childnode refid="10212" relation="include">
        </childnode>
        <childnode refid="10213" relation="include">
        </childnode>
        <childnode refid="10214" relation="include">
        </childnode>
        <childnode refid="10215" relation="include">
        </childnode>
        <childnode refid="10216" relation="include">
        </childnode>
        <childnode refid="10217" relation="include">
        </childnode>
      </node>
      <node id="10227">
        <label>tizobject_decls.h</label>
        <link refid="tizobject__decls_8h_source"/>
        <childnode refid="10197" relation="include">
        </childnode>
        <childnode refid="10222" relation="include">
        </childnode>
      </node>
      <node id="10226">
        <label>tizapi_decls.h</label>
        <link refid="tizapi__decls_8h_source"/>
        <childnode refid="10227" relation="include">
        </childnode>
      </node>
      <node id="10185">
        <label>/home/joni/work/tizonia-master/plugins/http_renderer/src/httprcfgport_decls.h</label>
        <link refid="httprcfgport_decls.h"/>
        <childnode refid="10186" relation="include">
        </childnode>
        <childnode refid="10187" relation="include">
        </childnode>
        <childnode refid="10188" relation="include">
        </childnode>
      </node>
      <node id="10221">
        <label>tizobject.h</label>
        <link refid="tizobject_8h_source"/>
        <childnode refid="10186" relation="include">
        </childnode>
        <childnode refid="10222" relation="include">
        </childnode>
        <childnode refid="10197" relation="include">
        </childnode>
        <childnode refid="10223" relation="include">
        </childnode>
      </node>
      <node id="10189">
        <label>OMX_Component.h</label>
      </node>
      <node id="10203">
        <label>tizsoa.h</label>
        <link refid="tizsoa_8h_source"/>
        <childnode refid="10197" relation="include">
        </childnode>
        <childnode refid="10204" relation="include">
        </childnode>
        <childnode refid="10186" relation="include">
        </childnode>
        <childnode refid="10190" relation="include">
        </childnode>
      </node>
      <node id="10192">
        <label>tizmacros.h</label>
        <link refid="tizmacros_8h_source"/>
        <childnode refid="10193" relation="include">
        </childnode>
        <childnode refid="10197" relation="include">
        </childnode>
      </node>
      <node id="10230">
        <label>tizservant.h</label>
        <link refid="tizservant_8h_source"/>
        <childnode refid="10190" relation="include">
        </childnode>
        <childnode refid="10191" relation="include">
        </childnode>
        <childnode refid="10224" relation="include">
        </childnode>
        <childnode refid="10220" relation="include">
        </childnode>
      </node>
      <node id="10197">
        <label>stddef.h</label>
      </node>
      <node id="10225">
        <label>limits.h</label>
      </node>
      <node id="10215">
        <label>tizprintf.h</label>
        <link refid="tizprintf_8h_source"/>
      </node>
      <node id="10200">
        <label>tizqueue.h</label>
        <link refid="tizqueue_8h_source"/>
        <childnode refid="10190" relation="include">
        </childnode>
        <childnode refid="10186" relation="include">
        </childnode>
        <childnode refid="10201" relation="include">
        </childnode>
      </node>
      <node id="10199">
        <label>log4c.h</label>
      </node>
      <node id="10196">
        <label>sys/types.h</label>
      </node>
      <node id="10187">
        <label>OMX_TizoniaExt.h</label>
      </node>
      <node id="10195">
        <label>tizmem.h</label>
        <link refid="tizmem_8h_source"/>
        <childnode refid="10196" relation="include">
        </childnode>
        <childnode refid="10186" relation="include">
        </childnode>
      </node>
      <node id="10209">
        <label>tizrc.h</label>
        <link refid="tizrc_8h_source"/>
        <childnode refid="10190" relation="include">
        </childnode>
        <childnode refid="10186" relation="include">
        </childnode>
      </node>
      <node id="10202">
        <label>tizpqueue.h</label>
        <link refid="tizpqueue_8h_source"/>
        <childnode refid="10190" relation="include">
        </childnode>
        <childnode refid="10186" relation="include">
        </childnode>
        <childnode refid="10203" relation="include">
        </childnode>
      </node>
      <node id="10188">
        <label>tizconfigport_decls.h</label>
        <link refid="tizconfigport__decls_8h_source"/>
        <childnode refid="10189" relation="include">
        </childnode>
        <childnode refid="10190" relation="include">
        </childnode>
        <childnode refid="10187" relation="include">
        </childnode>
        <childnode refid="10191" relation="include">
        </childnode>
        <childnode refid="10218" relation="include">
        </childnode>
      </node>
      <node id="10220">
        <label>tizapi.h</label>
        <link refid="tizapi_8h_source"/>
        <childnode refid="10190" relation="include">
        </childnode>
        <childnode refid="10221" relation="include">
        </childnode>
      </node>
      <node id="10186">
        <label>OMX_Types.h</label>
      </node>
      <node id="10201">
        <label>tizsync.h</label>
        <link refid="tizsync_8h_source"/>
        <childnode refid="10190" relation="include">
        </childnode>
        <childnode refid="10186" relation="include">
        </childnode>
      </node>
      <node id="10198">
        <label>tizlog.h</label>
        <link refid="tizlog_8h_source"/>
        <childnode refid="10199" relation="include">
        </childnode>
      </node>
      <node id="10212">
        <label>tizhttp.h</label>
        <link refid="tizhttp_8h_source"/>
        <childnode refid="10190" relation="include">
        </childnode>
        <childnode refid="10186" relation="include">
        </childnode>
      </node>
      <node id="10206">
        <label>tizvector.h</label>
        <link refid="tizvector_8h_source"/>
        <childnode refid="10190" relation="include">
        </childnode>
        <childnode refid="10186" relation="include">
        </childnode>
      </node>
      <node id="10217">
        <label>tizurltransfer.h</label>
        <link refid="tizurltransfer_8h_source"/>
        <childnode refid="10189" relation="include">
        </childnode>
      </node>
      <node id="10216">
        <label>tizshufflelst.h</label>
        <link refid="tizshufflelst_8h_source"/>
        <childnode refid="10190" relation="include">
        </childnode>
        <childnode refid="10186" relation="include">
        </childnode>
      </node>
      <node id="10193">
        <label>tizomxutils.h</label>
        <link refid="tizomxutils_8h_source"/>
        <childnode refid="10186" relation="include">
        </childnode>
        <childnode refid="10189" relation="include">
        </childnode>
        <childnode refid="10194" relation="include">
        </childnode>
        <childnode refid="10190" relation="include">
        </childnode>
        <childnode refid="10195" relation="include">
        </childnode>
      </node>
      <node id="10228">
        <label>tizutils.h</label>
        <link refid="tizutils_8h_source"/>
        <childnode refid="10186" relation="include">
        </childnode>
        <childnode refid="10190" relation="include">
        </childnode>
        <childnode refid="10229" relation="include">
        </childnode>
      </node>
      <node id="10224">
        <label>tizscheduler.h</label>
        <link refid="tizscheduler_8h_source"/>
        <childnode refid="10190" relation="include">
        </childnode>
        <childnode refid="10186" relation="include">
        </childnode>
        <childnode refid="10189" relation="include">
        </childnode>
        <childnode refid="10191" relation="include">
        </childnode>
      </node>
      <node id="10229">
        <label>tizfsm.h</label>
        <link refid="tizfsm_8h_source"/>
        <childnode refid="10230" relation="include">
        </childnode>
      </node>
      <node id="10213">
        <label>tizmap.h</label>
        <link refid="tizmap_8h_source"/>
        <childnode refid="10211" relation="include">
        </childnode>
        <childnode refid="10190" relation="include">
        </childnode>
        <childnode refid="10186" relation="include">
        </childnode>
        <childnode refid="10203" relation="include">
        </childnode>
      </node>
      <node id="10210">
        <label>tizev.h</label>
        <link refid="tizev_8h_source"/>
        <childnode refid="10211" relation="include">
        </childnode>
        <childnode refid="10204" relation="include">
        </childnode>
        <childnode refid="10190" relation="include">
        </childnode>
        <childnode refid="10186" relation="include">
        </childnode>
      </node>
      <node id="10223">
        <label>stdio.h</label>
      </node>
      <node id="10214">
        <label>tizlimits.h</label>
        <link refid="tizlimits_8h_source"/>
      </node>
      <node id="10194">
        <label>OMX_Audio.h</label>
      </node>
    </incdepgraph>
    <innerclass refid="structhttpr__cfgport" prot="public">httpr_cfgport</innerclass>
    <innerclass refid="structhttpr__cfgport__class" prot="public">httpr_cfgport_class</innerclass>
      <sectiondef kind="typedef">
      <memberdef kind="typedef" id="httprcfgport__decls_8h_1a1383efd8e58894dfcfd6fca539426626" prot="public" static="no">
        <type>struct <ref refid="structhttpr__cfgport" kindref="compound">httpr_cfgport</ref></type>
        <definition>typedef struct httpr_cfgport httpr_cfgport_t</definition>
        <argsstring></argsstring>
        <name>httpr_cfgport_t</name>
        <briefdescription>
        </briefdescription>
        <detaileddescription>
        </detaileddescription>
        <inbodydescription>
        </inbodydescription>
        <location file="/home/joni/work/tizonia-master/plugins/http_renderer/src/httprcfgport_decls.h" line="39" column="1" bodyfile="/home/joni/work/tizonia-master/plugins/http_renderer/src/httprcfgport_decls.h" bodystart="41" bodyend="-1"/>
      </memberdef>
      <memberdef kind="typedef" id="httprcfgport__decls_8h_1a538c56a2c8b4f7c4fb5d052978e55b86" prot="public" static="no">
        <type>struct <ref refid="structhttpr__cfgport__class" kindref="compound">httpr_cfgport_class</ref></type>
        <definition>typedef struct httpr_cfgport_class httpr_cfgport_class_t</definition>
        <argsstring></argsstring>
        <name>httpr_cfgport_class_t</name>
        <briefdescription>
        </briefdescription>
        <detaileddescription>
        </detaileddescription>
        <inbodydescription>
        </inbodydescription>
        <location file="/home/joni/work/tizonia-master/plugins/http_renderer/src/httprcfgport_decls.h" line="39" column="1" bodyfile="/home/joni/work/tizonia-master/plugins/http_renderer/src/httprcfgport_decls.h" bodystart="49" bodyend="-1"/>
      </memberdef>
      </sectiondef>
    <briefdescription>
<para>Tizonia - Http renderer config port class decls. </para>    </briefdescription>
    <detaileddescription>
<para>Copyright (C) 2011-2018 Aratelia Limited - Juan A. Rubio</para><para>This file is part of Tizonia</para><para>Tizonia is free software: you can redistribute it and/or modify it under the terms of the GNU Lesser General Public License as published by the Free Software Foundation, either version 3 of the License, or (at your option) any later version.</para><para>Tizonia is distributed in the hope that it will be useful, but WITHOUT ANY WARRANTY; without even the implied warranty of MERCHANTABILITY or FITNESS FOR A PARTICULAR PURPOSE. See the GNU Lesser General Public License for more details.</para><para>You should have received a copy of the GNU Lesser General Public License along with Tizonia. If not, see <ulink url="http://www.gnu.org/licenses/">http://www.gnu.org/licenses/</ulink>.</para><para><simplesect kind="author"><para>Juan A. Rubio <ulink url="mailto:juan.rubio@aratelia.com">juan.rubio@aratelia.com</ulink> </para></simplesect>
</para>    </detaileddescription>
    <programlisting>
<codeline lineno="1"></codeline>
<codeline lineno="29"><highlight class="preprocessor">#ifndef<sp/>HTTPRCFGPORT_DECLS_H</highlight><highlight class="normal"></highlight></codeline>
<codeline lineno="30"><highlight class="normal"></highlight><highlight class="preprocessor">#define<sp/>HTTPRCFGPORT_DECLS_H</highlight><highlight class="normal"></highlight></codeline>
<codeline lineno="31"><highlight class="normal"></highlight></codeline>
<codeline lineno="32"><highlight class="normal"></highlight><highlight class="preprocessor">#ifdef<sp/>__cplusplus</highlight><highlight class="normal"></highlight></codeline>
<codeline lineno="33"><highlight class="normal"></highlight><highlight class="keyword">extern</highlight><highlight class="normal"><sp/></highlight><highlight class="stringliteral">&quot;C&quot;</highlight><highlight class="normal"><sp/>{</highlight></codeline>
<codeline lineno="34"><highlight class="normal"></highlight><highlight class="preprocessor">#endif</highlight><highlight class="normal"></highlight></codeline>
<codeline lineno="35"><highlight class="normal"></highlight></codeline>
<codeline lineno="36"><highlight class="normal"></highlight><highlight class="preprocessor">#include<sp/>&lt;OMX_Types.h&gt;</highlight><highlight class="normal"></highlight></codeline>
<codeline lineno="37"><highlight class="normal"></highlight><highlight class="preprocessor">#include<sp/>&lt;OMX_TizoniaExt.h&gt;</highlight><highlight class="normal"></highlight></codeline>
<codeline lineno="38"><highlight class="normal"></highlight></codeline>
<codeline lineno="39"><highlight class="normal"></highlight><highlight class="preprocessor">#include<sp/>&lt;tizconfigport_decls.h&gt;</highlight><highlight class="normal"></highlight></codeline>
<codeline lineno="40"><highlight class="normal"></highlight></codeline>
<codeline lineno="41"><highlight class="normal"></highlight><highlight class="keyword">typedef</highlight><highlight class="normal"><sp/></highlight><highlight class="keyword">struct<sp/></highlight><highlight class="normal"><ref refid="structhttpr__cfgport" kindref="compound">httpr_cfgport</ref><sp/><ref refid="structhttpr__cfgport" kindref="compound">httpr_cfgport_t</ref>;</highlight></codeline>
<codeline lineno="42" refid="structhttpr__cfgport" refkind="compound"><highlight class="normal"></highlight><highlight class="keyword">struct<sp/></highlight><highlight class="normal"><ref refid="structhttpr__cfgport" kindref="compound">httpr_cfgport</ref></highlight></codeline>
<codeline lineno="43"><highlight class="normal">{</highlight></codeline>
<codeline lineno="44"><highlight class="normal"><sp/><sp/></highlight><highlight class="comment">/*<sp/>Object<sp/>*/</highlight><highlight class="normal"></highlight></codeline>
<codeline lineno="45"><highlight class="normal"><sp/><sp/></highlight><highlight class="keyword">const</highlight><highlight class="normal"><sp/><ref refid="structtiz__configport" kindref="compound">tiz_configport_t</ref><sp/>_;</highlight></codeline>
<codeline lineno="46"><highlight class="normal"><sp/><sp/>OMX_TIZONIA_HTTPSERVERTYPE<sp/>http_conf_;</highlight></codeline>
<codeline lineno="47"><highlight class="normal">};</highlight></codeline>
<codeline lineno="48"><highlight class="normal"></highlight></codeline>
<codeline lineno="49"><highlight class="normal"></highlight><highlight class="keyword">typedef</highlight><highlight class="normal"><sp/></highlight><highlight class="keyword">struct<sp/></highlight><highlight class="normal"><ref refid="structhttpr__cfgport__class" kindref="compound">httpr_cfgport_class</ref><sp/>httpr_cfgport_class_t;</highlight></codeline>
<codeline lineno="50" refid="structhttpr__cfgport__class" refkind="compound"><highlight class="normal"></highlight><highlight class="keyword">struct<sp/></highlight><highlight class="normal"><ref refid="structhttpr__cfgport__class" kindref="compound">httpr_cfgport_class</ref></highlight></codeline>
<codeline lineno="51"><highlight class="normal">{</highlight></codeline>
<codeline lineno="52"><highlight class="normal"><sp/><sp/></highlight><highlight class="comment">/*<sp/>Class<sp/>*/</highlight><highlight class="normal"></highlight></codeline>
<codeline lineno="53"><highlight class="normal"><sp/><sp/></highlight><highlight class="keyword">const</highlight><highlight class="normal"><sp/><ref refid="structtiz__configport__class" kindref="compound">tiz_configport_class_t</ref><sp/>_;</highlight></codeline>
<codeline lineno="54"><highlight class="normal"><sp/><sp/></highlight><highlight class="comment">/*<sp/>NOTE:<sp/>Class<sp/>methods<sp/>might<sp/>be<sp/>added<sp/>in<sp/>the<sp/>future<sp/>*/</highlight><highlight class="normal"></highlight></codeline>
<codeline lineno="55"><highlight class="normal">};</highlight></codeline>
<codeline lineno="56"><highlight class="normal"></highlight></codeline>
<codeline lineno="57"><highlight class="normal"></highlight><highlight class="preprocessor">#ifdef<sp/>__cplusplus</highlight><highlight class="normal"></highlight></codeline>
<codeline lineno="58"><highlight class="normal">}</highlight></codeline>
<codeline lineno="59"><highlight class="normal"></highlight><highlight class="preprocessor">#endif</highlight><highlight class="normal"></highlight></codeline>
<codeline lineno="60"><highlight class="normal"></highlight></codeline>
<codeline lineno="61"><highlight class="normal"></highlight><highlight class="preprocessor">#endif<sp/></highlight><highlight class="comment">/*<sp/>HTTPRCFGPORT_DECLS_H<sp/>*/</highlight><highlight class="preprocessor"></highlight></codeline>
    </programlisting>
    <location file="/home/joni/work/tizonia-master/plugins/http_renderer/src/httprcfgport_decls.h"/>
  </compounddef>
</doxygen>
