<?xml version='1.0' encoding='UTF-8' standalone='no'?>
<doxygen xmlns:xsi="http://www.w3.org/2001/XMLSchema-instance" xsi:noNamespaceSchemaLocation="compound.xsd" version="1.8.11">
  <compounddef id="inprocsrcprc_8c" kind="file" language="C++">
    <compoundname>inprocsrcprc.c</compoundname>
    <includes local="no">assert.h</includes>
    <includes refid="tizplatform_8h" local="no">tizplatform.h</includes>
    <includes refid="tizkernel_8h" local="no">tizkernel.h</includes>
    <includes refid="tizscheduler_8h" local="no">tizscheduler.h</includes>
    <includes refid="inprocsrc_8h" local="yes">inprocsrc.h</includes>
    <includes refid="inprocsrcprc_8h" local="yes">inprocsrcprc.h</includes>
    <includes refid="inprocsrcprc__decls_8h" local="yes">inprocsrcprc_decls.h</includes>
    <incdepgraph>
      <node id="11808">
        <label>stdbool.h</label>
      </node>
      <node id="11822">
        <label>stdarg.h</label>
      </node>
      <node id="11784">
        <label>assert.h</label>
      </node>
      <node id="11802">
        <label>tizbuffer.h</label>
        <link refid="tizbuffer_8h_source"/>
        <childnode refid="11791" relation="include">
        </childnode>
        <childnode refid="11788" relation="include">
        </childnode>
      </node>
      <node id="11805">
        <label>tizuuid.h</label>
        <link refid="tizuuid_8h_source"/>
        <childnode refid="11788" relation="include">
        </childnode>
      </node>
      <node id="11804">
        <label>tizthread.h</label>
        <link refid="tizthread_8h_source"/>
        <childnode refid="11791" relation="include">
        </childnode>
        <childnode refid="11788" relation="include">
        </childnode>
        <childnode refid="11798" relation="include">
        </childnode>
      </node>
      <node id="11801">
        <label>stdint.h</label>
      </node>
      <node id="11791">
        <label>OMX_Core.h</label>
      </node>
      <node id="11785">
        <label>tizplatform.h</label>
        <link refid="tizplatform_8h_source"/>
        <childnode refid="11786" relation="include">
        </childnode>
        <childnode refid="11795" relation="include">
        </childnode>
        <childnode refid="11792" relation="include">
        </childnode>
        <childnode refid="11797" relation="include">
        </childnode>
        <childnode refid="11799" relation="include">
        </childnode>
        <childnode refid="11802" relation="include">
        </childnode>
        <childnode refid="11803" relation="include">
        </childnode>
        <childnode refid="11798" relation="include">
        </childnode>
        <childnode refid="11804" relation="include">
        </childnode>
        <childnode refid="11805" relation="include">
        </childnode>
        <childnode refid="11787" relation="include">
        </childnode>
        <childnode refid="11806" relation="include">
        </childnode>
        <childnode refid="11800" relation="include">
        </childnode>
        <childnode refid="11807" relation="include">
        </childnode>
        <childnode refid="11809" relation="include">
        </childnode>
        <childnode refid="11810" relation="include">
        </childnode>
        <childnode refid="11811" relation="include">
        </childnode>
        <childnode refid="11812" relation="include">
        </childnode>
        <childnode refid="11813" relation="include">
        </childnode>
        <childnode refid="11814" relation="include">
        </childnode>
      </node>
      <node id="11831">
        <label>tizobject_decls.h</label>
        <link refid="tizobject__decls_8h_source"/>
        <childnode refid="11794" relation="include">
        </childnode>
        <childnode refid="11822" relation="include">
        </childnode>
      </node>
      <node id="11830">
        <label>tizapi_decls.h</label>
        <link refid="tizapi__decls_8h_source"/>
        <childnode refid="11831" relation="include">
        </childnode>
      </node>
      <node id="11821">
        <label>tizobject.h</label>
        <link refid="tizobject_8h_source"/>
        <childnode refid="11788" relation="include">
        </childnode>
        <childnode refid="11822" relation="include">
        </childnode>
        <childnode refid="11794" relation="include">
        </childnode>
        <childnode refid="11823" relation="include">
        </childnode>
      </node>
      <node id="11789">
        <label>OMX_Component.h</label>
      </node>
      <node id="11800">
        <label>tizsoa.h</label>
        <link refid="tizsoa_8h_source"/>
        <childnode refid="11794" relation="include">
        </childnode>
        <childnode refid="11801" relation="include">
        </childnode>
        <childnode refid="11788" relation="include">
        </childnode>
        <childnode refid="11791" relation="include">
        </childnode>
      </node>
      <node id="11827">
        <label>tizprc_decls.h</label>
        <link refid="tizprc__decls_8h_source"/>
        <childnode refid="11791" relation="include">
        </childnode>
        <childnode refid="11828" relation="include">
        </childnode>
        <childnode refid="11829" relation="include">
        </childnode>
      </node>
      <node id="11786">
        <label>tizmacros.h</label>
        <link refid="tizmacros_8h_source"/>
        <childnode refid="11787" relation="include">
        </childnode>
        <childnode refid="11794" relation="include">
        </childnode>
      </node>
      <node id="11818">
        <label>tizservant.h</label>
        <link refid="tizservant_8h_source"/>
        <childnode refid="11791" relation="include">
        </childnode>
        <childnode refid="11785" relation="include">
        </childnode>
        <childnode refid="11819" relation="include">
        </childnode>
        <childnode refid="11820" relation="include">
        </childnode>
      </node>
      <node id="11794">
        <label>stddef.h</label>
      </node>
      <node id="11812">
        <label>tizprintf.h</label>
        <link refid="tizprintf_8h_source"/>
      </node>
      <node id="11797">
        <label>tizqueue.h</label>
        <link refid="tizqueue_8h_source"/>
        <childnode refid="11791" relation="include">
        </childnode>
        <childnode refid="11788" relation="include">
        </childnode>
        <childnode refid="11798" relation="include">
        </childnode>
      </node>
      <node id="11796">
        <label>log4c.h</label>
      </node>
      <node id="11793">
        <label>sys/types.h</label>
      </node>
      <node id="11792">
        <label>tizmem.h</label>
        <link refid="tizmem_8h_source"/>
        <childnode refid="11793" relation="include">
        </childnode>
        <childnode refid="11788" relation="include">
        </childnode>
      </node>
      <node id="11806">
        <label>tizrc.h</label>
        <link refid="tizrc_8h_source"/>
        <childnode refid="11791" relation="include">
        </childnode>
        <childnode refid="11788" relation="include">
        </childnode>
      </node>
      <node id="11799">
        <label>tizpqueue.h</label>
        <link refid="tizpqueue_8h_source"/>
        <childnode refid="11791" relation="include">
        </childnode>
        <childnode refid="11788" relation="include">
        </childnode>
        <childnode refid="11800" relation="include">
        </childnode>
      </node>
      <node id="11820">
        <label>tizapi.h</label>
        <link refid="tizapi_8h_source"/>
        <childnode refid="11791" relation="include">
        </childnode>
        <childnode refid="11821" relation="include">
        </childnode>
      </node>
      <node id="11788">
        <label>OMX_Types.h</label>
      </node>
      <node id="11798">
        <label>tizsync.h</label>
        <link refid="tizsync_8h_source"/>
        <childnode refid="11791" relation="include">
        </childnode>
        <childnode refid="11788" relation="include">
        </childnode>
      </node>
      <node id="11795">
        <label>tizlog.h</label>
        <link refid="tizlog_8h_source"/>
        <childnode refid="11796" relation="include">
        </childnode>
      </node>
      <node id="11824">
        <label>inprocsrc.h</label>
        <link refid="inprocsrc_8h_source"/>
        <childnode refid="11791" relation="include">
        </childnode>
        <childnode refid="11788" relation="include">
        </childnode>
      </node>
      <node id="11809">
        <label>tizhttp.h</label>
        <link refid="tizhttp_8h_source"/>
        <childnode refid="11791" relation="include">
        </childnode>
        <childnode refid="11788" relation="include">
        </childnode>
      </node>
      <node id="11803">
        <label>tizvector.h</label>
        <link refid="tizvector_8h_source"/>
        <childnode refid="11791" relation="include">
        </childnode>
        <childnode refid="11788" relation="include">
        </childnode>
      </node>
      <node id="11828">
        <label>tizprc.h</label>
        <link refid="tizprc_8h_source"/>
        <childnode refid="11785" relation="include">
        </childnode>
      </node>
      <node id="11814">
        <label>tizurltransfer.h</label>
        <link refid="tizurltransfer_8h_source"/>
        <childnode refid="11789" relation="include">
        </childnode>
      </node>
      <node id="11826">
        <label>inprocsrcprc_decls.h</label>
        <link refid="inprocsrcprc__decls_8h_source"/>
        <childnode refid="11808" relation="include">
        </childnode>
        <childnode refid="11791" relation="include">
        </childnode>
        <childnode refid="11827" relation="include">
        </childnode>
      </node>
      <node id="11813">
        <label>tizshufflelst.h</label>
        <link refid="tizshufflelst_8h_source"/>
        <childnode refid="11791" relation="include">
        </childnode>
        <childnode refid="11788" relation="include">
        </childnode>
      </node>
      <node id="11787">
        <label>tizomxutils.h</label>
        <link refid="tizomxutils_8h_source"/>
        <childnode refid="11788" relation="include">
        </childnode>
        <childnode refid="11789" relation="include">
        </childnode>
        <childnode refid="11790" relation="include">
        </childnode>
        <childnode refid="11791" relation="include">
        </childnode>
        <childnode refid="11792" relation="include">
        </childnode>
      </node>
      <node id="11783">
        <label>/home/joni/work/tizonia-master/plugins/inproc_reader/src/inprocsrcprc.c</label>
        <link refid="inprocsrcprc.c"/>
        <childnode refid="11784" relation="include">
        </childnode>
        <childnode refid="11785" relation="include">
        </childnode>
        <childnode refid="11815" relation="include">
        </childnode>
        <childnode refid="11819" relation="include">
        </childnode>
        <childnode refid="11824" relation="include">
        </childnode>
        <childnode refid="11825" relation="include">
        </childnode>
        <childnode refid="11826" relation="include">
        </childnode>
      </node>
      <node id="11825">
        <label>inprocsrcprc.h</label>
        <link refid="inprocsrcprc_8h_source"/>
      </node>
      <node id="11816">
        <label>tizutils.h</label>
        <link refid="tizutils_8h_source"/>
        <childnode refid="11788" relation="include">
        </childnode>
        <childnode refid="11791" relation="include">
        </childnode>
        <childnode refid="11817" relation="include">
        </childnode>
      </node>
      <node id="11819">
        <label>tizscheduler.h</label>
        <link refid="tizscheduler_8h_source"/>
        <childnode refid="11791" relation="include">
        </childnode>
        <childnode refid="11788" relation="include">
        </childnode>
        <childnode refid="11789" relation="include">
        </childnode>
        <childnode refid="11785" relation="include">
        </childnode>
      </node>
      <node id="11817">
        <label>tizfsm.h</label>
        <link refid="tizfsm_8h_source"/>
        <childnode refid="11818" relation="include">
        </childnode>
      </node>
      <node id="11815">
        <label>tizkernel.h</label>
        <link refid="tizkernel_8h_source"/>
        <childnode refid="11791" relation="include">
        </childnode>
        <childnode refid="11789" relation="include">
        </childnode>
        <childnode refid="11816" relation="include">
        </childnode>
      </node>
      <node id="11810">
        <label>tizmap.h</label>
        <link refid="tizmap_8h_source"/>
        <childnode refid="11808" relation="include">
        </childnode>
        <childnode refid="11791" relation="include">
        </childnode>
        <childnode refid="11788" relation="include">
        </childnode>
        <childnode refid="11800" relation="include">
        </childnode>
      </node>
      <node id="11829">
        <label>tizservant_decls.h</label>
        <link refid="tizservant__decls_8h_source"/>
        <childnode refid="11819" relation="include">
        </childnode>
        <childnode refid="11830" relation="include">
        </childnode>
      </node>
      <node id="11807">
        <label>tizev.h</label>
        <link refid="tizev_8h_source"/>
        <childnode refid="11808" relation="include">
        </childnode>
        <childnode refid="11801" relation="include">
        </childnode>
        <childnode refid="11791" relation="include">
        </childnode>
        <childnode refid="11788" relation="include">
        </childnode>
      </node>
      <node id="11823">
        <label>stdio.h</label>
      </node>
      <node id="11811">
        <label>tizlimits.h</label>
        <link refid="tizlimits_8h_source"/>
      </node>
      <node id="11790">
        <label>OMX_Audio.h</label>
      </node>
    </incdepgraph>
      <sectiondef kind="func">
      <memberdef kind="function" id="inprocsrcprc_8c_1a1fffa0664686d112a83c70e443303a14" prot="public" static="yes" const="no" explicit="no" inline="no" virt="non-virtual">
        <type>void *</type>
        <definition>static void* inprocsrc_prc_ctor</definition>
        <argsstring>(void *ap_obj, va_list *app)</argsstring>
        <name>inprocsrc_prc_ctor</name>
        <param>
          <type>void *</type>
          <declname>ap_obj</declname>
        </param>
        <param>
          <type>va_list *</type>
          <declname>app</declname>
        </param>
        <briefdescription>
        </briefdescription>
        <detaileddescription>
        </detaileddescription>
        <inbodydescription>
        </inbodydescription>
        <location file="/home/joni/work/tizonia-master/plugins/inproc_reader/src/inprocsrcprc.c" line="54" column="1" bodyfile="/home/joni/work/tizonia-master/plugins/inproc_reader/src/inprocsrcprc.c" bodystart="54" bodyend="59"/>
      </memberdef>
      <memberdef kind="function" id="inprocsrcprc_8c_1aae4ae08e3120e0c53885d6e88cc45556" prot="public" static="yes" const="no" explicit="no" inline="no" virt="non-virtual">
        <type>void *</type>
        <definition>static void* inprocsrc_prc_dtor</definition>
        <argsstring>(void *ap_obj)</argsstring>
        <name>inprocsrc_prc_dtor</name>
        <param>
          <type>void *</type>
          <declname>ap_obj</declname>
        </param>
        <briefdescription>
        </briefdescription>
        <detaileddescription>
        </detaileddescription>
        <inbodydescription>
        </inbodydescription>
        <location file="/home/joni/work/tizonia-master/plugins/inproc_reader/src/inprocsrcprc.c" line="62" column="1" bodyfile="/home/joni/work/tizonia-master/plugins/inproc_reader/src/inprocsrcprc.c" bodystart="62" bodyend="65"/>
      </memberdef>
      <memberdef kind="function" id="inprocsrcprc_8c_1a66870cc91de96577a7dea4a01646bee5" prot="public" static="yes" const="no" explicit="no" inline="no" virt="non-virtual">
        <type>OMX_ERRORTYPE</type>
        <definition>static OMX_ERRORTYPE inprocsrc_prc_read_buffer</definition>
        <argsstring>(const void *ap_obj, OMX_BUFFERHEADERTYPE *p_hdr)</argsstring>
        <name>inprocsrc_prc_read_buffer</name>
        <param>
          <type>const void *</type>
          <declname>ap_obj</declname>
        </param>
        <param>
          <type>OMX_BUFFERHEADERTYPE *</type>
          <declname>p_hdr</declname>
        </param>
        <briefdescription>
        </briefdescription>
        <detaileddescription>
        </detaileddescription>
        <inbodydescription>
        </inbodydescription>
        <location file="/home/joni/work/tizonia-master/plugins/inproc_reader/src/inprocsrcprc.c" line="68" column="1" bodyfile="/home/joni/work/tizonia-master/plugins/inproc_reader/src/inprocsrcprc.c" bodystart="68" bodyend="71"/>
      </memberdef>
      <memberdef kind="function" id="inprocsrcprc_8c_1a47d579b8af96d39f8da8d364dbba40ff" prot="public" static="yes" const="no" explicit="no" inline="no" virt="non-virtual">
        <type>OMX_ERRORTYPE</type>
        <definition>static OMX_ERRORTYPE inprocsrc_prc_allocate_resources</definition>
        <argsstring>(void *ap_obj, OMX_U32 a_pid)</argsstring>
        <name>inprocsrc_prc_allocate_resources</name>
        <param>
          <type>void *</type>
          <declname>ap_obj</declname>
        </param>
        <param>
          <type>OMX_U32</type>
          <declname>a_pid</declname>
        </param>
        <briefdescription>
        </briefdescription>
        <detaileddescription>
        </detaileddescription>
        <inbodydescription>
        </inbodydescription>
        <location file="/home/joni/work/tizonia-master/plugins/inproc_reader/src/inprocsrcprc.c" line="78" column="1" bodyfile="/home/joni/work/tizonia-master/plugins/inproc_reader/src/inprocsrcprc.c" bodystart="78" bodyend="81"/>
      </memberdef>
      <memberdef kind="function" id="inprocsrcprc_8c_1a6cd99c1543bf7187afa440b84396ca88" prot="public" static="yes" const="no" explicit="no" inline="no" virt="non-virtual">
        <type>OMX_ERRORTYPE</type>
        <definition>static OMX_ERRORTYPE inprocsrc_prc_deallocate_resources</definition>
        <argsstring>(void *ap_obj)</argsstring>
        <name>inprocsrc_prc_deallocate_resources</name>
        <param>
          <type>void *</type>
          <declname>ap_obj</declname>
        </param>
        <briefdescription>
        </briefdescription>
        <detaileddescription>
        </detaileddescription>
        <inbodydescription>
        </inbodydescription>
        <location file="/home/joni/work/tizonia-master/plugins/inproc_reader/src/inprocsrcprc.c" line="84" column="1" bodyfile="/home/joni/work/tizonia-master/plugins/inproc_reader/src/inprocsrcprc.c" bodystart="84" bodyend="87"/>
      </memberdef>
      <memberdef kind="function" id="inprocsrcprc_8c_1a13b5b082d98d37a6a10b57c9efa9f633" prot="public" static="yes" const="no" explicit="no" inline="no" virt="non-virtual">
        <type>OMX_ERRORTYPE</type>
        <definition>static OMX_ERRORTYPE inprocsrc_prc_prepare_to_transfer</definition>
        <argsstring>(void *ap_obj, OMX_U32 a_pid)</argsstring>
        <name>inprocsrc_prc_prepare_to_transfer</name>
        <param>
          <type>void *</type>
          <declname>ap_obj</declname>
        </param>
        <param>
          <type>OMX_U32</type>
          <declname>a_pid</declname>
        </param>
        <briefdescription>
        </briefdescription>
        <detaileddescription>
        </detaileddescription>
        <inbodydescription>
        </inbodydescription>
        <location file="/home/joni/work/tizonia-master/plugins/inproc_reader/src/inprocsrcprc.c" line="90" column="1" bodyfile="/home/joni/work/tizonia-master/plugins/inproc_reader/src/inprocsrcprc.c" bodystart="90" bodyend="93"/>
      </memberdef>
      <memberdef kind="function" id="inprocsrcprc_8c_1ad8909e20dc4fe4f304515156c7fef694" prot="public" static="yes" const="no" explicit="no" inline="no" virt="non-virtual">
        <type>OMX_ERRORTYPE</type>
        <definition>static OMX_ERRORTYPE inprocsrc_prc_transfer_and_process</definition>
        <argsstring>(void *ap_obj, OMX_U32 a_pid)</argsstring>
        <name>inprocsrc_prc_transfer_and_process</name>
        <param>
          <type>void *</type>
          <declname>ap_obj</declname>
        </param>
        <param>
          <type>OMX_U32</type>
          <declname>a_pid</declname>
        </param>
        <briefdescription>
        </briefdescription>
        <detaileddescription>
        </detaileddescription>
        <inbodydescription>
        </inbodydescription>
        <location file="/home/joni/work/tizonia-master/plugins/inproc_reader/src/inprocsrcprc.c" line="96" column="1" bodyfile="/home/joni/work/tizonia-master/plugins/inproc_reader/src/inprocsrcprc.c" bodystart="96" bodyend="99"/>
      </memberdef>
      <memberdef kind="function" id="inprocsrcprc_8c_1a80a3ac7e1846c928b4d2268410a4722a" prot="public" static="yes" const="no" explicit="no" inline="no" virt="non-virtual">
        <type>OMX_ERRORTYPE</type>
        <definition>static OMX_ERRORTYPE inprocsrc_prc_stop_and_return</definition>
        <argsstring>(void *ap_obj)</argsstring>
        <name>inprocsrc_prc_stop_and_return</name>
        <param>
          <type>void *</type>
          <declname>ap_obj</declname>
        </param>
        <briefdescription>
        </briefdescription>
        <detaileddescription>
        </detaileddescription>
        <inbodydescription>
        </inbodydescription>
        <location file="/home/joni/work/tizonia-master/plugins/inproc_reader/src/inprocsrcprc.c" line="102" column="1" bodyfile="/home/joni/work/tizonia-master/plugins/inproc_reader/src/inprocsrcprc.c" bodystart="102" bodyend="105"/>
      </memberdef>
      <memberdef kind="function" id="inprocsrcprc_8c_1a9024d972b27d469b4ac6b97eb88df5d6" prot="public" static="yes" const="no" explicit="no" inline="no" virt="non-virtual">
        <type>OMX_ERRORTYPE</type>
        <definition>static OMX_ERRORTYPE inprocsrc_prc_buffers_ready</definition>
        <argsstring>(const void *ap_obj)</argsstring>
        <name>inprocsrc_prc_buffers_ready</name>
        <param>
          <type>const void *</type>
          <declname>ap_obj</declname>
        </param>
        <briefdescription>
        </briefdescription>
        <detaileddescription>
        </detaileddescription>
        <inbodydescription>
        </inbodydescription>
        <location file="/home/joni/work/tizonia-master/plugins/inproc_reader/src/inprocsrcprc.c" line="112" column="1" bodyfile="/home/joni/work/tizonia-master/plugins/inproc_reader/src/inprocsrcprc.c" bodystart="112" bodyend="115"/>
      </memberdef>
      <memberdef kind="function" id="inprocsrcprc_8c_1a352099c10e7fc7f46b22be184bba093d" prot="public" static="yes" const="no" explicit="no" inline="no" virt="non-virtual">
        <type>void *</type>
        <definition>static void* inprocsrc_prc_class_ctor</definition>
        <argsstring>(void *ap_obj, va_list *app)</argsstring>
        <name>inprocsrc_prc_class_ctor</name>
        <param>
          <type>void *</type>
          <declname>ap_obj</declname>
        </param>
        <param>
          <type>va_list *</type>
          <declname>app</declname>
        </param>
        <briefdescription>
        </briefdescription>
        <detaileddescription>
        </detaileddescription>
        <inbodydescription>
        </inbodydescription>
        <location file="/home/joni/work/tizonia-master/plugins/inproc_reader/src/inprocsrcprc.c" line="122" column="1" bodyfile="/home/joni/work/tizonia-master/plugins/inproc_reader/src/inprocsrcprc.c" bodystart="122" bodyend="126"/>
      </memberdef>
      <memberdef kind="function" id="inprocsrcprc_8c_1ab19ad0f4e58a62f0d2b41dea7c1b14a1" prot="public" static="no" const="no" explicit="no" inline="no" virt="non-virtual">
        <type>void *</type>
        <definition>void* inprocsrc_prc_class_init</definition>
        <argsstring>(void *ap_tos, void *ap_hdl)</argsstring>
        <name>inprocsrc_prc_class_init</name>
        <param>
          <type>void *</type>
          <declname>ap_tos</declname>
        </param>
        <param>
          <type>void *</type>
          <declname>ap_hdl</declname>
        </param>
        <briefdescription>
        </briefdescription>
        <detaileddescription>
        </detaileddescription>
        <inbodydescription>
        </inbodydescription>
        <location file="/home/joni/work/tizonia-master/plugins/inproc_reader/src/inprocsrcprc.c" line="133" column="1" bodyfile="/home/joni/work/tizonia-master/plugins/inproc_reader/src/inprocsrcprc.c" bodystart="133" bodyend="146"/>
      </memberdef>
      <memberdef kind="function" id="inprocsrcprc_8c_1ae97b8df31de1891be77022dbab16b56f" prot="public" static="no" const="no" explicit="no" inline="no" virt="non-virtual">
        <type>void *</type>
        <definition>void* inprocsrc_prc_init</definition>
        <argsstring>(void *ap_tos, void *ap_hdl)</argsstring>
        <name>inprocsrc_prc_init</name>
        <param>
          <type>void *</type>
          <declname>ap_tos</declname>
        </param>
        <param>
          <type>void *</type>
          <declname>ap_hdl</declname>
        </param>
        <briefdescription>
        </briefdescription>
        <detaileddescription>
        </detaileddescription>
        <inbodydescription>
        </inbodydescription>
        <location file="/home/joni/work/tizonia-master/plugins/inproc_reader/src/inprocsrcprc.c" line="149" column="1" bodyfile="/home/joni/work/tizonia-master/plugins/inproc_reader/src/inprocsrcprc.c" bodystart="149" bodyend="179"/>
      </memberdef>
      </sectiondef>
    <briefdescription>
<para>Tizonia - ZMQ inproc socket reader. </para>    </briefdescription>
    <detaileddescription>
<para>Copyright (C) 2011-2018 Aratelia Limited - Juan A. Rubio</para><para>This file is part of Tizonia</para><para>Tizonia is free software: you can redistribute it and/or modify it under the terms of the GNU Lesser General Public License as published by the Free Software Foundation, either version 3 of the License, or (at your option) any later version.</para><para>Tizonia is distributed in the hope that it will be useful, but WITHOUT ANY WARRANTY; without even the implied warranty of MERCHANTABILITY or FITNESS FOR A PARTICULAR PURPOSE. See the GNU Lesser General Public License for more details.</para><para>You should have received a copy of the GNU Lesser General Public License along with Tizonia. If not, see <ulink url="http://www.gnu.org/licenses/">http://www.gnu.org/licenses/</ulink>.</para><para><simplesect kind="author"><para>Juan A. Rubio <ulink url="mailto:juan.rubio@aratelia.com">juan.rubio@aratelia.com</ulink> </para></simplesect>
</para>    </detaileddescription>
    <programlisting>
<codeline lineno="1"></codeline>
<codeline lineno="29"><highlight class="preprocessor">#ifdef<sp/>HAVE_CONFIG_H</highlight><highlight class="normal"></highlight></codeline>
<codeline lineno="30"><highlight class="normal"></highlight><highlight class="preprocessor">#include<sp/>&lt;config.h&gt;</highlight><highlight class="normal"></highlight></codeline>
<codeline lineno="31"><highlight class="normal"></highlight><highlight class="preprocessor">#endif</highlight><highlight class="normal"></highlight></codeline>
<codeline lineno="32"><highlight class="normal"></highlight></codeline>
<codeline lineno="33"><highlight class="normal"></highlight><highlight class="preprocessor">#include<sp/>&lt;assert.h&gt;</highlight><highlight class="normal"></highlight></codeline>
<codeline lineno="34"><highlight class="normal"></highlight></codeline>
<codeline lineno="35"><highlight class="normal"></highlight><highlight class="preprocessor">#include<sp/>&lt;tizplatform.h&gt;</highlight><highlight class="normal"></highlight></codeline>
<codeline lineno="36"><highlight class="normal"></highlight></codeline>
<codeline lineno="37"><highlight class="normal"></highlight><highlight class="preprocessor">#include<sp/>&lt;tizkernel.h&gt;</highlight><highlight class="normal"></highlight></codeline>
<codeline lineno="38"><highlight class="normal"></highlight><highlight class="preprocessor">#include<sp/>&lt;tizscheduler.h&gt;</highlight><highlight class="normal"></highlight></codeline>
<codeline lineno="39"><highlight class="normal"></highlight></codeline>
<codeline lineno="40"><highlight class="normal"></highlight><highlight class="preprocessor">#include<sp/>&quot;inprocsrc.h&quot;</highlight><highlight class="normal"></highlight></codeline>
<codeline lineno="41"><highlight class="normal"></highlight><highlight class="preprocessor">#include<sp/>&quot;inprocsrcprc.h&quot;</highlight><highlight class="normal"></highlight></codeline>
<codeline lineno="42"><highlight class="normal"></highlight><highlight class="preprocessor">#include<sp/>&quot;inprocsrcprc_decls.h&quot;</highlight><highlight class="normal"></highlight></codeline>
<codeline lineno="43"><highlight class="normal"></highlight></codeline>
<codeline lineno="44"><highlight class="normal"></highlight><highlight class="preprocessor">#ifdef<sp/>TIZ_LOG_CATEGORY_NAME</highlight><highlight class="normal"></highlight></codeline>
<codeline lineno="45"><highlight class="normal"></highlight><highlight class="preprocessor">#undef<sp/>TIZ_LOG_CATEGORY_NAME</highlight><highlight class="normal"></highlight></codeline>
<codeline lineno="46"><highlight class="normal"></highlight><highlight class="preprocessor">#define<sp/>TIZ_LOG_CATEGORY_NAME<sp/>&quot;tiz.inproc_reader.prc&quot;</highlight><highlight class="normal"></highlight></codeline>
<codeline lineno="47"><highlight class="normal"></highlight><highlight class="preprocessor">#endif</highlight><highlight class="normal"></highlight></codeline>
<codeline lineno="48"><highlight class="normal"></highlight></codeline>
<codeline lineno="49"><highlight class="normal"></highlight><highlight class="comment">/*</highlight></codeline>
<codeline lineno="50"><highlight class="comment"><sp/>*<sp/>inprocsrcprc</highlight></codeline>
<codeline lineno="51"><highlight class="comment"><sp/>*/</highlight><highlight class="normal"></highlight></codeline>
<codeline lineno="52"><highlight class="normal"></highlight></codeline>
<codeline lineno="53"><highlight class="normal"></highlight><highlight class="keyword">static</highlight><highlight class="normal"><sp/></highlight><highlight class="keywordtype">void</highlight><highlight class="normal"><sp/>*</highlight></codeline>
<codeline lineno="54"><highlight class="normal">inprocsrc_prc_ctor<sp/>(</highlight><highlight class="keywordtype">void</highlight><highlight class="normal"><sp/>*ap_obj,<sp/>va_list<sp/>*<sp/>app)</highlight></codeline>
<codeline lineno="55"><highlight class="normal">{</highlight></codeline>
<codeline lineno="56"><highlight class="normal"><sp/><sp/><ref refid="structinprocsrc__prc" kindref="compound">inprocsrc_prc_t</ref><sp/>*p_obj<sp/>=<sp/>super_ctor<sp/>(typeOf<sp/>(ap_obj,<sp/></highlight><highlight class="stringliteral">&quot;inprocsrcprc&quot;</highlight><highlight class="normal">),<sp/>ap_obj,<sp/>app);</highlight></codeline>
<codeline lineno="57"><highlight class="normal"><sp/><sp/>p_obj-&gt;eos_<sp/>=<sp/></highlight><highlight class="keyword">false</highlight><highlight class="normal">;</highlight></codeline>
<codeline lineno="58"><highlight class="normal"><sp/><sp/></highlight><highlight class="keywordflow">return</highlight><highlight class="normal"><sp/>p_obj;</highlight></codeline>
<codeline lineno="59"><highlight class="normal">}</highlight></codeline>
<codeline lineno="60"><highlight class="normal"></highlight></codeline>
<codeline lineno="61"><highlight class="normal"></highlight><highlight class="keyword">static</highlight><highlight class="normal"><sp/></highlight><highlight class="keywordtype">void</highlight><highlight class="normal"><sp/>*</highlight></codeline>
<codeline lineno="62"><highlight class="normal">inprocsrc_prc_dtor<sp/>(</highlight><highlight class="keywordtype">void</highlight><highlight class="normal"><sp/>*ap_obj)</highlight></codeline>
<codeline lineno="63"><highlight class="normal">{</highlight></codeline>
<codeline lineno="64"><highlight class="normal"><sp/><sp/></highlight><highlight class="keywordflow">return</highlight><highlight class="normal"><sp/>super_dtor<sp/>(typeOf<sp/>(ap_obj,<sp/></highlight><highlight class="stringliteral">&quot;inprocsrcprc&quot;</highlight><highlight class="normal">),<sp/>ap_obj);</highlight></codeline>
<codeline lineno="65"><highlight class="normal">}</highlight></codeline>
<codeline lineno="66"><highlight class="normal"></highlight></codeline>
<codeline lineno="67"><highlight class="normal"></highlight><highlight class="keyword">static</highlight><highlight class="normal"><sp/>OMX_ERRORTYPE</highlight></codeline>
<codeline lineno="68"><highlight class="normal">inprocsrc_prc_read_buffer<sp/>(</highlight><highlight class="keyword">const</highlight><highlight class="normal"><sp/></highlight><highlight class="keywordtype">void</highlight><highlight class="normal"><sp/>*ap_obj,<sp/>OMX_BUFFERHEADERTYPE<sp/>*<sp/>p_hdr)</highlight></codeline>
<codeline lineno="69"><highlight class="normal">{</highlight></codeline>
<codeline lineno="70"><highlight class="normal"><sp/><sp/></highlight><highlight class="keywordflow">return</highlight><highlight class="normal"><sp/>OMX_ErrorNone;</highlight></codeline>
<codeline lineno="71"><highlight class="normal">}</highlight></codeline>
<codeline lineno="72"><highlight class="normal"></highlight></codeline>
<codeline lineno="73"><highlight class="normal"></highlight><highlight class="comment">/*</highlight></codeline>
<codeline lineno="74"><highlight class="comment"><sp/>*<sp/>from<sp/>tizsrv<sp/>class</highlight></codeline>
<codeline lineno="75"><highlight class="comment"><sp/>*/</highlight><highlight class="normal"></highlight></codeline>
<codeline lineno="76"><highlight class="normal"></highlight></codeline>
<codeline lineno="77"><highlight class="normal"></highlight><highlight class="keyword">static</highlight><highlight class="normal"><sp/>OMX_ERRORTYPE</highlight></codeline>
<codeline lineno="78"><highlight class="normal">inprocsrc_prc_allocate_resources<sp/>(</highlight><highlight class="keywordtype">void</highlight><highlight class="normal"><sp/>*ap_obj,<sp/>OMX_U32<sp/>a_pid)</highlight></codeline>
<codeline lineno="79"><highlight class="normal">{</highlight></codeline>
<codeline lineno="80"><highlight class="normal"><sp/><sp/></highlight><highlight class="keywordflow">return</highlight><highlight class="normal"><sp/>OMX_ErrorNone;</highlight></codeline>
<codeline lineno="81"><highlight class="normal">}</highlight></codeline>
<codeline lineno="82"><highlight class="normal"></highlight></codeline>
<codeline lineno="83"><highlight class="normal"></highlight><highlight class="keyword">static</highlight><highlight class="normal"><sp/>OMX_ERRORTYPE</highlight></codeline>
<codeline lineno="84"><highlight class="normal">inprocsrc_prc_deallocate_resources<sp/>(</highlight><highlight class="keywordtype">void</highlight><highlight class="normal"><sp/>*ap_obj)</highlight></codeline>
<codeline lineno="85"><highlight class="normal">{</highlight></codeline>
<codeline lineno="86"><highlight class="normal"><sp/><sp/></highlight><highlight class="keywordflow">return</highlight><highlight class="normal"><sp/>OMX_ErrorNone;</highlight></codeline>
<codeline lineno="87"><highlight class="normal">}</highlight></codeline>
<codeline lineno="88"><highlight class="normal"></highlight></codeline>
<codeline lineno="89"><highlight class="normal"></highlight><highlight class="keyword">static</highlight><highlight class="normal"><sp/>OMX_ERRORTYPE</highlight></codeline>
<codeline lineno="90"><highlight class="normal">inprocsrc_prc_prepare_to_transfer<sp/>(</highlight><highlight class="keywordtype">void</highlight><highlight class="normal"><sp/>*ap_obj,<sp/>OMX_U32<sp/>a_pid)</highlight></codeline>
<codeline lineno="91"><highlight class="normal">{</highlight></codeline>
<codeline lineno="92"><highlight class="normal"><sp/><sp/></highlight><highlight class="keywordflow">return</highlight><highlight class="normal"><sp/>OMX_ErrorNone;</highlight></codeline>
<codeline lineno="93"><highlight class="normal">}</highlight></codeline>
<codeline lineno="94"><highlight class="normal"></highlight></codeline>
<codeline lineno="95"><highlight class="normal"></highlight><highlight class="keyword">static</highlight><highlight class="normal"><sp/>OMX_ERRORTYPE</highlight></codeline>
<codeline lineno="96"><highlight class="normal">inprocsrc_prc_transfer_and_process<sp/>(</highlight><highlight class="keywordtype">void</highlight><highlight class="normal"><sp/>*ap_obj,<sp/>OMX_U32<sp/>a_pid)</highlight></codeline>
<codeline lineno="97"><highlight class="normal">{</highlight></codeline>
<codeline lineno="98"><highlight class="normal"><sp/><sp/></highlight><highlight class="keywordflow">return</highlight><highlight class="normal"><sp/>OMX_ErrorNone;</highlight></codeline>
<codeline lineno="99"><highlight class="normal">}</highlight></codeline>
<codeline lineno="100"><highlight class="normal"></highlight></codeline>
<codeline lineno="101"><highlight class="normal"></highlight><highlight class="keyword">static</highlight><highlight class="normal"><sp/>OMX_ERRORTYPE</highlight></codeline>
<codeline lineno="102"><highlight class="normal">inprocsrc_prc_stop_and_return<sp/>(</highlight><highlight class="keywordtype">void</highlight><highlight class="normal"><sp/>*ap_obj)</highlight></codeline>
<codeline lineno="103"><highlight class="normal">{</highlight></codeline>
<codeline lineno="104"><highlight class="normal"><sp/><sp/></highlight><highlight class="keywordflow">return</highlight><highlight class="normal"><sp/>OMX_ErrorNone;</highlight></codeline>
<codeline lineno="105"><highlight class="normal">}</highlight></codeline>
<codeline lineno="106"><highlight class="normal"></highlight></codeline>
<codeline lineno="107"><highlight class="normal"></highlight><highlight class="comment">/*</highlight></codeline>
<codeline lineno="108"><highlight class="comment"><sp/>*<sp/>from<sp/>tizprc<sp/>class</highlight></codeline>
<codeline lineno="109"><highlight class="comment"><sp/>*/</highlight><highlight class="normal"></highlight></codeline>
<codeline lineno="110"><highlight class="normal"></highlight></codeline>
<codeline lineno="111"><highlight class="normal"></highlight><highlight class="keyword">static</highlight><highlight class="normal"><sp/>OMX_ERRORTYPE</highlight></codeline>
<codeline lineno="112"><highlight class="normal">inprocsrc_prc_buffers_ready<sp/>(</highlight><highlight class="keyword">const</highlight><highlight class="normal"><sp/></highlight><highlight class="keywordtype">void</highlight><highlight class="normal"><sp/>*ap_obj)</highlight></codeline>
<codeline lineno="113"><highlight class="normal">{</highlight></codeline>
<codeline lineno="114"><highlight class="normal"><sp/><sp/></highlight><highlight class="keywordflow">return</highlight><highlight class="normal"><sp/>OMX_ErrorNone;</highlight></codeline>
<codeline lineno="115"><highlight class="normal">}</highlight></codeline>
<codeline lineno="116"><highlight class="normal"></highlight></codeline>
<codeline lineno="117"><highlight class="normal"></highlight><highlight class="comment">/*</highlight></codeline>
<codeline lineno="118"><highlight class="comment"><sp/>*<sp/>inprocsrc_prc_class</highlight></codeline>
<codeline lineno="119"><highlight class="comment"><sp/>*/</highlight><highlight class="normal"></highlight></codeline>
<codeline lineno="120"><highlight class="normal"></highlight></codeline>
<codeline lineno="121"><highlight class="normal"></highlight><highlight class="keyword">static</highlight><highlight class="normal"><sp/></highlight><highlight class="keywordtype">void</highlight><highlight class="normal"><sp/>*</highlight></codeline>
<codeline lineno="122"><highlight class="normal">inprocsrc_prc_class_ctor<sp/>(</highlight><highlight class="keywordtype">void</highlight><highlight class="normal"><sp/>*ap_obj,<sp/>va_list<sp/>*<sp/>app)</highlight></codeline>
<codeline lineno="123"><highlight class="normal">{</highlight></codeline>
<codeline lineno="124"><highlight class="normal"><sp/><sp/></highlight><highlight class="comment">/*<sp/>NOTE:<sp/>Class<sp/>methods<sp/>might<sp/>be<sp/>added<sp/>in<sp/>the<sp/>future.<sp/>None<sp/>for<sp/>now.<sp/>*/</highlight><highlight class="normal"></highlight></codeline>
<codeline lineno="125"><highlight class="normal"><sp/><sp/></highlight><highlight class="keywordflow">return</highlight><highlight class="normal"><sp/>super_ctor<sp/>(typeOf<sp/>(ap_obj,<sp/></highlight><highlight class="stringliteral">&quot;inprocsrcprc_class&quot;</highlight><highlight class="normal">),<sp/>ap_obj,<sp/>app);</highlight></codeline>
<codeline lineno="126"><highlight class="normal">}</highlight></codeline>
<codeline lineno="127"><highlight class="normal"></highlight></codeline>
<codeline lineno="128"><highlight class="normal"></highlight><highlight class="comment">/*</highlight></codeline>
<codeline lineno="129"><highlight class="comment"><sp/>*<sp/>initialization</highlight></codeline>
<codeline lineno="130"><highlight class="comment"><sp/>*/</highlight><highlight class="normal"></highlight></codeline>
<codeline lineno="131"><highlight class="normal"></highlight></codeline>
<codeline lineno="132"><highlight class="normal"></highlight><highlight class="keywordtype">void</highlight><highlight class="normal"><sp/>*</highlight></codeline>
<codeline lineno="133"><highlight class="normal">inprocsrc_prc_class_init<sp/>(</highlight><highlight class="keywordtype">void</highlight><highlight class="normal"><sp/>*<sp/>ap_tos,<sp/></highlight><highlight class="keywordtype">void</highlight><highlight class="normal"><sp/>*<sp/>ap_hdl)</highlight></codeline>
<codeline lineno="134"><highlight class="normal">{</highlight></codeline>
<codeline lineno="135"><highlight class="normal"><sp/><sp/></highlight><highlight class="keywordtype">void</highlight><highlight class="normal"><sp/>*<sp/>tizprc<sp/>=<sp/><ref refid="group__tizscheduler_1gacf2f63dcdf377b97875517fb7fca9425" kindref="member">tiz_get_type</ref><sp/>(ap_hdl,<sp/></highlight><highlight class="stringliteral">&quot;tizprc&quot;</highlight><highlight class="normal">);</highlight></codeline>
<codeline lineno="136"><highlight class="normal"><sp/><sp/></highlight><highlight class="keywordtype">void</highlight><highlight class="normal"><sp/>*<sp/>inprocsrcprc_class<sp/>=<sp/>factory_new</highlight></codeline>
<codeline lineno="137"><highlight class="normal"><sp/><sp/><sp/><sp/></highlight><highlight class="comment">/*<sp/>TIZ_CLASS_COMMENT:<sp/>class<sp/>type,<sp/>class<sp/>name,<sp/>parent,<sp/>size<sp/>*/</highlight><highlight class="normal"></highlight></codeline>
<codeline lineno="138"><highlight class="normal"><sp/><sp/><sp/><sp/>(classOf<sp/>(tizprc),<sp/></highlight><highlight class="stringliteral">&quot;inprocsrcprc_class&quot;</highlight><highlight class="normal">,<sp/>classOf<sp/>(tizprc),<sp/></highlight><highlight class="keyword">sizeof</highlight><highlight class="normal"><sp/>(<ref refid="structinprocsrc__prc__class" kindref="compound">inprocsrc_prc_class_t</ref>),</highlight></codeline>
<codeline lineno="139"><highlight class="normal"><sp/><sp/><sp/><sp/><sp/></highlight><highlight class="comment">/*<sp/>TIZ_CLASS_COMMENT:<sp/>*/</highlight><highlight class="normal"></highlight></codeline>
<codeline lineno="140"><highlight class="normal"><sp/><sp/><sp/><sp/><sp/>ap_tos,<sp/>ap_hdl,</highlight></codeline>
<codeline lineno="141"><highlight class="normal"><sp/><sp/><sp/><sp/><sp/></highlight><highlight class="comment">/*<sp/>TIZ_CLASS_COMMENT:<sp/>class<sp/>constructor<sp/>*/</highlight><highlight class="normal"></highlight></codeline>
<codeline lineno="142"><highlight class="normal"><sp/><sp/><sp/><sp/><sp/>ctor,<sp/>inprocsrc_prc_class_ctor,</highlight></codeline>
<codeline lineno="143"><highlight class="normal"><sp/><sp/><sp/><sp/><sp/></highlight><highlight class="comment">/*<sp/>TIZ_CLASS_COMMENT:<sp/>stop<sp/>value*/</highlight><highlight class="normal"></highlight></codeline>
<codeline lineno="144"><highlight class="normal"><sp/><sp/><sp/><sp/><sp/>0);</highlight></codeline>
<codeline lineno="145"><highlight class="normal"><sp/><sp/></highlight><highlight class="keywordflow">return</highlight><highlight class="normal"><sp/>inprocsrcprc_class;</highlight></codeline>
<codeline lineno="146"><highlight class="normal">}</highlight></codeline>
<codeline lineno="147"><highlight class="normal"></highlight></codeline>
<codeline lineno="148"><highlight class="normal"></highlight><highlight class="keywordtype">void</highlight><highlight class="normal"><sp/>*</highlight></codeline>
<codeline lineno="149"><highlight class="normal">inprocsrc_prc_init<sp/>(</highlight><highlight class="keywordtype">void</highlight><highlight class="normal"><sp/>*<sp/>ap_tos,<sp/></highlight><highlight class="keywordtype">void</highlight><highlight class="normal"><sp/>*<sp/>ap_hdl)</highlight></codeline>
<codeline lineno="150"><highlight class="normal">{</highlight></codeline>
<codeline lineno="151"><highlight class="normal"><sp/><sp/></highlight><highlight class="keywordtype">void</highlight><highlight class="normal"><sp/>*<sp/>tizprc<sp/>=<sp/><ref refid="group__tizscheduler_1gacf2f63dcdf377b97875517fb7fca9425" kindref="member">tiz_get_type</ref><sp/>(ap_hdl,<sp/></highlight><highlight class="stringliteral">&quot;tizprc&quot;</highlight><highlight class="normal">);</highlight></codeline>
<codeline lineno="152"><highlight class="normal"><sp/><sp/></highlight><highlight class="keywordtype">void</highlight><highlight class="normal"><sp/>*<sp/>inprocsrcprc_class<sp/>=<sp/><ref refid="group__tizscheduler_1gacf2f63dcdf377b97875517fb7fca9425" kindref="member">tiz_get_type</ref><sp/>(ap_hdl,<sp/></highlight><highlight class="stringliteral">&quot;inprocsrcprc_class&quot;</highlight><highlight class="normal">);</highlight></codeline>
<codeline lineno="153"><highlight class="normal"><sp/><sp/>TIZ_LOG_CLASS<sp/>(inprocsrcprc_class);</highlight></codeline>
<codeline lineno="154"><highlight class="normal"><sp/><sp/></highlight><highlight class="keywordtype">void</highlight><highlight class="normal"><sp/>*<sp/>inprocsrcprc<sp/>=<sp/>factory_new</highlight></codeline>
<codeline lineno="155"><highlight class="normal"><sp/><sp/><sp/><sp/></highlight><highlight class="comment">/*<sp/>TIZ_CLASS_COMMENT:<sp/>class<sp/>type,<sp/>class<sp/>name,<sp/>parent,<sp/>size<sp/>*/</highlight><highlight class="normal"></highlight></codeline>
<codeline lineno="156"><highlight class="normal"><sp/><sp/><sp/><sp/>(inprocsrcprc_class,<sp/></highlight><highlight class="stringliteral">&quot;inprocsrcprc&quot;</highlight><highlight class="normal">,<sp/>tizprc,<sp/></highlight><highlight class="keyword">sizeof</highlight><highlight class="normal"><sp/>(<ref refid="structinprocsrc__prc" kindref="compound">inprocsrc_prc_t</ref>),</highlight></codeline>
<codeline lineno="157"><highlight class="normal"><sp/><sp/><sp/><sp/><sp/></highlight><highlight class="comment">/*<sp/>TIZ_CLASS_COMMENT:<sp/>*/</highlight><highlight class="normal"></highlight></codeline>
<codeline lineno="158"><highlight class="normal"><sp/><sp/><sp/><sp/><sp/>ap_tos,<sp/>ap_hdl,</highlight></codeline>
<codeline lineno="159"><highlight class="normal"><sp/><sp/><sp/><sp/><sp/></highlight><highlight class="comment">/*<sp/>TIZ_CLASS_COMMENT:<sp/>class<sp/>constructor<sp/>*/</highlight><highlight class="normal"></highlight></codeline>
<codeline lineno="160"><highlight class="normal"><sp/><sp/><sp/><sp/><sp/>ctor,<sp/>inprocsrc_prc_ctor,</highlight></codeline>
<codeline lineno="161"><highlight class="normal"><sp/><sp/><sp/><sp/><sp/></highlight><highlight class="comment">/*<sp/>TIZ_CLASS_COMMENT:<sp/>class<sp/>destructor<sp/>*/</highlight><highlight class="normal"></highlight></codeline>
<codeline lineno="162"><highlight class="normal"><sp/><sp/><sp/><sp/><sp/>dtor,<sp/>inprocsrc_prc_dtor,</highlight></codeline>
<codeline lineno="163"><highlight class="normal"><sp/><sp/><sp/><sp/><sp/></highlight><highlight class="comment">/*<sp/>TIZ_CLASS_COMMENT:<sp/>*/</highlight><highlight class="normal"></highlight></codeline>
<codeline lineno="164"><highlight class="normal"><sp/><sp/><sp/><sp/><sp/>tiz_srv_allocate_resources,<sp/>inprocsrc_prc_allocate_resources,</highlight></codeline>
<codeline lineno="165"><highlight class="normal"><sp/><sp/><sp/><sp/><sp/></highlight><highlight class="comment">/*<sp/>TIZ_CLASS_COMMENT:<sp/>*/</highlight><highlight class="normal"></highlight></codeline>
<codeline lineno="166"><highlight class="normal"><sp/><sp/><sp/><sp/><sp/>tiz_srv_deallocate_resources,<sp/>inprocsrc_prc_deallocate_resources,</highlight></codeline>
<codeline lineno="167"><highlight class="normal"><sp/><sp/><sp/><sp/><sp/></highlight><highlight class="comment">/*<sp/>TIZ_CLASS_COMMENT:<sp/>*/</highlight><highlight class="normal"></highlight></codeline>
<codeline lineno="168"><highlight class="normal"><sp/><sp/><sp/><sp/><sp/>tiz_srv_prepare_to_transfer,<sp/>inprocsrc_prc_prepare_to_transfer,</highlight></codeline>
<codeline lineno="169"><highlight class="normal"><sp/><sp/><sp/><sp/><sp/></highlight><highlight class="comment">/*<sp/>TIZ_CLASS_COMMENT:<sp/>*/</highlight><highlight class="normal"></highlight></codeline>
<codeline lineno="170"><highlight class="normal"><sp/><sp/><sp/><sp/><sp/>tiz_srv_transfer_and_process,<sp/>inprocsrc_prc_transfer_and_process,</highlight></codeline>
<codeline lineno="171"><highlight class="normal"><sp/><sp/><sp/><sp/><sp/></highlight><highlight class="comment">/*<sp/>TIZ_CLASS_COMMENT:<sp/>*/</highlight><highlight class="normal"></highlight></codeline>
<codeline lineno="172"><highlight class="normal"><sp/><sp/><sp/><sp/><sp/>tiz_srv_stop_and_return,<sp/>inprocsrc_prc_stop_and_return,</highlight></codeline>
<codeline lineno="173"><highlight class="normal"><sp/><sp/><sp/><sp/><sp/></highlight><highlight class="comment">/*<sp/>TIZ_CLASS_COMMENT:<sp/>*/</highlight><highlight class="normal"></highlight></codeline>
<codeline lineno="174"><highlight class="normal"><sp/><sp/><sp/><sp/><sp/>tiz_prc_buffers_ready,<sp/>inprocsrc_prc_buffers_ready,</highlight></codeline>
<codeline lineno="175"><highlight class="normal"><sp/><sp/><sp/><sp/><sp/></highlight><highlight class="comment">/*<sp/>TIZ_CLASS_COMMENT:<sp/>stop<sp/>value<sp/>*/</highlight><highlight class="normal"></highlight></codeline>
<codeline lineno="176"><highlight class="normal"><sp/><sp/><sp/><sp/><sp/>0);</highlight></codeline>
<codeline lineno="177"><highlight class="normal"></highlight></codeline>
<codeline lineno="178"><highlight class="normal"><sp/><sp/></highlight><highlight class="keywordflow">return</highlight><highlight class="normal"><sp/>inprocsrcprc;</highlight></codeline>
<codeline lineno="179"><highlight class="normal">}</highlight></codeline>
    </programlisting>
    <location file="/home/joni/work/tizonia-master/plugins/inproc_reader/src/inprocsrcprc.c"/>
  </compounddef>
</doxygen>
