<?xml version='1.0' encoding='UTF-8' standalone='no'?>
<doxygen xmlns:xsi="http://www.w3.org/2001/XMLSchema-instance" xsi:noNamespaceSchemaLocation="compound.xsd" version="1.8.11">
  <compounddef id="mp3d_8h" kind="file" language="C++">
    <compoundname>mp3d.h</compoundname>
    <includes local="no">OMX_Core.h</includes>
    <includes local="no">OMX_Types.h</includes>
    <includedby refid="mp3d_8c" local="yes">/home/joni/work/tizonia-master/plugins/mp3_decoder/src/mp3d.c</includedby>
    <includedby refid="mp3dprc_8c" local="yes">/home/joni/work/tizonia-master/plugins/mp3_decoder/src/mp3dprc.c</includedby>
    <incdepgraph>
      <node id="12060">
        <label>OMX_Core.h</label>
      </node>
      <node id="12061">
        <label>OMX_Types.h</label>
      </node>
      <node id="12059">
        <label>/home/joni/work/tizonia-master/plugins/mp3_decoder/src/mp3d.h</label>
        <link refid="mp3d.h"/>
        <childnode refid="12060" relation="include">
        </childnode>
        <childnode refid="12061" relation="include">
        </childnode>
      </node>
    </incdepgraph>
      <sectiondef kind="define">
      <memberdef kind="define" id="mp3d_8h_1a4550ac5819c2e13eab381a3b1b38913e" prot="public" static="no">
        <name>ARATELIA_MP3_DECODER_DEFAULT_ROLE</name>
        <initializer>&quot;audio_decoder.mp3&quot;</initializer>
        <briefdescription>
        </briefdescription>
        <detaileddescription>
        </detaileddescription>
        <inbodydescription>
        </inbodydescription>
        <location file="/home/joni/work/tizonia-master/plugins/mp3_decoder/src/mp3d.h" line="39" column="9" bodyfile="/home/joni/work/tizonia-master/plugins/mp3_decoder/src/mp3d.h" bodystart="39" bodyend="-1"/>
      </memberdef>
      <memberdef kind="define" id="mp3d_8h_1a9bef7e18f3e3d0bc21c2d483ecc6f017" prot="public" static="no">
        <name>ARATELIA_MP3_DECODER_COMPONENT_NAME</name>
        <initializer>&quot;OMX.Aratelia.audio_decoder.mp3&quot;</initializer>
        <briefdescription>
        </briefdescription>
        <detaileddescription>
        </detaileddescription>
        <inbodydescription>
        </inbodydescription>
        <location file="/home/joni/work/tizonia-master/plugins/mp3_decoder/src/mp3d.h" line="40" column="9" bodyfile="/home/joni/work/tizonia-master/plugins/mp3_decoder/src/mp3d.h" bodystart="40" bodyend="-1"/>
      </memberdef>
      <memberdef kind="define" id="mp3d_8h_1a511ebbf46de0e2100fc970e50f8e7404" prot="public" static="no">
        <name>ARATELIA_MP3_DECODER_INPUT_PORT_INDEX</name>
        <initializer>0</initializer>
        <briefdescription>
        </briefdescription>
        <detaileddescription>
        </detaileddescription>
        <inbodydescription>
        </inbodydescription>
        <location file="/home/joni/work/tizonia-master/plugins/mp3_decoder/src/mp3d.h" line="42" column="9" bodyfile="/home/joni/work/tizonia-master/plugins/mp3_decoder/src/mp3d.h" bodystart="42" bodyend="-1"/>
      </memberdef>
      <memberdef kind="define" id="mp3d_8h_1a6d43a1bb04484ec5622cb676d6ce99c3" prot="public" static="no">
        <name>ARATELIA_MP3_DECODER_OUTPUT_PORT_INDEX</name>
        <initializer>1</initializer>
        <briefdescription>
        </briefdescription>
        <detaileddescription>
        </detaileddescription>
        <inbodydescription>
        </inbodydescription>
        <location file="/home/joni/work/tizonia-master/plugins/mp3_decoder/src/mp3d.h" line="43" column="9" bodyfile="/home/joni/work/tizonia-master/plugins/mp3_decoder/src/mp3d.h" bodystart="43" bodyend="-1"/>
      </memberdef>
      <memberdef kind="define" id="mp3d_8h_1a56ac75c837bfc4f9958ea1e77c1883c9" prot="public" static="no">
        <name>ARATELIA_MP3_DECODER_PORT_MIN_BUF_COUNT</name>
        <initializer>2</initializer>
        <briefdescription>
        </briefdescription>
        <detaileddescription>
        </detaileddescription>
        <inbodydescription>
        </inbodydescription>
        <location file="/home/joni/work/tizonia-master/plugins/mp3_decoder/src/mp3d.h" line="44" column="9" bodyfile="/home/joni/work/tizonia-master/plugins/mp3_decoder/src/mp3d.h" bodystart="44" bodyend="-1"/>
      </memberdef>
      <memberdef kind="define" id="mp3d_8h_1a484f86c047c5475af352e24ea91e15ee" prot="public" static="no">
        <name>ARATELIA_MP3_DECODER_PORT_MIN_INPUT_BUF_SIZE</name>
        <initializer>(5 * 8192)</initializer>
        <briefdescription>
        </briefdescription>
        <detaileddescription>
        </detaileddescription>
        <inbodydescription>
        </inbodydescription>
        <location file="/home/joni/work/tizonia-master/plugins/mp3_decoder/src/mp3d.h" line="45" column="9" bodyfile="/home/joni/work/tizonia-master/plugins/mp3_decoder/src/mp3d.h" bodystart="45" bodyend="-1"/>
      </memberdef>
      <memberdef kind="define" id="mp3d_8h_1a0b162f8a7466a252057e8ba44bf80ce0" prot="public" static="no">
        <name>ARATELIA_MP3_DECODER_PORT_MIN_OUTPUT_BUF_SIZE</name>
        <initializer>(12 * 8192)</initializer>
        <briefdescription>
        </briefdescription>
        <detaileddescription>
        </detaileddescription>
        <inbodydescription>
        </inbodydescription>
        <location file="/home/joni/work/tizonia-master/plugins/mp3_decoder/src/mp3d.h" line="46" column="9" bodyfile="/home/joni/work/tizonia-master/plugins/mp3_decoder/src/mp3d.h" bodystart="46" bodyend="-1"/>
      </memberdef>
      <memberdef kind="define" id="mp3d_8h_1a6d1356acf7d678851d5e97b6e7115a55" prot="public" static="no">
        <name>ARATELIA_MP3_DECODER_PORT_NONCONTIGUOUS</name>
        <initializer>OMX_FALSE</initializer>
        <briefdescription>
        </briefdescription>
        <detaileddescription>
        </detaileddescription>
        <inbodydescription>
        </inbodydescription>
        <location file="/home/joni/work/tizonia-master/plugins/mp3_decoder/src/mp3d.h" line="47" column="9" bodyfile="/home/joni/work/tizonia-master/plugins/mp3_decoder/src/mp3d.h" bodystart="47" bodyend="-1"/>
      </memberdef>
      <memberdef kind="define" id="mp3d_8h_1af0ab293a47099121ea869badaa12f1aa" prot="public" static="no">
        <name>ARATELIA_MP3_DECODER_PORT_ALIGNMENT</name>
        <initializer>0</initializer>
        <briefdescription>
        </briefdescription>
        <detaileddescription>
        </detaileddescription>
        <inbodydescription>
        </inbodydescription>
        <location file="/home/joni/work/tizonia-master/plugins/mp3_decoder/src/mp3d.h" line="48" column="9" bodyfile="/home/joni/work/tizonia-master/plugins/mp3_decoder/src/mp3d.h" bodystart="48" bodyend="-1"/>
      </memberdef>
      <memberdef kind="define" id="mp3d_8h_1a8d00f2e100b60efcd71065187a6c8a1f" prot="public" static="no">
        <name>ARATELIA_MP3_DECODER_PORT_SUPPLIERPREF</name>
        <initializer>OMX_BufferSupplyInput</initializer>
        <briefdescription>
        </briefdescription>
        <detaileddescription>
        </detaileddescription>
        <inbodydescription>
        </inbodydescription>
        <location file="/home/joni/work/tizonia-master/plugins/mp3_decoder/src/mp3d.h" line="49" column="9" bodyfile="/home/joni/work/tizonia-master/plugins/mp3_decoder/src/mp3d.h" bodystart="49" bodyend="-1"/>
      </memberdef>
      </sectiondef>
    <briefdescription>
<para>Tizonia - Mp3 decoder component constants. </para>    </briefdescription>
    <detaileddescription>
<para>Copyright (C) 2011-2018 Aratelia Limited - Juan A. Rubio</para><para>This file is part of Tizonia</para><para>Tizonia is free software; you can redistribute it and/or modify it under the terms of the GNU General Public License as published by the Free Software Foundation; either version 2 of the License, or (at your option) any later version.</para><para>Tizonia is distributed in the hope that it will be useful, but WITHOUT ANY WARRANTY; without even the implied warranty of MERCHANTABILITY or FITNESS FOR A PARTICULAR PURPOSE. See the GNU General Public License for more details.</para><para>You should have received a copy of the GNU General Public License along with this program. If not, see <ulink url="http://www.gnu.org/licenses/">http://www.gnu.org/licenses/</ulink>.</para><para><simplesect kind="author"><para>Juan A. Rubio <ulink url="mailto:juan.rubio@aratelia.com">juan.rubio@aratelia.com</ulink> </para></simplesect>
</para>    </detaileddescription>
    <programlisting>
<codeline lineno="1"></codeline>
<codeline lineno="29"><highlight class="preprocessor">#ifndef<sp/>MP3D_H</highlight><highlight class="normal"></highlight></codeline>
<codeline lineno="30"><highlight class="normal"></highlight><highlight class="preprocessor">#define<sp/>MP3D_H</highlight><highlight class="normal"></highlight></codeline>
<codeline lineno="31"><highlight class="normal"></highlight></codeline>
<codeline lineno="32"><highlight class="normal"></highlight><highlight class="preprocessor">#ifdef<sp/>__cplusplus</highlight><highlight class="normal"></highlight></codeline>
<codeline lineno="33"><highlight class="normal"></highlight><highlight class="keyword">extern</highlight><highlight class="normal"><sp/></highlight><highlight class="stringliteral">&quot;C&quot;</highlight><highlight class="normal"><sp/>{</highlight></codeline>
<codeline lineno="34"><highlight class="normal"></highlight><highlight class="preprocessor">#endif</highlight><highlight class="normal"></highlight></codeline>
<codeline lineno="35"><highlight class="normal"></highlight></codeline>
<codeline lineno="36"><highlight class="normal"></highlight><highlight class="preprocessor">#include<sp/>&lt;OMX_Core.h&gt;</highlight><highlight class="normal"></highlight></codeline>
<codeline lineno="37"><highlight class="normal"></highlight><highlight class="preprocessor">#include<sp/>&lt;OMX_Types.h&gt;</highlight><highlight class="normal"></highlight></codeline>
<codeline lineno="38"><highlight class="normal"></highlight></codeline>
<codeline lineno="39"><highlight class="normal"></highlight><highlight class="preprocessor">#define<sp/>ARATELIA_MP3_DECODER_DEFAULT_ROLE<sp/>&quot;audio_decoder.mp3&quot;</highlight><highlight class="normal"></highlight></codeline>
<codeline lineno="40"><highlight class="normal"></highlight><highlight class="preprocessor">#define<sp/>ARATELIA_MP3_DECODER_COMPONENT_NAME<sp/>&quot;OMX.Aratelia.audio_decoder.mp3&quot;</highlight><highlight class="normal"></highlight></codeline>
<codeline lineno="41"><highlight class="normal"></highlight><highlight class="comment">/*<sp/>With<sp/>libtizonia,<sp/>port<sp/>indexes<sp/>must<sp/>start<sp/>at<sp/>index<sp/>0<sp/>*/</highlight><highlight class="normal"></highlight></codeline>
<codeline lineno="42"><highlight class="normal"></highlight><highlight class="preprocessor">#define<sp/>ARATELIA_MP3_DECODER_INPUT_PORT_INDEX<sp/>0</highlight><highlight class="normal"></highlight></codeline>
<codeline lineno="43"><highlight class="normal"></highlight><highlight class="preprocessor">#define<sp/>ARATELIA_MP3_DECODER_OUTPUT_PORT_INDEX<sp/>1</highlight><highlight class="normal"></highlight></codeline>
<codeline lineno="44"><highlight class="normal"></highlight><highlight class="preprocessor">#define<sp/>ARATELIA_MP3_DECODER_PORT_MIN_BUF_COUNT<sp/>2</highlight><highlight class="normal"></highlight></codeline>
<codeline lineno="45"><highlight class="normal"></highlight><highlight class="preprocessor">#define<sp/>ARATELIA_MP3_DECODER_PORT_MIN_INPUT_BUF_SIZE<sp/>(5<sp/>*<sp/>8192)</highlight><highlight class="normal"></highlight></codeline>
<codeline lineno="46"><highlight class="normal"></highlight><highlight class="preprocessor">#define<sp/>ARATELIA_MP3_DECODER_PORT_MIN_OUTPUT_BUF_SIZE<sp/>(12<sp/>*<sp/>8192)</highlight><highlight class="normal"></highlight></codeline>
<codeline lineno="47"><highlight class="normal"></highlight><highlight class="preprocessor">#define<sp/>ARATELIA_MP3_DECODER_PORT_NONCONTIGUOUS<sp/>OMX_FALSE</highlight><highlight class="normal"></highlight></codeline>
<codeline lineno="48"><highlight class="normal"></highlight><highlight class="preprocessor">#define<sp/>ARATELIA_MP3_DECODER_PORT_ALIGNMENT<sp/>0</highlight><highlight class="normal"></highlight></codeline>
<codeline lineno="49"><highlight class="normal"></highlight><highlight class="preprocessor">#define<sp/>ARATELIA_MP3_DECODER_PORT_SUPPLIERPREF<sp/>OMX_BufferSupplyInput</highlight><highlight class="normal"></highlight></codeline>
<codeline lineno="50"><highlight class="normal"></highlight></codeline>
<codeline lineno="51"><highlight class="normal"></highlight><highlight class="preprocessor">#ifdef<sp/>__cplusplus</highlight><highlight class="normal"></highlight></codeline>
<codeline lineno="52"><highlight class="normal">}</highlight></codeline>
<codeline lineno="53"><highlight class="normal"></highlight><highlight class="preprocessor">#endif</highlight><highlight class="normal"></highlight></codeline>
<codeline lineno="54"><highlight class="normal"></highlight></codeline>
<codeline lineno="55"><highlight class="normal"></highlight><highlight class="preprocessor">#endif<sp/></highlight><highlight class="comment">/*<sp/>MP3D_H<sp/>*/</highlight><highlight class="preprocessor"></highlight></codeline>
    </programlisting>
    <location file="/home/joni/work/tizonia-master/plugins/mp3_decoder/src/mp3d.h"/>
  </compounddef>
</doxygen>
