<?xml version='1.0' encoding='UTF-8' standalone='no'?>
<doxygen xmlns:xsi="http://www.w3.org/2001/XMLSchema-instance" xsi:noNamespaceSchemaLocation="compound.xsd" version="1.8.11">
  <compounddef id="mp3dprc__decls_8h" kind="file" language="C++">
    <compoundname>mp3dprc_decls.h</compoundname>
    <includes local="no">stdbool.h</includes>
    <includes local="no">mad.h</includes>
    <includes local="no">OMX_Core.h</includes>
    <includes refid="tizprc__decls_8h" local="no">tizprc_decls.h</includes>
    <includedby refid="mp3dprc_8c" local="yes">/home/joni/work/tizonia-master/plugins/mp3_decoder/src/mp3dprc.c</includedby>
    <incdepgraph>
      <node id="12119">
        <label>stdbool.h</label>
      </node>
      <node id="12156">
        <label>stdarg.h</label>
      </node>
      <node id="12140">
        <label>tizbuffer.h</label>
        <link refid="tizbuffer_8h_source"/>
        <childnode refid="12121" relation="include">
        </childnode>
        <childnode refid="12127" relation="include">
        </childnode>
      </node>
      <node id="12143">
        <label>tizuuid.h</label>
        <link refid="tizuuid_8h_source"/>
        <childnode refid="12127" relation="include">
        </childnode>
      </node>
      <node id="12142">
        <label>tizthread.h</label>
        <link refid="tizthread_8h_source"/>
        <childnode refid="12121" relation="include">
        </childnode>
        <childnode refid="12127" relation="include">
        </childnode>
        <childnode refid="12136" relation="include">
        </childnode>
      </node>
      <node id="12139">
        <label>stdint.h</label>
      </node>
      <node id="12121">
        <label>OMX_Core.h</label>
      </node>
      <node id="12124">
        <label>tizplatform.h</label>
        <link refid="tizplatform_8h_source"/>
        <childnode refid="12125" relation="include">
        </childnode>
        <childnode refid="12133" relation="include">
        </childnode>
        <childnode refid="12130" relation="include">
        </childnode>
        <childnode refid="12135" relation="include">
        </childnode>
        <childnode refid="12137" relation="include">
        </childnode>
        <childnode refid="12140" relation="include">
        </childnode>
        <childnode refid="12141" relation="include">
        </childnode>
        <childnode refid="12136" relation="include">
        </childnode>
        <childnode refid="12142" relation="include">
        </childnode>
        <childnode refid="12143" relation="include">
        </childnode>
        <childnode refid="12126" relation="include">
        </childnode>
        <childnode refid="12144" relation="include">
        </childnode>
        <childnode refid="12138" relation="include">
        </childnode>
        <childnode refid="12145" relation="include">
        </childnode>
        <childnode refid="12146" relation="include">
        </childnode>
        <childnode refid="12147" relation="include">
        </childnode>
        <childnode refid="12148" relation="include">
        </childnode>
        <childnode refid="12149" relation="include">
        </childnode>
        <childnode refid="12150" relation="include">
        </childnode>
        <childnode refid="12151" relation="include">
        </childnode>
      </node>
      <node id="12155">
        <label>tizobject_decls.h</label>
        <link refid="tizobject__decls_8h_source"/>
        <childnode refid="12132" relation="include">
        </childnode>
        <childnode refid="12156" relation="include">
        </childnode>
      </node>
      <node id="12154">
        <label>tizapi_decls.h</label>
        <link refid="tizapi__decls_8h_source"/>
        <childnode refid="12155" relation="include">
        </childnode>
      </node>
      <node id="12128">
        <label>OMX_Component.h</label>
      </node>
      <node id="12138">
        <label>tizsoa.h</label>
        <link refid="tizsoa_8h_source"/>
        <childnode refid="12132" relation="include">
        </childnode>
        <childnode refid="12139" relation="include">
        </childnode>
        <childnode refid="12127" relation="include">
        </childnode>
        <childnode refid="12121" relation="include">
        </childnode>
      </node>
      <node id="12122">
        <label>tizprc_decls.h</label>
        <link refid="tizprc__decls_8h_source"/>
        <childnode refid="12121" relation="include">
        </childnode>
        <childnode refid="12123" relation="include">
        </childnode>
        <childnode refid="12152" relation="include">
        </childnode>
      </node>
      <node id="12118">
        <label>/home/joni/work/tizonia-master/plugins/mp3_decoder/src/mp3dprc_decls.h</label>
        <link refid="mp3dprc_decls.h"/>
        <childnode refid="12119" relation="include">
        </childnode>
        <childnode refid="12120" relation="include">
        </childnode>
        <childnode refid="12121" relation="include">
        </childnode>
        <childnode refid="12122" relation="include">
        </childnode>
      </node>
      <node id="12125">
        <label>tizmacros.h</label>
        <link refid="tizmacros_8h_source"/>
        <childnode refid="12126" relation="include">
        </childnode>
        <childnode refid="12132" relation="include">
        </childnode>
      </node>
      <node id="12132">
        <label>stddef.h</label>
      </node>
      <node id="12149">
        <label>tizprintf.h</label>
        <link refid="tizprintf_8h_source"/>
      </node>
      <node id="12135">
        <label>tizqueue.h</label>
        <link refid="tizqueue_8h_source"/>
        <childnode refid="12121" relation="include">
        </childnode>
        <childnode refid="12127" relation="include">
        </childnode>
        <childnode refid="12136" relation="include">
        </childnode>
      </node>
      <node id="12134">
        <label>log4c.h</label>
      </node>
      <node id="12131">
        <label>sys/types.h</label>
      </node>
      <node id="12130">
        <label>tizmem.h</label>
        <link refid="tizmem_8h_source"/>
        <childnode refid="12131" relation="include">
        </childnode>
        <childnode refid="12127" relation="include">
        </childnode>
      </node>
      <node id="12144">
        <label>tizrc.h</label>
        <link refid="tizrc_8h_source"/>
        <childnode refid="12121" relation="include">
        </childnode>
        <childnode refid="12127" relation="include">
        </childnode>
      </node>
      <node id="12137">
        <label>tizpqueue.h</label>
        <link refid="tizpqueue_8h_source"/>
        <childnode refid="12121" relation="include">
        </childnode>
        <childnode refid="12127" relation="include">
        </childnode>
        <childnode refid="12138" relation="include">
        </childnode>
      </node>
      <node id="12120">
        <label>mad.h</label>
      </node>
      <node id="12127">
        <label>OMX_Types.h</label>
      </node>
      <node id="12136">
        <label>tizsync.h</label>
        <link refid="tizsync_8h_source"/>
        <childnode refid="12121" relation="include">
        </childnode>
        <childnode refid="12127" relation="include">
        </childnode>
      </node>
      <node id="12133">
        <label>tizlog.h</label>
        <link refid="tizlog_8h_source"/>
        <childnode refid="12134" relation="include">
        </childnode>
      </node>
      <node id="12146">
        <label>tizhttp.h</label>
        <link refid="tizhttp_8h_source"/>
        <childnode refid="12121" relation="include">
        </childnode>
        <childnode refid="12127" relation="include">
        </childnode>
      </node>
      <node id="12141">
        <label>tizvector.h</label>
        <link refid="tizvector_8h_source"/>
        <childnode refid="12121" relation="include">
        </childnode>
        <childnode refid="12127" relation="include">
        </childnode>
      </node>
      <node id="12123">
        <label>tizprc.h</label>
        <link refid="tizprc_8h_source"/>
        <childnode refid="12124" relation="include">
        </childnode>
      </node>
      <node id="12151">
        <label>tizurltransfer.h</label>
        <link refid="tizurltransfer_8h_source"/>
        <childnode refid="12128" relation="include">
        </childnode>
      </node>
      <node id="12150">
        <label>tizshufflelst.h</label>
        <link refid="tizshufflelst_8h_source"/>
        <childnode refid="12121" relation="include">
        </childnode>
        <childnode refid="12127" relation="include">
        </childnode>
      </node>
      <node id="12126">
        <label>tizomxutils.h</label>
        <link refid="tizomxutils_8h_source"/>
        <childnode refid="12127" relation="include">
        </childnode>
        <childnode refid="12128" relation="include">
        </childnode>
        <childnode refid="12129" relation="include">
        </childnode>
        <childnode refid="12121" relation="include">
        </childnode>
        <childnode refid="12130" relation="include">
        </childnode>
      </node>
      <node id="12153">
        <label>tizscheduler.h</label>
        <link refid="tizscheduler_8h_source"/>
        <childnode refid="12121" relation="include">
        </childnode>
        <childnode refid="12127" relation="include">
        </childnode>
        <childnode refid="12128" relation="include">
        </childnode>
        <childnode refid="12124" relation="include">
        </childnode>
      </node>
      <node id="12147">
        <label>tizmap.h</label>
        <link refid="tizmap_8h_source"/>
        <childnode refid="12119" relation="include">
        </childnode>
        <childnode refid="12121" relation="include">
        </childnode>
        <childnode refid="12127" relation="include">
        </childnode>
        <childnode refid="12138" relation="include">
        </childnode>
      </node>
      <node id="12152">
        <label>tizservant_decls.h</label>
        <link refid="tizservant__decls_8h_source"/>
        <childnode refid="12153" relation="include">
        </childnode>
        <childnode refid="12154" relation="include">
        </childnode>
      </node>
      <node id="12145">
        <label>tizev.h</label>
        <link refid="tizev_8h_source"/>
        <childnode refid="12119" relation="include">
        </childnode>
        <childnode refid="12139" relation="include">
        </childnode>
        <childnode refid="12121" relation="include">
        </childnode>
        <childnode refid="12127" relation="include">
        </childnode>
      </node>
      <node id="12148">
        <label>tizlimits.h</label>
        <link refid="tizlimits_8h_source"/>
      </node>
      <node id="12129">
        <label>OMX_Audio.h</label>
      </node>
    </incdepgraph>
    <innerclass refid="structmp3d__prc" prot="public">mp3d_prc</innerclass>
    <innerclass refid="structmp3d__prc__class" prot="public">mp3d_prc_class</innerclass>
      <sectiondef kind="define">
      <memberdef kind="define" id="mp3dprc__decls_8h_1aa9b8dcc02cea15aab8e3d0b7860327a7" prot="public" static="no">
        <name>INPUT_BUFFER_SIZE</name>
        <initializer>(5 * 8192)</initializer>
        <briefdescription>
        </briefdescription>
        <detaileddescription>
        </detaileddescription>
        <inbodydescription>
        </inbodydescription>
        <location file="/home/joni/work/tizonia-master/plugins/mp3_decoder/src/mp3dprc_decls.h" line="43" column="9" bodyfile="/home/joni/work/tizonia-master/plugins/mp3_decoder/src/mp3dprc_decls.h" bodystart="43" bodyend="-1"/>
      </memberdef>
      <memberdef kind="define" id="mp3dprc__decls_8h_1a29a61474854edfeed19457644161249f" prot="public" static="no">
        <name>OUTPUT_BUFFER_SIZE</name>
        <initializer>8192 /* Must be an integer multiple of 4. */</initializer>
        <briefdescription>
        </briefdescription>
        <detaileddescription>
        </detaileddescription>
        <inbodydescription>
        </inbodydescription>
        <location file="/home/joni/work/tizonia-master/plugins/mp3_decoder/src/mp3dprc_decls.h" line="44" column="9" bodyfile="/home/joni/work/tizonia-master/plugins/mp3_decoder/src/mp3dprc_decls.h" bodystart="44" bodyend="-1"/>
      </memberdef>
      </sectiondef>
      <sectiondef kind="typedef">
      <memberdef kind="typedef" id="mp3dprc__decls_8h_1a3a6ad0645d04fc89037cd3ae91a93b33" prot="public" static="no">
        <type>struct <ref refid="structmp3d__prc" kindref="compound">mp3d_prc</ref></type>
        <definition>typedef struct mp3d_prc mp3d_prc_t</definition>
        <argsstring></argsstring>
        <name>mp3d_prc_t</name>
        <briefdescription>
        </briefdescription>
        <detaileddescription>
        </detaileddescription>
        <inbodydescription>
        </inbodydescription>
        <location file="/home/joni/work/tizonia-master/plugins/mp3_decoder/src/mp3dprc_decls.h" line="39" column="1" bodyfile="/home/joni/work/tizonia-master/plugins/mp3_decoder/src/mp3dprc_decls.h" bodystart="46" bodyend="-1"/>
      </memberdef>
      <memberdef kind="typedef" id="mp3dprc__decls_8h_1aaac633af48d4b8fe7b0d61fabb5f365e" prot="public" static="no">
        <type>struct <ref refid="structmp3d__prc__class" kindref="compound">mp3d_prc_class</ref></type>
        <definition>typedef struct mp3d_prc_class mp3d_prc_class_t</definition>
        <argsstring></argsstring>
        <name>mp3d_prc_class_t</name>
        <briefdescription>
        </briefdescription>
        <detaileddescription>
        </detaileddescription>
        <inbodydescription>
        </inbodydescription>
        <location file="/home/joni/work/tizonia-master/plugins/mp3_decoder/src/mp3dprc_decls.h" line="39" column="1" bodyfile="/home/joni/work/tizonia-master/plugins/mp3_decoder/src/mp3dprc_decls.h" bodystart="67" bodyend="-1"/>
      </memberdef>
      </sectiondef>
    <briefdescription>
<para>Tizonia - Mp3 Decoder processor class decls. </para>    </briefdescription>
    <detaileddescription>
<para>Copyright (C) 2011-2018 Aratelia Limited - Juan A. Rubio</para><para>This file is part of Tizonia</para><para>Tizonia is free software; you can redistribute it and/or modify it under the terms of the GNU General Public License as published by the Free Software Foundation; either version 2 of the License, or (at your option) any later version.</para><para>Tizonia is distributed in the hope that it will be useful, but WITHOUT ANY WARRANTY; without even the implied warranty of MERCHANTABILITY or FITNESS FOR A PARTICULAR PURPOSE. See the GNU General Public License for more details.</para><para>You should have received a copy of the GNU General Public License along with this program. If not, see <ulink url="http://www.gnu.org/licenses/">http://www.gnu.org/licenses/</ulink>.</para><para><simplesect kind="author"><para>Juan A. Rubio <ulink url="mailto:juan.rubio@aratelia.com">juan.rubio@aratelia.com</ulink> </para></simplesect>
</para>    </detaileddescription>
    <programlisting>
<codeline lineno="1"></codeline>
<codeline lineno="29"><highlight class="preprocessor">#ifndef<sp/>MP3DPRC_DECLS_H</highlight><highlight class="normal"></highlight></codeline>
<codeline lineno="30"><highlight class="normal"></highlight><highlight class="preprocessor">#define<sp/>MP3DPRC_DECLS_H</highlight><highlight class="normal"></highlight></codeline>
<codeline lineno="31"><highlight class="normal"></highlight></codeline>
<codeline lineno="32"><highlight class="normal"></highlight><highlight class="preprocessor">#ifdef<sp/>__cplusplus</highlight><highlight class="normal"></highlight></codeline>
<codeline lineno="33"><highlight class="normal"></highlight><highlight class="keyword">extern</highlight><highlight class="normal"><sp/></highlight><highlight class="stringliteral">&quot;C&quot;</highlight><highlight class="normal"><sp/>{</highlight></codeline>
<codeline lineno="34"><highlight class="normal"></highlight><highlight class="preprocessor">#endif</highlight><highlight class="normal"></highlight></codeline>
<codeline lineno="35"><highlight class="normal"></highlight></codeline>
<codeline lineno="36"><highlight class="normal"></highlight><highlight class="preprocessor">#include<sp/>&lt;stdbool.h&gt;</highlight><highlight class="normal"></highlight></codeline>
<codeline lineno="37"><highlight class="normal"></highlight><highlight class="preprocessor">#include<sp/>&lt;mad.h&gt;</highlight><highlight class="normal"></highlight></codeline>
<codeline lineno="38"><highlight class="normal"></highlight></codeline>
<codeline lineno="39"><highlight class="normal"></highlight><highlight class="preprocessor">#include<sp/>&lt;OMX_Core.h&gt;</highlight><highlight class="normal"></highlight></codeline>
<codeline lineno="40"><highlight class="normal"></highlight></codeline>
<codeline lineno="41"><highlight class="normal"></highlight><highlight class="preprocessor">#include<sp/>&lt;tizprc_decls.h&gt;</highlight><highlight class="normal"></highlight></codeline>
<codeline lineno="42"><highlight class="normal"></highlight></codeline>
<codeline lineno="43"><highlight class="normal"></highlight><highlight class="preprocessor">#define<sp/>INPUT_BUFFER_SIZE<sp/>(5<sp/>*<sp/>8192)</highlight><highlight class="normal"></highlight></codeline>
<codeline lineno="44"><highlight class="normal"></highlight><highlight class="preprocessor">#define<sp/>OUTPUT_BUFFER_SIZE<sp/>8192<sp/></highlight><highlight class="comment">/*<sp/>Must<sp/>be<sp/>an<sp/>integer<sp/>multiple<sp/>of<sp/>4.<sp/>*/</highlight><highlight class="preprocessor"></highlight><highlight class="normal"></highlight></codeline>
<codeline lineno="45"><highlight class="normal"></highlight></codeline>
<codeline lineno="46"><highlight class="normal"></highlight><highlight class="keyword">typedef</highlight><highlight class="normal"><sp/></highlight><highlight class="keyword">struct<sp/></highlight><highlight class="normal"><ref refid="structmp3d__prc" kindref="compound">mp3d_prc</ref><sp/><ref refid="structmp3d__prc" kindref="compound">mp3d_prc_t</ref>;</highlight></codeline>
<codeline lineno="47" refid="structmp3d__prc" refkind="compound"><highlight class="normal"></highlight><highlight class="keyword">struct<sp/></highlight><highlight class="normal"><ref refid="structmp3d__prc" kindref="compound">mp3d_prc</ref></highlight></codeline>
<codeline lineno="48"><highlight class="normal">{</highlight></codeline>
<codeline lineno="49"><highlight class="normal"><sp/><sp/></highlight><highlight class="comment">/*<sp/>Object<sp/>*/</highlight><highlight class="normal"></highlight></codeline>
<codeline lineno="50"><highlight class="normal"><sp/><sp/></highlight><highlight class="keyword">const</highlight><highlight class="normal"><sp/><ref refid="structtiz__prc" kindref="compound">tiz_prc_t</ref><sp/>_;</highlight></codeline>
<codeline lineno="51"><highlight class="normal"><sp/><sp/>OMX_AUDIO_PARAM_PCMMODETYPE<sp/>pcmmode_;</highlight></codeline>
<codeline lineno="52"><highlight class="normal"><sp/><sp/></highlight><highlight class="keyword">struct<sp/></highlight><highlight class="normal">mad_stream<sp/>stream_;</highlight></codeline>
<codeline lineno="53"><highlight class="normal"><sp/><sp/></highlight><highlight class="keyword">struct<sp/></highlight><highlight class="normal">mad_frame<sp/>frame_;</highlight></codeline>
<codeline lineno="54"><highlight class="normal"><sp/><sp/></highlight><highlight class="keyword">struct<sp/></highlight><highlight class="normal">mad_synth<sp/>synth_;</highlight></codeline>
<codeline lineno="55"><highlight class="normal"><sp/><sp/></highlight><highlight class="keywordtype">size_t</highlight><highlight class="normal"><sp/>remaining_;</highlight></codeline>
<codeline lineno="56"><highlight class="normal"><sp/><sp/>mad_timer_t<sp/>timer_;</highlight></codeline>
<codeline lineno="57"><highlight class="normal"><sp/><sp/></highlight><highlight class="keywordtype">unsigned</highlight><highlight class="normal"><sp/></highlight><highlight class="keywordtype">long</highlight><highlight class="normal"><sp/>frame_count_;</highlight></codeline>
<codeline lineno="58"><highlight class="normal"><sp/><sp/></highlight><highlight class="keywordtype">unsigned</highlight><highlight class="normal"><sp/></highlight><highlight class="keywordtype">char</highlight><highlight class="normal"><sp/>in_buff_[INPUT_BUFFER_SIZE<sp/>+<sp/>MAD_BUFFER_GUARD];</highlight></codeline>
<codeline lineno="59"><highlight class="normal"><sp/><sp/>OMX_BUFFERHEADERTYPE<sp/>*<sp/>p_inhdr_;</highlight></codeline>
<codeline lineno="60"><highlight class="normal"><sp/><sp/>OMX_BUFFERHEADERTYPE<sp/>*<sp/>p_outhdr_;</highlight></codeline>
<codeline lineno="61"><highlight class="normal"><sp/><sp/></highlight><highlight class="keywordtype">int</highlight><highlight class="normal"><sp/>next_synth_sample_;</highlight></codeline>
<codeline lineno="62"><highlight class="normal"><sp/><sp/></highlight><highlight class="keywordtype">bool</highlight><highlight class="normal"><sp/>eos_;</highlight></codeline>
<codeline lineno="63"><highlight class="normal"><sp/><sp/></highlight><highlight class="keywordtype">bool</highlight><highlight class="normal"><sp/>in_port_disabled_;</highlight></codeline>
<codeline lineno="64"><highlight class="normal"><sp/><sp/></highlight><highlight class="keywordtype">bool</highlight><highlight class="normal"><sp/>out_port_disabled_;</highlight></codeline>
<codeline lineno="65"><highlight class="normal">};</highlight></codeline>
<codeline lineno="66"><highlight class="normal"></highlight></codeline>
<codeline lineno="67"><highlight class="normal"></highlight><highlight class="keyword">typedef</highlight><highlight class="normal"><sp/></highlight><highlight class="keyword">struct<sp/></highlight><highlight class="normal"><ref refid="structmp3d__prc__class" kindref="compound">mp3d_prc_class</ref><sp/>mp3d_prc_class_t;</highlight></codeline>
<codeline lineno="68" refid="structmp3d__prc__class" refkind="compound"><highlight class="normal"></highlight><highlight class="keyword">struct<sp/></highlight><highlight class="normal"><ref refid="structmp3d__prc__class" kindref="compound">mp3d_prc_class</ref></highlight></codeline>
<codeline lineno="69"><highlight class="normal">{</highlight></codeline>
<codeline lineno="70"><highlight class="normal"><sp/><sp/></highlight><highlight class="comment">/*<sp/>Class<sp/>*/</highlight><highlight class="normal"></highlight></codeline>
<codeline lineno="71"><highlight class="normal"><sp/><sp/></highlight><highlight class="keyword">const</highlight><highlight class="normal"><sp/><ref refid="structtiz__prc__class" kindref="compound">tiz_prc_class_t</ref><sp/>_;</highlight></codeline>
<codeline lineno="72"><highlight class="normal"><sp/><sp/></highlight><highlight class="comment">/*<sp/>NOTE:<sp/>Class<sp/>methods<sp/>might<sp/>be<sp/>added<sp/>in<sp/>the<sp/>future<sp/>*/</highlight><highlight class="normal"></highlight></codeline>
<codeline lineno="73"><highlight class="normal">};</highlight></codeline>
<codeline lineno="74"><highlight class="normal"></highlight></codeline>
<codeline lineno="75"><highlight class="normal"></highlight><highlight class="preprocessor">#ifdef<sp/>__cplusplus</highlight><highlight class="normal"></highlight></codeline>
<codeline lineno="76"><highlight class="normal">}</highlight></codeline>
<codeline lineno="77"><highlight class="normal"></highlight><highlight class="preprocessor">#endif</highlight><highlight class="normal"></highlight></codeline>
<codeline lineno="78"><highlight class="normal"></highlight></codeline>
<codeline lineno="79"><highlight class="normal"></highlight><highlight class="preprocessor">#endif<sp/></highlight><highlight class="comment">/*<sp/>MP3DPRC_DECLS_H<sp/>*/</highlight><highlight class="preprocessor"></highlight></codeline>
    </programlisting>
    <location file="/home/joni/work/tizonia-master/plugins/mp3_decoder/src/mp3dprc_decls.h"/>
  </compounddef>
</doxygen>
