<?xml version='1.0' encoding='UTF-8' standalone='no'?>
<doxygen xmlns:xsi="http://www.w3.org/2001/XMLSchema-instance" xsi:noNamespaceSchemaLocation="compound.xsd" version="1.8.11">
  <compounddef id="oggdmux_8h" kind="file" language="C++">
    <compoundname>oggdmux.h</compoundname>
    <includes local="no">OMX_Core.h</includes>
    <includes local="no">OMX_Types.h</includes>
    <includes local="no">OMX_TizoniaExt.h</includes>
    <includedby refid="oggdmux_8c" local="yes">/home/joni/work/tizonia-master/plugins/ogg_demuxer/src/oggdmux.c</includedby>
    <includedby refid="oggdmuxprc_8c" local="yes">/home/joni/work/tizonia-master/plugins/ogg_demuxer/src/oggdmuxprc.c</includedby>
    <incdepgraph>
      <node id="12639">
        <label>OMX_Core.h</label>
      </node>
      <node id="12641">
        <label>OMX_TizoniaExt.h</label>
      </node>
      <node id="12640">
        <label>OMX_Types.h</label>
      </node>
      <node id="12638">
        <label>/home/joni/work/tizonia-master/plugins/ogg_demuxer/src/oggdmux.h</label>
        <link refid="oggdmux.h"/>
        <childnode refid="12639" relation="include">
        </childnode>
        <childnode refid="12640" relation="include">
        </childnode>
        <childnode refid="12641" relation="include">
        </childnode>
      </node>
    </incdepgraph>
      <sectiondef kind="define">
      <memberdef kind="define" id="oggdmux_8h_1a304e9c586ce97a9440b795d046d91b4d" prot="public" static="no">
        <name>ARATELIA_OGG_DEMUXER_DEFAULT_ROLE</name>
        <initializer>OMX_ROLE_SOURCE_CONTAINER_DEMUXER_OGG</initializer>
        <briefdescription>
        </briefdescription>
        <detaileddescription>
        </detaileddescription>
        <inbodydescription>
        </inbodydescription>
        <location file="/home/joni/work/tizonia-master/plugins/ogg_demuxer/src/oggdmux.h" line="39" column="9" bodyfile="/home/joni/work/tizonia-master/plugins/ogg_demuxer/src/oggdmux.h" bodystart="39" bodyend="-1"/>
      </memberdef>
      <memberdef kind="define" id="oggdmux_8h_1a771877a81609d911b3093de88aa6f121" prot="public" static="no">
        <name>ARATELIA_OGG_DEMUXER_FILTER_ROLE</name>
        <initializer>OMX_ROLE_FILTER_CONTAINER_DEMUXER_OGG</initializer>
        <briefdescription>
        </briefdescription>
        <detaileddescription>
        </detaileddescription>
        <inbodydescription>
        </inbodydescription>
        <location file="/home/joni/work/tizonia-master/plugins/ogg_demuxer/src/oggdmux.h" line="40" column="9" bodyfile="/home/joni/work/tizonia-master/plugins/ogg_demuxer/src/oggdmux.h" bodystart="40" bodyend="-1"/>
      </memberdef>
      <memberdef kind="define" id="oggdmux_8h_1a03338c3b4be74fea032f45054504765c" prot="public" static="no">
        <name>ARATELIA_OGG_DEMUXER_COMPONENT_NAME</name>
        <initializer>&quot;OMX.Aratelia.container_demuxer.ogg&quot;</initializer>
        <briefdescription>
        </briefdescription>
        <detaileddescription>
        </detaileddescription>
        <inbodydescription>
        </inbodydescription>
        <location file="/home/joni/work/tizonia-master/plugins/ogg_demuxer/src/oggdmux.h" line="41" column="9" bodyfile="/home/joni/work/tizonia-master/plugins/ogg_demuxer/src/oggdmux.h" bodystart="41" bodyend="-1"/>
      </memberdef>
      <memberdef kind="define" id="oggdmux_8h_1a5a28bdf2780964e0cea99161a5858c37" prot="public" static="no">
        <name>ARATELIA_OGG_DEMUXER_INPUT_PORT_INDEX</name>
        <initializer>0</initializer>
        <briefdescription>
        </briefdescription>
        <detaileddescription>
        </detaileddescription>
        <inbodydescription>
        </inbodydescription>
        <location file="/home/joni/work/tizonia-master/plugins/ogg_demuxer/src/oggdmux.h" line="43" column="9" bodyfile="/home/joni/work/tizonia-master/plugins/ogg_demuxer/src/oggdmux.h" bodystart="43" bodyend="-1"/>
      </memberdef>
      <memberdef kind="define" id="oggdmux_8h_1a7b0e85c570e3ee1057c013298daa8984" prot="public" static="no">
        <name>ARATELIA_OGG_DEMUXER_AUDIO_PORT_BASE_INDEX</name>
        <initializer>0</initializer>
        <briefdescription>
        </briefdescription>
        <detaileddescription>
        </detaileddescription>
        <inbodydescription>
        </inbodydescription>
        <location file="/home/joni/work/tizonia-master/plugins/ogg_demuxer/src/oggdmux.h" line="44" column="9" bodyfile="/home/joni/work/tizonia-master/plugins/ogg_demuxer/src/oggdmux.h" bodystart="44" bodyend="-1"/>
      </memberdef>
      <memberdef kind="define" id="oggdmux_8h_1a938720fab30220742e228beb0247898f" prot="public" static="no">
        <name>ARATELIA_OGG_DEMUXER_VIDEO_PORT_BASE_INDEX</name>
        <initializer>1</initializer>
        <briefdescription>
        </briefdescription>
        <detaileddescription>
        </detaileddescription>
        <inbodydescription>
        </inbodydescription>
        <location file="/home/joni/work/tizonia-master/plugins/ogg_demuxer/src/oggdmux.h" line="45" column="9" bodyfile="/home/joni/work/tizonia-master/plugins/ogg_demuxer/src/oggdmux.h" bodystart="45" bodyend="-1"/>
      </memberdef>
      <memberdef kind="define" id="oggdmux_8h_1ada168d7c3980a46d0473789f10964286" prot="public" static="no">
        <name>ARATELIA_OGG_DEMUXER_PORT_MIN_BUF_COUNT</name>
        <initializer>1</initializer>
        <briefdescription>
        </briefdescription>
        <detaileddescription>
        </detaileddescription>
        <inbodydescription>
        </inbodydescription>
        <location file="/home/joni/work/tizonia-master/plugins/ogg_demuxer/src/oggdmux.h" line="46" column="9" bodyfile="/home/joni/work/tizonia-master/plugins/ogg_demuxer/src/oggdmux.h" bodystart="46" bodyend="-1"/>
      </memberdef>
      <memberdef kind="define" id="oggdmux_8h_1a114e6d7c52e681bfac6df0c3fefca3a8" prot="public" static="no">
        <name>ARATELIA_OGG_DEMUXER_PORT_MIN_AUDIO_OUTPUT_BUF_SIZE</name>
        <initializer>8192</initializer>
        <briefdescription>
        </briefdescription>
        <detaileddescription>
        </detaileddescription>
        <inbodydescription>
        </inbodydescription>
        <location file="/home/joni/work/tizonia-master/plugins/ogg_demuxer/src/oggdmux.h" line="47" column="9" bodyfile="/home/joni/work/tizonia-master/plugins/ogg_demuxer/src/oggdmux.h" bodystart="47" bodyend="-1"/>
      </memberdef>
      <memberdef kind="define" id="oggdmux_8h_1a0be99722b27ec1a249ef4498d891d899" prot="public" static="no">
        <name>ARATELIA_OGG_DEMUXER_PORT_MIN_VIDEO_OUTPUT_BUF_SIZE</name>
        <initializer>8192 * 24</initializer>
        <briefdescription>
        </briefdescription>
        <detaileddescription>
        </detaileddescription>
        <inbodydescription>
        </inbodydescription>
        <location file="/home/joni/work/tizonia-master/plugins/ogg_demuxer/src/oggdmux.h" line="48" column="9" bodyfile="/home/joni/work/tizonia-master/plugins/ogg_demuxer/src/oggdmux.h" bodystart="48" bodyend="-1"/>
      </memberdef>
      <memberdef kind="define" id="oggdmux_8h_1a3f7082491b2ff0401d7ee7d5e7e36ab5" prot="public" static="no">
        <name>ARATELIA_OGG_DEMUXER_PORT_NONCONTIGUOUS</name>
        <initializer>OMX_FALSE</initializer>
        <briefdescription>
        </briefdescription>
        <detaileddescription>
        </detaileddescription>
        <inbodydescription>
        </inbodydescription>
        <location file="/home/joni/work/tizonia-master/plugins/ogg_demuxer/src/oggdmux.h" line="49" column="9" bodyfile="/home/joni/work/tizonia-master/plugins/ogg_demuxer/src/oggdmux.h" bodystart="49" bodyend="-1"/>
      </memberdef>
      <memberdef kind="define" id="oggdmux_8h_1aade240a6323e5199d5acd41e2c795ad9" prot="public" static="no">
        <name>ARATELIA_OGG_DEMUXER_PORT_ALIGNMENT</name>
        <initializer>0</initializer>
        <briefdescription>
        </briefdescription>
        <detaileddescription>
        </detaileddescription>
        <inbodydescription>
        </inbodydescription>
        <location file="/home/joni/work/tizonia-master/plugins/ogg_demuxer/src/oggdmux.h" line="50" column="9" bodyfile="/home/joni/work/tizonia-master/plugins/ogg_demuxer/src/oggdmux.h" bodystart="50" bodyend="-1"/>
      </memberdef>
      <memberdef kind="define" id="oggdmux_8h_1a939cf562e88dafe9c8f70170a4ab37fb" prot="public" static="no">
        <name>ARATELIA_OGG_DEMUXER_PORT_SUPPLIERPREF</name>
        <initializer>OMX_BufferSupplyInput</initializer>
        <briefdescription>
        </briefdescription>
        <detaileddescription>
        </detaileddescription>
        <inbodydescription>
        </inbodydescription>
        <location file="/home/joni/work/tizonia-master/plugins/ogg_demuxer/src/oggdmux.h" line="51" column="9" bodyfile="/home/joni/work/tizonia-master/plugins/ogg_demuxer/src/oggdmux.h" bodystart="51" bodyend="-1"/>
      </memberdef>
      <memberdef kind="define" id="oggdmux_8h_1ad613c3dbbe1419d87b8971218214d83e" prot="public" static="no">
        <name>TIZ_OGG_DEMUXER_INITIAL_READ_BLOCKSIZE</name>
        <initializer>16384</initializer>
        <briefdescription>
        </briefdescription>
        <detaileddescription>
        </detaileddescription>
        <inbodydescription>
        </inbodydescription>
        <location file="/home/joni/work/tizonia-master/plugins/ogg_demuxer/src/oggdmux.h" line="52" column="9" bodyfile="/home/joni/work/tizonia-master/plugins/ogg_demuxer/src/oggdmux.h" bodystart="52" bodyend="-1"/>
      </memberdef>
      <memberdef kind="define" id="oggdmux_8h_1a51e79805df1a09840bd45ccafd2b14e2" prot="public" static="no">
        <name>TIZ_OGG_DEMUXER_DEFAULT_READ_BLOCKSIZE</name>
        <initializer>512</initializer>
        <briefdescription>
        </briefdescription>
        <detaileddescription>
        </detaileddescription>
        <inbodydescription>
        </inbodydescription>
        <location file="/home/joni/work/tizonia-master/plugins/ogg_demuxer/src/oggdmux.h" line="53" column="9" bodyfile="/home/joni/work/tizonia-master/plugins/ogg_demuxer/src/oggdmux.h" bodystart="53" bodyend="-1"/>
      </memberdef>
      <memberdef kind="define" id="oggdmux_8h_1a75c4c5c265c645612be61b42042daddc" prot="public" static="no">
        <name>TIZ_OGG_DEMUXER_DEFAULT_BUFFER_UTILISATION</name>
        <initializer>.75</initializer>
        <briefdescription>
        </briefdescription>
        <detaileddescription>
        </detaileddescription>
        <inbodydescription>
        </inbodydescription>
        <location file="/home/joni/work/tizonia-master/plugins/ogg_demuxer/src/oggdmux.h" line="54" column="9" bodyfile="/home/joni/work/tizonia-master/plugins/ogg_demuxer/src/oggdmux.h" bodystart="54" bodyend="-1"/>
      </memberdef>
      <memberdef kind="define" id="oggdmux_8h_1a2f03616eaf613ada7690edb64365cf4d" prot="public" static="no">
        <name>ALL_OGG_STREAMS</name>
        <initializer>-1</initializer>
        <briefdescription>
        </briefdescription>
        <detaileddescription>
        </detaileddescription>
        <inbodydescription>
        </inbodydescription>
        <location file="/home/joni/work/tizonia-master/plugins/ogg_demuxer/src/oggdmux.h" line="55" column="9" bodyfile="/home/joni/work/tizonia-master/plugins/ogg_demuxer/src/oggdmux.h" bodystart="55" bodyend="-1"/>
      </memberdef>
      </sectiondef>
    <briefdescription>
<para>Tizonia - OGG demuxer component constants. </para>    </briefdescription>
    <detaileddescription>
<para>Copyright (C) 2011-2018 Aratelia Limited - Juan A. Rubio</para><para>This file is part of Tizonia</para><para>Tizonia is free software: you can redistribute it and/or modify it under the terms of the GNU Lesser General Public License as published by the Free Software Foundation, either version 3 of the License, or (at your option) any later version.</para><para>Tizonia is distributed in the hope that it will be useful, but WITHOUT ANY WARRANTY; without even the implied warranty of MERCHANTABILITY or FITNESS FOR A PARTICULAR PURPOSE. See the GNU Lesser General Public License for more details.</para><para>You should have received a copy of the GNU Lesser General Public License along with Tizonia. If not, see <ulink url="http://www.gnu.org/licenses/">http://www.gnu.org/licenses/</ulink>.</para><para><simplesect kind="author"><para>Juan A. Rubio <ulink url="mailto:juan.rubio@aratelia.com">juan.rubio@aratelia.com</ulink> </para></simplesect>
</para>    </detaileddescription>
    <programlisting>
<codeline lineno="1"></codeline>
<codeline lineno="28"><highlight class="preprocessor">#ifndef<sp/>OGGDMUX_H</highlight><highlight class="normal"></highlight></codeline>
<codeline lineno="29"><highlight class="normal"></highlight><highlight class="preprocessor">#define<sp/>OGGDMUX_H</highlight><highlight class="normal"></highlight></codeline>
<codeline lineno="30"><highlight class="normal"></highlight></codeline>
<codeline lineno="31"><highlight class="normal"></highlight><highlight class="preprocessor">#ifdef<sp/>__cplusplus</highlight><highlight class="normal"></highlight></codeline>
<codeline lineno="32"><highlight class="normal"></highlight><highlight class="keyword">extern</highlight><highlight class="normal"><sp/></highlight><highlight class="stringliteral">&quot;C&quot;</highlight><highlight class="normal"><sp/>{</highlight></codeline>
<codeline lineno="33"><highlight class="normal"></highlight><highlight class="preprocessor">#endif</highlight><highlight class="normal"></highlight></codeline>
<codeline lineno="34"><highlight class="normal"></highlight></codeline>
<codeline lineno="35"><highlight class="normal"></highlight><highlight class="preprocessor">#include<sp/>&lt;OMX_Core.h&gt;</highlight><highlight class="normal"></highlight></codeline>
<codeline lineno="36"><highlight class="normal"></highlight><highlight class="preprocessor">#include<sp/>&lt;OMX_Types.h&gt;</highlight><highlight class="normal"></highlight></codeline>
<codeline lineno="37"><highlight class="normal"></highlight><highlight class="preprocessor">#include<sp/>&lt;OMX_TizoniaExt.h&gt;</highlight><highlight class="normal"></highlight></codeline>
<codeline lineno="38"><highlight class="normal"></highlight></codeline>
<codeline lineno="39"><highlight class="normal"></highlight><highlight class="preprocessor">#define<sp/>ARATELIA_OGG_DEMUXER_DEFAULT_ROLE<sp/>OMX_ROLE_SOURCE_CONTAINER_DEMUXER_OGG</highlight><highlight class="normal"></highlight></codeline>
<codeline lineno="40"><highlight class="normal"></highlight><highlight class="preprocessor">#define<sp/>ARATELIA_OGG_DEMUXER_FILTER_ROLE<sp/>OMX_ROLE_FILTER_CONTAINER_DEMUXER_OGG</highlight><highlight class="normal"></highlight></codeline>
<codeline lineno="41"><highlight class="normal"></highlight><highlight class="preprocessor">#define<sp/>ARATELIA_OGG_DEMUXER_COMPONENT_NAME<sp/>&quot;OMX.Aratelia.container_demuxer.ogg&quot;</highlight><highlight class="normal"></highlight></codeline>
<codeline lineno="42"><highlight class="normal"></highlight><highlight class="comment">/*<sp/>With<sp/>libtizonia,<sp/>port<sp/>indexes<sp/>must<sp/>start<sp/>at<sp/>index<sp/>0<sp/>*/</highlight><highlight class="normal"></highlight></codeline>
<codeline lineno="43"><highlight class="normal"></highlight><highlight class="preprocessor">#define<sp/>ARATELIA_OGG_DEMUXER_INPUT_PORT_INDEX<sp/>0</highlight><highlight class="normal"></highlight></codeline>
<codeline lineno="44"><highlight class="normal"></highlight><highlight class="preprocessor">#define<sp/>ARATELIA_OGG_DEMUXER_AUDIO_PORT_BASE_INDEX<sp/>0</highlight><highlight class="normal"></highlight></codeline>
<codeline lineno="45"><highlight class="normal"></highlight><highlight class="preprocessor">#define<sp/>ARATELIA_OGG_DEMUXER_VIDEO_PORT_BASE_INDEX<sp/>1</highlight><highlight class="normal"></highlight></codeline>
<codeline lineno="46"><highlight class="normal"></highlight><highlight class="preprocessor">#define<sp/>ARATELIA_OGG_DEMUXER_PORT_MIN_BUF_COUNT<sp/>1</highlight><highlight class="normal"></highlight></codeline>
<codeline lineno="47"><highlight class="normal"></highlight><highlight class="preprocessor">#define<sp/>ARATELIA_OGG_DEMUXER_PORT_MIN_AUDIO_OUTPUT_BUF_SIZE<sp/>8192</highlight><highlight class="normal"></highlight></codeline>
<codeline lineno="48"><highlight class="normal"></highlight><highlight class="preprocessor">#define<sp/>ARATELIA_OGG_DEMUXER_PORT_MIN_VIDEO_OUTPUT_BUF_SIZE<sp/>8192<sp/>*<sp/>24</highlight><highlight class="normal"></highlight></codeline>
<codeline lineno="49"><highlight class="normal"></highlight><highlight class="preprocessor">#define<sp/>ARATELIA_OGG_DEMUXER_PORT_NONCONTIGUOUS<sp/>OMX_FALSE</highlight><highlight class="normal"></highlight></codeline>
<codeline lineno="50"><highlight class="normal"></highlight><highlight class="preprocessor">#define<sp/>ARATELIA_OGG_DEMUXER_PORT_ALIGNMENT<sp/>0</highlight><highlight class="normal"></highlight></codeline>
<codeline lineno="51"><highlight class="normal"></highlight><highlight class="preprocessor">#define<sp/>ARATELIA_OGG_DEMUXER_PORT_SUPPLIERPREF<sp/>OMX_BufferSupplyInput</highlight><highlight class="normal"></highlight></codeline>
<codeline lineno="52"><highlight class="normal"></highlight><highlight class="preprocessor">#define<sp/>TIZ_OGG_DEMUXER_INITIAL_READ_BLOCKSIZE<sp/>16384</highlight><highlight class="normal"></highlight></codeline>
<codeline lineno="53"><highlight class="normal"></highlight><highlight class="preprocessor">#define<sp/>TIZ_OGG_DEMUXER_DEFAULT_READ_BLOCKSIZE<sp/>512</highlight><highlight class="normal"></highlight></codeline>
<codeline lineno="54"><highlight class="normal"></highlight><highlight class="preprocessor">#define<sp/>TIZ_OGG_DEMUXER_DEFAULT_BUFFER_UTILISATION<sp/>.75</highlight><highlight class="normal"></highlight></codeline>
<codeline lineno="55"><highlight class="normal"></highlight><highlight class="preprocessor">#define<sp/>ALL_OGG_STREAMS<sp/>-1</highlight><highlight class="normal"></highlight></codeline>
<codeline lineno="56"><highlight class="normal"></highlight></codeline>
<codeline lineno="57"><highlight class="normal"></highlight><highlight class="preprocessor">#ifdef<sp/>__cplusplus</highlight><highlight class="normal"></highlight></codeline>
<codeline lineno="58"><highlight class="normal">}</highlight></codeline>
<codeline lineno="59"><highlight class="normal"></highlight><highlight class="preprocessor">#endif</highlight><highlight class="normal"></highlight></codeline>
<codeline lineno="60"><highlight class="normal"></highlight></codeline>
<codeline lineno="61"><highlight class="normal"></highlight><highlight class="preprocessor">#endif<sp/></highlight><highlight class="comment">/*<sp/>OGGDMUX_H<sp/>*/</highlight><highlight class="preprocessor"></highlight></codeline>
    </programlisting>
    <location file="/home/joni/work/tizonia-master/plugins/ogg_demuxer/src/oggdmux.h"/>
  </compounddef>
</doxygen>
