<?xml version='1.0' encoding='UTF-8' standalone='no'?>
<doxygen xmlns:xsi="http://www.w3.org/2001/XMLSchema-instance" xsi:noNamespaceSchemaLocation="compound.xsd" version="1.8.11">
  <compounddef id="opusd_8c" kind="file" language="C++">
    <compoundname>opusd.c</compoundname>
    <includes local="no">assert.h</includes>
    <includes local="no">string.h</includes>
    <includes local="no">OMX_Core.h</includes>
    <includes local="no">OMX_Component.h</includes>
    <includes local="no">OMX_Types.h</includes>
    <includes local="no">OMX_TizoniaExt.h</includes>
    <includes refid="tizplatform_8h" local="no">tizplatform.h</includes>
    <includes refid="tizport_8h" local="no">tizport.h</includes>
    <includes refid="tizscheduler_8h" local="no">tizscheduler.h</includes>
    <includes refid="opusdprc_8h" local="yes">opusdprc.h</includes>
    <includes refid="opusd_8h" local="yes">opusd.h</includes>
    <incdepgraph>
      <node id="13021">
        <label>stdbool.h</label>
      </node>
      <node id="13031">
        <label>stdarg.h</label>
      </node>
      <node id="13028">
        <label>tizport.h</label>
        <link refid="tizport_8h_source"/>
        <childnode refid="13029" relation="include">
        </childnode>
        <childnode refid="13033" relation="include">
        </childnode>
        <childnode refid="13001" relation="include">
        </childnode>
        <childnode refid="12997" relation="include">
        </childnode>
        <childnode refid="12998" relation="include">
        </childnode>
        <childnode refid="12999" relation="include">
        </childnode>
        <childnode refid="13034" relation="include">
        </childnode>
      </node>
      <node id="12995">
        <label>assert.h</label>
      </node>
      <node id="13015">
        <label>tizbuffer.h</label>
        <link refid="tizbuffer_8h_source"/>
        <childnode refid="12997" relation="include">
        </childnode>
        <childnode refid="12999" relation="include">
        </childnode>
      </node>
      <node id="13018">
        <label>tizuuid.h</label>
        <link refid="tizuuid_8h_source"/>
        <childnode refid="12999" relation="include">
        </childnode>
      </node>
      <node id="13017">
        <label>tizthread.h</label>
        <link refid="tizthread_8h_source"/>
        <childnode refid="12997" relation="include">
        </childnode>
        <childnode refid="12999" relation="include">
        </childnode>
        <childnode refid="13011" relation="include">
        </childnode>
      </node>
      <node id="13014">
        <label>stdint.h</label>
      </node>
      <node id="12997">
        <label>OMX_Core.h</label>
      </node>
      <node id="13001">
        <label>tizplatform.h</label>
        <link refid="tizplatform_8h_source"/>
        <childnode refid="13002" relation="include">
        </childnode>
        <childnode refid="13008" relation="include">
        </childnode>
        <childnode refid="13005" relation="include">
        </childnode>
        <childnode refid="13010" relation="include">
        </childnode>
        <childnode refid="13012" relation="include">
        </childnode>
        <childnode refid="13015" relation="include">
        </childnode>
        <childnode refid="13016" relation="include">
        </childnode>
        <childnode refid="13011" relation="include">
        </childnode>
        <childnode refid="13017" relation="include">
        </childnode>
        <childnode refid="13018" relation="include">
        </childnode>
        <childnode refid="13003" relation="include">
        </childnode>
        <childnode refid="13019" relation="include">
        </childnode>
        <childnode refid="13013" relation="include">
        </childnode>
        <childnode refid="13020" relation="include">
        </childnode>
        <childnode refid="13022" relation="include">
        </childnode>
        <childnode refid="13023" relation="include">
        </childnode>
        <childnode refid="13024" relation="include">
        </childnode>
        <childnode refid="13025" relation="include">
        </childnode>
        <childnode refid="13026" relation="include">
        </childnode>
        <childnode refid="13027" relation="include">
        </childnode>
      </node>
      <node id="13030">
        <label>tizobject.h</label>
        <link refid="tizobject_8h_source"/>
        <childnode refid="12999" relation="include">
        </childnode>
        <childnode refid="13031" relation="include">
        </childnode>
        <childnode refid="13007" relation="include">
        </childnode>
        <childnode refid="13032" relation="include">
        </childnode>
      </node>
      <node id="12998">
        <label>OMX_Component.h</label>
      </node>
      <node id="13013">
        <label>tizsoa.h</label>
        <link refid="tizsoa_8h_source"/>
        <childnode refid="13007" relation="include">
        </childnode>
        <childnode refid="13014" relation="include">
        </childnode>
        <childnode refid="12999" relation="include">
        </childnode>
        <childnode refid="12997" relation="include">
        </childnode>
      </node>
      <node id="13002">
        <label>tizmacros.h</label>
        <link refid="tizmacros_8h_source"/>
        <childnode refid="13003" relation="include">
        </childnode>
        <childnode refid="13007" relation="include">
        </childnode>
      </node>
      <node id="13035">
        <label>opusdprc.h</label>
        <link refid="opusdprc_8h_source"/>
      </node>
      <node id="13007">
        <label>stddef.h</label>
      </node>
      <node id="13034">
        <label>limits.h</label>
      </node>
      <node id="13025">
        <label>tizprintf.h</label>
        <link refid="tizprintf_8h_source"/>
      </node>
      <node id="13010">
        <label>tizqueue.h</label>
        <link refid="tizqueue_8h_source"/>
        <childnode refid="12997" relation="include">
        </childnode>
        <childnode refid="12999" relation="include">
        </childnode>
        <childnode refid="13011" relation="include">
        </childnode>
      </node>
      <node id="13009">
        <label>log4c.h</label>
      </node>
      <node id="13006">
        <label>sys/types.h</label>
      </node>
      <node id="13000">
        <label>OMX_TizoniaExt.h</label>
      </node>
      <node id="13005">
        <label>tizmem.h</label>
        <link refid="tizmem_8h_source"/>
        <childnode refid="13006" relation="include">
        </childnode>
        <childnode refid="12999" relation="include">
        </childnode>
      </node>
      <node id="12996">
        <label>string.h</label>
      </node>
      <node id="13019">
        <label>tizrc.h</label>
        <link refid="tizrc_8h_source"/>
        <childnode refid="12997" relation="include">
        </childnode>
        <childnode refid="12999" relation="include">
        </childnode>
      </node>
      <node id="13012">
        <label>tizpqueue.h</label>
        <link refid="tizpqueue_8h_source"/>
        <childnode refid="12997" relation="include">
        </childnode>
        <childnode refid="12999" relation="include">
        </childnode>
        <childnode refid="13013" relation="include">
        </childnode>
      </node>
      <node id="12994">
        <label>/home/joni/work/tizonia-master/plugins/opus_decoder/src/opusd.c</label>
        <link refid="opusd.c"/>
        <childnode refid="12995" relation="include">
        </childnode>
        <childnode refid="12996" relation="include">
        </childnode>
        <childnode refid="12997" relation="include">
        </childnode>
        <childnode refid="12998" relation="include">
        </childnode>
        <childnode refid="12999" relation="include">
        </childnode>
        <childnode refid="13000" relation="include">
        </childnode>
        <childnode refid="13001" relation="include">
        </childnode>
        <childnode refid="13028" relation="include">
        </childnode>
        <childnode refid="13033" relation="include">
        </childnode>
        <childnode refid="13035" relation="include">
        </childnode>
        <childnode refid="13036" relation="include">
        </childnode>
      </node>
      <node id="13036">
        <label>opusd.h</label>
        <link refid="opusd_8h_source"/>
        <childnode refid="12997" relation="include">
        </childnode>
        <childnode refid="12999" relation="include">
        </childnode>
        <childnode refid="13000" relation="include">
        </childnode>
      </node>
      <node id="13029">
        <label>tizapi.h</label>
        <link refid="tizapi_8h_source"/>
        <childnode refid="12997" relation="include">
        </childnode>
        <childnode refid="13030" relation="include">
        </childnode>
      </node>
      <node id="12999">
        <label>OMX_Types.h</label>
      </node>
      <node id="13011">
        <label>tizsync.h</label>
        <link refid="tizsync_8h_source"/>
        <childnode refid="12997" relation="include">
        </childnode>
        <childnode refid="12999" relation="include">
        </childnode>
      </node>
      <node id="13008">
        <label>tizlog.h</label>
        <link refid="tizlog_8h_source"/>
        <childnode refid="13009" relation="include">
        </childnode>
      </node>
      <node id="13022">
        <label>tizhttp.h</label>
        <link refid="tizhttp_8h_source"/>
        <childnode refid="12997" relation="include">
        </childnode>
        <childnode refid="12999" relation="include">
        </childnode>
      </node>
      <node id="13016">
        <label>tizvector.h</label>
        <link refid="tizvector_8h_source"/>
        <childnode refid="12997" relation="include">
        </childnode>
        <childnode refid="12999" relation="include">
        </childnode>
      </node>
      <node id="13027">
        <label>tizurltransfer.h</label>
        <link refid="tizurltransfer_8h_source"/>
        <childnode refid="12998" relation="include">
        </childnode>
      </node>
      <node id="13026">
        <label>tizshufflelst.h</label>
        <link refid="tizshufflelst_8h_source"/>
        <childnode refid="12997" relation="include">
        </childnode>
        <childnode refid="12999" relation="include">
        </childnode>
      </node>
      <node id="13003">
        <label>tizomxutils.h</label>
        <link refid="tizomxutils_8h_source"/>
        <childnode refid="12999" relation="include">
        </childnode>
        <childnode refid="12998" relation="include">
        </childnode>
        <childnode refid="13004" relation="include">
        </childnode>
        <childnode refid="12997" relation="include">
        </childnode>
        <childnode refid="13005" relation="include">
        </childnode>
      </node>
      <node id="13033">
        <label>tizscheduler.h</label>
        <link refid="tizscheduler_8h_source"/>
        <childnode refid="12997" relation="include">
        </childnode>
        <childnode refid="12999" relation="include">
        </childnode>
        <childnode refid="12998" relation="include">
        </childnode>
        <childnode refid="13001" relation="include">
        </childnode>
      </node>
      <node id="13023">
        <label>tizmap.h</label>
        <link refid="tizmap_8h_source"/>
        <childnode refid="13021" relation="include">
        </childnode>
        <childnode refid="12997" relation="include">
        </childnode>
        <childnode refid="12999" relation="include">
        </childnode>
        <childnode refid="13013" relation="include">
        </childnode>
      </node>
      <node id="13020">
        <label>tizev.h</label>
        <link refid="tizev_8h_source"/>
        <childnode refid="13021" relation="include">
        </childnode>
        <childnode refid="13014" relation="include">
        </childnode>
        <childnode refid="12997" relation="include">
        </childnode>
        <childnode refid="12999" relation="include">
        </childnode>
      </node>
      <node id="13032">
        <label>stdio.h</label>
      </node>
      <node id="13024">
        <label>tizlimits.h</label>
        <link refid="tizlimits_8h_source"/>
      </node>
      <node id="13004">
        <label>OMX_Audio.h</label>
      </node>
    </incdepgraph>
      <sectiondef kind="var">
      <memberdef kind="variable" id="opusd_8c_1a30c2a01876cb9eab5d544faf4872d098" prot="public" static="yes" mutable="no">
        <type>OMX_VERSIONTYPE</type>
        <definition>OMX_VERSIONTYPE opus_decoder_version</definition>
        <argsstring></argsstring>
        <name>opus_decoder_version</name>
        <initializer>= {{1, 0, 0, 0}}</initializer>
        <briefdescription>
        </briefdescription>
        <detaileddescription>
        </detaileddescription>
        <inbodydescription>
        </inbodydescription>
        <location file="/home/joni/work/tizonia-master/plugins/opus_decoder/src/opusd.c" line="63" column="1" bodyfile="/home/joni/work/tizonia-master/plugins/opus_decoder/src/opusd.c" bodystart="63" bodyend="-1"/>
      </memberdef>
      </sectiondef>
      <sectiondef kind="func">
      <memberdef kind="function" id="opusd_8c_1abdcd010cea0fb700200a93189e397fac" prot="public" static="yes" const="no" explicit="no" inline="no" virt="non-virtual">
        <type>OMX_PTR</type>
        <definition>static OMX_PTR instantiate_opus_port</definition>
        <argsstring>(OMX_HANDLETYPE ap_hdl)</argsstring>
        <name>instantiate_opus_port</name>
        <param>
          <type>OMX_HANDLETYPE</type>
          <declname>ap_hdl</declname>
        </param>
        <briefdescription>
        </briefdescription>
        <detaileddescription>
        </detaileddescription>
        <inbodydescription>
        </inbodydescription>
        <location file="/home/joni/work/tizonia-master/plugins/opus_decoder/src/opusd.c" line="66" column="1" bodyfile="/home/joni/work/tizonia-master/plugins/opus_decoder/src/opusd.c" bodystart="66" bodyend="99"/>
      </memberdef>
      <memberdef kind="function" id="opusd_8c_1a9eb2bb440376b3b19ff7d6553dbce82b" prot="public" static="yes" const="no" explicit="no" inline="no" virt="non-virtual">
        <type>OMX_PTR</type>
        <definition>static OMX_PTR instantiate_pcm_port</definition>
        <argsstring>(OMX_HANDLETYPE ap_hdl)</argsstring>
        <name>instantiate_pcm_port</name>
        <param>
          <type>OMX_HANDLETYPE</type>
          <declname>ap_hdl</declname>
        </param>
        <briefdescription>
        </briefdescription>
        <detaileddescription>
        </detaileddescription>
        <inbodydescription>
        </inbodydescription>
        <location file="/home/joni/work/tizonia-master/plugins/opus_decoder/src/opusd.c" line="102" column="1" bodyfile="/home/joni/work/tizonia-master/plugins/opus_decoder/src/opusd.c" bodystart="102" bodyend="149"/>
      </memberdef>
      <memberdef kind="function" id="opusd_8c_1ac0e6b72cc5ea57192e23dcc55cc2fd2f" prot="public" static="yes" const="no" explicit="no" inline="no" virt="non-virtual">
        <type>OMX_PTR</type>
        <definition>static OMX_PTR instantiate_config_port</definition>
        <argsstring>(OMX_HANDLETYPE ap_hdl)</argsstring>
        <name>instantiate_config_port</name>
        <param>
          <type>OMX_HANDLETYPE</type>
          <declname>ap_hdl</declname>
        </param>
        <briefdescription>
        </briefdescription>
        <detaileddescription>
        </detaileddescription>
        <inbodydescription>
        </inbodydescription>
        <location file="/home/joni/work/tizonia-master/plugins/opus_decoder/src/opusd.c" line="152" column="1" bodyfile="/home/joni/work/tizonia-master/plugins/opus_decoder/src/opusd.c" bodystart="152" bodyend="158"/>
      </memberdef>
      <memberdef kind="function" id="opusd_8c_1a7aaf9887f03a288e95283685d2bf360b" prot="public" static="yes" const="no" explicit="no" inline="no" virt="non-virtual">
        <type>OMX_PTR</type>
        <definition>static OMX_PTR instantiate_processor</definition>
        <argsstring>(OMX_HANDLETYPE ap_hdl)</argsstring>
        <name>instantiate_processor</name>
        <param>
          <type>OMX_HANDLETYPE</type>
          <declname>ap_hdl</declname>
        </param>
        <briefdescription>
        </briefdescription>
        <detaileddescription>
        </detaileddescription>
        <inbodydescription>
        </inbodydescription>
        <location file="/home/joni/work/tizonia-master/plugins/opus_decoder/src/opusd.c" line="161" column="1" bodyfile="/home/joni/work/tizonia-master/plugins/opus_decoder/src/opusd.c" bodystart="161" bodyend="164"/>
      </memberdef>
      <memberdef kind="function" id="opusd_8c_1a57761e4a19bbaabc16ffbaa6e96245da" prot="public" static="no" const="no" explicit="no" inline="no" virt="non-virtual">
        <type>OMX_ERRORTYPE</type>
        <definition>OMX_ERRORTYPE OMX_ComponentInit</definition>
        <argsstring>(OMX_HANDLETYPE ap_hdl)</argsstring>
        <name>OMX_ComponentInit</name>
        <param>
          <type>OMX_HANDLETYPE</type>
          <declname>ap_hdl</declname>
        </param>
        <briefdescription>
        </briefdescription>
        <detaileddescription>
        </detaileddescription>
        <inbodydescription>
        </inbodydescription>
        <location file="/home/joni/work/tizonia-master/plugins/opus_decoder/src/opusd.c" line="167" column="1" bodyfile="/home/joni/work/tizonia-master/plugins/opus_decoder/src/opusd.c" bodystart="167" bodyend="196"/>
      </memberdef>
      </sectiondef>
    <briefdescription>
<para>Tizonia - Opus decoder component. </para>    </briefdescription>
    <detaileddescription>
<para>Copyright (C) 2011-2018 Aratelia Limited - Juan A. Rubio</para><para>This file is part of Tizonia</para><para>Tizonia is free software: you can redistribute it and/or modify it under the terms of the GNU Lesser General Public License as published by the Free Software Foundation, either version 3 of the License, or (at your option) any later version.</para><para>Tizonia is distributed in the hope that it will be useful, but WITHOUT ANY WARRANTY; without even the implied warranty of MERCHANTABILITY or FITNESS FOR A PARTICULAR PURPOSE. See the GNU Lesser General Public License for more details.</para><para>You should have received a copy of the GNU Lesser General Public License along with Tizonia. If not, see <ulink url="http://www.gnu.org/licenses/">http://www.gnu.org/licenses/</ulink>.</para><para><simplesect kind="author"><para>Juan A. Rubio <ulink url="mailto:juan.rubio@aratelia.com">juan.rubio@aratelia.com</ulink> </para></simplesect>
</para>    </detaileddescription>
    <programlisting>
<codeline lineno="1"></codeline>
<codeline lineno="29"><highlight class="preprocessor">#ifdef<sp/>HAVE_CONFIG_H</highlight><highlight class="normal"></highlight></codeline>
<codeline lineno="30"><highlight class="normal"></highlight><highlight class="preprocessor">#include<sp/>&lt;config.h&gt;</highlight><highlight class="normal"></highlight></codeline>
<codeline lineno="31"><highlight class="normal"></highlight><highlight class="preprocessor">#endif</highlight><highlight class="normal"></highlight></codeline>
<codeline lineno="32"><highlight class="normal"></highlight></codeline>
<codeline lineno="33"><highlight class="normal"></highlight><highlight class="preprocessor">#include<sp/>&lt;assert.h&gt;</highlight><highlight class="normal"></highlight></codeline>
<codeline lineno="34"><highlight class="normal"></highlight><highlight class="preprocessor">#include<sp/>&lt;string.h&gt;</highlight><highlight class="normal"></highlight></codeline>
<codeline lineno="35"><highlight class="normal"></highlight></codeline>
<codeline lineno="36"><highlight class="normal"></highlight><highlight class="preprocessor">#include<sp/>&lt;OMX_Core.h&gt;</highlight><highlight class="normal"></highlight></codeline>
<codeline lineno="37"><highlight class="normal"></highlight><highlight class="preprocessor">#include<sp/>&lt;OMX_Component.h&gt;</highlight><highlight class="normal"></highlight></codeline>
<codeline lineno="38"><highlight class="normal"></highlight><highlight class="preprocessor">#include<sp/>&lt;OMX_Types.h&gt;</highlight><highlight class="normal"></highlight></codeline>
<codeline lineno="39"><highlight class="normal"></highlight><highlight class="preprocessor">#include<sp/>&lt;OMX_TizoniaExt.h&gt;</highlight><highlight class="normal"></highlight></codeline>
<codeline lineno="40"><highlight class="normal"></highlight></codeline>
<codeline lineno="41"><highlight class="normal"></highlight><highlight class="preprocessor">#include<sp/>&lt;tizplatform.h&gt;</highlight><highlight class="normal"></highlight></codeline>
<codeline lineno="42"><highlight class="normal"></highlight></codeline>
<codeline lineno="43"><highlight class="normal"></highlight><highlight class="preprocessor">#include<sp/>&lt;tizport.h&gt;</highlight><highlight class="normal"></highlight></codeline>
<codeline lineno="44"><highlight class="normal"></highlight><highlight class="preprocessor">#include<sp/>&lt;tizscheduler.h&gt;</highlight><highlight class="normal"></highlight></codeline>
<codeline lineno="45"><highlight class="normal"></highlight></codeline>
<codeline lineno="46"><highlight class="normal"></highlight><highlight class="preprocessor">#include<sp/>&quot;opusdprc.h&quot;</highlight><highlight class="normal"></highlight></codeline>
<codeline lineno="47"><highlight class="normal"></highlight><highlight class="preprocessor">#include<sp/>&quot;opusd.h&quot;</highlight><highlight class="normal"></highlight></codeline>
<codeline lineno="48"><highlight class="normal"></highlight></codeline>
<codeline lineno="49"><highlight class="normal"></highlight><highlight class="preprocessor">#ifdef<sp/>TIZ_LOG_CATEGORY_NAME</highlight><highlight class="normal"></highlight></codeline>
<codeline lineno="50"><highlight class="normal"></highlight><highlight class="preprocessor">#undef<sp/>TIZ_LOG_CATEGORY_NAME</highlight><highlight class="normal"></highlight></codeline>
<codeline lineno="51"><highlight class="normal"></highlight><highlight class="preprocessor">#define<sp/>TIZ_LOG_CATEGORY_NAME<sp/>&quot;tiz.opus_decoder&quot;</highlight><highlight class="normal"></highlight></codeline>
<codeline lineno="52"><highlight class="normal"></highlight><highlight class="preprocessor">#endif</highlight><highlight class="normal"></highlight></codeline>
<codeline lineno="53"><highlight class="normal"></highlight></codeline>
<codeline lineno="63"><highlight class="keyword">static</highlight><highlight class="normal"><sp/>OMX_VERSIONTYPE<sp/>opus_decoder_version<sp/>=<sp/>{{1,<sp/>0,<sp/>0,<sp/>0}};</highlight></codeline>
<codeline lineno="64"><highlight class="normal"></highlight></codeline>
<codeline lineno="65"><highlight class="normal"></highlight><highlight class="keyword">static</highlight><highlight class="normal"><sp/>OMX_PTR</highlight></codeline>
<codeline lineno="66"><highlight class="normal">instantiate_opus_port<sp/>(OMX_HANDLETYPE<sp/>ap_hdl)</highlight></codeline>
<codeline lineno="67"><highlight class="normal">{</highlight></codeline>
<codeline lineno="68"><highlight class="normal"><sp/><sp/>OMX_TIZONIA_AUDIO_PARAM_OPUSTYPE<sp/>opustype;</highlight></codeline>
<codeline lineno="69"><highlight class="normal"><sp/><sp/>OMX_AUDIO_CODINGTYPE<sp/>encodings[]</highlight></codeline>
<codeline lineno="70"><highlight class="normal"><sp/><sp/><sp/><sp/>=<sp/>{(OMX_AUDIO_CODINGTYPE)<sp/>OMX_AUDIO_CodingOPUS,<sp/>OMX_AUDIO_CodingMax};</highlight></codeline>
<codeline lineno="71"><highlight class="normal"><sp/><sp/><ref refid="structtiz__port__options" kindref="compound">tiz_port_options_t</ref><sp/>opus_port_opts<sp/>=<sp/>{</highlight></codeline>
<codeline lineno="72"><highlight class="normal"><sp/><sp/><sp/><sp/>OMX_PortDomainAudio,</highlight></codeline>
<codeline lineno="73"><highlight class="normal"><sp/><sp/><sp/><sp/>OMX_DirInput,</highlight></codeline>
<codeline lineno="74"><highlight class="normal"><sp/><sp/><sp/><sp/>ARATELIA_OPUS_DECODER_PORT_MIN_BUF_COUNT,</highlight></codeline>
<codeline lineno="75"><highlight class="normal"><sp/><sp/><sp/><sp/>ARATELIA_OPUS_DECODER_PORT_MIN_INPUT_BUF_SIZE,</highlight></codeline>
<codeline lineno="76"><highlight class="normal"><sp/><sp/><sp/><sp/>ARATELIA_OPUS_DECODER_PORT_NONCONTIGUOUS,</highlight></codeline>
<codeline lineno="77"><highlight class="normal"><sp/><sp/><sp/><sp/>ARATELIA_OPUS_DECODER_PORT_ALIGNMENT,</highlight></codeline>
<codeline lineno="78"><highlight class="normal"><sp/><sp/><sp/><sp/>ARATELIA_OPUS_DECODER_PORT_SUPPLIERPREF,</highlight></codeline>
<codeline lineno="79"><highlight class="normal"><sp/><sp/><sp/><sp/>{ARATELIA_OPUS_DECODER_INPUT_PORT_INDEX,<sp/>NULL,<sp/>NULL,<sp/>NULL},</highlight></codeline>
<codeline lineno="80"><highlight class="normal"><sp/><sp/><sp/><sp/>1<sp/></highlight><highlight class="comment">/*<sp/>slave<sp/>port&apos;s<sp/>index<sp/><sp/>*/</highlight><highlight class="normal"></highlight></codeline>
<codeline lineno="81"><highlight class="normal"><sp/><sp/>};</highlight></codeline>
<codeline lineno="82"><highlight class="normal"></highlight></codeline>
<codeline lineno="83"><highlight class="normal"><sp/><sp/>opustype.nSize<sp/>=<sp/></highlight><highlight class="keyword">sizeof</highlight><highlight class="normal"><sp/>(OMX_TIZONIA_AUDIO_PARAM_OPUSTYPE);</highlight></codeline>
<codeline lineno="84"><highlight class="normal"><sp/><sp/>opustype.nVersion.nVersion<sp/>=<sp/>OMX_VERSION;</highlight></codeline>
<codeline lineno="85"><highlight class="normal"><sp/><sp/>opustype.nPortIndex<sp/>=<sp/>ARATELIA_OPUS_DECODER_INPUT_PORT_INDEX;</highlight></codeline>
<codeline lineno="86"><highlight class="normal"><sp/><sp/>opustype.nChannels<sp/>=<sp/>2;</highlight></codeline>
<codeline lineno="87"><highlight class="normal"><sp/><sp/>opustype.nBitRate<sp/>=<sp/>256;</highlight></codeline>
<codeline lineno="88"><highlight class="normal"><sp/><sp/>opustype.nSampleRate<sp/>=<sp/>48000;</highlight></codeline>
<codeline lineno="89"><highlight class="normal"><sp/><sp/>opustype.nFrameDuration<sp/>=<sp/>2;</highlight></codeline>
<codeline lineno="90"><highlight class="normal"><sp/><sp/>opustype.nEncoderComplexity<sp/>=<sp/>0;</highlight></codeline>
<codeline lineno="91"><highlight class="normal"><sp/><sp/>opustype.bPacketLossResilience<sp/>=<sp/>OMX_FALSE;</highlight></codeline>
<codeline lineno="92"><highlight class="normal"><sp/><sp/>opustype.bForwardErrorCorrection<sp/>=<sp/>OMX_FALSE;</highlight></codeline>
<codeline lineno="93"><highlight class="normal"><sp/><sp/>opustype.bDtx<sp/>=<sp/>OMX_FALSE;</highlight></codeline>
<codeline lineno="94"><highlight class="normal"><sp/><sp/>opustype.eChannelMode<sp/>=<sp/>OMX_AUDIO_ChannelModeStereo;</highlight></codeline>
<codeline lineno="95"><highlight class="normal"><sp/><sp/>opustype.eFormat<sp/>=<sp/>OMX_AUDIO_OPUSStreamFormatVBR;</highlight></codeline>
<codeline lineno="96"><highlight class="normal"></highlight></codeline>
<codeline lineno="97"><highlight class="normal"><sp/><sp/></highlight><highlight class="keywordflow">return</highlight><highlight class="normal"><sp/>factory_new<sp/>(<ref refid="group__tizscheduler_1gacf2f63dcdf377b97875517fb7fca9425" kindref="member">tiz_get_type</ref><sp/>(ap_hdl,<sp/></highlight><highlight class="stringliteral">&quot;tizopusport&quot;</highlight><highlight class="normal">),<sp/>&amp;opus_port_opts,</highlight></codeline>
<codeline lineno="98"><highlight class="normal"><sp/><sp/><sp/><sp/><sp/><sp/><sp/><sp/><sp/><sp/><sp/><sp/><sp/><sp/><sp/><sp/><sp/><sp/><sp/><sp/><sp/><sp/>&amp;encodings,<sp/>&amp;opustype);</highlight></codeline>
<codeline lineno="99"><highlight class="normal">}</highlight></codeline>
<codeline lineno="100"><highlight class="normal"></highlight></codeline>
<codeline lineno="101"><highlight class="normal"></highlight><highlight class="keyword">static</highlight><highlight class="normal"><sp/>OMX_PTR</highlight></codeline>
<codeline lineno="102"><highlight class="normal">instantiate_pcm_port<sp/>(OMX_HANDLETYPE<sp/>ap_hdl)</highlight></codeline>
<codeline lineno="103"><highlight class="normal">{</highlight></codeline>
<codeline lineno="104"><highlight class="normal"><sp/><sp/>OMX_AUDIO_PARAM_PCMMODETYPE<sp/>pcmmode;</highlight></codeline>
<codeline lineno="105"><highlight class="normal"><sp/><sp/>OMX_AUDIO_CONFIG_VOLUMETYPE<sp/>volume;</highlight></codeline>
<codeline lineno="106"><highlight class="normal"><sp/><sp/>OMX_AUDIO_CONFIG_MUTETYPE<sp/>mute;</highlight></codeline>
<codeline lineno="107"><highlight class="normal"><sp/><sp/>OMX_AUDIO_CODINGTYPE<sp/>encodings[]<sp/>=<sp/>{OMX_AUDIO_CodingPCM,<sp/>OMX_AUDIO_CodingMax};</highlight></codeline>
<codeline lineno="108"><highlight class="normal"><sp/><sp/><ref refid="structtiz__port__options" kindref="compound">tiz_port_options_t</ref><sp/>pcm_port_opts<sp/>=<sp/>{</highlight></codeline>
<codeline lineno="109"><highlight class="normal"><sp/><sp/><sp/><sp/>OMX_PortDomainAudio,</highlight></codeline>
<codeline lineno="110"><highlight class="normal"><sp/><sp/><sp/><sp/>OMX_DirOutput,</highlight></codeline>
<codeline lineno="111"><highlight class="normal"><sp/><sp/><sp/><sp/>ARATELIA_OPUS_DECODER_PORT_MIN_BUF_COUNT,</highlight></codeline>
<codeline lineno="112"><highlight class="normal"><sp/><sp/><sp/><sp/>ARATELIA_OPUS_DECODER_PORT_MIN_OUTPUT_BUF_SIZE,</highlight></codeline>
<codeline lineno="113"><highlight class="normal"><sp/><sp/><sp/><sp/>ARATELIA_OPUS_DECODER_PORT_NONCONTIGUOUS,</highlight></codeline>
<codeline lineno="114"><highlight class="normal"><sp/><sp/><sp/><sp/>ARATELIA_OPUS_DECODER_PORT_ALIGNMENT,</highlight></codeline>
<codeline lineno="115"><highlight class="normal"><sp/><sp/><sp/><sp/>ARATELIA_OPUS_DECODER_PORT_SUPPLIERPREF,</highlight></codeline>
<codeline lineno="116"><highlight class="normal"><sp/><sp/><sp/><sp/>{ARATELIA_OPUS_DECODER_OUTPUT_PORT_INDEX,<sp/>NULL,<sp/>NULL,<sp/>NULL},</highlight></codeline>
<codeline lineno="117"><highlight class="normal"><sp/><sp/><sp/><sp/>0<sp/></highlight><highlight class="comment">/*<sp/>Master<sp/>port<sp/>*/</highlight><highlight class="normal"></highlight></codeline>
<codeline lineno="118"><highlight class="normal"><sp/><sp/>};</highlight></codeline>
<codeline lineno="119"><highlight class="normal"></highlight></codeline>
<codeline lineno="120"><highlight class="normal"><sp/><sp/></highlight><highlight class="comment">/*<sp/>Instantiate<sp/>the<sp/>pcm<sp/>port<sp/>*/</highlight><highlight class="normal"></highlight></codeline>
<codeline lineno="121"><highlight class="normal"><sp/><sp/>pcmmode.nSize<sp/>=<sp/></highlight><highlight class="keyword">sizeof</highlight><highlight class="normal"><sp/>(OMX_AUDIO_PARAM_PCMMODETYPE);</highlight></codeline>
<codeline lineno="122"><highlight class="normal"><sp/><sp/>pcmmode.nVersion.nVersion<sp/>=<sp/>OMX_VERSION;</highlight></codeline>
<codeline lineno="123"><highlight class="normal"><sp/><sp/>pcmmode.nPortIndex<sp/>=<sp/>ARATELIA_OPUS_DECODER_OUTPUT_PORT_INDEX;</highlight></codeline>
<codeline lineno="124"><highlight class="normal"><sp/><sp/>pcmmode.nChannels<sp/>=<sp/>2;</highlight></codeline>
<codeline lineno="125"><highlight class="normal"><sp/><sp/>pcmmode.eNumData<sp/>=<sp/>OMX_NumericalDataSigned;</highlight></codeline>
<codeline lineno="126"><highlight class="normal"><sp/><sp/>pcmmode.eEndian<sp/>=<sp/>OMX_EndianLittle;</highlight></codeline>
<codeline lineno="127"><highlight class="normal"><sp/><sp/>pcmmode.bInterleaved<sp/>=<sp/>OMX_TRUE;</highlight></codeline>
<codeline lineno="128"><highlight class="normal"><sp/><sp/>pcmmode.nBitPerSample<sp/>=<sp/>16;</highlight></codeline>
<codeline lineno="129"><highlight class="normal"><sp/><sp/>pcmmode.nSamplingRate<sp/>=<sp/>48000;</highlight></codeline>
<codeline lineno="130"><highlight class="normal"><sp/><sp/>pcmmode.ePCMMode<sp/>=<sp/>OMX_AUDIO_PCMModeLinear;</highlight></codeline>
<codeline lineno="131"><highlight class="normal"><sp/><sp/>pcmmode.eChannelMapping[0]<sp/>=<sp/>OMX_AUDIO_ChannelLF;</highlight></codeline>
<codeline lineno="132"><highlight class="normal"><sp/><sp/>pcmmode.eChannelMapping[1]<sp/>=<sp/>OMX_AUDIO_ChannelRF;</highlight></codeline>
<codeline lineno="133"><highlight class="normal"></highlight></codeline>
<codeline lineno="134"><highlight class="normal"><sp/><sp/>volume.nSize<sp/>=<sp/></highlight><highlight class="keyword">sizeof</highlight><highlight class="normal"><sp/>(OMX_AUDIO_CONFIG_VOLUMETYPE);</highlight></codeline>
<codeline lineno="135"><highlight class="normal"><sp/><sp/>volume.nVersion.nVersion<sp/>=<sp/>OMX_VERSION;</highlight></codeline>
<codeline lineno="136"><highlight class="normal"><sp/><sp/>volume.nPortIndex<sp/>=<sp/>ARATELIA_OPUS_DECODER_OUTPUT_PORT_INDEX;</highlight></codeline>
<codeline lineno="137"><highlight class="normal"><sp/><sp/>volume.bLinear<sp/>=<sp/>OMX_FALSE;</highlight></codeline>
<codeline lineno="138"><highlight class="normal"><sp/><sp/>volume.sVolume.nValue<sp/>=<sp/>50;</highlight></codeline>
<codeline lineno="139"><highlight class="normal"><sp/><sp/>volume.sVolume.nMin<sp/>=<sp/>0;</highlight></codeline>
<codeline lineno="140"><highlight class="normal"><sp/><sp/>volume.sVolume.nMax<sp/>=<sp/>100;</highlight></codeline>
<codeline lineno="141"><highlight class="normal"></highlight></codeline>
<codeline lineno="142"><highlight class="normal"><sp/><sp/>mute.nSize<sp/>=<sp/></highlight><highlight class="keyword">sizeof</highlight><highlight class="normal"><sp/>(OMX_AUDIO_CONFIG_MUTETYPE);</highlight></codeline>
<codeline lineno="143"><highlight class="normal"><sp/><sp/>mute.nVersion.nVersion<sp/>=<sp/>OMX_VERSION;</highlight></codeline>
<codeline lineno="144"><highlight class="normal"><sp/><sp/>mute.nPortIndex<sp/>=<sp/>ARATELIA_OPUS_DECODER_OUTPUT_PORT_INDEX;</highlight></codeline>
<codeline lineno="145"><highlight class="normal"><sp/><sp/>mute.bMute<sp/>=<sp/>OMX_FALSE;</highlight></codeline>
<codeline lineno="146"><highlight class="normal"></highlight></codeline>
<codeline lineno="147"><highlight class="normal"><sp/><sp/></highlight><highlight class="keywordflow">return</highlight><highlight class="normal"><sp/>factory_new<sp/>(<ref refid="group__tizscheduler_1gacf2f63dcdf377b97875517fb7fca9425" kindref="member">tiz_get_type</ref><sp/>(ap_hdl,<sp/></highlight><highlight class="stringliteral">&quot;tizpcmport&quot;</highlight><highlight class="normal">),<sp/>&amp;pcm_port_opts,</highlight></codeline>
<codeline lineno="148"><highlight class="normal"><sp/><sp/><sp/><sp/><sp/><sp/><sp/><sp/><sp/><sp/><sp/><sp/><sp/><sp/><sp/><sp/><sp/><sp/><sp/><sp/><sp/><sp/>&amp;encodings,<sp/>&amp;pcmmode,<sp/>&amp;volume,<sp/>&amp;mute);</highlight></codeline>
<codeline lineno="149"><highlight class="normal">}</highlight></codeline>
<codeline lineno="150"><highlight class="normal"></highlight></codeline>
<codeline lineno="151"><highlight class="normal"></highlight><highlight class="keyword">static</highlight><highlight class="normal"><sp/>OMX_PTR</highlight></codeline>
<codeline lineno="152"><highlight class="normal">instantiate_config_port<sp/>(OMX_HANDLETYPE<sp/>ap_hdl)</highlight></codeline>
<codeline lineno="153"><highlight class="normal">{</highlight></codeline>
<codeline lineno="154"><highlight class="normal"><sp/><sp/></highlight><highlight class="keywordflow">return</highlight><highlight class="normal"><sp/>factory_new<sp/>(<ref refid="group__tizscheduler_1gacf2f63dcdf377b97875517fb7fca9425" kindref="member">tiz_get_type</ref><sp/>(ap_hdl,<sp/></highlight><highlight class="stringliteral">&quot;tizconfigport&quot;</highlight><highlight class="normal">),</highlight></codeline>
<codeline lineno="155"><highlight class="normal"><sp/><sp/><sp/><sp/><sp/><sp/><sp/><sp/><sp/><sp/><sp/><sp/><sp/><sp/><sp/><sp/><sp/><sp/><sp/><sp/><sp/><sp/>NULL,<sp/></highlight><highlight class="comment">/*<sp/>this<sp/>port<sp/>does<sp/>not<sp/>take<sp/>options<sp/>*/</highlight><highlight class="normal"></highlight></codeline>
<codeline lineno="156"><highlight class="normal"><sp/><sp/><sp/><sp/><sp/><sp/><sp/><sp/><sp/><sp/><sp/><sp/><sp/><sp/><sp/><sp/><sp/><sp/><sp/><sp/><sp/><sp/>ARATELIA_OPUS_DECODER_COMPONENT_NAME,</highlight></codeline>
<codeline lineno="157"><highlight class="normal"><sp/><sp/><sp/><sp/><sp/><sp/><sp/><sp/><sp/><sp/><sp/><sp/><sp/><sp/><sp/><sp/><sp/><sp/><sp/><sp/><sp/><sp/>opus_decoder_version);</highlight></codeline>
<codeline lineno="158"><highlight class="normal">}</highlight></codeline>
<codeline lineno="159"><highlight class="normal"></highlight></codeline>
<codeline lineno="160"><highlight class="normal"></highlight><highlight class="keyword">static</highlight><highlight class="normal"><sp/>OMX_PTR</highlight></codeline>
<codeline lineno="161"><highlight class="normal">instantiate_processor<sp/>(OMX_HANDLETYPE<sp/>ap_hdl)</highlight></codeline>
<codeline lineno="162"><highlight class="normal">{</highlight></codeline>
<codeline lineno="163"><highlight class="normal"><sp/><sp/></highlight><highlight class="keywordflow">return</highlight><highlight class="normal"><sp/>factory_new<sp/>(<ref refid="group__tizscheduler_1gacf2f63dcdf377b97875517fb7fca9425" kindref="member">tiz_get_type</ref><sp/>(ap_hdl,<sp/></highlight><highlight class="stringliteral">&quot;opusdprc&quot;</highlight><highlight class="normal">));</highlight></codeline>
<codeline lineno="164"><highlight class="normal">}</highlight></codeline>
<codeline lineno="165"><highlight class="normal"></highlight></codeline>
<codeline lineno="166"><highlight class="normal">OMX_ERRORTYPE</highlight></codeline>
<codeline lineno="167"><highlight class="normal">OMX_ComponentInit<sp/>(OMX_HANDLETYPE<sp/>ap_hdl)</highlight></codeline>
<codeline lineno="168"><highlight class="normal">{</highlight></codeline>
<codeline lineno="169"><highlight class="normal"><sp/><sp/><ref refid="structtiz__role__factory" kindref="compound">tiz_role_factory_t</ref><sp/>role_factory;</highlight></codeline>
<codeline lineno="170"><highlight class="normal"><sp/><sp/></highlight><highlight class="keyword">const</highlight><highlight class="normal"><sp/><ref refid="structtiz__role__factory" kindref="compound">tiz_role_factory_t</ref><sp/>*<sp/>rf_list[]<sp/>=<sp/>{&amp;role_factory};</highlight></codeline>
<codeline lineno="171"><highlight class="normal"><sp/><sp/><ref refid="structtiz__type__factory" kindref="compound">tiz_type_factory_t</ref><sp/>opusdprc_type;</highlight></codeline>
<codeline lineno="172"><highlight class="normal"><sp/><sp/></highlight><highlight class="keyword">const</highlight><highlight class="normal"><sp/><ref refid="structtiz__type__factory" kindref="compound">tiz_type_factory_t</ref><sp/>*<sp/>tf_list[]<sp/>=<sp/>{&amp;opusdprc_type};</highlight></codeline>
<codeline lineno="173"><highlight class="normal"></highlight></codeline>
<codeline lineno="174"><highlight class="normal"><sp/><sp/>strcpy<sp/>((OMX_STRING)<sp/>role_factory.<ref refid="structtiz__role__factory_1a1b524bf51117c23a4533b9eef7d9bea2" kindref="member">role</ref>,<sp/>ARATELIA_OPUS_DECODER_DEFAULT_ROLE);</highlight></codeline>
<codeline lineno="175"><highlight class="normal"><sp/><sp/>role_factory.<ref refid="structtiz__role__factory_1adb53f8c2751f1957d6885b8d7fa4736b" kindref="member">pf_cport</ref><sp/>=<sp/>instantiate_config_port;</highlight></codeline>
<codeline lineno="176"><highlight class="normal"><sp/><sp/>role_factory.pf_port[0]<sp/>=<sp/>instantiate_opus_port;</highlight></codeline>
<codeline lineno="177"><highlight class="normal"><sp/><sp/>role_factory.pf_port[1]<sp/>=<sp/>instantiate_pcm_port;</highlight></codeline>
<codeline lineno="178"><highlight class="normal"><sp/><sp/>role_factory.<ref refid="structtiz__role__factory_1af2f13c0991bca11b492d5814174e495b" kindref="member">nports</ref><sp/>=<sp/>2;</highlight></codeline>
<codeline lineno="179"><highlight class="normal"><sp/><sp/>role_factory.<ref refid="structtiz__role__factory_1ae10ff63ee26a57d3fa41ac89fd599caf" kindref="member">pf_proc</ref><sp/>=<sp/>instantiate_processor;</highlight></codeline>
<codeline lineno="180"><highlight class="normal"></highlight></codeline>
<codeline lineno="181"><highlight class="normal"><sp/><sp/>strcpy<sp/>((OMX_STRING)<sp/>opusdprc_type.class_name,<sp/></highlight><highlight class="stringliteral">&quot;opusdprc_class&quot;</highlight><highlight class="normal">);</highlight></codeline>
<codeline lineno="182"><highlight class="normal"><sp/><sp/>opusdprc_type.pf_class_init<sp/>=<sp/>opusd_prc_class_init;</highlight></codeline>
<codeline lineno="183"><highlight class="normal"><sp/><sp/>strcpy<sp/>((OMX_STRING)<sp/>opusdprc_type.object_name,<sp/></highlight><highlight class="stringliteral">&quot;opusdprc&quot;</highlight><highlight class="normal">);</highlight></codeline>
<codeline lineno="184"><highlight class="normal"><sp/><sp/>opusdprc_type.pf_object_init<sp/>=<sp/>opusd_prc_init;</highlight></codeline>
<codeline lineno="185"><highlight class="normal"></highlight></codeline>
<codeline lineno="186"><highlight class="normal"><sp/><sp/></highlight><highlight class="comment">/*<sp/>Initialize<sp/>the<sp/>component<sp/>infrastructure<sp/>*/</highlight><highlight class="normal"></highlight></codeline>
<codeline lineno="187"><highlight class="normal"><sp/><sp/>tiz_check_omx<sp/>(<ref refid="group__tizscheduler_1ga7a084c6cce9e87812c8603d8f1b0034c" kindref="member">tiz_comp_init</ref><sp/>(ap_hdl,<sp/>ARATELIA_OPUS_DECODER_COMPONENT_NAME));</highlight></codeline>
<codeline lineno="188"><highlight class="normal"></highlight></codeline>
<codeline lineno="189"><highlight class="normal"><sp/><sp/></highlight><highlight class="comment">/*<sp/>Register<sp/>the<sp/>&quot;opusdprc&quot;<sp/>class<sp/>*/</highlight><highlight class="normal"></highlight></codeline>
<codeline lineno="190"><highlight class="normal"><sp/><sp/>tiz_check_omx<sp/>(<ref refid="group__tizscheduler_1gacae2d0e2713a8bfd61cc97063d914499" kindref="member">tiz_comp_register_types</ref><sp/>(ap_hdl,<sp/>tf_list,<sp/>1));</highlight></codeline>
<codeline lineno="191"><highlight class="normal"></highlight></codeline>
<codeline lineno="192"><highlight class="normal"><sp/><sp/></highlight><highlight class="comment">/*<sp/>Register<sp/>the<sp/>component<sp/>role<sp/>*/</highlight><highlight class="normal"></highlight></codeline>
<codeline lineno="193"><highlight class="normal"><sp/><sp/>tiz_check_omx<sp/>(<ref refid="group__tizscheduler_1ga83062f4d658686052982731e533629ec" kindref="member">tiz_comp_register_roles</ref><sp/>(ap_hdl,<sp/>rf_list,<sp/>1));</highlight></codeline>
<codeline lineno="194"><highlight class="normal"></highlight></codeline>
<codeline lineno="195"><highlight class="normal"><sp/><sp/></highlight><highlight class="keywordflow">return</highlight><highlight class="normal"><sp/>OMX_ErrorNone;</highlight></codeline>
<codeline lineno="196"><highlight class="normal">}</highlight></codeline>
    </programlisting>
    <location file="/home/joni/work/tizonia-master/plugins/opus_decoder/src/opusd.c"/>
  </compounddef>
</doxygen>
