<?xml version='1.0' encoding='UTF-8' standalone='no'?>
<doxygen xmlns:xsi="http://www.w3.org/2001/XMLSchema-instance" xsi:noNamespaceSchemaLocation="compound.xsd" version="1.8.11">
  <compounddef id="opusutils_8c" kind="file" language="C++">
    <compoundname>opusutils.c</compoundname>
    <includes local="no">assert.h</includes>
    <includes refid="tizutils_8h" local="yes">tizutils.h</includes>
    <includes local="no">math.h</includes>
    <includes refid="opusutils_8h" local="yes">opusutils.h</includes>
    <includes local="no">string.h</includes>
    <includes local="no">stdio.h</includes>
    <incdepgraph>
      <node id="13171">
        <label>stdbool.h</label>
      </node>
      <node id="13181">
        <label>stdarg.h</label>
      </node>
      <node id="13186">
        <label>opus_multistream.h</label>
      </node>
      <node id="13144">
        <label>assert.h</label>
      </node>
      <node id="13165">
        <label>tizbuffer.h</label>
        <link refid="tizbuffer_8h_source"/>
        <childnode refid="13147" relation="include">
        </childnode>
        <childnode refid="13146" relation="include">
        </childnode>
      </node>
      <node id="13168">
        <label>tizuuid.h</label>
        <link refid="tizuuid_8h_source"/>
        <childnode refid="13146" relation="include">
        </childnode>
      </node>
      <node id="13167">
        <label>tizthread.h</label>
        <link refid="tizthread_8h_source"/>
        <childnode refid="13147" relation="include">
        </childnode>
        <childnode refid="13146" relation="include">
        </childnode>
        <childnode refid="13161" relation="include">
        </childnode>
      </node>
      <node id="13164">
        <label>stdint.h</label>
      </node>
      <node id="13147">
        <label>OMX_Core.h</label>
      </node>
      <node id="13143">
        <label>/home/joni/work/tizonia-master/plugins/opus_decoder/src/opusutils.c</label>
        <link refid="opusutils.c"/>
        <childnode refid="13144" relation="include">
        </childnode>
        <childnode refid="13145" relation="include">
        </childnode>
        <childnode refid="13183" relation="include">
        </childnode>
        <childnode refid="13184" relation="include">
        </childnode>
        <childnode refid="13187" relation="include">
        </childnode>
        <childnode refid="13182" relation="include">
        </childnode>
      </node>
      <node id="13184">
        <label>opusutils.h</label>
        <link refid="opusutils_8h_source"/>
        <childnode refid="13185" relation="include">
        </childnode>
        <childnode refid="13186" relation="include">
        </childnode>
      </node>
      <node id="13150">
        <label>tizplatform.h</label>
        <link refid="tizplatform_8h_source"/>
        <childnode refid="13151" relation="include">
        </childnode>
        <childnode refid="13158" relation="include">
        </childnode>
        <childnode refid="13155" relation="include">
        </childnode>
        <childnode refid="13160" relation="include">
        </childnode>
        <childnode refid="13162" relation="include">
        </childnode>
        <childnode refid="13165" relation="include">
        </childnode>
        <childnode refid="13166" relation="include">
        </childnode>
        <childnode refid="13161" relation="include">
        </childnode>
        <childnode refid="13167" relation="include">
        </childnode>
        <childnode refid="13168" relation="include">
        </childnode>
        <childnode refid="13152" relation="include">
        </childnode>
        <childnode refid="13169" relation="include">
        </childnode>
        <childnode refid="13163" relation="include">
        </childnode>
        <childnode refid="13170" relation="include">
        </childnode>
        <childnode refid="13172" relation="include">
        </childnode>
        <childnode refid="13173" relation="include">
        </childnode>
        <childnode refid="13174" relation="include">
        </childnode>
        <childnode refid="13175" relation="include">
        </childnode>
        <childnode refid="13176" relation="include">
        </childnode>
        <childnode refid="13177" relation="include">
        </childnode>
      </node>
      <node id="13185">
        <label>opus.h</label>
      </node>
      <node id="13180">
        <label>tizobject.h</label>
        <link refid="tizobject_8h_source"/>
        <childnode refid="13146" relation="include">
        </childnode>
        <childnode refid="13181" relation="include">
        </childnode>
        <childnode refid="13157" relation="include">
        </childnode>
        <childnode refid="13182" relation="include">
        </childnode>
      </node>
      <node id="13153">
        <label>OMX_Component.h</label>
      </node>
      <node id="13163">
        <label>tizsoa.h</label>
        <link refid="tizsoa_8h_source"/>
        <childnode refid="13157" relation="include">
        </childnode>
        <childnode refid="13164" relation="include">
        </childnode>
        <childnode refid="13146" relation="include">
        </childnode>
        <childnode refid="13147" relation="include">
        </childnode>
      </node>
      <node id="13151">
        <label>tizmacros.h</label>
        <link refid="tizmacros_8h_source"/>
        <childnode refid="13152" relation="include">
        </childnode>
        <childnode refid="13157" relation="include">
        </childnode>
      </node>
      <node id="13149">
        <label>tizservant.h</label>
        <link refid="tizservant_8h_source"/>
        <childnode refid="13147" relation="include">
        </childnode>
        <childnode refid="13150" relation="include">
        </childnode>
        <childnode refid="13178" relation="include">
        </childnode>
        <childnode refid="13179" relation="include">
        </childnode>
      </node>
      <node id="13157">
        <label>stddef.h</label>
      </node>
      <node id="13175">
        <label>tizprintf.h</label>
        <link refid="tizprintf_8h_source"/>
      </node>
      <node id="13160">
        <label>tizqueue.h</label>
        <link refid="tizqueue_8h_source"/>
        <childnode refid="13147" relation="include">
        </childnode>
        <childnode refid="13146" relation="include">
        </childnode>
        <childnode refid="13161" relation="include">
        </childnode>
      </node>
      <node id="13159">
        <label>log4c.h</label>
      </node>
      <node id="13156">
        <label>sys/types.h</label>
      </node>
      <node id="13155">
        <label>tizmem.h</label>
        <link refid="tizmem_8h_source"/>
        <childnode refid="13156" relation="include">
        </childnode>
        <childnode refid="13146" relation="include">
        </childnode>
      </node>
      <node id="13187">
        <label>string.h</label>
      </node>
      <node id="13169">
        <label>tizrc.h</label>
        <link refid="tizrc_8h_source"/>
        <childnode refid="13147" relation="include">
        </childnode>
        <childnode refid="13146" relation="include">
        </childnode>
      </node>
      <node id="13162">
        <label>tizpqueue.h</label>
        <link refid="tizpqueue_8h_source"/>
        <childnode refid="13147" relation="include">
        </childnode>
        <childnode refid="13146" relation="include">
        </childnode>
        <childnode refid="13163" relation="include">
        </childnode>
      </node>
      <node id="13179">
        <label>tizapi.h</label>
        <link refid="tizapi_8h_source"/>
        <childnode refid="13147" relation="include">
        </childnode>
        <childnode refid="13180" relation="include">
        </childnode>
      </node>
      <node id="13183">
        <label>math.h</label>
      </node>
      <node id="13146">
        <label>OMX_Types.h</label>
      </node>
      <node id="13161">
        <label>tizsync.h</label>
        <link refid="tizsync_8h_source"/>
        <childnode refid="13147" relation="include">
        </childnode>
        <childnode refid="13146" relation="include">
        </childnode>
      </node>
      <node id="13158">
        <label>tizlog.h</label>
        <link refid="tizlog_8h_source"/>
        <childnode refid="13159" relation="include">
        </childnode>
      </node>
      <node id="13172">
        <label>tizhttp.h</label>
        <link refid="tizhttp_8h_source"/>
        <childnode refid="13147" relation="include">
        </childnode>
        <childnode refid="13146" relation="include">
        </childnode>
      </node>
      <node id="13166">
        <label>tizvector.h</label>
        <link refid="tizvector_8h_source"/>
        <childnode refid="13147" relation="include">
        </childnode>
        <childnode refid="13146" relation="include">
        </childnode>
      </node>
      <node id="13177">
        <label>tizurltransfer.h</label>
        <link refid="tizurltransfer_8h_source"/>
        <childnode refid="13153" relation="include">
        </childnode>
      </node>
      <node id="13176">
        <label>tizshufflelst.h</label>
        <link refid="tizshufflelst_8h_source"/>
        <childnode refid="13147" relation="include">
        </childnode>
        <childnode refid="13146" relation="include">
        </childnode>
      </node>
      <node id="13152">
        <label>tizomxutils.h</label>
        <link refid="tizomxutils_8h_source"/>
        <childnode refid="13146" relation="include">
        </childnode>
        <childnode refid="13153" relation="include">
        </childnode>
        <childnode refid="13154" relation="include">
        </childnode>
        <childnode refid="13147" relation="include">
        </childnode>
        <childnode refid="13155" relation="include">
        </childnode>
      </node>
      <node id="13145">
        <label>tizutils.h</label>
        <link refid="tizutils_8h_source"/>
        <childnode refid="13146" relation="include">
        </childnode>
        <childnode refid="13147" relation="include">
        </childnode>
        <childnode refid="13148" relation="include">
        </childnode>
      </node>
      <node id="13178">
        <label>tizscheduler.h</label>
        <link refid="tizscheduler_8h_source"/>
        <childnode refid="13147" relation="include">
        </childnode>
        <childnode refid="13146" relation="include">
        </childnode>
        <childnode refid="13153" relation="include">
        </childnode>
        <childnode refid="13150" relation="include">
        </childnode>
      </node>
      <node id="13148">
        <label>tizfsm.h</label>
        <link refid="tizfsm_8h_source"/>
        <childnode refid="13149" relation="include">
        </childnode>
      </node>
      <node id="13173">
        <label>tizmap.h</label>
        <link refid="tizmap_8h_source"/>
        <childnode refid="13171" relation="include">
        </childnode>
        <childnode refid="13147" relation="include">
        </childnode>
        <childnode refid="13146" relation="include">
        </childnode>
        <childnode refid="13163" relation="include">
        </childnode>
      </node>
      <node id="13170">
        <label>tizev.h</label>
        <link refid="tizev_8h_source"/>
        <childnode refid="13171" relation="include">
        </childnode>
        <childnode refid="13164" relation="include">
        </childnode>
        <childnode refid="13147" relation="include">
        </childnode>
        <childnode refid="13146" relation="include">
        </childnode>
      </node>
      <node id="13182">
        <label>stdio.h</label>
      </node>
      <node id="13174">
        <label>tizlimits.h</label>
        <link refid="tizlimits_8h_source"/>
      </node>
      <node id="13154">
        <label>OMX_Audio.h</label>
      </node>
    </incdepgraph>
    <innerclass refid="structOpusHeader" prot="public">OpusHeader</innerclass>
    <innerclass refid="structPacket" prot="public">Packet</innerclass>
    <innerclass refid="structROPacket" prot="public">ROPacket</innerclass>
      <sectiondef kind="define">
      <memberdef kind="define" id="opusutils_8c_1a2dd54550982ef3a71c0cfd3bb6ee7f6c" prot="public" static="no">
        <name>readint</name>
        <param><defname>buf</defname></param>
        <param><defname>base</defname></param>
        <initializer>(((buf[base+3]&lt;&lt;24)&amp;0xff000000)| \
                           ((buf[base+2]&lt;&lt;16)&amp;0xff0000)| \
                           ((buf[base+1]&lt;&lt;8)&amp;0xff00)| \
                           (buf[base]&amp;0xff))</initializer>
        <briefdescription>
        </briefdescription>
        <detaileddescription>
        </detaileddescription>
        <inbodydescription>
        </inbodydescription>
        <location file="/home/joni/work/tizonia-master/plugins/opus_decoder/src/opusutils.c" line="53" column="9" bodyfile="/home/joni/work/tizonia-master/plugins/opus_decoder/src/opusutils.c" bodystart="53" bodyend="-1"/>
      </memberdef>
      </sectiondef>
      <sectiondef kind="func">
      <memberdef kind="function" id="opusutils_8c_1accf9c35e8bb4fb12b9bcd8825bad4795" prot="public" static="yes" const="no" explicit="no" inline="no" virt="non-virtual">
        <type>int</type>
        <definition>static int read_uint32</definition>
        <argsstring>(ROPacket *p, uint32_t *val)</argsstring>
        <name>read_uint32</name>
        <param>
          <type><ref refid="structROPacket" kindref="compound">ROPacket</ref> *</type>
          <declname>p</declname>
        </param>
        <param>
          <type>uint32_t *</type>
          <declname>val</declname>
        </param>
        <briefdescription>
        </briefdescription>
        <detaileddescription>
        </detaileddescription>
        <inbodydescription>
        </inbodydescription>
        <location file="/home/joni/work/tizonia-master/plugins/opus_decoder/src/opusutils.c" line="108" column="1" bodyfile="/home/joni/work/tizonia-master/plugins/opus_decoder/src/opusutils.c" bodystart="108" bodyend="118"/>
      </memberdef>
      <memberdef kind="function" id="opusutils_8c_1a346698a6694887fc8634dbd433f8bbaa" prot="public" static="yes" const="no" explicit="no" inline="no" virt="non-virtual">
        <type>int</type>
        <definition>static int read_uint16</definition>
        <argsstring>(ROPacket *p, uint16_t *val)</argsstring>
        <name>read_uint16</name>
        <param>
          <type><ref refid="structROPacket" kindref="compound">ROPacket</ref> *</type>
          <declname>p</declname>
        </param>
        <param>
          <type>uint16_t *</type>
          <declname>val</declname>
        </param>
        <briefdescription>
        </briefdescription>
        <detaileddescription>
        </detaileddescription>
        <inbodydescription>
        </inbodydescription>
        <location file="/home/joni/work/tizonia-master/plugins/opus_decoder/src/opusutils.c" line="120" column="1" bodyfile="/home/joni/work/tizonia-master/plugins/opus_decoder/src/opusutils.c" bodystart="120" bodyend="128"/>
      </memberdef>
      <memberdef kind="function" id="opusutils_8c_1ac7a29567a2e29c05e1d8e2dc160b11ed" prot="public" static="yes" const="no" explicit="no" inline="no" virt="non-virtual">
        <type>int</type>
        <definition>static int read_chars</definition>
        <argsstring>(ROPacket *p, unsigned char *str, int nb_chars)</argsstring>
        <name>read_chars</name>
        <param>
          <type><ref refid="structROPacket" kindref="compound">ROPacket</ref> *</type>
          <declname>p</declname>
        </param>
        <param>
          <type>unsigned char *</type>
          <declname>str</declname>
        </param>
        <param>
          <type>int</type>
          <declname>nb_chars</declname>
        </param>
        <briefdescription>
        </briefdescription>
        <detaileddescription>
        </detaileddescription>
        <inbodydescription>
        </inbodydescription>
        <location file="/home/joni/work/tizonia-master/plugins/opus_decoder/src/opusutils.c" line="130" column="1" bodyfile="/home/joni/work/tizonia-master/plugins/opus_decoder/src/opusutils.c" bodystart="130" bodyend="138"/>
      </memberdef>
      <memberdef kind="function" id="opusutils_8c_1a7bca511f5fcb833171cd873850542378" prot="public" static="yes" const="no" explicit="no" inline="no" virt="non-virtual">
        <type>int</type>
        <definition>static int opus_header_parse</definition>
        <argsstring>(OMX_HANDLETYPE ap_hdl, const unsigned char *packet, int len, OpusHeader *h)</argsstring>
        <name>opus_header_parse</name>
        <param>
          <type>OMX_HANDLETYPE</type>
          <declname>ap_hdl</declname>
        </param>
        <param>
          <type>const unsigned char *</type>
          <declname>packet</declname>
        </param>
        <param>
          <type>int</type>
          <declname>len</declname>
        </param>
        <param>
          <type><ref refid="structOpusHeader" kindref="compound">OpusHeader</ref> *</type>
          <declname>h</declname>
        </param>
        <briefdescription>
        </briefdescription>
        <detaileddescription>
        </detaileddescription>
        <inbodydescription>
        </inbodydescription>
        <location file="/home/joni/work/tizonia-master/plugins/opus_decoder/src/opusutils.c" line="141" column="1" bodyfile="/home/joni/work/tizonia-master/plugins/opus_decoder/src/opusutils.c" bodystart="141" bodyend="227"/>
      </memberdef>
      <memberdef kind="function" id="opusutils_8c_1ae4b21bd72d2c0e279b0f3be7b5682e75" prot="public" static="no" const="no" explicit="no" inline="no" virt="non-virtual">
        <type>int</type>
        <definition>int process_opus_header</definition>
        <argsstring>(OMX_HANDLETYPE ap_hdl, OMX_U8 *ap_ogg_data, const OMX_U32 nbytes, opus_int32 *rate, int *mapping_family, int *channels, int *preskip, float *gain, float manual_gain, int *streams, OpusMSDecoder **decoder, int quiet)</argsstring>
        <name>process_opus_header</name>
        <param>
          <type>OMX_HANDLETYPE</type>
          <declname>ap_hdl</declname>
        </param>
        <param>
          <type>OMX_U8 *</type>
          <declname>ap_ogg_data</declname>
        </param>
        <param>
          <type>const OMX_U32</type>
          <declname>nbytes</declname>
        </param>
        <param>
          <type>opus_int32 *</type>
          <declname>rate</declname>
        </param>
        <param>
          <type>int *</type>
          <declname>mapping_family</declname>
        </param>
        <param>
          <type>int *</type>
          <declname>channels</declname>
        </param>
        <param>
          <type>int *</type>
          <declname>preskip</declname>
        </param>
        <param>
          <type>float *</type>
          <declname>gain</declname>
        </param>
        <param>
          <type>float</type>
          <declname>manual_gain</declname>
        </param>
        <param>
          <type>int *</type>
          <declname>streams</declname>
        </param>
        <param>
          <type>OpusMSDecoder **</type>
          <declname>decoder</declname>
        </param>
        <param>
          <type>int</type>
          <declname>quiet</declname>
        </param>
        <briefdescription>
        </briefdescription>
        <detaileddescription>
        </detaileddescription>
        <inbodydescription>
        </inbodydescription>
        <location file="/home/joni/work/tizonia-master/plugins/opus_decoder/src/opusutils.c" line="233" column="1" bodyfile="/home/joni/work/tizonia-master/plugins/opus_decoder/src/opusutils.c" bodystart="233" bodyend="307"/>
      </memberdef>
      <memberdef kind="function" id="opusutils_8c_1a31283ddeee4355e1a436c6b53ef08b6c" prot="public" static="no" const="no" explicit="no" inline="no" virt="non-virtual">
        <type>int</type>
        <definition>int process_opus_comments</definition>
        <argsstring>(OMX_HANDLETYPE ap_hdl, char *comments, int length)</argsstring>
        <name>process_opus_comments</name>
        <param>
          <type>OMX_HANDLETYPE</type>
          <declname>ap_hdl</declname>
        </param>
        <param>
          <type>char *</type>
          <declname>comments</declname>
        </param>
        <param>
          <type>int</type>
          <declname>length</declname>
        </param>
        <briefdescription>
        </briefdescription>
        <detaileddescription>
        </detaileddescription>
        <inbodydescription>
        </inbodydescription>
        <location file="/home/joni/work/tizonia-master/plugins/opus_decoder/src/opusutils.c" line="310" column="1" bodyfile="/home/joni/work/tizonia-master/plugins/opus_decoder/src/opusutils.c" bodystart="310" bodyend="369"/>
      </memberdef>
      </sectiondef>
    <briefdescription>
    </briefdescription>
    <detaileddescription>
    </detaileddescription>
    <programlisting>
<codeline lineno="1"><highlight class="comment">/*<sp/>Copyright<sp/>(c)<sp/>2002-2007<sp/>Jean-Marc<sp/>Valin</highlight></codeline>
<codeline lineno="2"><highlight class="comment"><sp/><sp/><sp/>Copyright<sp/>(c)<sp/>2008<sp/>CSIRO</highlight></codeline>
<codeline lineno="3"><highlight class="comment"><sp/><sp/><sp/>Copyright<sp/>(c)<sp/>2007-2013<sp/>Xiph.Org<sp/>Foundation</highlight></codeline>
<codeline lineno="4"><highlight class="comment"><sp/><sp/><sp/>File:<sp/>opusdec.c</highlight></codeline>
<codeline lineno="5"><highlight class="comment"></highlight></codeline>
<codeline lineno="6"><highlight class="comment"><sp/><sp/><sp/>Redistribution<sp/>and<sp/>use<sp/>in<sp/>source<sp/>and<sp/>binary<sp/>forms,<sp/>with<sp/>or<sp/>without</highlight></codeline>
<codeline lineno="7"><highlight class="comment"><sp/><sp/><sp/>modification,<sp/>are<sp/>permitted<sp/>provided<sp/>that<sp/>the<sp/>following<sp/>conditions</highlight></codeline>
<codeline lineno="8"><highlight class="comment"><sp/><sp/><sp/>are<sp/>met:</highlight></codeline>
<codeline lineno="9"><highlight class="comment"></highlight></codeline>
<codeline lineno="10"><highlight class="comment"><sp/><sp/><sp/>-<sp/>Redistributions<sp/>of<sp/>source<sp/>code<sp/>must<sp/>retain<sp/>the<sp/>above<sp/>copyright</highlight></codeline>
<codeline lineno="11"><highlight class="comment"><sp/><sp/><sp/>notice,<sp/>this<sp/>list<sp/>of<sp/>conditions<sp/>and<sp/>the<sp/>following<sp/>disclaimer.</highlight></codeline>
<codeline lineno="12"><highlight class="comment"></highlight></codeline>
<codeline lineno="13"><highlight class="comment"><sp/><sp/><sp/>-<sp/>Redistributions<sp/>in<sp/>binary<sp/>form<sp/>must<sp/>reproduce<sp/>the<sp/>above<sp/>copyright</highlight></codeline>
<codeline lineno="14"><highlight class="comment"><sp/><sp/><sp/>notice,<sp/>this<sp/>list<sp/>of<sp/>conditions<sp/>and<sp/>the<sp/>following<sp/>disclaimer<sp/>in<sp/>the</highlight></codeline>
<codeline lineno="15"><highlight class="comment"><sp/><sp/><sp/>documentation<sp/>and/or<sp/>other<sp/>materials<sp/>provided<sp/>with<sp/>the<sp/>distribution.</highlight></codeline>
<codeline lineno="16"><highlight class="comment"></highlight></codeline>
<codeline lineno="17"><highlight class="comment"><sp/><sp/><sp/>THIS<sp/>SOFTWARE<sp/>IS<sp/>PROVIDED<sp/>BY<sp/>THE<sp/>COPYRIGHT<sp/>HOLDERS<sp/>AND<sp/>CONTRIBUTORS</highlight></codeline>
<codeline lineno="18"><highlight class="comment"><sp/><sp/><sp/>``AS<sp/>IS&apos;&apos;<sp/>AND<sp/>ANY<sp/>EXPRESS<sp/>OR<sp/>IMPLIED<sp/>WARRANTIES,<sp/>INCLUDING,<sp/>BUT<sp/>NOT</highlight></codeline>
<codeline lineno="19"><highlight class="comment"><sp/><sp/><sp/>LIMITED<sp/>TO,<sp/>THE<sp/>IMPLIED<sp/>WARRANTIES<sp/>OF<sp/>MERCHANTABILITY<sp/>AND<sp/>FITNESS<sp/>FOR</highlight></codeline>
<codeline lineno="20"><highlight class="comment"><sp/><sp/><sp/>A<sp/>PARTICULAR<sp/>PURPOSE<sp/>ARE<sp/>DISCLAIMED.<sp/><sp/>IN<sp/>NO<sp/>EVENT<sp/>SHALL<sp/>THE<sp/>FOUNDATION<sp/>OR</highlight></codeline>
<codeline lineno="21"><highlight class="comment"><sp/><sp/><sp/>CONTRIBUTORS<sp/>BE<sp/>LIABLE<sp/>FOR<sp/>ANY<sp/>DIRECT,<sp/>INDIRECT,<sp/>INCIDENTAL,<sp/>SPECIAL,</highlight></codeline>
<codeline lineno="22"><highlight class="comment"><sp/><sp/><sp/>EXEMPLARY,<sp/>OR<sp/>CONSEQUENTIAL<sp/>DAMAGES<sp/>(INCLUDING,<sp/>BUT<sp/>NOT<sp/>LIMITED<sp/>TO,</highlight></codeline>
<codeline lineno="23"><highlight class="comment"><sp/><sp/><sp/>PROCUREMENT<sp/>OF<sp/>SUBSTITUTE<sp/>GOODS<sp/>OR<sp/>SERVICES;<sp/>LOSS<sp/>OF<sp/>USE,<sp/>DATA,<sp/>OR</highlight></codeline>
<codeline lineno="24"><highlight class="comment"><sp/><sp/><sp/>PROFITS;<sp/>OR<sp/>BUSINESS<sp/>INTERRUPTION)<sp/>HOWEVER<sp/>CAUSED<sp/>AND<sp/>ON<sp/>ANY<sp/>THEORY<sp/>OF</highlight></codeline>
<codeline lineno="25"><highlight class="comment"><sp/><sp/><sp/>LIABILITY,<sp/>WHETHER<sp/>IN<sp/>CONTRACT,<sp/>STRICT<sp/>LIABILITY,<sp/>OR<sp/>TORT<sp/>(INCLUDING</highlight></codeline>
<codeline lineno="26"><highlight class="comment"><sp/><sp/><sp/>NEGLIGENCE<sp/>OR<sp/>OTHERWISE)<sp/>ARISING<sp/>IN<sp/>ANY<sp/>WAY<sp/>OUT<sp/>OF<sp/>THE<sp/>USE<sp/>OF<sp/>THIS</highlight></codeline>
<codeline lineno="27"><highlight class="comment"><sp/><sp/><sp/>SOFTWARE,<sp/>EVEN<sp/>IF<sp/>ADVISED<sp/>OF<sp/>THE<sp/>POSSIBILITY<sp/>OF<sp/>SUCH<sp/>DAMAGE.</highlight></codeline>
<codeline lineno="28"><highlight class="comment">*/</highlight><highlight class="normal"></highlight></codeline>
<codeline lineno="29"><highlight class="normal"></highlight></codeline>
<codeline lineno="30"><highlight class="normal"></highlight><highlight class="preprocessor">#ifdef<sp/>HAVE_CONFIG_H</highlight><highlight class="normal"></highlight></codeline>
<codeline lineno="31"><highlight class="normal"></highlight><highlight class="preprocessor">#include<sp/>&lt;config.h&gt;</highlight><highlight class="normal"></highlight></codeline>
<codeline lineno="32"><highlight class="normal"></highlight><highlight class="preprocessor">#endif</highlight><highlight class="normal"></highlight></codeline>
<codeline lineno="33"><highlight class="normal"></highlight></codeline>
<codeline lineno="34"><highlight class="normal"></highlight><highlight class="preprocessor">#include<sp/>&lt;assert.h&gt;</highlight><highlight class="normal"></highlight></codeline>
<codeline lineno="35"><highlight class="normal"></highlight></codeline>
<codeline lineno="36"><highlight class="normal"></highlight><highlight class="preprocessor">#include<sp/>&quot;tizutils.h&quot;</highlight><highlight class="normal"></highlight></codeline>
<codeline lineno="37"><highlight class="normal"></highlight></codeline>
<codeline lineno="38"><highlight class="normal"></highlight><highlight class="preprocessor">#include<sp/>&lt;math.h&gt;</highlight><highlight class="normal"></highlight></codeline>
<codeline lineno="39"><highlight class="normal"></highlight></codeline>
<codeline lineno="40"><highlight class="normal"></highlight><highlight class="preprocessor">#ifdef<sp/>TIZ_LOG_CATEGORY_NAME</highlight><highlight class="normal"></highlight></codeline>
<codeline lineno="41"><highlight class="normal"></highlight><highlight class="preprocessor">#undef<sp/>TIZ_LOG_CATEGORY_NAME</highlight><highlight class="normal"></highlight></codeline>
<codeline lineno="42"><highlight class="normal"></highlight><highlight class="preprocessor">#define<sp/>TIZ_LOG_CATEGORY_NAME<sp/>&quot;tiz.opus_decoder.prc&quot;</highlight><highlight class="normal"></highlight></codeline>
<codeline lineno="43"><highlight class="normal"></highlight><highlight class="preprocessor">#endif</highlight><highlight class="normal"></highlight></codeline>
<codeline lineno="44"><highlight class="normal"></highlight></codeline>
<codeline lineno="45"><highlight class="normal"></highlight><highlight class="preprocessor">#ifdef<sp/>HAVE_CONFIG_H</highlight><highlight class="normal"></highlight></codeline>
<codeline lineno="46"><highlight class="normal"></highlight><highlight class="preprocessor">#<sp/>include<sp/>&quot;config.h&quot;</highlight><highlight class="normal"></highlight></codeline>
<codeline lineno="47"><highlight class="normal"></highlight><highlight class="preprocessor">#endif</highlight><highlight class="normal"></highlight></codeline>
<codeline lineno="48"><highlight class="normal"></highlight></codeline>
<codeline lineno="49"><highlight class="normal"></highlight><highlight class="preprocessor">#include<sp/>&quot;opusutils.h&quot;</highlight><highlight class="normal"></highlight></codeline>
<codeline lineno="50"><highlight class="normal"></highlight><highlight class="preprocessor">#include<sp/>&lt;string.h&gt;</highlight><highlight class="normal"></highlight></codeline>
<codeline lineno="51"><highlight class="normal"></highlight><highlight class="preprocessor">#include<sp/>&lt;stdio.h&gt;</highlight><highlight class="normal"></highlight></codeline>
<codeline lineno="52"><highlight class="normal"></highlight></codeline>
<codeline lineno="53"><highlight class="normal"></highlight><highlight class="preprocessor">#define<sp/>readint(buf,<sp/>base)<sp/>(((buf[base+3]&lt;&lt;24)&amp;0xff000000)|<sp/>\</highlight></codeline>
<codeline lineno="54"><highlight class="preprocessor"><sp/><sp/><sp/><sp/><sp/><sp/><sp/><sp/><sp/><sp/><sp/><sp/><sp/><sp/><sp/><sp/><sp/><sp/><sp/><sp/><sp/><sp/><sp/><sp/><sp/><sp/><sp/>((buf[base+2]&lt;&lt;16)&amp;0xff0000)|<sp/>\</highlight></codeline>
<codeline lineno="55"><highlight class="preprocessor"><sp/><sp/><sp/><sp/><sp/><sp/><sp/><sp/><sp/><sp/><sp/><sp/><sp/><sp/><sp/><sp/><sp/><sp/><sp/><sp/><sp/><sp/><sp/><sp/><sp/><sp/><sp/>((buf[base+1]&lt;&lt;8)&amp;0xff00)|<sp/>\</highlight></codeline>
<codeline lineno="56"><highlight class="preprocessor"><sp/><sp/><sp/><sp/><sp/><sp/><sp/><sp/><sp/><sp/><sp/><sp/><sp/><sp/><sp/><sp/><sp/><sp/><sp/><sp/><sp/><sp/><sp/><sp/><sp/><sp/><sp/>(buf[base]&amp;0xff))</highlight><highlight class="normal"></highlight></codeline>
<codeline lineno="57"><highlight class="normal"></highlight></codeline>
<codeline lineno="58"><highlight class="normal"></highlight><highlight class="comment">/*<sp/>Header<sp/>contents:</highlight></codeline>
<codeline lineno="59"><highlight class="comment"><sp/><sp/>-<sp/>&quot;OpusHead&quot;<sp/>(64<sp/>bits)</highlight></codeline>
<codeline lineno="60"><highlight class="comment"><sp/><sp/>-<sp/>version<sp/>number<sp/>(8<sp/>bits)</highlight></codeline>
<codeline lineno="61"><highlight class="comment"><sp/><sp/>-<sp/>Channels<sp/>C<sp/>(8<sp/>bits)</highlight></codeline>
<codeline lineno="62"><highlight class="comment"><sp/><sp/>-<sp/>Pre-skip<sp/>(16<sp/>bits)</highlight></codeline>
<codeline lineno="63"><highlight class="comment"><sp/><sp/>-<sp/>Sampling<sp/>rate<sp/>(32<sp/>bits)</highlight></codeline>
<codeline lineno="64"><highlight class="comment"><sp/><sp/>-<sp/>Gain<sp/>in<sp/>dB<sp/>(16<sp/>bits,<sp/>S7.8)</highlight></codeline>
<codeline lineno="65"><highlight class="comment"><sp/><sp/>-<sp/>Mapping<sp/>(8<sp/>bits,<sp/>0=single<sp/>stream<sp/>(mono/stereo)<sp/>1=Vorbis<sp/>mapping,</highlight></codeline>
<codeline lineno="66"><highlight class="comment"><sp/><sp/><sp/><sp/><sp/><sp/><sp/><sp/><sp/><sp/><sp/><sp/><sp/>2..254:<sp/>reserved,<sp/>255:<sp/>multistream<sp/>with<sp/>no<sp/>mapping)</highlight></codeline>
<codeline lineno="67"><highlight class="comment"></highlight></codeline>
<codeline lineno="68"><highlight class="comment"><sp/><sp/>-<sp/>if<sp/>(mapping<sp/>!=<sp/>0)</highlight></codeline>
<codeline lineno="69"><highlight class="comment"><sp/><sp/><sp/><sp/><sp/>-<sp/>N<sp/>=<sp/>totel<sp/>number<sp/>of<sp/>streams<sp/>(8<sp/>bits)</highlight></codeline>
<codeline lineno="70"><highlight class="comment"><sp/><sp/><sp/><sp/><sp/>-<sp/>M<sp/>=<sp/>number<sp/>of<sp/>paired<sp/>streams<sp/>(8<sp/>bits)</highlight></codeline>
<codeline lineno="71"><highlight class="comment"><sp/><sp/><sp/><sp/><sp/>-<sp/>C<sp/>times<sp/>channel<sp/>origin</highlight></codeline>
<codeline lineno="72"><highlight class="comment"><sp/><sp/><sp/><sp/><sp/><sp/><sp/><sp/><sp/><sp/>-<sp/>if<sp/>(C&lt;2*M)</highlight></codeline>
<codeline lineno="73"><highlight class="comment"><sp/><sp/><sp/><sp/><sp/><sp/><sp/><sp/><sp/><sp/><sp/><sp/><sp/>-<sp/>stream<sp/>=<sp/>byte/2</highlight></codeline>
<codeline lineno="74"><highlight class="comment"><sp/><sp/><sp/><sp/><sp/><sp/><sp/><sp/><sp/><sp/><sp/><sp/><sp/>-<sp/>if<sp/>(byte&amp;0x1<sp/>==<sp/>0)</highlight></codeline>
<codeline lineno="75"><highlight class="comment"><sp/><sp/><sp/><sp/><sp/><sp/><sp/><sp/><sp/><sp/><sp/><sp/><sp/><sp/><sp/><sp/><sp/>-<sp/>left</highlight></codeline>
<codeline lineno="76"><highlight class="comment"><sp/><sp/><sp/><sp/><sp/><sp/><sp/><sp/><sp/><sp/><sp/><sp/><sp/><sp/><sp/>else</highlight></codeline>
<codeline lineno="77"><highlight class="comment"><sp/><sp/><sp/><sp/><sp/><sp/><sp/><sp/><sp/><sp/><sp/><sp/><sp/><sp/><sp/><sp/><sp/>-<sp/>right</highlight></codeline>
<codeline lineno="78"><highlight class="comment"><sp/><sp/><sp/><sp/><sp/><sp/><sp/><sp/><sp/><sp/>-<sp/>else</highlight></codeline>
<codeline lineno="79"><highlight class="comment"><sp/><sp/><sp/><sp/><sp/><sp/><sp/><sp/><sp/><sp/><sp/><sp/><sp/>-<sp/>stream<sp/>=<sp/>byte-M</highlight></codeline>
<codeline lineno="80"><highlight class="comment">*/</highlight><highlight class="normal"></highlight></codeline>
<codeline lineno="81"><highlight class="normal"></highlight></codeline>
<codeline lineno="82"><highlight class="normal"></highlight></codeline>
<codeline lineno="83" refid="structOpusHeader" refkind="compound"><highlight class="normal"></highlight><highlight class="keyword">typedef</highlight><highlight class="normal"><sp/></highlight><highlight class="keyword">struct<sp/></highlight><highlight class="normal">{</highlight></codeline>
<codeline lineno="84"><highlight class="normal"><sp/><sp/><sp/></highlight><highlight class="keywordtype">int</highlight><highlight class="normal"><sp/>version;</highlight></codeline>
<codeline lineno="85"><highlight class="normal"><sp/><sp/><sp/></highlight><highlight class="keywordtype">int</highlight><highlight class="normal"><sp/>channels;<sp/></highlight><highlight class="comment">/*<sp/>Number<sp/>of<sp/>channels:<sp/>1..255<sp/>*/</highlight><highlight class="normal"></highlight></codeline>
<codeline lineno="86"><highlight class="normal"><sp/><sp/><sp/></highlight><highlight class="keywordtype">int</highlight><highlight class="normal"><sp/>preskip;</highlight></codeline>
<codeline lineno="87"><highlight class="normal"><sp/><sp/><sp/>uint32_t<sp/>input_sample_rate;</highlight></codeline>
<codeline lineno="88"><highlight class="normal"><sp/><sp/><sp/></highlight><highlight class="keywordtype">int</highlight><highlight class="normal"><sp/>gain;<sp/></highlight><highlight class="comment">/*<sp/>in<sp/>dB<sp/>S7.8<sp/>should<sp/>be<sp/>zero<sp/>whenever<sp/>possible<sp/>*/</highlight><highlight class="normal"></highlight></codeline>
<codeline lineno="89"><highlight class="normal"><sp/><sp/><sp/></highlight><highlight class="keywordtype">int</highlight><highlight class="normal"><sp/>channel_mapping;</highlight></codeline>
<codeline lineno="90"><highlight class="normal"><sp/><sp/><sp/></highlight><highlight class="comment">/*<sp/>The<sp/>rest<sp/>is<sp/>only<sp/>used<sp/>if<sp/>channel_mapping<sp/>!=<sp/>0<sp/>*/</highlight><highlight class="normal"></highlight></codeline>
<codeline lineno="91"><highlight class="normal"><sp/><sp/><sp/></highlight><highlight class="keywordtype">int</highlight><highlight class="normal"><sp/>nb_streams;</highlight></codeline>
<codeline lineno="92"><highlight class="normal"><sp/><sp/><sp/></highlight><highlight class="keywordtype">int</highlight><highlight class="normal"><sp/>nb_coupled;</highlight></codeline>
<codeline lineno="93"><highlight class="normal"><sp/><sp/><sp/></highlight><highlight class="keywordtype">unsigned</highlight><highlight class="normal"><sp/></highlight><highlight class="keywordtype">char</highlight><highlight class="normal"><sp/>stream_map[255];</highlight></codeline>
<codeline lineno="94"><highlight class="normal">}<sp/><ref refid="structOpusHeader" kindref="compound">OpusHeader</ref>;</highlight></codeline>
<codeline lineno="95"><highlight class="normal"></highlight></codeline>
<codeline lineno="96" refid="structPacket" refkind="compound"><highlight class="normal"></highlight><highlight class="keyword">typedef</highlight><highlight class="normal"><sp/></highlight><highlight class="keyword">struct<sp/></highlight><highlight class="normal">{</highlight></codeline>
<codeline lineno="97"><highlight class="normal"><sp/><sp/><sp/></highlight><highlight class="keywordtype">unsigned</highlight><highlight class="normal"><sp/></highlight><highlight class="keywordtype">char</highlight><highlight class="normal"><sp/>*data;</highlight></codeline>
<codeline lineno="98"><highlight class="normal"><sp/><sp/><sp/></highlight><highlight class="keywordtype">int</highlight><highlight class="normal"><sp/>maxlen;</highlight></codeline>
<codeline lineno="99"><highlight class="normal"><sp/><sp/><sp/></highlight><highlight class="keywordtype">int</highlight><highlight class="normal"><sp/>pos;</highlight></codeline>
<codeline lineno="100"><highlight class="normal">}<sp/><ref refid="structPacket" kindref="compound">Packet</ref>;</highlight></codeline>
<codeline lineno="101"><highlight class="normal"></highlight></codeline>
<codeline lineno="102" refid="structROPacket" refkind="compound"><highlight class="normal"></highlight><highlight class="keyword">typedef</highlight><highlight class="normal"><sp/></highlight><highlight class="keyword">struct<sp/></highlight><highlight class="normal">{</highlight></codeline>
<codeline lineno="103"><highlight class="normal"><sp/><sp/><sp/></highlight><highlight class="keyword">const</highlight><highlight class="normal"><sp/></highlight><highlight class="keywordtype">unsigned</highlight><highlight class="normal"><sp/></highlight><highlight class="keywordtype">char</highlight><highlight class="normal"><sp/>*data;</highlight></codeline>
<codeline lineno="104"><highlight class="normal"><sp/><sp/><sp/></highlight><highlight class="keywordtype">int</highlight><highlight class="normal"><sp/>maxlen;</highlight></codeline>
<codeline lineno="105"><highlight class="normal"><sp/><sp/><sp/></highlight><highlight class="keywordtype">int</highlight><highlight class="normal"><sp/>pos;</highlight></codeline>
<codeline lineno="106"><highlight class="normal">}<sp/><ref refid="structROPacket" kindref="compound">ROPacket</ref>;</highlight></codeline>
<codeline lineno="107"><highlight class="normal"></highlight></codeline>
<codeline lineno="108"><highlight class="normal"></highlight><highlight class="keyword">static</highlight><highlight class="normal"><sp/></highlight><highlight class="keywordtype">int</highlight><highlight class="normal"><sp/>read_uint32(<ref refid="structROPacket" kindref="compound">ROPacket</ref><sp/>*p,<sp/>uint32_t<sp/>*val)</highlight></codeline>
<codeline lineno="109"><highlight class="normal">{</highlight></codeline>
<codeline lineno="110"><highlight class="normal"><sp/><sp/><sp/></highlight><highlight class="keywordflow">if</highlight><highlight class="normal"><sp/>(p-&gt;pos&gt;p-&gt;maxlen-4)</highlight></codeline>
<codeline lineno="111"><highlight class="normal"><sp/><sp/><sp/><sp/><sp/><sp/></highlight><highlight class="keywordflow">return</highlight><highlight class="normal"><sp/>0;</highlight></codeline>
<codeline lineno="112"><highlight class="normal"><sp/><sp/><sp/>*val<sp/>=<sp/><sp/>(uint32_t)p-&gt;data[p-&gt;pos<sp/><sp/>];</highlight></codeline>
<codeline lineno="113"><highlight class="normal"><sp/><sp/><sp/>*val<sp/>|=<sp/>(uint32_t)p-&gt;data[p-&gt;pos+1]&lt;&lt;<sp/>8;</highlight></codeline>
<codeline lineno="114"><highlight class="normal"><sp/><sp/><sp/>*val<sp/>|=<sp/>(uint32_t)p-&gt;data[p-&gt;pos+2]&lt;&lt;16;</highlight></codeline>
<codeline lineno="115"><highlight class="normal"><sp/><sp/><sp/>*val<sp/>|=<sp/>(uint32_t)p-&gt;data[p-&gt;pos+3]&lt;&lt;24;</highlight></codeline>
<codeline lineno="116"><highlight class="normal"><sp/><sp/><sp/>p-&gt;pos<sp/>+=<sp/>4;</highlight></codeline>
<codeline lineno="117"><highlight class="normal"><sp/><sp/><sp/></highlight><highlight class="keywordflow">return</highlight><highlight class="normal"><sp/>1;</highlight></codeline>
<codeline lineno="118"><highlight class="normal">}</highlight></codeline>
<codeline lineno="119"><highlight class="normal"></highlight></codeline>
<codeline lineno="120"><highlight class="normal"></highlight><highlight class="keyword">static</highlight><highlight class="normal"><sp/></highlight><highlight class="keywordtype">int</highlight><highlight class="normal"><sp/>read_uint16(<ref refid="structROPacket" kindref="compound">ROPacket</ref><sp/>*p,<sp/>uint16_t<sp/>*val)</highlight></codeline>
<codeline lineno="121"><highlight class="normal">{</highlight></codeline>
<codeline lineno="122"><highlight class="normal"><sp/><sp/><sp/></highlight><highlight class="keywordflow">if</highlight><highlight class="normal"><sp/>(p-&gt;pos&gt;p-&gt;maxlen-2)</highlight></codeline>
<codeline lineno="123"><highlight class="normal"><sp/><sp/><sp/><sp/><sp/><sp/></highlight><highlight class="keywordflow">return</highlight><highlight class="normal"><sp/>0;</highlight></codeline>
<codeline lineno="124"><highlight class="normal"><sp/><sp/><sp/>*val<sp/>=<sp/><sp/>(uint16_t)p-&gt;data[p-&gt;pos<sp/><sp/>];</highlight></codeline>
<codeline lineno="125"><highlight class="normal"><sp/><sp/><sp/>*val<sp/>|=<sp/>(uint16_t)p-&gt;data[p-&gt;pos+1]&lt;&lt;8;</highlight></codeline>
<codeline lineno="126"><highlight class="normal"><sp/><sp/><sp/>p-&gt;pos<sp/>+=<sp/>2;</highlight></codeline>
<codeline lineno="127"><highlight class="normal"><sp/><sp/><sp/></highlight><highlight class="keywordflow">return</highlight><highlight class="normal"><sp/>1;</highlight></codeline>
<codeline lineno="128"><highlight class="normal">}</highlight></codeline>
<codeline lineno="129"><highlight class="normal"></highlight></codeline>
<codeline lineno="130"><highlight class="normal"></highlight><highlight class="keyword">static</highlight><highlight class="normal"><sp/></highlight><highlight class="keywordtype">int</highlight><highlight class="normal"><sp/>read_chars(<ref refid="structROPacket" kindref="compound">ROPacket</ref><sp/>*p,<sp/></highlight><highlight class="keywordtype">unsigned</highlight><highlight class="normal"><sp/></highlight><highlight class="keywordtype">char</highlight><highlight class="normal"><sp/>*str,<sp/></highlight><highlight class="keywordtype">int</highlight><highlight class="normal"><sp/>nb_chars)</highlight></codeline>
<codeline lineno="131"><highlight class="normal">{</highlight></codeline>
<codeline lineno="132"><highlight class="normal"><sp/><sp/><sp/></highlight><highlight class="keywordtype">int</highlight><highlight class="normal"><sp/>i;</highlight></codeline>
<codeline lineno="133"><highlight class="normal"><sp/><sp/><sp/></highlight><highlight class="keywordflow">if</highlight><highlight class="normal"><sp/>(p-&gt;pos&gt;p-&gt;maxlen-nb_chars)</highlight></codeline>
<codeline lineno="134"><highlight class="normal"><sp/><sp/><sp/><sp/><sp/><sp/></highlight><highlight class="keywordflow">return</highlight><highlight class="normal"><sp/>0;</highlight></codeline>
<codeline lineno="135"><highlight class="normal"><sp/><sp/><sp/></highlight><highlight class="keywordflow">for</highlight><highlight class="normal"><sp/>(i=0;i&lt;nb_chars;i++)</highlight></codeline>
<codeline lineno="136"><highlight class="normal"><sp/><sp/><sp/><sp/><sp/><sp/>str[i]<sp/>=<sp/>p-&gt;data[p-&gt;pos++];</highlight></codeline>
<codeline lineno="137"><highlight class="normal"><sp/><sp/><sp/></highlight><highlight class="keywordflow">return</highlight><highlight class="normal"><sp/>1;</highlight></codeline>
<codeline lineno="138"><highlight class="normal">}</highlight></codeline>
<codeline lineno="139"><highlight class="normal"></highlight></codeline>
<codeline lineno="140"><highlight class="normal"></highlight><highlight class="keyword">static</highlight><highlight class="normal"><sp/></highlight><highlight class="keywordtype">int</highlight><highlight class="normal"></highlight></codeline>
<codeline lineno="141"><highlight class="normal">opus_header_parse(OMX_HANDLETYPE<sp/>ap_hdl,<sp/></highlight><highlight class="keyword">const</highlight><highlight class="normal"><sp/></highlight><highlight class="keywordtype">unsigned</highlight><highlight class="normal"><sp/></highlight><highlight class="keywordtype">char</highlight><highlight class="normal"><sp/>*packet,<sp/></highlight><highlight class="keywordtype">int</highlight><highlight class="normal"><sp/>len,<sp/><ref refid="structOpusHeader" kindref="compound">OpusHeader</ref><sp/>*h)</highlight></codeline>
<codeline lineno="142"><highlight class="normal">{</highlight></codeline>
<codeline lineno="143"><highlight class="normal"><sp/><sp/><sp/></highlight><highlight class="keywordtype">int</highlight><highlight class="normal"><sp/>i;</highlight></codeline>
<codeline lineno="144"><highlight class="normal"><sp/><sp/><sp/></highlight><highlight class="keywordtype">char</highlight><highlight class="normal"><sp/>str[9];</highlight></codeline>
<codeline lineno="145"><highlight class="normal"><sp/><sp/><sp/><ref refid="structROPacket" kindref="compound">ROPacket</ref><sp/>p;</highlight></codeline>
<codeline lineno="146"><highlight class="normal"><sp/><sp/><sp/></highlight><highlight class="keywordtype">unsigned</highlight><highlight class="normal"><sp/></highlight><highlight class="keywordtype">char</highlight><highlight class="normal"><sp/>ch;</highlight></codeline>
<codeline lineno="147"><highlight class="normal"><sp/><sp/><sp/>uint16_t<sp/>shortval;</highlight></codeline>
<codeline lineno="148"><highlight class="normal"></highlight></codeline>
<codeline lineno="149"><highlight class="normal"><sp/><sp/><sp/>p.data<sp/>=<sp/>packet;</highlight></codeline>
<codeline lineno="150"><highlight class="normal"><sp/><sp/><sp/>p.maxlen<sp/>=<sp/>len;</highlight></codeline>
<codeline lineno="151"><highlight class="normal"><sp/><sp/><sp/>p.pos<sp/>=<sp/>0;</highlight></codeline>
<codeline lineno="152"><highlight class="normal"><sp/><sp/><sp/>str[8]<sp/>=<sp/>0;</highlight></codeline>
<codeline lineno="153"><highlight class="normal"><sp/><sp/><sp/></highlight><highlight class="keywordflow">if</highlight><highlight class="normal"><sp/>(len&lt;19)</highlight><highlight class="keywordflow">return</highlight><highlight class="normal"><sp/>0;</highlight></codeline>
<codeline lineno="154"><highlight class="normal"><sp/><sp/><sp/>read_chars(&amp;p,<sp/>(</highlight><highlight class="keywordtype">unsigned</highlight><highlight class="normal"><sp/></highlight><highlight class="keywordtype">char</highlight><highlight class="normal">*)str,<sp/>8);</highlight></codeline>
<codeline lineno="155"><highlight class="normal"><sp/><sp/><sp/>TIZ_DEBUG(ap_hdl,<sp/></highlight><highlight class="stringliteral">&quot;header<sp/>[%s]&quot;</highlight><highlight class="normal">,<sp/>str);</highlight></codeline>
<codeline lineno="156"><highlight class="normal"><sp/><sp/><sp/></highlight><highlight class="keywordflow">if</highlight><highlight class="normal"><sp/>(memcmp(str,<sp/></highlight><highlight class="stringliteral">&quot;OpusHead&quot;</highlight><highlight class="normal">,<sp/>8)!=0)</highlight></codeline>
<codeline lineno="157"><highlight class="normal"><sp/><sp/><sp/><sp/><sp/><sp/></highlight><highlight class="keywordflow">return</highlight><highlight class="normal"><sp/>0;</highlight></codeline>
<codeline lineno="158"><highlight class="normal"></highlight></codeline>
<codeline lineno="159"><highlight class="normal"><sp/><sp/><sp/></highlight><highlight class="keywordflow">if</highlight><highlight class="normal"><sp/>(!read_chars(&amp;p,<sp/>&amp;ch,<sp/>1))</highlight></codeline>
<codeline lineno="160"><highlight class="normal"><sp/><sp/><sp/><sp/><sp/><sp/></highlight><highlight class="keywordflow">return</highlight><highlight class="normal"><sp/>0;</highlight></codeline>
<codeline lineno="161"><highlight class="normal"><sp/><sp/><sp/>h-&gt;version<sp/>=<sp/>ch;</highlight></codeline>
<codeline lineno="162"><highlight class="normal"><sp/><sp/><sp/></highlight><highlight class="keywordflow">if</highlight><highlight class="normal">((h-&gt;version&amp;240)<sp/>!=<sp/>0)<sp/></highlight><highlight class="comment">/*<sp/>Only<sp/>major<sp/>version<sp/>0<sp/>supported.<sp/>*/</highlight><highlight class="normal"></highlight></codeline>
<codeline lineno="163"><highlight class="normal"><sp/><sp/><sp/><sp/><sp/><sp/></highlight><highlight class="keywordflow">return</highlight><highlight class="normal"><sp/>0;</highlight></codeline>
<codeline lineno="164"><highlight class="normal"></highlight></codeline>
<codeline lineno="165"><highlight class="normal"><sp/><sp/><sp/></highlight><highlight class="keywordflow">if</highlight><highlight class="normal"><sp/>(!read_chars(&amp;p,<sp/>&amp;ch,<sp/>1))</highlight></codeline>
<codeline lineno="166"><highlight class="normal"><sp/><sp/><sp/><sp/><sp/><sp/></highlight><highlight class="keywordflow">return</highlight><highlight class="normal"><sp/>0;</highlight></codeline>
<codeline lineno="167"><highlight class="normal"><sp/><sp/><sp/>h-&gt;channels<sp/>=<sp/>ch;</highlight></codeline>
<codeline lineno="168"><highlight class="normal"><sp/><sp/><sp/></highlight><highlight class="keywordflow">if</highlight><highlight class="normal"><sp/>(h-&gt;channels<sp/>==<sp/>0)</highlight></codeline>
<codeline lineno="169"><highlight class="normal"><sp/><sp/><sp/><sp/><sp/><sp/></highlight><highlight class="keywordflow">return</highlight><highlight class="normal"><sp/>0;</highlight></codeline>
<codeline lineno="170"><highlight class="normal"></highlight></codeline>
<codeline lineno="171"><highlight class="normal"><sp/><sp/><sp/></highlight><highlight class="keywordflow">if</highlight><highlight class="normal"><sp/>(!read_uint16(&amp;p,<sp/>&amp;shortval))</highlight></codeline>
<codeline lineno="172"><highlight class="normal"><sp/><sp/><sp/><sp/><sp/><sp/></highlight><highlight class="keywordflow">return</highlight><highlight class="normal"><sp/>0;</highlight></codeline>
<codeline lineno="173"><highlight class="normal"><sp/><sp/><sp/>h-&gt;preskip<sp/>=<sp/>shortval;</highlight></codeline>
<codeline lineno="174"><highlight class="normal"></highlight></codeline>
<codeline lineno="175"><highlight class="normal"><sp/><sp/><sp/></highlight><highlight class="keywordflow">if</highlight><highlight class="normal"><sp/>(!read_uint32(&amp;p,<sp/>&amp;h-&gt;input_sample_rate))</highlight></codeline>
<codeline lineno="176"><highlight class="normal"><sp/><sp/><sp/><sp/><sp/><sp/></highlight><highlight class="keywordflow">return</highlight><highlight class="normal"><sp/>0;</highlight></codeline>
<codeline lineno="177"><highlight class="normal"></highlight></codeline>
<codeline lineno="178"><highlight class="normal"><sp/><sp/><sp/></highlight><highlight class="keywordflow">if</highlight><highlight class="normal"><sp/>(!read_uint16(&amp;p,<sp/>&amp;shortval))</highlight></codeline>
<codeline lineno="179"><highlight class="normal"><sp/><sp/><sp/><sp/><sp/><sp/></highlight><highlight class="keywordflow">return</highlight><highlight class="normal"><sp/>0;</highlight></codeline>
<codeline lineno="180"><highlight class="normal"><sp/><sp/><sp/>h-&gt;gain<sp/>=<sp/>(short)shortval;</highlight></codeline>
<codeline lineno="181"><highlight class="normal"></highlight></codeline>
<codeline lineno="182"><highlight class="normal"><sp/><sp/><sp/></highlight><highlight class="keywordflow">if</highlight><highlight class="normal"><sp/>(!read_chars(&amp;p,<sp/>&amp;ch,<sp/>1))</highlight></codeline>
<codeline lineno="183"><highlight class="normal"><sp/><sp/><sp/><sp/><sp/><sp/></highlight><highlight class="keywordflow">return</highlight><highlight class="normal"><sp/>0;</highlight></codeline>
<codeline lineno="184"><highlight class="normal"><sp/><sp/><sp/>h-&gt;channel_mapping<sp/>=<sp/>ch;</highlight></codeline>
<codeline lineno="185"><highlight class="normal"></highlight></codeline>
<codeline lineno="186"><highlight class="normal"></highlight></codeline>
<codeline lineno="187"><highlight class="normal"><sp/><sp/><sp/>TIZ_DEBUG(ap_hdl,<sp/></highlight><highlight class="stringliteral">&quot;mapping<sp/>[%u]&quot;</highlight><highlight class="normal">,<sp/>h-&gt;channel_mapping);</highlight></codeline>
<codeline lineno="188"><highlight class="normal"><sp/><sp/><sp/></highlight><highlight class="keywordflow">if</highlight><highlight class="normal"><sp/>(h-&gt;channel_mapping<sp/>!=<sp/>0)</highlight></codeline>
<codeline lineno="189"><highlight class="normal"><sp/><sp/><sp/>{</highlight></codeline>
<codeline lineno="190"><highlight class="normal"><sp/><sp/><sp/><sp/><sp/><sp/></highlight><highlight class="keywordflow">if</highlight><highlight class="normal"><sp/>(!read_chars(&amp;p,<sp/>&amp;ch,<sp/>1))</highlight></codeline>
<codeline lineno="191"><highlight class="normal"><sp/><sp/><sp/><sp/><sp/><sp/><sp/><sp/><sp/></highlight><highlight class="keywordflow">return</highlight><highlight class="normal"><sp/>0;</highlight></codeline>
<codeline lineno="192"><highlight class="normal"></highlight></codeline>
<codeline lineno="193"><highlight class="normal"><sp/><sp/><sp/><sp/><sp/><sp/></highlight><highlight class="keywordflow">if</highlight><highlight class="normal"><sp/>(ch&lt;1)</highlight></codeline>
<codeline lineno="194"><highlight class="normal"><sp/><sp/><sp/><sp/><sp/><sp/><sp/><sp/><sp/></highlight><highlight class="keywordflow">return</highlight><highlight class="normal"><sp/>0;</highlight></codeline>
<codeline lineno="195"><highlight class="normal"><sp/><sp/><sp/><sp/><sp/><sp/>h-&gt;nb_streams<sp/>=<sp/>ch;</highlight></codeline>
<codeline lineno="196"><highlight class="normal"></highlight></codeline>
<codeline lineno="197"><highlight class="normal"><sp/><sp/><sp/><sp/><sp/><sp/></highlight><highlight class="keywordflow">if</highlight><highlight class="normal"><sp/>(!read_chars(&amp;p,<sp/>&amp;ch,<sp/>1))</highlight></codeline>
<codeline lineno="198"><highlight class="normal"><sp/><sp/><sp/><sp/><sp/><sp/><sp/><sp/><sp/></highlight><highlight class="keywordflow">return</highlight><highlight class="normal"><sp/>0;</highlight></codeline>
<codeline lineno="199"><highlight class="normal"></highlight></codeline>
<codeline lineno="200"><highlight class="normal"><sp/><sp/><sp/><sp/><sp/><sp/></highlight><highlight class="keywordflow">if</highlight><highlight class="normal"><sp/>(ch&gt;h-&gt;nb_streams<sp/>||<sp/>(ch+h-&gt;nb_streams)&gt;255)</highlight></codeline>
<codeline lineno="201"><highlight class="normal"><sp/><sp/><sp/><sp/><sp/><sp/><sp/><sp/><sp/></highlight><highlight class="keywordflow">return</highlight><highlight class="normal"><sp/>0;</highlight></codeline>
<codeline lineno="202"><highlight class="normal"><sp/><sp/><sp/><sp/><sp/><sp/>h-&gt;nb_coupled<sp/>=<sp/>ch;</highlight></codeline>
<codeline lineno="203"><highlight class="normal"></highlight></codeline>
<codeline lineno="204"><highlight class="normal"><sp/><sp/><sp/><sp/><sp/><sp/></highlight><highlight class="comment">/*<sp/>Multi-stream<sp/>support<sp/>*/</highlight><highlight class="normal"></highlight></codeline>
<codeline lineno="205"><highlight class="normal"><sp/><sp/><sp/><sp/><sp/><sp/></highlight><highlight class="keywordflow">for</highlight><highlight class="normal"><sp/>(i=0;i&lt;h-&gt;channels;i++)</highlight></codeline>
<codeline lineno="206"><highlight class="normal"><sp/><sp/><sp/><sp/><sp/><sp/>{</highlight></codeline>
<codeline lineno="207"><highlight class="normal"><sp/><sp/><sp/><sp/><sp/><sp/><sp/><sp/><sp/></highlight><highlight class="keywordflow">if</highlight><highlight class="normal"><sp/>(!read_chars(&amp;p,<sp/>&amp;h-&gt;stream_map[i],<sp/>1))</highlight></codeline>
<codeline lineno="208"><highlight class="normal"><sp/><sp/><sp/><sp/><sp/><sp/><sp/><sp/><sp/><sp/><sp/><sp/></highlight><highlight class="keywordflow">return</highlight><highlight class="normal"><sp/>0;</highlight></codeline>
<codeline lineno="209"><highlight class="normal"><sp/><sp/><sp/><sp/><sp/><sp/><sp/><sp/><sp/></highlight><highlight class="keywordflow">if</highlight><highlight class="normal"><sp/>(h-&gt;stream_map[i]&gt;(h-&gt;nb_streams+h-&gt;nb_coupled)<sp/>&amp;&amp;<sp/>h-&gt;stream_map[i]!=255)</highlight></codeline>
<codeline lineno="210"><highlight class="normal"><sp/><sp/><sp/><sp/><sp/><sp/><sp/><sp/><sp/><sp/><sp/><sp/></highlight><highlight class="keywordflow">return</highlight><highlight class="normal"><sp/>0;</highlight></codeline>
<codeline lineno="211"><highlight class="normal"><sp/><sp/><sp/><sp/><sp/><sp/>}</highlight></codeline>
<codeline lineno="212"><highlight class="normal"><sp/><sp/><sp/>}<sp/></highlight><highlight class="keywordflow">else</highlight><highlight class="normal"><sp/>{</highlight></codeline>
<codeline lineno="213"><highlight class="normal"><sp/><sp/><sp/><sp/><sp/><sp/>TIZ_DEBUG(ap_hdl,<sp/></highlight><highlight class="stringliteral">&quot;channels<sp/>[%u]&quot;</highlight><highlight class="normal">,<sp/>h-&gt;channels);</highlight></codeline>
<codeline lineno="214"><highlight class="normal"><sp/><sp/><sp/><sp/><sp/><sp/></highlight><highlight class="keywordflow">if</highlight><highlight class="normal">(h-&gt;channels&gt;2)</highlight></codeline>
<codeline lineno="215"><highlight class="normal"><sp/><sp/><sp/><sp/><sp/><sp/><sp/><sp/><sp/></highlight><highlight class="keywordflow">return</highlight><highlight class="normal"><sp/>0;</highlight></codeline>
<codeline lineno="216"><highlight class="normal"><sp/><sp/><sp/><sp/><sp/><sp/>h-&gt;nb_streams<sp/>=<sp/>1;</highlight></codeline>
<codeline lineno="217"><highlight class="normal"><sp/><sp/><sp/><sp/><sp/><sp/>h-&gt;nb_coupled<sp/>=<sp/>h-&gt;channels&gt;1;</highlight></codeline>
<codeline lineno="218"><highlight class="normal"><sp/><sp/><sp/><sp/><sp/><sp/>h-&gt;stream_map[0]=0;</highlight></codeline>
<codeline lineno="219"><highlight class="normal"><sp/><sp/><sp/><sp/><sp/><sp/>h-&gt;stream_map[1]=1;</highlight></codeline>
<codeline lineno="220"><highlight class="normal"><sp/><sp/><sp/><sp/><sp/><sp/>TIZ_DEBUG(ap_hdl,<sp/></highlight><highlight class="stringliteral">&quot;nb_streams<sp/>[%u]&quot;</highlight><highlight class="normal">,<sp/>h-&gt;nb_streams);</highlight></codeline>
<codeline lineno="221"><highlight class="normal"><sp/><sp/><sp/>}</highlight></codeline>
<codeline lineno="222"><highlight class="normal"><sp/><sp/><sp/></highlight><highlight class="comment">/*For<sp/>version<sp/>0/1<sp/>we<sp/>know<sp/>there<sp/>won&apos;t<sp/>be<sp/>any<sp/>more<sp/>data</highlight></codeline>
<codeline lineno="223"><highlight class="comment"><sp/><sp/><sp/><sp/><sp/>so<sp/>reject<sp/>any<sp/>that<sp/>have<sp/>data<sp/>past<sp/>the<sp/>end.*/</highlight><highlight class="normal"></highlight></codeline>
<codeline lineno="224"><highlight class="normal"><sp/><sp/><sp/></highlight><highlight class="keywordflow">if</highlight><highlight class="normal"><sp/>((h-&gt;version==0<sp/>||<sp/>h-&gt;version==1)<sp/>&amp;&amp;<sp/>p.pos<sp/>!=<sp/>len)</highlight></codeline>
<codeline lineno="225"><highlight class="normal"><sp/><sp/><sp/><sp/><sp/><sp/></highlight><highlight class="keywordflow">return</highlight><highlight class="normal"><sp/>0;</highlight></codeline>
<codeline lineno="226"><highlight class="normal"><sp/><sp/><sp/></highlight><highlight class="keywordflow">return</highlight><highlight class="normal"><sp/>1;</highlight></codeline>
<codeline lineno="227"><highlight class="normal">}</highlight></codeline>
<codeline lineno="228"><highlight class="normal"></highlight></codeline>
<codeline lineno="229"><highlight class="normal"></highlight><highlight class="comment">/*Process<sp/>an<sp/>Opus<sp/>header<sp/>and<sp/>setup<sp/>the<sp/>opus<sp/>decoder<sp/>based<sp/>on<sp/>it.</highlight></codeline>
<codeline lineno="230"><highlight class="comment"><sp/><sp/>It<sp/>takes<sp/>several<sp/>pointers<sp/>for<sp/>header<sp/>values<sp/>which<sp/>are<sp/>needed</highlight></codeline>
<codeline lineno="231"><highlight class="comment"><sp/><sp/>elsewhere<sp/>in<sp/>the<sp/>code.*/</highlight><highlight class="normal"></highlight></codeline>
<codeline lineno="232"><highlight class="normal"></highlight><highlight class="keywordtype">int</highlight><highlight class="normal"></highlight></codeline>
<codeline lineno="233"><highlight class="normal">process_opus_header(OMX_HANDLETYPE<sp/>ap_hdl,<sp/>OMX_U8<sp/>*<sp/>ap_ogg_data,<sp/></highlight><highlight class="keyword">const</highlight><highlight class="normal"><sp/>OMX_U32<sp/>nbytes,</highlight></codeline>
<codeline lineno="234"><highlight class="normal"><sp/><sp/><sp/><sp/><sp/><sp/><sp/><sp/><sp/><sp/><sp/><sp/><sp/><sp/><sp/><sp/><sp/><sp/><sp/><sp/>opus_int32<sp/>*rate,<sp/></highlight><highlight class="keywordtype">int</highlight><highlight class="normal"><sp/>*mapping_family,<sp/></highlight><highlight class="keywordtype">int</highlight><highlight class="normal"><sp/>*channels,<sp/></highlight><highlight class="keywordtype">int</highlight><highlight class="normal"><sp/>*preskip,<sp/></highlight><highlight class="keywordtype">float</highlight><highlight class="normal"><sp/>*gain,</highlight></codeline>
<codeline lineno="235"><highlight class="normal"><sp/><sp/><sp/><sp/><sp/><sp/><sp/><sp/><sp/><sp/><sp/><sp/><sp/><sp/><sp/><sp/><sp/><sp/><sp/><sp/></highlight><highlight class="keywordtype">float</highlight><highlight class="normal"><sp/>manual_gain,<sp/></highlight><highlight class="keywordtype">int</highlight><highlight class="normal"><sp/>*streams,<sp/>OpusMSDecoder<sp/>**<sp/>decoder,<sp/></highlight><highlight class="keywordtype">int</highlight><highlight class="normal"><sp/>quiet)</highlight></codeline>
<codeline lineno="236"><highlight class="normal">{</highlight></codeline>
<codeline lineno="237"><highlight class="normal"><sp/><sp/><sp/></highlight><highlight class="keywordtype">int</highlight><highlight class="normal"><sp/>err;</highlight></codeline>
<codeline lineno="238"><highlight class="normal"><sp/><sp/><sp/>OpusMSDecoder<sp/>*st<sp/>=<sp/>NULL;</highlight></codeline>
<codeline lineno="239"><highlight class="normal"><sp/><sp/><sp/><ref refid="structOpusHeader" kindref="compound">OpusHeader</ref><sp/>header;</highlight></codeline>
<codeline lineno="240"><highlight class="normal"></highlight></codeline>
<codeline lineno="241"><highlight class="normal"><sp/><sp/><sp/>assert<sp/>(decoder);</highlight></codeline>
<codeline lineno="242"><highlight class="normal"><sp/><sp/><sp/>*decoder<sp/>=<sp/>NULL;</highlight></codeline>
<codeline lineno="243"><highlight class="normal"></highlight></codeline>
<codeline lineno="244"><highlight class="normal"><sp/><sp/><sp/></highlight><highlight class="keywordflow">if</highlight><highlight class="normal"><sp/>(opus_header_parse(ap_hdl,<sp/>ap_ogg_data,<sp/>nbytes,<sp/>&amp;header)==0)</highlight></codeline>
<codeline lineno="245"><highlight class="normal"><sp/><sp/><sp/>{</highlight></codeline>
<codeline lineno="246"><highlight class="normal"><sp/><sp/><sp/><sp/><sp/><sp/>TIZ_ERROR(ap_hdl,<sp/></highlight><highlight class="stringliteral">&quot;Cannot<sp/>parse<sp/>header&quot;</highlight><highlight class="normal">);</highlight></codeline>
<codeline lineno="247"><highlight class="normal"><sp/><sp/><sp/><sp/><sp/><sp/></highlight><highlight class="keywordflow">return</highlight><highlight class="normal"><sp/>0;</highlight></codeline>
<codeline lineno="248"><highlight class="normal"><sp/><sp/><sp/>}</highlight></codeline>
<codeline lineno="249"><highlight class="normal"></highlight></codeline>
<codeline lineno="250"><highlight class="normal"><sp/><sp/><sp/>*mapping_family<sp/>=<sp/>header.channel_mapping;</highlight></codeline>
<codeline lineno="251"><highlight class="normal"><sp/><sp/><sp/>*channels<sp/><sp/><sp/><sp/><sp/><sp/><sp/>=<sp/>header.channels;</highlight></codeline>
<codeline lineno="252"><highlight class="normal"></highlight></codeline>
<codeline lineno="253"><highlight class="normal"><sp/><sp/><sp/></highlight><highlight class="keywordflow">if</highlight><highlight class="normal">(!*rate)*rate=header.input_sample_rate;</highlight></codeline>
<codeline lineno="254"><highlight class="normal"><sp/><sp/><sp/></highlight><highlight class="comment">/*If<sp/>the<sp/>rate<sp/>is<sp/>unspecified<sp/>we<sp/>decode<sp/>to<sp/>48000*/</highlight><highlight class="normal"></highlight></codeline>
<codeline lineno="255"><highlight class="normal"><sp/><sp/><sp/></highlight><highlight class="keywordflow">if</highlight><highlight class="normal">(*rate==0)*rate=48000;</highlight></codeline>
<codeline lineno="256"><highlight class="normal"><sp/><sp/><sp/></highlight><highlight class="keywordflow">if</highlight><highlight class="normal">(*rate&lt;8000||*rate&gt;192000){</highlight></codeline>
<codeline lineno="257"><highlight class="normal"><sp/><sp/><sp/><sp/><sp/>TIZ_ERROR(ap_hdl,<sp/></highlight><highlight class="stringliteral">&quot;Warning:<sp/>Crazy<sp/>input_rate<sp/>%d,<sp/>decoding<sp/>to<sp/>48000<sp/>instead.&quot;</highlight><highlight class="normal">,*rate);</highlight></codeline>
<codeline lineno="258"><highlight class="normal"><sp/><sp/><sp/><sp/><sp/>*rate=48000;</highlight></codeline>
<codeline lineno="259"><highlight class="normal"><sp/><sp/><sp/>}</highlight></codeline>
<codeline lineno="260"><highlight class="normal"></highlight></codeline>
<codeline lineno="261"><highlight class="normal"><sp/><sp/><sp/>*preskip<sp/>=<sp/>header.preskip;</highlight></codeline>
<codeline lineno="262"><highlight class="normal"><sp/><sp/><sp/>st<sp/>=<sp/>opus_multistream_decoder_create(48000,<sp/>header.channels,<sp/>header.nb_streams,<sp/>header.nb_coupled,<sp/>header.stream_map,<sp/>&amp;err);</highlight></codeline>
<codeline lineno="263"><highlight class="normal"><sp/><sp/><sp/></highlight><highlight class="keywordflow">if</highlight><highlight class="normal">(err<sp/>!=<sp/>OPUS_OK){</highlight></codeline>
<codeline lineno="264"><highlight class="normal"><sp/><sp/><sp/><sp/><sp/>TIZ_ERROR(ap_hdl,<sp/></highlight><highlight class="stringliteral">&quot;Cannot<sp/>create<sp/>encoder:<sp/>%s&quot;</highlight><highlight class="normal">,<sp/>opus_strerror(err));</highlight></codeline>
<codeline lineno="265"><highlight class="normal"><sp/><sp/><sp/><sp/><sp/></highlight><highlight class="keywordflow">return</highlight><highlight class="normal"><sp/>nbytes;</highlight></codeline>
<codeline lineno="266"><highlight class="normal"><sp/><sp/><sp/>}</highlight></codeline>
<codeline lineno="267"><highlight class="normal"><sp/><sp/><sp/></highlight><highlight class="keywordflow">if</highlight><highlight class="normal"><sp/>(!st)</highlight></codeline>
<codeline lineno="268"><highlight class="normal"><sp/><sp/><sp/>{</highlight></codeline>
<codeline lineno="269"><highlight class="normal"><sp/><sp/><sp/><sp/><sp/><sp/>TIZ_ERROR<sp/>(ap_hdl,<sp/></highlight><highlight class="stringliteral">&quot;Decoder<sp/>initialization<sp/>failed:<sp/>%s&quot;</highlight><highlight class="normal">,<sp/>opus_strerror(err));</highlight></codeline>
<codeline lineno="270"><highlight class="normal"><sp/><sp/><sp/><sp/><sp/><sp/></highlight><highlight class="keywordflow">return</highlight><highlight class="normal"><sp/>nbytes;</highlight></codeline>
<codeline lineno="271"><highlight class="normal"><sp/><sp/><sp/>}</highlight></codeline>
<codeline lineno="272"><highlight class="normal"></highlight></codeline>
<codeline lineno="273"><highlight class="normal"><sp/><sp/><sp/>*streams=header.nb_streams;</highlight></codeline>
<codeline lineno="274"><highlight class="normal"></highlight></codeline>
<codeline lineno="275"><highlight class="normal"><sp/><sp/><sp/></highlight><highlight class="keywordflow">if</highlight><highlight class="normal">(header.gain!=0<sp/>||<sp/>manual_gain!=0)</highlight></codeline>
<codeline lineno="276"><highlight class="normal"><sp/><sp/><sp/>{</highlight></codeline>
<codeline lineno="277"><highlight class="normal"><sp/><sp/><sp/><sp/><sp/><sp/></highlight><highlight class="comment">/*Gain<sp/>API<sp/>added<sp/>in<sp/>a<sp/>newer<sp/>libopus<sp/>version,<sp/>if<sp/>we<sp/>don&apos;t<sp/>have<sp/>it</highlight></codeline>
<codeline lineno="278"><highlight class="comment"><sp/><sp/><sp/><sp/><sp/><sp/><sp/><sp/>we<sp/>apply<sp/>the<sp/>gain<sp/>ourselves.<sp/>We<sp/>also<sp/>add<sp/>in<sp/>a<sp/>user<sp/>provided</highlight></codeline>
<codeline lineno="279"><highlight class="comment"><sp/><sp/><sp/><sp/><sp/><sp/><sp/><sp/>manual<sp/>gain<sp/>at<sp/>the<sp/>same<sp/>time.*/</highlight><highlight class="normal"></highlight></codeline>
<codeline lineno="280"><highlight class="normal"><sp/><sp/><sp/><sp/><sp/><sp/></highlight><highlight class="keywordtype">int</highlight><highlight class="normal"><sp/>gainadj<sp/>=<sp/>(int)(manual_gain*256.)+header.gain;</highlight></codeline>
<codeline lineno="281"><highlight class="normal"></highlight><highlight class="preprocessor">#ifdef<sp/>OPUS_SET_GAIN</highlight><highlight class="normal"></highlight></codeline>
<codeline lineno="282"><highlight class="normal"><sp/><sp/><sp/><sp/><sp/><sp/>err=opus_multistream_decoder_ctl(st,OPUS_SET_GAIN(gainadj));</highlight></codeline>
<codeline lineno="283"><highlight class="normal"><sp/><sp/><sp/><sp/><sp/><sp/></highlight><highlight class="keywordflow">if</highlight><highlight class="normal">(err==OPUS_UNIMPLEMENTED)</highlight></codeline>
<codeline lineno="284"><highlight class="normal"><sp/><sp/><sp/><sp/><sp/><sp/>{</highlight></codeline>
<codeline lineno="285"><highlight class="normal"></highlight><highlight class="preprocessor">#endif</highlight><highlight class="normal"></highlight></codeline>
<codeline lineno="286"><highlight class="normal"><sp/><sp/><sp/><sp/><sp/><sp/><sp/><sp/><sp/>*gain<sp/>=<sp/>pow(10.,<sp/>gainadj/5120.);</highlight></codeline>
<codeline lineno="287"><highlight class="normal"></highlight><highlight class="preprocessor">#ifdef<sp/>OPUS_SET_GAIN</highlight><highlight class="normal"></highlight></codeline>
<codeline lineno="288"><highlight class="normal"><sp/><sp/><sp/><sp/><sp/><sp/>}<sp/></highlight><highlight class="keywordflow">else</highlight><highlight class="normal"><sp/></highlight><highlight class="keywordflow">if</highlight><highlight class="normal"><sp/>(err!=OPUS_OK)</highlight></codeline>
<codeline lineno="289"><highlight class="normal"><sp/><sp/><sp/><sp/><sp/><sp/>{</highlight></codeline>
<codeline lineno="290"><highlight class="normal"><sp/><sp/><sp/><sp/><sp/><sp/><sp/><sp/><sp/>TIZ_ERROR<sp/>(ap_hdl,<sp/></highlight><highlight class="stringliteral">&quot;Error<sp/>setting<sp/>gain:<sp/>%s&quot;</highlight><highlight class="normal">,<sp/>opus_strerror(err));</highlight></codeline>
<codeline lineno="291"><highlight class="normal"><sp/><sp/><sp/><sp/><sp/><sp/><sp/><sp/><sp/></highlight><highlight class="keywordflow">return</highlight><highlight class="normal"><sp/>nbytes;</highlight></codeline>
<codeline lineno="292"><highlight class="normal"><sp/><sp/><sp/><sp/><sp/><sp/>}</highlight></codeline>
<codeline lineno="293"><highlight class="normal"></highlight><highlight class="preprocessor">#endif</highlight><highlight class="normal"></highlight></codeline>
<codeline lineno="294"><highlight class="normal"><sp/><sp/><sp/>}</highlight></codeline>
<codeline lineno="295"><highlight class="normal"></highlight></codeline>
<codeline lineno="296"><highlight class="normal"><sp/><sp/><sp/></highlight><highlight class="keywordflow">if</highlight><highlight class="normal"><sp/>(!quiet)</highlight></codeline>
<codeline lineno="297"><highlight class="normal"><sp/><sp/><sp/>{</highlight></codeline>
<codeline lineno="298"><highlight class="normal"><sp/><sp/><sp/><sp/><sp/><sp/>TIZ_TRACE(ap_hdl,<sp/></highlight><highlight class="stringliteral">&quot;Decoding<sp/>to<sp/>%d<sp/>Hz<sp/>(%d<sp/>channel%s)&quot;</highlight><highlight class="normal">,<sp/>*rate,</highlight></codeline>
<codeline lineno="299"><highlight class="normal"><sp/><sp/><sp/><sp/><sp/><sp/><sp/><sp/>*channels,<sp/>*channels&gt;1?</highlight><highlight class="stringliteral">&quot;s&quot;</highlight><highlight class="normal">:</highlight><highlight class="stringliteral">&quot;&quot;</highlight><highlight class="normal">);</highlight></codeline>
<codeline lineno="300"><highlight class="normal"><sp/><sp/><sp/><sp/><sp/><sp/></highlight><highlight class="keywordflow">if</highlight><highlight class="normal">(header.version!=1)TIZ_TRACE(ap_hdl,<sp/></highlight><highlight class="stringliteral">&quot;,<sp/>Header<sp/>v%d&quot;</highlight><highlight class="normal">,header.version);</highlight></codeline>
<codeline lineno="301"><highlight class="normal"><sp/><sp/><sp/><sp/><sp/><sp/></highlight><highlight class="keywordflow">if</highlight><highlight class="normal"><sp/>(header.gain!=0)TIZ_TRACE(ap_hdl,<sp/></highlight><highlight class="stringliteral">&quot;Playback<sp/>gain:<sp/>%f<sp/>dB&quot;</highlight><highlight class="normal">,<sp/>header.gain/256.);</highlight></codeline>
<codeline lineno="302"><highlight class="normal"><sp/><sp/><sp/><sp/><sp/><sp/></highlight><highlight class="keywordflow">if</highlight><highlight class="normal"><sp/>(manual_gain!=0)TIZ_TRACE(ap_hdl,<sp/></highlight><highlight class="stringliteral">&quot;Manual<sp/>gain:<sp/>%f<sp/>dB&quot;</highlight><highlight class="normal">,<sp/>manual_gain);</highlight></codeline>
<codeline lineno="303"><highlight class="normal"><sp/><sp/><sp/>}</highlight></codeline>
<codeline lineno="304"><highlight class="normal"></highlight></codeline>
<codeline lineno="305"><highlight class="normal"><sp/><sp/><sp/>*decoder<sp/>=<sp/>st;</highlight></codeline>
<codeline lineno="306"><highlight class="normal"><sp/><sp/><sp/></highlight><highlight class="keywordflow">return</highlight><highlight class="normal"><sp/>nbytes;</highlight></codeline>
<codeline lineno="307"><highlight class="normal">}</highlight></codeline>
<codeline lineno="308"><highlight class="normal"></highlight></codeline>
<codeline lineno="309"><highlight class="normal"></highlight><highlight class="keywordtype">int</highlight><highlight class="normal"></highlight></codeline>
<codeline lineno="310"><highlight class="normal">process_opus_comments(OMX_HANDLETYPE<sp/>ap_hdl,<sp/></highlight><highlight class="keywordtype">char</highlight><highlight class="normal"><sp/>*comments,<sp/></highlight><highlight class="keywordtype">int</highlight><highlight class="normal"><sp/>length)</highlight></codeline>
<codeline lineno="311"><highlight class="normal">{</highlight></codeline>
<codeline lineno="312"><highlight class="normal"><sp/><sp/><sp/></highlight><highlight class="keywordtype">char</highlight><highlight class="normal"><sp/>*c=comments;</highlight></codeline>
<codeline lineno="313"><highlight class="normal"><sp/><sp/><sp/></highlight><highlight class="keywordtype">int</highlight><highlight class="normal"><sp/>len,<sp/>i,<sp/>nb_fields;</highlight><highlight class="comment">/*<sp/>,<sp/>err=0;<sp/>*/</highlight><highlight class="normal"></highlight></codeline>
<codeline lineno="314"><highlight class="normal"></highlight></codeline>
<codeline lineno="315"><highlight class="normal"><sp/><sp/><sp/></highlight><highlight class="keywordflow">if</highlight><highlight class="normal"><sp/>(length&lt;(8+4+4))</highlight></codeline>
<codeline lineno="316"><highlight class="normal"><sp/><sp/><sp/>{</highlight></codeline>
<codeline lineno="317"><highlight class="normal"><sp/><sp/><sp/><sp/><sp/><sp/>TIZ_ERROR<sp/>(ap_hdl,<sp/></highlight><highlight class="stringliteral">&quot;Invalid/corrupted<sp/>comments&quot;</highlight><highlight class="normal">);</highlight></codeline>
<codeline lineno="318"><highlight class="normal"><sp/><sp/><sp/><sp/><sp/><sp/></highlight><highlight class="keywordflow">return</highlight><highlight class="normal"><sp/>0;</highlight></codeline>
<codeline lineno="319"><highlight class="normal"><sp/><sp/><sp/>}</highlight></codeline>
<codeline lineno="320"><highlight class="normal"><sp/><sp/><sp/></highlight><highlight class="keywordflow">if</highlight><highlight class="normal"><sp/>(strncmp(c,<sp/></highlight><highlight class="stringliteral">&quot;OpusTags&quot;</highlight><highlight class="normal">,<sp/>8)<sp/>!=<sp/>0)</highlight></codeline>
<codeline lineno="321"><highlight class="normal"><sp/><sp/><sp/>{</highlight></codeline>
<codeline lineno="322"><highlight class="normal"><sp/><sp/><sp/><sp/><sp/><sp/>TIZ_ERROR<sp/>(ap_hdl,<sp/></highlight><highlight class="stringliteral">&quot;Invalid/corrupted<sp/>comments&quot;</highlight><highlight class="normal">);</highlight></codeline>
<codeline lineno="323"><highlight class="normal"><sp/><sp/><sp/><sp/><sp/><sp/></highlight><highlight class="keywordflow">return</highlight><highlight class="normal"><sp/>0;</highlight></codeline>
<codeline lineno="324"><highlight class="normal"><sp/><sp/><sp/>}</highlight></codeline>
<codeline lineno="325"><highlight class="normal"><sp/><sp/><sp/>c<sp/>+=<sp/>8;</highlight></codeline>
<codeline lineno="326"><highlight class="normal"><sp/><sp/><sp/></highlight><highlight class="comment">/*<sp/><sp/><sp/><sp/>fprintf<sp/>(stderr,<sp/>&quot;Encoded<sp/>with<sp/>&quot;);<sp/>*/</highlight><highlight class="normal"></highlight></codeline>
<codeline lineno="327"><highlight class="normal"><sp/><sp/><sp/>len=readint(c,<sp/>0);</highlight></codeline>
<codeline lineno="328"><highlight class="normal"><sp/><sp/><sp/>c+=4;</highlight></codeline>
<codeline lineno="329"><highlight class="normal"><sp/><sp/><sp/></highlight><highlight class="keywordflow">if</highlight><highlight class="normal"><sp/>(len<sp/>&lt;<sp/>0<sp/>||<sp/>len&gt;(length-16))</highlight></codeline>
<codeline lineno="330"><highlight class="normal"><sp/><sp/><sp/>{</highlight></codeline>
<codeline lineno="331"><highlight class="normal"><sp/><sp/><sp/><sp/><sp/><sp/>TIZ_ERROR<sp/>(ap_hdl,<sp/></highlight><highlight class="stringliteral">&quot;Invalid/corrupted<sp/>comments&quot;</highlight><highlight class="normal">);</highlight></codeline>
<codeline lineno="332"><highlight class="normal"><sp/><sp/><sp/><sp/><sp/><sp/></highlight><highlight class="keywordflow">return</highlight><highlight class="normal"><sp/>c<sp/>-<sp/>comments;</highlight></codeline>
<codeline lineno="333"><highlight class="normal"><sp/><sp/><sp/>}</highlight></codeline>
<codeline lineno="334"><highlight class="normal"><sp/><sp/><sp/></highlight><highlight class="comment">/*<sp/><sp/><sp/><sp/>err&amp;=fwrite(c,<sp/>1,<sp/>len,<sp/>stderr)!=(unsigned)len;<sp/>*/</highlight><highlight class="normal"></highlight></codeline>
<codeline lineno="335"><highlight class="normal"><sp/><sp/><sp/>TIZ_TRACE<sp/>(ap_hdl,<sp/></highlight><highlight class="stringliteral">&quot;Encoded<sp/>with<sp/>%s&quot;</highlight><highlight class="normal">,<sp/>c);</highlight></codeline>
<codeline lineno="336"><highlight class="normal"><sp/><sp/><sp/>c+=len;</highlight></codeline>
<codeline lineno="337"><highlight class="normal"><sp/><sp/><sp/></highlight><highlight class="comment">/*<sp/><sp/><sp/><sp/>fprintf<sp/>(stderr,<sp/>&quot;\n&quot;);<sp/>*/</highlight><highlight class="normal"></highlight></codeline>
<codeline lineno="338"><highlight class="normal"><sp/><sp/><sp/></highlight><highlight class="comment">/*The<sp/>-16<sp/>check<sp/>above<sp/>makes<sp/>sure<sp/>we<sp/>can<sp/>read<sp/>this.*/</highlight><highlight class="normal"></highlight></codeline>
<codeline lineno="339"><highlight class="normal"><sp/><sp/><sp/>nb_fields=readint(c,<sp/>0);</highlight></codeline>
<codeline lineno="340"><highlight class="normal"><sp/><sp/><sp/>c+=4;</highlight></codeline>
<codeline lineno="341"><highlight class="normal"><sp/><sp/><sp/>length-=16+len;</highlight></codeline>
<codeline lineno="342"><highlight class="normal"><sp/><sp/><sp/></highlight><highlight class="keywordflow">if</highlight><highlight class="normal"><sp/>(nb_fields<sp/>&lt;<sp/>0<sp/>||<sp/>nb_fields&gt;(length&gt;&gt;2))</highlight></codeline>
<codeline lineno="343"><highlight class="normal"><sp/><sp/><sp/>{</highlight></codeline>
<codeline lineno="344"><highlight class="normal"><sp/><sp/><sp/><sp/><sp/><sp/>TIZ_ERROR<sp/>(ap_hdl,<sp/></highlight><highlight class="stringliteral">&quot;Invalid/corrupted<sp/>comments&quot;</highlight><highlight class="normal">);</highlight></codeline>
<codeline lineno="345"><highlight class="normal"><sp/><sp/><sp/><sp/><sp/><sp/></highlight><highlight class="keywordflow">return</highlight><highlight class="normal"><sp/>c<sp/>-<sp/>comments;</highlight></codeline>
<codeline lineno="346"><highlight class="normal"><sp/><sp/><sp/>}</highlight></codeline>
<codeline lineno="347"><highlight class="normal"><sp/><sp/><sp/></highlight><highlight class="keywordflow">for</highlight><highlight class="normal"><sp/>(i=0;i&lt;nb_fields;i++)</highlight></codeline>
<codeline lineno="348"><highlight class="normal"><sp/><sp/><sp/>{</highlight></codeline>
<codeline lineno="349"><highlight class="normal"><sp/><sp/><sp/><sp/><sp/><sp/></highlight><highlight class="keywordflow">if</highlight><highlight class="normal"><sp/>(length&lt;4)</highlight></codeline>
<codeline lineno="350"><highlight class="normal"><sp/><sp/><sp/><sp/><sp/><sp/>{</highlight></codeline>
<codeline lineno="351"><highlight class="normal"><sp/><sp/><sp/><sp/><sp/><sp/><sp/><sp/><sp/>TIZ_ERROR<sp/>(ap_hdl,<sp/></highlight><highlight class="stringliteral">&quot;Invalid/corrupted<sp/>comments&quot;</highlight><highlight class="normal">);</highlight></codeline>
<codeline lineno="352"><highlight class="normal"><sp/><sp/><sp/><sp/><sp/><sp/><sp/><sp/><sp/></highlight><highlight class="keywordflow">return</highlight><highlight class="normal"><sp/>c<sp/>-<sp/>comments;</highlight></codeline>
<codeline lineno="353"><highlight class="normal"><sp/><sp/><sp/><sp/><sp/><sp/>}</highlight></codeline>
<codeline lineno="354"><highlight class="normal"><sp/><sp/><sp/><sp/><sp/><sp/>len=readint(c,<sp/>0);</highlight></codeline>
<codeline lineno="355"><highlight class="normal"><sp/><sp/><sp/><sp/><sp/><sp/>c+=4;</highlight></codeline>
<codeline lineno="356"><highlight class="normal"><sp/><sp/><sp/><sp/><sp/><sp/>length-=4;</highlight></codeline>
<codeline lineno="357"><highlight class="normal"><sp/><sp/><sp/><sp/><sp/><sp/></highlight><highlight class="keywordflow">if</highlight><highlight class="normal"><sp/>(len<sp/>&lt;<sp/>0<sp/>||<sp/>len&gt;length)</highlight></codeline>
<codeline lineno="358"><highlight class="normal"><sp/><sp/><sp/><sp/><sp/><sp/>{</highlight></codeline>
<codeline lineno="359"><highlight class="normal"><sp/><sp/><sp/><sp/><sp/><sp/><sp/><sp/><sp/>TIZ_ERROR<sp/>(ap_hdl,<sp/></highlight><highlight class="stringliteral">&quot;Invalid/corrupted<sp/>comments&quot;</highlight><highlight class="normal">);</highlight></codeline>
<codeline lineno="360"><highlight class="normal"><sp/><sp/><sp/><sp/><sp/><sp/><sp/><sp/><sp/></highlight><highlight class="keywordflow">return</highlight><highlight class="normal"><sp/>c<sp/>-<sp/>comments;</highlight></codeline>
<codeline lineno="361"><highlight class="normal"><sp/><sp/><sp/><sp/><sp/><sp/>}</highlight></codeline>
<codeline lineno="362"><highlight class="normal"><sp/><sp/><sp/><sp/><sp/><sp/></highlight><highlight class="comment">/*<sp/><sp/><sp/><sp/><sp/><sp/><sp/>err<sp/>&amp;=<sp/>fwrite(c,<sp/>1,<sp/>len,<sp/>stderr)!=(unsigned)len;<sp/>*/</highlight><highlight class="normal"></highlight></codeline>
<codeline lineno="363"><highlight class="normal"><sp/><sp/><sp/><sp/><sp/><sp/>TIZ_TRACE<sp/>(ap_hdl,<sp/></highlight><highlight class="stringliteral">&quot;%s&quot;</highlight><highlight class="normal">,<sp/>c);</highlight></codeline>
<codeline lineno="364"><highlight class="normal"><sp/><sp/><sp/><sp/><sp/><sp/>c+=len;</highlight></codeline>
<codeline lineno="365"><highlight class="normal"><sp/><sp/><sp/><sp/><sp/><sp/>length-=len;</highlight></codeline>
<codeline lineno="366"><highlight class="normal"><sp/><sp/><sp/><sp/><sp/><sp/></highlight><highlight class="comment">/*<sp/><sp/><sp/><sp/><sp/><sp/><sp/>fprintf<sp/>(stderr,<sp/>&quot;\n&quot;);<sp/>*/</highlight><highlight class="normal"></highlight></codeline>
<codeline lineno="367"><highlight class="normal"><sp/><sp/><sp/>}</highlight></codeline>
<codeline lineno="368"><highlight class="normal"><sp/><sp/><sp/></highlight><highlight class="keywordflow">return</highlight><highlight class="normal"><sp/>c<sp/>-<sp/>comments;</highlight></codeline>
<codeline lineno="369"><highlight class="normal">}</highlight></codeline>
    </programlisting>
    <location file="/home/joni/work/tizonia-master/plugins/opus_decoder/src/opusutils.c"/>
  </compounddef>
</doxygen>
