<?xml version='1.0' encoding='UTF-8' standalone='no'?>
<doxygen xmlns:xsi="http://www.w3.org/2001/XMLSchema-instance" xsi:noNamespaceSchemaLocation="compound.xsd" version="1.8.11">
  <compounddef id="pulsearprc__decls_8h" kind="file" language="C++">
    <compoundname>pulsearprc_decls.h</compoundname>
    <includes local="no">stdbool.h</includes>
    <includes local="no">pulse/thread-mainloop.h</includes>
    <includes local="no">pulse/context.h</includes>
    <includes local="no">pulse/stream.h</includes>
    <includes local="no">pulse/introspect.h</includes>
    <includes local="no">pulse/subscribe.h</includes>
    <includes local="no">pulse/error.h</includes>
    <includes local="no">pulse/version.h</includes>
    <includes local="no">OMX_Core.h</includes>
    <includes refid="tizprc__decls_8h" local="no">tizprc_decls.h</includes>
    <includedby refid="pulsearprc_8c" local="yes">/home/joni/work/tizonia-master/plugins/pcm_renderer_pa/src/pulsearprc.c</includedby>
    <incdepgraph>
      <node id="13742">
        <label>stdbool.h</label>
      </node>
      <node id="13785">
        <label>stdarg.h</label>
      </node>
      <node id="13743">
        <label>pulse/thread-mainloop.h</label>
      </node>
      <node id="13748">
        <label>pulse/error.h</label>
      </node>
      <node id="13769">
        <label>tizbuffer.h</label>
        <link refid="tizbuffer_8h_source"/>
        <childnode refid="13750" relation="include">
        </childnode>
        <childnode refid="13756" relation="include">
        </childnode>
      </node>
      <node id="13772">
        <label>tizuuid.h</label>
        <link refid="tizuuid_8h_source"/>
        <childnode refid="13756" relation="include">
        </childnode>
      </node>
      <node id="13771">
        <label>tizthread.h</label>
        <link refid="tizthread_8h_source"/>
        <childnode refid="13750" relation="include">
        </childnode>
        <childnode refid="13756" relation="include">
        </childnode>
        <childnode refid="13765" relation="include">
        </childnode>
      </node>
      <node id="13768">
        <label>stdint.h</label>
      </node>
      <node id="13745">
        <label>pulse/stream.h</label>
      </node>
      <node id="13750">
        <label>OMX_Core.h</label>
      </node>
      <node id="13753">
        <label>tizplatform.h</label>
        <link refid="tizplatform_8h_source"/>
        <childnode refid="13754" relation="include">
        </childnode>
        <childnode refid="13762" relation="include">
        </childnode>
        <childnode refid="13759" relation="include">
        </childnode>
        <childnode refid="13764" relation="include">
        </childnode>
        <childnode refid="13766" relation="include">
        </childnode>
        <childnode refid="13769" relation="include">
        </childnode>
        <childnode refid="13770" relation="include">
        </childnode>
        <childnode refid="13765" relation="include">
        </childnode>
        <childnode refid="13771" relation="include">
        </childnode>
        <childnode refid="13772" relation="include">
        </childnode>
        <childnode refid="13755" relation="include">
        </childnode>
        <childnode refid="13773" relation="include">
        </childnode>
        <childnode refid="13767" relation="include">
        </childnode>
        <childnode refid="13774" relation="include">
        </childnode>
        <childnode refid="13775" relation="include">
        </childnode>
        <childnode refid="13776" relation="include">
        </childnode>
        <childnode refid="13777" relation="include">
        </childnode>
        <childnode refid="13778" relation="include">
        </childnode>
        <childnode refid="13779" relation="include">
        </childnode>
        <childnode refid="13780" relation="include">
        </childnode>
      </node>
      <node id="13784">
        <label>tizobject_decls.h</label>
        <link refid="tizobject__decls_8h_source"/>
        <childnode refid="13761" relation="include">
        </childnode>
        <childnode refid="13785" relation="include">
        </childnode>
      </node>
      <node id="13783">
        <label>tizapi_decls.h</label>
        <link refid="tizapi__decls_8h_source"/>
        <childnode refid="13784" relation="include">
        </childnode>
      </node>
      <node id="13757">
        <label>OMX_Component.h</label>
      </node>
      <node id="13767">
        <label>tizsoa.h</label>
        <link refid="tizsoa_8h_source"/>
        <childnode refid="13761" relation="include">
        </childnode>
        <childnode refid="13768" relation="include">
        </childnode>
        <childnode refid="13756" relation="include">
        </childnode>
        <childnode refid="13750" relation="include">
        </childnode>
      </node>
      <node id="13751">
        <label>tizprc_decls.h</label>
        <link refid="tizprc__decls_8h_source"/>
        <childnode refid="13750" relation="include">
        </childnode>
        <childnode refid="13752" relation="include">
        </childnode>
        <childnode refid="13781" relation="include">
        </childnode>
      </node>
      <node id="13746">
        <label>pulse/introspect.h</label>
      </node>
      <node id="13754">
        <label>tizmacros.h</label>
        <link refid="tizmacros_8h_source"/>
        <childnode refid="13755" relation="include">
        </childnode>
        <childnode refid="13761" relation="include">
        </childnode>
      </node>
      <node id="13761">
        <label>stddef.h</label>
      </node>
      <node id="13744">
        <label>pulse/context.h</label>
      </node>
      <node id="13778">
        <label>tizprintf.h</label>
        <link refid="tizprintf_8h_source"/>
      </node>
      <node id="13764">
        <label>tizqueue.h</label>
        <link refid="tizqueue_8h_source"/>
        <childnode refid="13750" relation="include">
        </childnode>
        <childnode refid="13756" relation="include">
        </childnode>
        <childnode refid="13765" relation="include">
        </childnode>
      </node>
      <node id="13763">
        <label>log4c.h</label>
      </node>
      <node id="13760">
        <label>sys/types.h</label>
      </node>
      <node id="13759">
        <label>tizmem.h</label>
        <link refid="tizmem_8h_source"/>
        <childnode refid="13760" relation="include">
        </childnode>
        <childnode refid="13756" relation="include">
        </childnode>
      </node>
      <node id="13773">
        <label>tizrc.h</label>
        <link refid="tizrc_8h_source"/>
        <childnode refid="13750" relation="include">
        </childnode>
        <childnode refid="13756" relation="include">
        </childnode>
      </node>
      <node id="13747">
        <label>pulse/subscribe.h</label>
      </node>
      <node id="13766">
        <label>tizpqueue.h</label>
        <link refid="tizpqueue_8h_source"/>
        <childnode refid="13750" relation="include">
        </childnode>
        <childnode refid="13756" relation="include">
        </childnode>
        <childnode refid="13767" relation="include">
        </childnode>
      </node>
      <node id="13749">
        <label>pulse/version.h</label>
      </node>
      <node id="13756">
        <label>OMX_Types.h</label>
      </node>
      <node id="13765">
        <label>tizsync.h</label>
        <link refid="tizsync_8h_source"/>
        <childnode refid="13750" relation="include">
        </childnode>
        <childnode refid="13756" relation="include">
        </childnode>
      </node>
      <node id="13762">
        <label>tizlog.h</label>
        <link refid="tizlog_8h_source"/>
        <childnode refid="13763" relation="include">
        </childnode>
      </node>
      <node id="13775">
        <label>tizhttp.h</label>
        <link refid="tizhttp_8h_source"/>
        <childnode refid="13750" relation="include">
        </childnode>
        <childnode refid="13756" relation="include">
        </childnode>
      </node>
      <node id="13770">
        <label>tizvector.h</label>
        <link refid="tizvector_8h_source"/>
        <childnode refid="13750" relation="include">
        </childnode>
        <childnode refid="13756" relation="include">
        </childnode>
      </node>
      <node id="13752">
        <label>tizprc.h</label>
        <link refid="tizprc_8h_source"/>
        <childnode refid="13753" relation="include">
        </childnode>
      </node>
      <node id="13780">
        <label>tizurltransfer.h</label>
        <link refid="tizurltransfer_8h_source"/>
        <childnode refid="13757" relation="include">
        </childnode>
      </node>
      <node id="13779">
        <label>tizshufflelst.h</label>
        <link refid="tizshufflelst_8h_source"/>
        <childnode refid="13750" relation="include">
        </childnode>
        <childnode refid="13756" relation="include">
        </childnode>
      </node>
      <node id="13755">
        <label>tizomxutils.h</label>
        <link refid="tizomxutils_8h_source"/>
        <childnode refid="13756" relation="include">
        </childnode>
        <childnode refid="13757" relation="include">
        </childnode>
        <childnode refid="13758" relation="include">
        </childnode>
        <childnode refid="13750" relation="include">
        </childnode>
        <childnode refid="13759" relation="include">
        </childnode>
      </node>
      <node id="13782">
        <label>tizscheduler.h</label>
        <link refid="tizscheduler_8h_source"/>
        <childnode refid="13750" relation="include">
        </childnode>
        <childnode refid="13756" relation="include">
        </childnode>
        <childnode refid="13757" relation="include">
        </childnode>
        <childnode refid="13753" relation="include">
        </childnode>
      </node>
      <node id="13776">
        <label>tizmap.h</label>
        <link refid="tizmap_8h_source"/>
        <childnode refid="13742" relation="include">
        </childnode>
        <childnode refid="13750" relation="include">
        </childnode>
        <childnode refid="13756" relation="include">
        </childnode>
        <childnode refid="13767" relation="include">
        </childnode>
      </node>
      <node id="13781">
        <label>tizservant_decls.h</label>
        <link refid="tizservant__decls_8h_source"/>
        <childnode refid="13782" relation="include">
        </childnode>
        <childnode refid="13783" relation="include">
        </childnode>
      </node>
      <node id="13774">
        <label>tizev.h</label>
        <link refid="tizev_8h_source"/>
        <childnode refid="13742" relation="include">
        </childnode>
        <childnode refid="13768" relation="include">
        </childnode>
        <childnode refid="13750" relation="include">
        </childnode>
        <childnode refid="13756" relation="include">
        </childnode>
      </node>
      <node id="13741">
        <label>/home/joni/work/tizonia-master/plugins/pcm_renderer_pa/src/pulsearprc_decls.h</label>
        <link refid="pulsearprc_decls.h"/>
        <childnode refid="13742" relation="include">
        </childnode>
        <childnode refid="13743" relation="include">
        </childnode>
        <childnode refid="13744" relation="include">
        </childnode>
        <childnode refid="13745" relation="include">
        </childnode>
        <childnode refid="13746" relation="include">
        </childnode>
        <childnode refid="13747" relation="include">
        </childnode>
        <childnode refid="13748" relation="include">
        </childnode>
        <childnode refid="13749" relation="include">
        </childnode>
        <childnode refid="13750" relation="include">
        </childnode>
        <childnode refid="13751" relation="include">
        </childnode>
      </node>
      <node id="13777">
        <label>tizlimits.h</label>
        <link refid="tizlimits_8h_source"/>
      </node>
      <node id="13758">
        <label>OMX_Audio.h</label>
      </node>
    </incdepgraph>
    <innerclass refid="structpulsear__prc" prot="public">pulsear_prc</innerclass>
    <innerclass refid="structpulsear__prc__class" prot="public">pulsear_prc_class</innerclass>
      <sectiondef kind="typedef">
      <memberdef kind="typedef" id="pulsearprc__decls_8h_1a93aff427ee181454dada072e743d7720" prot="public" static="no">
        <type>struct <ref refid="structpulsear__prc" kindref="compound">pulsear_prc</ref></type>
        <definition>typedef struct pulsear_prc pulsear_prc_t</definition>
        <argsstring></argsstring>
        <name>pulsear_prc_t</name>
        <briefdescription>
        </briefdescription>
        <detaileddescription>
        </detaileddescription>
        <inbodydescription>
        </inbodydescription>
        <location file="/home/joni/work/tizonia-master/plugins/pcm_renderer_pa/src/pulsearprc_decls.h" line="37" column="1" bodyfile="/home/joni/work/tizonia-master/plugins/pcm_renderer_pa/src/pulsearprc_decls.h" bodystart="50" bodyend="-1"/>
      </memberdef>
      <memberdef kind="typedef" id="pulsearprc__decls_8h_1abf399815fbbcee7e82f0cbbaa12711a2" prot="public" static="no">
        <type>struct <ref refid="structpulsear__prc__class" kindref="compound">pulsear_prc_class</ref></type>
        <definition>typedef struct pulsear_prc_class pulsear_prc_class_t</definition>
        <argsstring></argsstring>
        <name>pulsear_prc_class_t</name>
        <briefdescription>
        </briefdescription>
        <detaileddescription>
        </detaileddescription>
        <inbodydescription>
        </inbodydescription>
        <location file="/home/joni/work/tizonia-master/plugins/pcm_renderer_pa/src/pulsearprc_decls.h" line="37" column="1" bodyfile="/home/joni/work/tizonia-master/plugins/pcm_renderer_pa/src/pulsearprc_decls.h" bodystart="76" bodyend="-1"/>
      </memberdef>
      </sectiondef>
    <briefdescription>
<para>Tizonia - PCM audio renderer based on pulseaudio processor declarations. </para>    </briefdescription>
    <detaileddescription>
<para>Copyright (C) 2011-2018 Aratelia Limited - Juan A. Rubio</para><para>This file is part of Tizonia</para><para>Tizonia is free software: you can redistribute it and/or modify it under the terms of the GNU Lesser General Public License as published by the Free Software Foundation, either version 3 of the License, or (at your option) any later version.</para><para>Tizonia is distributed in the hope that it will be useful, but WITHOUT ANY WARRANTY; without even the implied warranty of MERCHANTABILITY or FITNESS FOR A PARTICULAR PURPOSE. See the GNU Lesser General Public License for more details.</para><para>You should have received a copy of the GNU Lesser General Public License along with Tizonia. If not, see <ulink url="http://www.gnu.org/licenses/">http://www.gnu.org/licenses/</ulink>.</para><para><simplesect kind="author"><para>Juan A. Rubio <ulink url="mailto:juan.rubio@aratelia.com">juan.rubio@aratelia.com</ulink> </para></simplesect>
</para>    </detaileddescription>
    <programlisting>
<codeline lineno="1"></codeline>
<codeline lineno="29"><highlight class="preprocessor">#ifndef<sp/>PULSEARPRC_DECLS_H</highlight><highlight class="normal"></highlight></codeline>
<codeline lineno="30"><highlight class="normal"></highlight><highlight class="preprocessor">#define<sp/>PULSEARPRC_DECLS_H</highlight><highlight class="normal"></highlight></codeline>
<codeline lineno="31"><highlight class="normal"></highlight></codeline>
<codeline lineno="32"><highlight class="normal"></highlight><highlight class="preprocessor">#ifdef<sp/>__cplusplus</highlight><highlight class="normal"></highlight></codeline>
<codeline lineno="33"><highlight class="normal"></highlight><highlight class="keyword">extern</highlight><highlight class="normal"><sp/></highlight><highlight class="stringliteral">&quot;C&quot;</highlight><highlight class="normal"><sp/>{</highlight></codeline>
<codeline lineno="34"><highlight class="normal"></highlight><highlight class="preprocessor">#endif</highlight><highlight class="normal"></highlight></codeline>
<codeline lineno="35"><highlight class="normal"></highlight></codeline>
<codeline lineno="36"><highlight class="normal"></highlight><highlight class="preprocessor">#include<sp/>&lt;stdbool.h&gt;</highlight><highlight class="normal"></highlight></codeline>
<codeline lineno="37"><highlight class="normal"></highlight></codeline>
<codeline lineno="38"><highlight class="normal"></highlight><highlight class="preprocessor">#include<sp/>&lt;pulse/thread-mainloop.h&gt;</highlight><highlight class="normal"></highlight></codeline>
<codeline lineno="39"><highlight class="normal"></highlight><highlight class="preprocessor">#include<sp/>&lt;pulse/context.h&gt;</highlight><highlight class="normal"></highlight></codeline>
<codeline lineno="40"><highlight class="normal"></highlight><highlight class="preprocessor">#include<sp/>&lt;pulse/stream.h&gt;</highlight><highlight class="normal"></highlight></codeline>
<codeline lineno="41"><highlight class="normal"></highlight><highlight class="preprocessor">#include<sp/>&lt;pulse/introspect.h&gt;</highlight><highlight class="normal"></highlight></codeline>
<codeline lineno="42"><highlight class="normal"></highlight><highlight class="preprocessor">#include<sp/>&lt;pulse/subscribe.h&gt;</highlight><highlight class="normal"></highlight></codeline>
<codeline lineno="43"><highlight class="normal"></highlight><highlight class="preprocessor">#include<sp/>&lt;pulse/error.h&gt;</highlight><highlight class="normal"></highlight></codeline>
<codeline lineno="44"><highlight class="normal"></highlight><highlight class="preprocessor">#include<sp/>&lt;pulse/version.h&gt;</highlight><highlight class="normal"></highlight></codeline>
<codeline lineno="45"><highlight class="normal"></highlight></codeline>
<codeline lineno="46"><highlight class="normal"></highlight><highlight class="preprocessor">#include<sp/>&lt;OMX_Core.h&gt;</highlight><highlight class="normal"></highlight></codeline>
<codeline lineno="47"><highlight class="normal"></highlight></codeline>
<codeline lineno="48"><highlight class="normal"></highlight><highlight class="preprocessor">#include<sp/>&lt;tizprc_decls.h&gt;</highlight><highlight class="normal"></highlight></codeline>
<codeline lineno="49"><highlight class="normal"></highlight></codeline>
<codeline lineno="50"><highlight class="normal"></highlight><highlight class="keyword">typedef</highlight><highlight class="normal"><sp/></highlight><highlight class="keyword">struct<sp/></highlight><highlight class="normal"><ref refid="structpulsear__prc" kindref="compound">pulsear_prc</ref><sp/><ref refid="structpulsear__prc" kindref="compound">pulsear_prc_t</ref>;</highlight></codeline>
<codeline lineno="51" refid="structpulsear__prc" refkind="compound"><highlight class="normal"></highlight><highlight class="keyword">struct<sp/></highlight><highlight class="normal"><ref refid="structpulsear__prc" kindref="compound">pulsear_prc</ref></highlight></codeline>
<codeline lineno="52"><highlight class="normal">{</highlight></codeline>
<codeline lineno="53"><highlight class="normal"><sp/><sp/></highlight><highlight class="comment">/*<sp/>Object<sp/>*/</highlight><highlight class="normal"></highlight></codeline>
<codeline lineno="54"><highlight class="normal"><sp/><sp/></highlight><highlight class="keyword">const</highlight><highlight class="normal"><sp/><ref refid="structtiz__prc" kindref="compound">tiz_prc_t</ref><sp/>_;</highlight></codeline>
<codeline lineno="55"><highlight class="normal"><sp/><sp/>OMX_AUDIO_PARAM_PCMMODETYPE<sp/>pcmmode_;</highlight></codeline>
<codeline lineno="56"><highlight class="normal"><sp/><sp/>OMX_BUFFERHEADERTYPE<sp/>*p_inhdr_;</highlight></codeline>
<codeline lineno="57"><highlight class="normal"><sp/><sp/></highlight><highlight class="keywordtype">bool</highlight><highlight class="normal"><sp/>port_disabled_;</highlight></codeline>
<codeline lineno="58"><highlight class="normal"><sp/><sp/></highlight><highlight class="keywordtype">bool</highlight><highlight class="normal"><sp/>paused_;</highlight></codeline>
<codeline lineno="59"><highlight class="normal"><sp/><sp/></highlight><highlight class="keywordtype">bool</highlight><highlight class="normal"><sp/>stopped_;</highlight></codeline>
<codeline lineno="60"><highlight class="normal"><sp/><sp/></highlight><highlight class="keyword">struct<sp/></highlight><highlight class="normal">pa_threaded_mainloop<sp/>*p_pa_loop_;</highlight></codeline>
<codeline lineno="61"><highlight class="normal"><sp/><sp/></highlight><highlight class="keyword">struct<sp/></highlight><highlight class="normal">pa_context<sp/>*p_pa_context_;</highlight></codeline>
<codeline lineno="62"><highlight class="normal"><sp/><sp/></highlight><highlight class="keyword">struct<sp/></highlight><highlight class="normal">pa_stream<sp/>*p_pa_stream_;</highlight></codeline>
<codeline lineno="63"><highlight class="normal"><sp/><sp/></highlight><highlight class="keyword">struct<sp/></highlight><highlight class="normal">pa_cvolume<sp/>pa_vol_;</highlight></codeline>
<codeline lineno="64"><highlight class="normal"><sp/><sp/>pa_stream_state_t<sp/>pa_stream_state_;</highlight></codeline>
<codeline lineno="65"><highlight class="normal"><sp/><sp/></highlight><highlight class="keywordtype">size_t</highlight><highlight class="normal"><sp/>pa_nbytes_;</highlight></codeline>
<codeline lineno="66"><highlight class="normal"><sp/><sp/><ref refid="structtiz__event__timer" kindref="compound">tiz_event_timer_t</ref><sp/>*p_ev_timer_;</highlight></codeline>
<codeline lineno="67"><highlight class="normal"><sp/><sp/></highlight><highlight class="keywordtype">float</highlight><highlight class="normal"><sp/>gain_;</highlight></codeline>
<codeline lineno="68"><highlight class="normal"><sp/><sp/></highlight><highlight class="keywordtype">long</highlight><highlight class="normal"><sp/>volume_;</highlight></codeline>
<codeline lineno="69"><highlight class="normal"><sp/><sp/></highlight><highlight class="keywordtype">long</highlight><highlight class="normal"><sp/>pending_volume_;</highlight></codeline>
<codeline lineno="70"><highlight class="normal"><sp/><sp/></highlight><highlight class="keywordtype">bool</highlight><highlight class="normal"><sp/>ramp_enabled_;</highlight></codeline>
<codeline lineno="71"><highlight class="normal"><sp/><sp/></highlight><highlight class="keywordtype">long</highlight><highlight class="normal"><sp/>ramp_step_;</highlight></codeline>
<codeline lineno="72"><highlight class="normal"><sp/><sp/></highlight><highlight class="keywordtype">long</highlight><highlight class="normal"><sp/>ramp_step_count_;</highlight></codeline>
<codeline lineno="73"><highlight class="normal"><sp/><sp/></highlight><highlight class="keywordtype">long</highlight><highlight class="normal"><sp/>ramp_volume_;</highlight></codeline>
<codeline lineno="74"><highlight class="normal">};</highlight></codeline>
<codeline lineno="75"><highlight class="normal"></highlight></codeline>
<codeline lineno="76"><highlight class="normal"></highlight><highlight class="keyword">typedef</highlight><highlight class="normal"><sp/></highlight><highlight class="keyword">struct<sp/></highlight><highlight class="normal"><ref refid="structpulsear__prc__class" kindref="compound">pulsear_prc_class</ref><sp/>pulsear_prc_class_t;</highlight></codeline>
<codeline lineno="77" refid="structpulsear__prc__class" refkind="compound"><highlight class="normal"></highlight><highlight class="keyword">struct<sp/></highlight><highlight class="normal"><ref refid="structpulsear__prc__class" kindref="compound">pulsear_prc_class</ref></highlight></codeline>
<codeline lineno="78"><highlight class="normal">{</highlight></codeline>
<codeline lineno="79"><highlight class="normal"><sp/><sp/></highlight><highlight class="comment">/*<sp/>Class<sp/>*/</highlight><highlight class="normal"></highlight></codeline>
<codeline lineno="80"><highlight class="normal"><sp/><sp/></highlight><highlight class="keyword">const</highlight><highlight class="normal"><sp/><ref refid="structtiz__prc__class" kindref="compound">tiz_prc_class_t</ref><sp/>_;</highlight></codeline>
<codeline lineno="81"><highlight class="normal"><sp/><sp/></highlight><highlight class="comment">/*<sp/>NOTE:<sp/>Class<sp/>methods<sp/>might<sp/>be<sp/>added<sp/>in<sp/>the<sp/>future<sp/>*/</highlight><highlight class="normal"></highlight></codeline>
<codeline lineno="82"><highlight class="normal">};</highlight></codeline>
<codeline lineno="83"><highlight class="normal"></highlight></codeline>
<codeline lineno="84"><highlight class="normal"></highlight><highlight class="preprocessor">#ifdef<sp/>__cplusplus</highlight><highlight class="normal"></highlight></codeline>
<codeline lineno="85"><highlight class="normal">}</highlight></codeline>
<codeline lineno="86"><highlight class="normal"></highlight><highlight class="preprocessor">#endif</highlight><highlight class="normal"></highlight></codeline>
<codeline lineno="87"><highlight class="normal"></highlight></codeline>
<codeline lineno="88"><highlight class="normal"></highlight><highlight class="preprocessor">#endif<sp/></highlight><highlight class="comment">/*<sp/>PULSEARPRC_DECLS_H<sp/>*/</highlight><highlight class="preprocessor"></highlight></codeline>
    </programlisting>
    <location file="/home/joni/work/tizonia-master/plugins/pcm_renderer_pa/src/pulsearprc_decls.h"/>
  </compounddef>
</doxygen>
