<?xml version='1.0' encoding='UTF-8' standalone='no'?>
<doxygen xmlns:xsi="http://www.w3.org/2001/XMLSchema-instance" xsi:noNamespaceSchemaLocation="compound.xsd" version="1.8.11">
  <compounddef id="README_8md" kind="file" language="Markdown">
    <compoundname>README.md</compoundname>
    <briefdescription>
    </briefdescription>
    <detaileddescription>
    </detaileddescription>
    <programlisting>
<codeline><highlight class="normal">[![Build<sp/>Status](https://travis-ci.org/kinetiknz/nestegg.svg?branch=master)](https://travis-ci.org/kinetiknz/nestegg)</highlight></codeline>
<codeline></codeline>
<codeline><highlight class="normal">See<sp/>INSTALL<sp/>for<sp/>build<sp/>instructions.</highlight></codeline>
<codeline></codeline>
<codeline><highlight class="normal">Licensed<sp/>under<sp/>an<sp/>ISC-style<sp/>license.<sp/><sp/>See<sp/>LICENSE<sp/>for<sp/>details.</highlight></codeline>
<codeline></codeline>
<codeline><highlight class="normal">The<sp/>source<sp/>under<sp/>the<sp/>halloc/<sp/>directory<sp/>is<sp/>licensed<sp/>under<sp/>a<sp/>BSD<sp/>license.<sp/><sp/>See</highlight></codeline>
<codeline><highlight class="normal">halloc/halloc.h<sp/>for<sp/>details.</highlight></codeline>
    </programlisting>
    <location file="/home/joni/work/tizonia-master/plugins/webm_demuxer/src/nestegg/README.md"/>
  </compounddef>
</doxygen>
