<?xml version='1.0' encoding='UTF-8' standalone='no'?>
<doxygen xmlns:xsi="http://www.w3.org/2001/XMLSchema-instance" xsi:noNamespaceSchemaLocation="compound.xsd" version="1.8.11">
  <compounddef id="scloudcfgport__decls_8h" kind="file" language="C++">
    <compoundname>scloudcfgport_decls.h</compoundname>
    <includes local="no">OMX_Types.h</includes>
    <includes local="no">OMX_TizoniaExt.h</includes>
    <includes refid="tizconfigport__decls_8h" local="no">tizconfigport_decls.h</includes>
    <includedby refid="scloudcfgport_8c" local="yes">/home/joni/work/tizonia-master/plugins/http_source/src/scloudcfgport.c</includedby>
    <incdepgraph>
      <node id="11419">
        <label>stdbool.h</label>
      </node>
      <node id="11430">
        <label>stdarg.h</label>
      </node>
      <node id="11426">
        <label>tizport_decls.h</label>
        <link refid="tizport__decls_8h_source"/>
        <childnode refid="11427" relation="include">
        </childnode>
        <childnode refid="11434" relation="include">
        </childnode>
        <childnode refid="11436" relation="include">
        </childnode>
        <childnode refid="11397" relation="include">
        </childnode>
        <childnode refid="11395" relation="include">
        </childnode>
      </node>
      <node id="11427">
        <label>tizport.h</label>
        <link refid="tizport_8h_source"/>
        <childnode refid="11428" relation="include">
        </childnode>
        <childnode refid="11432" relation="include">
        </childnode>
        <childnode refid="11399" relation="include">
        </childnode>
        <childnode refid="11398" relation="include">
        </childnode>
        <childnode refid="11397" relation="include">
        </childnode>
        <childnode refid="11394" relation="include">
        </childnode>
        <childnode refid="11433" relation="include">
        </childnode>
      </node>
      <node id="11413">
        <label>tizbuffer.h</label>
        <link refid="tizbuffer_8h_source"/>
        <childnode refid="11398" relation="include">
        </childnode>
        <childnode refid="11394" relation="include">
        </childnode>
      </node>
      <node id="11416">
        <label>tizuuid.h</label>
        <link refid="tizuuid_8h_source"/>
        <childnode refid="11394" relation="include">
        </childnode>
      </node>
      <node id="11415">
        <label>tizthread.h</label>
        <link refid="tizthread_8h_source"/>
        <childnode refid="11398" relation="include">
        </childnode>
        <childnode refid="11394" relation="include">
        </childnode>
        <childnode refid="11409" relation="include">
        </childnode>
      </node>
      <node id="11412">
        <label>stdint.h</label>
      </node>
      <node id="11398">
        <label>OMX_Core.h</label>
      </node>
      <node id="11399">
        <label>tizplatform.h</label>
        <link refid="tizplatform_8h_source"/>
        <childnode refid="11400" relation="include">
        </childnode>
        <childnode refid="11406" relation="include">
        </childnode>
        <childnode refid="11403" relation="include">
        </childnode>
        <childnode refid="11408" relation="include">
        </childnode>
        <childnode refid="11410" relation="include">
        </childnode>
        <childnode refid="11413" relation="include">
        </childnode>
        <childnode refid="11414" relation="include">
        </childnode>
        <childnode refid="11409" relation="include">
        </childnode>
        <childnode refid="11415" relation="include">
        </childnode>
        <childnode refid="11416" relation="include">
        </childnode>
        <childnode refid="11401" relation="include">
        </childnode>
        <childnode refid="11417" relation="include">
        </childnode>
        <childnode refid="11411" relation="include">
        </childnode>
        <childnode refid="11418" relation="include">
        </childnode>
        <childnode refid="11420" relation="include">
        </childnode>
        <childnode refid="11421" relation="include">
        </childnode>
        <childnode refid="11422" relation="include">
        </childnode>
        <childnode refid="11423" relation="include">
        </childnode>
        <childnode refid="11424" relation="include">
        </childnode>
        <childnode refid="11425" relation="include">
        </childnode>
      </node>
      <node id="11435">
        <label>tizobject_decls.h</label>
        <link refid="tizobject__decls_8h_source"/>
        <childnode refid="11405" relation="include">
        </childnode>
        <childnode refid="11430" relation="include">
        </childnode>
      </node>
      <node id="11434">
        <label>tizapi_decls.h</label>
        <link refid="tizapi__decls_8h_source"/>
        <childnode refid="11435" relation="include">
        </childnode>
      </node>
      <node id="11429">
        <label>tizobject.h</label>
        <link refid="tizobject_8h_source"/>
        <childnode refid="11394" relation="include">
        </childnode>
        <childnode refid="11430" relation="include">
        </childnode>
        <childnode refid="11405" relation="include">
        </childnode>
        <childnode refid="11431" relation="include">
        </childnode>
      </node>
      <node id="11397">
        <label>OMX_Component.h</label>
      </node>
      <node id="11411">
        <label>tizsoa.h</label>
        <link refid="tizsoa_8h_source"/>
        <childnode refid="11405" relation="include">
        </childnode>
        <childnode refid="11412" relation="include">
        </childnode>
        <childnode refid="11394" relation="include">
        </childnode>
        <childnode refid="11398" relation="include">
        </childnode>
      </node>
      <node id="11400">
        <label>tizmacros.h</label>
        <link refid="tizmacros_8h_source"/>
        <childnode refid="11401" relation="include">
        </childnode>
        <childnode refid="11405" relation="include">
        </childnode>
      </node>
      <node id="11438">
        <label>tizservant.h</label>
        <link refid="tizservant_8h_source"/>
        <childnode refid="11398" relation="include">
        </childnode>
        <childnode refid="11399" relation="include">
        </childnode>
        <childnode refid="11432" relation="include">
        </childnode>
        <childnode refid="11428" relation="include">
        </childnode>
      </node>
      <node id="11405">
        <label>stddef.h</label>
      </node>
      <node id="11433">
        <label>limits.h</label>
      </node>
      <node id="11423">
        <label>tizprintf.h</label>
        <link refid="tizprintf_8h_source"/>
      </node>
      <node id="11408">
        <label>tizqueue.h</label>
        <link refid="tizqueue_8h_source"/>
        <childnode refid="11398" relation="include">
        </childnode>
        <childnode refid="11394" relation="include">
        </childnode>
        <childnode refid="11409" relation="include">
        </childnode>
      </node>
      <node id="11407">
        <label>log4c.h</label>
      </node>
      <node id="11404">
        <label>sys/types.h</label>
      </node>
      <node id="11395">
        <label>OMX_TizoniaExt.h</label>
      </node>
      <node id="11403">
        <label>tizmem.h</label>
        <link refid="tizmem_8h_source"/>
        <childnode refid="11404" relation="include">
        </childnode>
        <childnode refid="11394" relation="include">
        </childnode>
      </node>
      <node id="11417">
        <label>tizrc.h</label>
        <link refid="tizrc_8h_source"/>
        <childnode refid="11398" relation="include">
        </childnode>
        <childnode refid="11394" relation="include">
        </childnode>
      </node>
      <node id="11410">
        <label>tizpqueue.h</label>
        <link refid="tizpqueue_8h_source"/>
        <childnode refid="11398" relation="include">
        </childnode>
        <childnode refid="11394" relation="include">
        </childnode>
        <childnode refid="11411" relation="include">
        </childnode>
      </node>
      <node id="11396">
        <label>tizconfigport_decls.h</label>
        <link refid="tizconfigport__decls_8h_source"/>
        <childnode refid="11397" relation="include">
        </childnode>
        <childnode refid="11398" relation="include">
        </childnode>
        <childnode refid="11395" relation="include">
        </childnode>
        <childnode refid="11399" relation="include">
        </childnode>
        <childnode refid="11426" relation="include">
        </childnode>
      </node>
      <node id="11428">
        <label>tizapi.h</label>
        <link refid="tizapi_8h_source"/>
        <childnode refid="11398" relation="include">
        </childnode>
        <childnode refid="11429" relation="include">
        </childnode>
      </node>
      <node id="11394">
        <label>OMX_Types.h</label>
      </node>
      <node id="11409">
        <label>tizsync.h</label>
        <link refid="tizsync_8h_source"/>
        <childnode refid="11398" relation="include">
        </childnode>
        <childnode refid="11394" relation="include">
        </childnode>
      </node>
      <node id="11406">
        <label>tizlog.h</label>
        <link refid="tizlog_8h_source"/>
        <childnode refid="11407" relation="include">
        </childnode>
      </node>
      <node id="11420">
        <label>tizhttp.h</label>
        <link refid="tizhttp_8h_source"/>
        <childnode refid="11398" relation="include">
        </childnode>
        <childnode refid="11394" relation="include">
        </childnode>
      </node>
      <node id="11414">
        <label>tizvector.h</label>
        <link refid="tizvector_8h_source"/>
        <childnode refid="11398" relation="include">
        </childnode>
        <childnode refid="11394" relation="include">
        </childnode>
      </node>
      <node id="11425">
        <label>tizurltransfer.h</label>
        <link refid="tizurltransfer_8h_source"/>
        <childnode refid="11397" relation="include">
        </childnode>
      </node>
      <node id="11424">
        <label>tizshufflelst.h</label>
        <link refid="tizshufflelst_8h_source"/>
        <childnode refid="11398" relation="include">
        </childnode>
        <childnode refid="11394" relation="include">
        </childnode>
      </node>
      <node id="11401">
        <label>tizomxutils.h</label>
        <link refid="tizomxutils_8h_source"/>
        <childnode refid="11394" relation="include">
        </childnode>
        <childnode refid="11397" relation="include">
        </childnode>
        <childnode refid="11402" relation="include">
        </childnode>
        <childnode refid="11398" relation="include">
        </childnode>
        <childnode refid="11403" relation="include">
        </childnode>
      </node>
      <node id="11436">
        <label>tizutils.h</label>
        <link refid="tizutils_8h_source"/>
        <childnode refid="11394" relation="include">
        </childnode>
        <childnode refid="11398" relation="include">
        </childnode>
        <childnode refid="11437" relation="include">
        </childnode>
      </node>
      <node id="11432">
        <label>tizscheduler.h</label>
        <link refid="tizscheduler_8h_source"/>
        <childnode refid="11398" relation="include">
        </childnode>
        <childnode refid="11394" relation="include">
        </childnode>
        <childnode refid="11397" relation="include">
        </childnode>
        <childnode refid="11399" relation="include">
        </childnode>
      </node>
      <node id="11437">
        <label>tizfsm.h</label>
        <link refid="tizfsm_8h_source"/>
        <childnode refid="11438" relation="include">
        </childnode>
      </node>
      <node id="11393">
        <label>/home/joni/work/tizonia-master/plugins/http_source/src/scloudcfgport_decls.h</label>
        <link refid="scloudcfgport_decls.h"/>
        <childnode refid="11394" relation="include">
        </childnode>
        <childnode refid="11395" relation="include">
        </childnode>
        <childnode refid="11396" relation="include">
        </childnode>
      </node>
      <node id="11421">
        <label>tizmap.h</label>
        <link refid="tizmap_8h_source"/>
        <childnode refid="11419" relation="include">
        </childnode>
        <childnode refid="11398" relation="include">
        </childnode>
        <childnode refid="11394" relation="include">
        </childnode>
        <childnode refid="11411" relation="include">
        </childnode>
      </node>
      <node id="11418">
        <label>tizev.h</label>
        <link refid="tizev_8h_source"/>
        <childnode refid="11419" relation="include">
        </childnode>
        <childnode refid="11412" relation="include">
        </childnode>
        <childnode refid="11398" relation="include">
        </childnode>
        <childnode refid="11394" relation="include">
        </childnode>
      </node>
      <node id="11431">
        <label>stdio.h</label>
      </node>
      <node id="11422">
        <label>tizlimits.h</label>
        <link refid="tizlimits_8h_source"/>
      </node>
      <node id="11402">
        <label>OMX_Audio.h</label>
      </node>
    </incdepgraph>
    <innerclass refid="structscloud__cfgport" prot="public">scloud_cfgport</innerclass>
    <innerclass refid="structscloud__cfgport__class" prot="public">scloud_cfgport_class</innerclass>
      <sectiondef kind="typedef">
      <memberdef kind="typedef" id="scloudcfgport__decls_8h_1a6070ed44d6fd2cf00a2844659db8499e" prot="public" static="no">
        <type>struct <ref refid="structscloud__cfgport" kindref="compound">scloud_cfgport</ref></type>
        <definition>typedef struct scloud_cfgport scloud_cfgport_t</definition>
        <argsstring></argsstring>
        <name>scloud_cfgport_t</name>
        <briefdescription>
        </briefdescription>
        <detaileddescription>
        </detaileddescription>
        <inbodydescription>
        </inbodydescription>
        <location file="/home/joni/work/tizonia-master/plugins/http_source/src/scloudcfgport_decls.h" line="39" column="1" bodyfile="/home/joni/work/tizonia-master/plugins/http_source/src/scloudcfgport_decls.h" bodystart="41" bodyend="-1"/>
      </memberdef>
      <memberdef kind="typedef" id="scloudcfgport__decls_8h_1aa18dcc037acb7a10b947aeababd501f0" prot="public" static="no">
        <type>struct <ref refid="structscloud__cfgport__class" kindref="compound">scloud_cfgport_class</ref></type>
        <definition>typedef struct scloud_cfgport_class scloud_cfgport_class_t</definition>
        <argsstring></argsstring>
        <name>scloud_cfgport_class_t</name>
        <briefdescription>
        </briefdescription>
        <detaileddescription>
        </detaileddescription>
        <inbodydescription>
        </inbodydescription>
        <location file="/home/joni/work/tizonia-master/plugins/http_source/src/scloudcfgport_decls.h" line="39" column="1" bodyfile="/home/joni/work/tizonia-master/plugins/http_source/src/scloudcfgport_decls.h" bodystart="50" bodyend="-1"/>
      </memberdef>
      </sectiondef>
    <briefdescription>
<para>A specialised config port class for the SoundCloud source component. </para>    </briefdescription>
    <detaileddescription>
<para>Copyright (C) 2011-2018 Aratelia Limited - Juan A. Rubio</para><para>This file is part of Tizonia</para><para>Tizonia is free software: you can redistribute it and/or modify it under the terms of the GNU Lesser General Public License as published by the Free Software Foundation, either version 3 of the License, or (at your option) any later version.</para><para>Tizonia is distributed in the hope that it will be useful, but WITHOUT ANY WARRANTY; without even the implied warranty of MERCHANTABILITY or FITNESS FOR A PARTICULAR PURPOSE. See the GNU Lesser General Public License for more details.</para><para>You should have received a copy of the GNU Lesser General Public License along with Tizonia. If not, see <ulink url="http://www.gnu.org/licenses/">http://www.gnu.org/licenses/</ulink>.</para><para><simplesect kind="author"><para>Juan A. Rubio <ulink url="mailto:juan.rubio@aratelia.com">juan.rubio@aratelia.com</ulink> </para></simplesect>
</para>    </detaileddescription>
    <programlisting>
<codeline lineno="1"></codeline>
<codeline lineno="29"><highlight class="preprocessor">#ifndef<sp/>SCLOUDCFGPORT_DECLS_H</highlight><highlight class="normal"></highlight></codeline>
<codeline lineno="30"><highlight class="normal"></highlight><highlight class="preprocessor">#define<sp/>SCLOUDCFGPORT_DECLS_H</highlight><highlight class="normal"></highlight></codeline>
<codeline lineno="31"><highlight class="normal"></highlight></codeline>
<codeline lineno="32"><highlight class="normal"></highlight><highlight class="preprocessor">#ifdef<sp/>__cplusplus</highlight><highlight class="normal"></highlight></codeline>
<codeline lineno="33"><highlight class="normal"></highlight><highlight class="keyword">extern</highlight><highlight class="normal"><sp/></highlight><highlight class="stringliteral">&quot;C&quot;</highlight><highlight class="normal"><sp/>{</highlight></codeline>
<codeline lineno="34"><highlight class="normal"></highlight><highlight class="preprocessor">#endif</highlight><highlight class="normal"></highlight></codeline>
<codeline lineno="35"><highlight class="normal"></highlight></codeline>
<codeline lineno="36"><highlight class="normal"></highlight><highlight class="preprocessor">#include<sp/>&lt;OMX_Types.h&gt;</highlight><highlight class="normal"></highlight></codeline>
<codeline lineno="37"><highlight class="normal"></highlight><highlight class="preprocessor">#include<sp/>&lt;OMX_TizoniaExt.h&gt;</highlight><highlight class="normal"></highlight></codeline>
<codeline lineno="38"><highlight class="normal"></highlight></codeline>
<codeline lineno="39"><highlight class="normal"></highlight><highlight class="preprocessor">#include<sp/>&lt;tizconfigport_decls.h&gt;</highlight><highlight class="normal"></highlight></codeline>
<codeline lineno="40"><highlight class="normal"></highlight></codeline>
<codeline lineno="41"><highlight class="normal"></highlight><highlight class="keyword">typedef</highlight><highlight class="normal"><sp/></highlight><highlight class="keyword">struct<sp/></highlight><highlight class="normal"><ref refid="structscloud__cfgport" kindref="compound">scloud_cfgport</ref><sp/><ref refid="structscloud__cfgport" kindref="compound">scloud_cfgport_t</ref>;</highlight></codeline>
<codeline lineno="42" refid="structscloud__cfgport" refkind="compound"><highlight class="normal"></highlight><highlight class="keyword">struct<sp/></highlight><highlight class="normal"><ref refid="structscloud__cfgport" kindref="compound">scloud_cfgport</ref></highlight></codeline>
<codeline lineno="43"><highlight class="normal">{</highlight></codeline>
<codeline lineno="44"><highlight class="normal"><sp/><sp/></highlight><highlight class="comment">/*<sp/>Object<sp/>*/</highlight><highlight class="normal"></highlight></codeline>
<codeline lineno="45"><highlight class="normal"><sp/><sp/></highlight><highlight class="keyword">const</highlight><highlight class="normal"><sp/><ref refid="structtiz__configport" kindref="compound">tiz_configport_t</ref><sp/>_;</highlight></codeline>
<codeline lineno="46"><highlight class="normal"><sp/><sp/>OMX_TIZONIA_AUDIO_PARAM_SOUNDCLOUDSESSIONTYPE<sp/>session_;</highlight></codeline>
<codeline lineno="47"><highlight class="normal"><sp/><sp/>OMX_TIZONIA_AUDIO_PARAM_SOUNDCLOUDPLAYLISTTYPE<sp/>playlist_;</highlight></codeline>
<codeline lineno="48"><highlight class="normal">};</highlight></codeline>
<codeline lineno="49"><highlight class="normal"></highlight></codeline>
<codeline lineno="50"><highlight class="normal"></highlight><highlight class="keyword">typedef</highlight><highlight class="normal"><sp/></highlight><highlight class="keyword">struct<sp/></highlight><highlight class="normal"><ref refid="structscloud__cfgport__class" kindref="compound">scloud_cfgport_class</ref><sp/>scloud_cfgport_class_t;</highlight></codeline>
<codeline lineno="51" refid="structscloud__cfgport__class" refkind="compound"><highlight class="normal"></highlight><highlight class="keyword">struct<sp/></highlight><highlight class="normal"><ref refid="structscloud__cfgport__class" kindref="compound">scloud_cfgport_class</ref></highlight></codeline>
<codeline lineno="52"><highlight class="normal">{</highlight></codeline>
<codeline lineno="53"><highlight class="normal"><sp/><sp/></highlight><highlight class="comment">/*<sp/>Class<sp/>*/</highlight><highlight class="normal"></highlight></codeline>
<codeline lineno="54"><highlight class="normal"><sp/><sp/></highlight><highlight class="keyword">const</highlight><highlight class="normal"><sp/><ref refid="structtiz__configport__class" kindref="compound">tiz_configport_class_t</ref><sp/>_;</highlight></codeline>
<codeline lineno="55"><highlight class="normal"><sp/><sp/></highlight><highlight class="comment">/*<sp/>NOTE:<sp/>Class<sp/>methods<sp/>might<sp/>be<sp/>added<sp/>in<sp/>the<sp/>future<sp/>*/</highlight><highlight class="normal"></highlight></codeline>
<codeline lineno="56"><highlight class="normal">};</highlight></codeline>
<codeline lineno="57"><highlight class="normal"></highlight></codeline>
<codeline lineno="58"><highlight class="normal"></highlight><highlight class="preprocessor">#ifdef<sp/>__cplusplus</highlight><highlight class="normal"></highlight></codeline>
<codeline lineno="59"><highlight class="normal">}</highlight></codeline>
<codeline lineno="60"><highlight class="normal"></highlight><highlight class="preprocessor">#endif</highlight><highlight class="normal"></highlight></codeline>
<codeline lineno="61"><highlight class="normal"></highlight></codeline>
<codeline lineno="62"><highlight class="normal"></highlight><highlight class="preprocessor">#endif<sp/></highlight><highlight class="comment">/*<sp/>SCLOUDCFGPORT_DECLS_H<sp/>*/</highlight><highlight class="preprocessor"></highlight></codeline>
    </programlisting>
    <location file="/home/joni/work/tizonia-master/plugins/http_source/src/scloudcfgport_decls.h"/>
  </compounddef>
</doxygen>
