<?xml version='1.0' encoding='UTF-8' standalone='no'?>
<doxygen xmlns:xsi="http://www.w3.org/2001/XMLSchema-instance" xsi:noNamespaceSchemaLocation="compound.xsd" version="1.8.11">
  <compounddef id="spfysrcprc__decls_8h" kind="file" language="C++">
    <compoundname>spfysrcprc_decls.h</compoundname>
    <includes local="no">stdbool.h</includes>
    <includes local="no">libspotify/api.h</includes>
    <includes local="no">OMX_Core.h</includes>
    <includes refid="tizprc__decls_8h" local="no">tizprc_decls.h</includes>
    <includedby refid="spfysrcprc_8c" local="yes">/home/joni/work/tizonia-master/plugins/spotify_source/src/spfysrcprc.c</includedby>
    <incdepgraph>
      <node id="14003">
        <label>stdbool.h</label>
      </node>
      <node id="14004">
        <label>libspotify/api.h</label>
      </node>
      <node id="14040">
        <label>stdarg.h</label>
      </node>
      <node id="14024">
        <label>tizbuffer.h</label>
        <link refid="tizbuffer_8h_source"/>
        <childnode refid="14005" relation="include">
        </childnode>
        <childnode refid="14011" relation="include">
        </childnode>
      </node>
      <node id="14027">
        <label>tizuuid.h</label>
        <link refid="tizuuid_8h_source"/>
        <childnode refid="14011" relation="include">
        </childnode>
      </node>
      <node id="14026">
        <label>tizthread.h</label>
        <link refid="tizthread_8h_source"/>
        <childnode refid="14005" relation="include">
        </childnode>
        <childnode refid="14011" relation="include">
        </childnode>
        <childnode refid="14020" relation="include">
        </childnode>
      </node>
      <node id="14023">
        <label>stdint.h</label>
      </node>
      <node id="14005">
        <label>OMX_Core.h</label>
      </node>
      <node id="14008">
        <label>tizplatform.h</label>
        <link refid="tizplatform_8h_source"/>
        <childnode refid="14009" relation="include">
        </childnode>
        <childnode refid="14017" relation="include">
        </childnode>
        <childnode refid="14014" relation="include">
        </childnode>
        <childnode refid="14019" relation="include">
        </childnode>
        <childnode refid="14021" relation="include">
        </childnode>
        <childnode refid="14024" relation="include">
        </childnode>
        <childnode refid="14025" relation="include">
        </childnode>
        <childnode refid="14020" relation="include">
        </childnode>
        <childnode refid="14026" relation="include">
        </childnode>
        <childnode refid="14027" relation="include">
        </childnode>
        <childnode refid="14010" relation="include">
        </childnode>
        <childnode refid="14028" relation="include">
        </childnode>
        <childnode refid="14022" relation="include">
        </childnode>
        <childnode refid="14029" relation="include">
        </childnode>
        <childnode refid="14030" relation="include">
        </childnode>
        <childnode refid="14031" relation="include">
        </childnode>
        <childnode refid="14032" relation="include">
        </childnode>
        <childnode refid="14033" relation="include">
        </childnode>
        <childnode refid="14034" relation="include">
        </childnode>
        <childnode refid="14035" relation="include">
        </childnode>
      </node>
      <node id="14039">
        <label>tizobject_decls.h</label>
        <link refid="tizobject__decls_8h_source"/>
        <childnode refid="14016" relation="include">
        </childnode>
        <childnode refid="14040" relation="include">
        </childnode>
      </node>
      <node id="14038">
        <label>tizapi_decls.h</label>
        <link refid="tizapi__decls_8h_source"/>
        <childnode refid="14039" relation="include">
        </childnode>
      </node>
      <node id="14002">
        <label>/home/joni/work/tizonia-master/plugins/spotify_source/src/spfysrcprc_decls.h</label>
        <link refid="spfysrcprc_decls.h"/>
        <childnode refid="14003" relation="include">
        </childnode>
        <childnode refid="14004" relation="include">
        </childnode>
        <childnode refid="14005" relation="include">
        </childnode>
        <childnode refid="14006" relation="include">
        </childnode>
      </node>
      <node id="14012">
        <label>OMX_Component.h</label>
      </node>
      <node id="14022">
        <label>tizsoa.h</label>
        <link refid="tizsoa_8h_source"/>
        <childnode refid="14016" relation="include">
        </childnode>
        <childnode refid="14023" relation="include">
        </childnode>
        <childnode refid="14011" relation="include">
        </childnode>
        <childnode refid="14005" relation="include">
        </childnode>
      </node>
      <node id="14006">
        <label>tizprc_decls.h</label>
        <link refid="tizprc__decls_8h_source"/>
        <childnode refid="14005" relation="include">
        </childnode>
        <childnode refid="14007" relation="include">
        </childnode>
        <childnode refid="14036" relation="include">
        </childnode>
      </node>
      <node id="14009">
        <label>tizmacros.h</label>
        <link refid="tizmacros_8h_source"/>
        <childnode refid="14010" relation="include">
        </childnode>
        <childnode refid="14016" relation="include">
        </childnode>
      </node>
      <node id="14016">
        <label>stddef.h</label>
      </node>
      <node id="14033">
        <label>tizprintf.h</label>
        <link refid="tizprintf_8h_source"/>
      </node>
      <node id="14019">
        <label>tizqueue.h</label>
        <link refid="tizqueue_8h_source"/>
        <childnode refid="14005" relation="include">
        </childnode>
        <childnode refid="14011" relation="include">
        </childnode>
        <childnode refid="14020" relation="include">
        </childnode>
      </node>
      <node id="14018">
        <label>log4c.h</label>
      </node>
      <node id="14015">
        <label>sys/types.h</label>
      </node>
      <node id="14014">
        <label>tizmem.h</label>
        <link refid="tizmem_8h_source"/>
        <childnode refid="14015" relation="include">
        </childnode>
        <childnode refid="14011" relation="include">
        </childnode>
      </node>
      <node id="14028">
        <label>tizrc.h</label>
        <link refid="tizrc_8h_source"/>
        <childnode refid="14005" relation="include">
        </childnode>
        <childnode refid="14011" relation="include">
        </childnode>
      </node>
      <node id="14021">
        <label>tizpqueue.h</label>
        <link refid="tizpqueue_8h_source"/>
        <childnode refid="14005" relation="include">
        </childnode>
        <childnode refid="14011" relation="include">
        </childnode>
        <childnode refid="14022" relation="include">
        </childnode>
      </node>
      <node id="14011">
        <label>OMX_Types.h</label>
      </node>
      <node id="14020">
        <label>tizsync.h</label>
        <link refid="tizsync_8h_source"/>
        <childnode refid="14005" relation="include">
        </childnode>
        <childnode refid="14011" relation="include">
        </childnode>
      </node>
      <node id="14017">
        <label>tizlog.h</label>
        <link refid="tizlog_8h_source"/>
        <childnode refid="14018" relation="include">
        </childnode>
      </node>
      <node id="14030">
        <label>tizhttp.h</label>
        <link refid="tizhttp_8h_source"/>
        <childnode refid="14005" relation="include">
        </childnode>
        <childnode refid="14011" relation="include">
        </childnode>
      </node>
      <node id="14025">
        <label>tizvector.h</label>
        <link refid="tizvector_8h_source"/>
        <childnode refid="14005" relation="include">
        </childnode>
        <childnode refid="14011" relation="include">
        </childnode>
      </node>
      <node id="14007">
        <label>tizprc.h</label>
        <link refid="tizprc_8h_source"/>
        <childnode refid="14008" relation="include">
        </childnode>
      </node>
      <node id="14035">
        <label>tizurltransfer.h</label>
        <link refid="tizurltransfer_8h_source"/>
        <childnode refid="14012" relation="include">
        </childnode>
      </node>
      <node id="14034">
        <label>tizshufflelst.h</label>
        <link refid="tizshufflelst_8h_source"/>
        <childnode refid="14005" relation="include">
        </childnode>
        <childnode refid="14011" relation="include">
        </childnode>
      </node>
      <node id="14010">
        <label>tizomxutils.h</label>
        <link refid="tizomxutils_8h_source"/>
        <childnode refid="14011" relation="include">
        </childnode>
        <childnode refid="14012" relation="include">
        </childnode>
        <childnode refid="14013" relation="include">
        </childnode>
        <childnode refid="14005" relation="include">
        </childnode>
        <childnode refid="14014" relation="include">
        </childnode>
      </node>
      <node id="14037">
        <label>tizscheduler.h</label>
        <link refid="tizscheduler_8h_source"/>
        <childnode refid="14005" relation="include">
        </childnode>
        <childnode refid="14011" relation="include">
        </childnode>
        <childnode refid="14012" relation="include">
        </childnode>
        <childnode refid="14008" relation="include">
        </childnode>
      </node>
      <node id="14031">
        <label>tizmap.h</label>
        <link refid="tizmap_8h_source"/>
        <childnode refid="14003" relation="include">
        </childnode>
        <childnode refid="14005" relation="include">
        </childnode>
        <childnode refid="14011" relation="include">
        </childnode>
        <childnode refid="14022" relation="include">
        </childnode>
      </node>
      <node id="14036">
        <label>tizservant_decls.h</label>
        <link refid="tizservant__decls_8h_source"/>
        <childnode refid="14037" relation="include">
        </childnode>
        <childnode refid="14038" relation="include">
        </childnode>
      </node>
      <node id="14029">
        <label>tizev.h</label>
        <link refid="tizev_8h_source"/>
        <childnode refid="14003" relation="include">
        </childnode>
        <childnode refid="14023" relation="include">
        </childnode>
        <childnode refid="14005" relation="include">
        </childnode>
        <childnode refid="14011" relation="include">
        </childnode>
      </node>
      <node id="14032">
        <label>tizlimits.h</label>
        <link refid="tizlimits_8h_source"/>
      </node>
      <node id="14013">
        <label>OMX_Audio.h</label>
      </node>
    </incdepgraph>
    <innerclass refid="structspfysrc__prc" prot="public">spfysrc_prc</innerclass>
    <innerclass refid="structspfysrc__prc__class" prot="public">spfysrc_prc_class</innerclass>
      <sectiondef kind="typedef">
      <memberdef kind="typedef" id="spfysrcprc__decls_8h_1a9afc97c3d8becdca6194234b49c11e90" prot="public" static="no">
        <type>struct <ref refid="structspfysrc__prc" kindref="compound">spfysrc_prc</ref></type>
        <definition>typedef struct spfysrc_prc spfysrc_prc_t</definition>
        <argsstring></argsstring>
        <name>spfysrc_prc_t</name>
        <briefdescription>
        </briefdescription>
        <detaileddescription>
        </detaileddescription>
        <inbodydescription>
        </inbodydescription>
        <location file="/home/joni/work/tizonia-master/plugins/spotify_source/src/spfysrcprc_decls.h" line="39" column="1" bodyfile="/home/joni/work/tizonia-master/plugins/spotify_source/src/spfysrcprc_decls.h" bodystart="43" bodyend="-1"/>
      </memberdef>
      <memberdef kind="typedef" id="spfysrcprc__decls_8h_1a7313b454e5b93a28fd694cbe706c3bc6" prot="public" static="no">
        <type>struct <ref refid="structspfysrc__prc__class" kindref="compound">spfysrc_prc_class</ref></type>
        <definition>typedef struct spfysrc_prc_class spfysrc_prc_class_t</definition>
        <argsstring></argsstring>
        <name>spfysrc_prc_class_t</name>
        <briefdescription>
        </briefdescription>
        <detaileddescription>
        </detaileddescription>
        <inbodydescription>
        </inbodydescription>
        <location file="/home/joni/work/tizonia-master/plugins/spotify_source/src/spfysrcprc_decls.h" line="39" column="1" bodyfile="/home/joni/work/tizonia-master/plugins/spotify_source/src/spfysrcprc_decls.h" bodystart="97" bodyend="-1"/>
      </memberdef>
      </sectiondef>
    <briefdescription>
<para>Tizonia - Spotify client processor declarations. </para>    </briefdescription>
    <detaileddescription>
<para>Copyright (C) 2011-2018 Aratelia Limited - Juan A. Rubio</para><para>This file is part of Tizonia</para><para>Tizonia is free software: you can redistribute it and/or modify it under the terms of the GNU Lesser General Public License as published by the Free Software Foundation, either version 3 of the License, or (at your option) any later version.</para><para>Tizonia is distributed in the hope that it will be useful, but WITHOUT ANY WARRANTY; without even the implied warranty of MERCHANTABILITY or FITNESS FOR A PARTICULAR PURPOSE. See the GNU Lesser General Public License for more details.</para><para>You should have received a copy of the GNU Lesser General Public License along with Tizonia. If not, see <ulink url="http://www.gnu.org/licenses/">http://www.gnu.org/licenses/</ulink>.</para><para><simplesect kind="author"><para>Juan A. Rubio <ulink url="mailto:juan.rubio@aratelia.com">juan.rubio@aratelia.com</ulink> </para></simplesect>
</para>    </detaileddescription>
    <programlisting>
<codeline lineno="1"></codeline>
<codeline lineno="28"><highlight class="preprocessor">#ifndef<sp/>SPFYSRCPRC_DECLS_H</highlight><highlight class="normal"></highlight></codeline>
<codeline lineno="29"><highlight class="normal"></highlight><highlight class="preprocessor">#define<sp/>SPFYSRCPRC_DECLS_H</highlight><highlight class="normal"></highlight></codeline>
<codeline lineno="30"><highlight class="normal"></highlight></codeline>
<codeline lineno="31"><highlight class="normal"></highlight><highlight class="preprocessor">#ifdef<sp/>__cplusplus</highlight><highlight class="normal"></highlight></codeline>
<codeline lineno="32"><highlight class="normal"></highlight><highlight class="keyword">extern</highlight><highlight class="normal"><sp/></highlight><highlight class="stringliteral">&quot;C&quot;</highlight><highlight class="normal"><sp/>{</highlight></codeline>
<codeline lineno="33"><highlight class="normal"></highlight><highlight class="preprocessor">#endif</highlight><highlight class="normal"></highlight></codeline>
<codeline lineno="34"><highlight class="normal"></highlight></codeline>
<codeline lineno="35"><highlight class="normal"></highlight><highlight class="preprocessor">#include<sp/>&lt;stdbool.h&gt;</highlight><highlight class="normal"></highlight></codeline>
<codeline lineno="36"><highlight class="normal"></highlight></codeline>
<codeline lineno="37"><highlight class="normal"></highlight><highlight class="preprocessor">#include<sp/>&lt;libspotify/api.h&gt;</highlight><highlight class="normal"></highlight></codeline>
<codeline lineno="38"><highlight class="normal"></highlight></codeline>
<codeline lineno="39"><highlight class="normal"></highlight><highlight class="preprocessor">#include<sp/>&lt;OMX_Core.h&gt;</highlight><highlight class="normal"></highlight></codeline>
<codeline lineno="40"><highlight class="normal"></highlight></codeline>
<codeline lineno="41"><highlight class="normal"></highlight><highlight class="preprocessor">#include<sp/>&lt;tizprc_decls.h&gt;</highlight><highlight class="normal"></highlight></codeline>
<codeline lineno="42"><highlight class="normal"></highlight></codeline>
<codeline lineno="43"><highlight class="normal"></highlight><highlight class="keyword">typedef</highlight><highlight class="normal"><sp/></highlight><highlight class="keyword">struct<sp/></highlight><highlight class="normal"><ref refid="structspfysrc__prc" kindref="compound">spfysrc_prc</ref><sp/><ref refid="structspfysrc__prc" kindref="compound">spfysrc_prc_t</ref>;</highlight></codeline>
<codeline lineno="44" refid="structspfysrc__prc" refkind="compound"><highlight class="normal"></highlight><highlight class="keyword">struct<sp/></highlight><highlight class="normal"><ref refid="structspfysrc__prc" kindref="compound">spfysrc_prc</ref></highlight></codeline>
<codeline lineno="45"><highlight class="normal">{</highlight></codeline>
<codeline lineno="46"><highlight class="normal"><sp/><sp/></highlight><highlight class="comment">/*<sp/>Object<sp/>*/</highlight><highlight class="normal"></highlight></codeline>
<codeline lineno="47"><highlight class="normal"><sp/><sp/></highlight><highlight class="keyword">const</highlight><highlight class="normal"><sp/><ref refid="structtiz__prc" kindref="compound">tiz_prc_t</ref><sp/>_;</highlight></codeline>
<codeline lineno="48"><highlight class="normal"><sp/><sp/>OMX_BUFFERHEADERTYPE<sp/>*<sp/>p_outhdr_;</highlight></codeline>
<codeline lineno="49"><highlight class="normal"><sp/><sp/>OMX_PARAM_CONTENTURITYPE<sp/>*<sp/>p_uri_param_;</highlight></codeline>
<codeline lineno="50"><highlight class="normal"><sp/><sp/></highlight><highlight class="keywordtype">bool</highlight><highlight class="normal"><sp/>eos_;</highlight></codeline>
<codeline lineno="51"><highlight class="normal"><sp/><sp/></highlight><highlight class="keywordtype">int</highlight><highlight class="normal"><sp/>bytes_till_eos_;</highlight></codeline>
<codeline lineno="52"><highlight class="normal"><sp/><sp/></highlight><highlight class="keywordtype">bool</highlight><highlight class="normal"><sp/>transfering_;</highlight></codeline>
<codeline lineno="53"><highlight class="normal"><sp/><sp/></highlight><highlight class="keywordtype">bool</highlight><highlight class="normal"><sp/>stopping_;</highlight></codeline>
<codeline lineno="54"><highlight class="normal"><sp/><sp/></highlight><highlight class="keywordtype">bool</highlight><highlight class="normal"><sp/>port_disabled_;</highlight></codeline>
<codeline lineno="55"><highlight class="normal"><sp/><sp/></highlight><highlight class="keywordtype">bool</highlight><highlight class="normal"><sp/>spotify_inited_;</highlight></codeline>
<codeline lineno="56"><highlight class="normal"><sp/><sp/></highlight><highlight class="keywordtype">bool</highlight><highlight class="normal"><sp/>spotify_paused_;</highlight></codeline>
<codeline lineno="57"><highlight class="normal"><sp/><sp/></highlight><highlight class="keywordtype">int</highlight><highlight class="normal"><sp/>initial_cache_bytes_;</highlight></codeline>
<codeline lineno="58"><highlight class="normal"><sp/><sp/></highlight><highlight class="keywordtype">int</highlight><highlight class="normal"><sp/>min_cache_bytes_;</highlight></codeline>
<codeline lineno="59"><highlight class="normal"><sp/><sp/></highlight><highlight class="keywordtype">int</highlight><highlight class="normal"><sp/>max_cache_bytes_;</highlight></codeline>
<codeline lineno="60"><highlight class="normal"><sp/><sp/><ref refid="structtiz__buffer" kindref="compound">tiz_buffer_t</ref><sp/>*<sp/>p_store_;<sp/></highlight><highlight class="comment">/*<sp/>The<sp/>component&apos;s<sp/>pcm<sp/>buffer<sp/>*/</highlight><highlight class="normal"></highlight></codeline>
<codeline lineno="61"><highlight class="normal"><sp/><sp/><ref refid="structtiz__event__timer" kindref="compound">tiz_event_timer_t</ref><sp/>*<sp/>p_ev_timer_;</highlight></codeline>
<codeline lineno="62"><highlight class="normal"><sp/><sp/><ref refid="structtiz__shuffle__lst" kindref="compound">tiz_shuffle_lst_t</ref><sp/>*<sp/>p_shuffle_lst_;</highlight></codeline>
<codeline lineno="63"><highlight class="normal"><sp/><sp/>OMX_TIZONIA_AUDIO_PARAM_SPOTIFYSESSIONTYPE<sp/>session_;</highlight></codeline>
<codeline lineno="64"><highlight class="normal"><sp/><sp/>OMX_TIZONIA_AUDIO_PARAM_SPOTIFYPLAYLISTTYPE<sp/>playlist_;</highlight></codeline>
<codeline lineno="65"><highlight class="normal"><sp/><sp/>OMX_TIZONIA_PLAYLISTSKIPTYPE<sp/>playlist_skip_;</highlight></codeline>
<codeline lineno="66"><highlight class="normal"><sp/><sp/>OMX_S32<sp/>audio_coding_type_;</highlight></codeline>
<codeline lineno="67"><highlight class="normal"><sp/><sp/>OMX_U32<sp/>num_channels_;</highlight></codeline>
<codeline lineno="68"><highlight class="normal"><sp/><sp/>OMX_U32<sp/>samplerate_;</highlight></codeline>
<codeline lineno="69"><highlight class="normal"><sp/><sp/></highlight><highlight class="keywordtype">bool</highlight><highlight class="normal"><sp/>auto_detect_on_;</highlight></codeline>
<codeline lineno="70"><highlight class="normal"><sp/><sp/></highlight><highlight class="keywordtype">int</highlight><highlight class="normal"><sp/>track_index_;<sp/></highlight><highlight class="comment">/*<sp/>Index<sp/>to<sp/>the<sp/>next<sp/>track<sp/>*/</highlight><highlight class="normal"></highlight></codeline>
<codeline lineno="71"><highlight class="normal"><sp/><sp/></highlight><highlight class="keywordtype">int</highlight><highlight class="normal"><sp/>nplaylists_;<sp/></highlight><highlight class="comment">/*<sp/>Total<sp/>number<sp/>of<sp/>playlists<sp/>in<sp/>the<sp/>user&apos;s</highlight></codeline>
<codeline lineno="72"><highlight class="comment"><sp/><sp/><sp/><sp/><sp/><sp/><sp/><sp/><sp/><sp/><sp/><sp/><sp/><sp/><sp/><sp/><sp/><sp/><sp/><sp/><sp/><sp/><sp/><sp/><sp/><sp/><sp/>library<sp/>*/</highlight><highlight class="normal"></highlight></codeline>
<codeline lineno="73"><highlight class="normal"><sp/><sp/><ref refid="structtiz__map" kindref="compound">tiz_map_t</ref><sp/>*<sp/>p_ready_playlists_;<sp/><sp/><sp/><sp/><sp/><sp/><sp/><sp/><sp/><sp/><sp/><sp/><sp/><sp/></highlight><highlight class="comment">/*<sp/>A<sp/>map<sp/>containing<sp/>the<sp/>playlists<sp/>that<sp/>are</highlight></codeline>
<codeline lineno="74"><highlight class="comment"><sp/><sp/><sp/><sp/><sp/><sp/><sp/><sp/><sp/><sp/><sp/><sp/><sp/><sp/><sp/><sp/><sp/><sp/><sp/><sp/><sp/><sp/><sp/><sp/><sp/><sp/><sp/><sp/><sp/><sp/><sp/><sp/><sp/><sp/><sp/><sp/>ready<sp/>for<sp/>playback<sp/>*/</highlight><highlight class="normal"></highlight></codeline>
<codeline lineno="75"><highlight class="normal"><sp/><sp/><ref refid="structtiz__map" kindref="compound">tiz_map_t</ref><sp/>*<sp/>p_not_ready_playlists_;<sp/><sp/><sp/><sp/><sp/><sp/><sp/><sp/><sp/><sp/></highlight><highlight class="comment">/*<sp/>A<sp/>map<sp/>containing<sp/>the<sp/>playlists<sp/>that<sp/>are</highlight></codeline>
<codeline lineno="76"><highlight class="comment"><sp/><sp/><sp/><sp/><sp/><sp/><sp/><sp/><sp/><sp/><sp/><sp/><sp/><sp/><sp/><sp/><sp/><sp/><sp/><sp/><sp/><sp/><sp/><sp/><sp/><sp/><sp/><sp/><sp/><sp/><sp/><sp/><sp/><sp/><sp/><sp/><sp/><sp/><sp/><sp/>ready<sp/>for<sp/>playback<sp/>for<sp/>whatever<sp/>reason<sp/>*/</highlight><highlight class="normal"></highlight></codeline>
<codeline lineno="77"><highlight class="normal"><sp/><sp/>OMX_U8<sp/>cache_name_[OMX_MAX_STRINGNAME_SIZE];<sp/></highlight><highlight class="comment">/*<sp/>The<sp/>cache<sp/>name<sp/>*/</highlight><highlight class="normal"></highlight></codeline>
<codeline lineno="78"><highlight class="normal"><sp/><sp/>sp_session<sp/>*<sp/>p_sp_session_;<sp/><sp/><sp/><sp/><sp/><sp/><sp/><sp/><sp/><sp/><sp/><sp/><sp/><sp/><sp/><sp/><sp/><sp/></highlight><highlight class="comment">/*<sp/>The<sp/>global<sp/>session<sp/>handle<sp/>*/</highlight><highlight class="normal"></highlight></codeline>
<codeline lineno="79"><highlight class="normal"><sp/><sp/>sp_session_config<sp/>sp_config_;<sp/><sp/><sp/><sp/><sp/><sp/><sp/><sp/><sp/><sp/><sp/><sp/><sp/><sp/><sp/><sp/></highlight><highlight class="comment">/*<sp/>The<sp/>session<sp/>configuration<sp/>*/</highlight><highlight class="normal"></highlight></codeline>
<codeline lineno="80"><highlight class="normal"><sp/><sp/>sp_session_callbacks<sp/>sp_cbacks_;<sp/><sp/><sp/><sp/><sp/><sp/><sp/><sp/><sp/><sp/><sp/><sp/><sp/></highlight><highlight class="comment">/*<sp/>The<sp/>session<sp/>callbacks<sp/>*/</highlight><highlight class="normal"></highlight></codeline>
<codeline lineno="81"><highlight class="normal"><sp/><sp/>sp_playlist_callbacks<sp/>sp_pl_cbacks_;<sp/><sp/><sp/><sp/><sp/><sp/><sp/><sp/><sp/></highlight><highlight class="comment">/*<sp/>The<sp/>callbacks<sp/>we<sp/>are<sp/>interested<sp/>in</highlight></codeline>
<codeline lineno="82"><highlight class="comment"><sp/><sp/><sp/><sp/><sp/><sp/><sp/><sp/><sp/><sp/><sp/><sp/><sp/><sp/><sp/><sp/><sp/><sp/><sp/><sp/><sp/><sp/><sp/><sp/><sp/><sp/><sp/><sp/><sp/><sp/><sp/><sp/><sp/><sp/><sp/><sp/><sp/><sp/><sp/><sp/><sp/><sp/>for<sp/>individual<sp/>playlists<sp/>*/</highlight><highlight class="normal"></highlight></codeline>
<codeline lineno="83"><highlight class="normal"><sp/><sp/>sp_playlistcontainer_callbacks<sp/>sp_plct_cbacks_;<sp/></highlight><highlight class="comment">/*<sp/>The<sp/>playlist<sp/>container</highlight></codeline>
<codeline lineno="84"><highlight class="comment"><sp/><sp/><sp/><sp/><sp/><sp/><sp/><sp/><sp/><sp/><sp/><sp/><sp/><sp/><sp/><sp/><sp/><sp/><sp/><sp/><sp/><sp/><sp/><sp/><sp/><sp/><sp/><sp/><sp/><sp/><sp/><sp/><sp/><sp/><sp/><sp/><sp/><sp/><sp/><sp/><sp/><sp/><sp/><sp/><sp/><sp/><sp/><sp/><sp/><sp/><sp/><sp/><sp/>callbacks<sp/>*/</highlight><highlight class="normal"></highlight></codeline>
<codeline lineno="85"><highlight class="normal"><sp/><sp/>sp_playlist<sp/>*<sp/>p_sp_playlist_;<sp/><sp/><sp/><sp/><sp/><sp/><sp/><sp/><sp/><sp/><sp/><sp/><sp/><sp/><sp/><sp/><sp/><sp/><sp/></highlight><highlight class="comment">/*<sp/>Handle<sp/>to<sp/>the<sp/>playlist<sp/>currently<sp/>being</highlight></codeline>
<codeline lineno="86"><highlight class="comment"><sp/><sp/><sp/><sp/><sp/><sp/><sp/><sp/><sp/><sp/><sp/><sp/><sp/><sp/><sp/><sp/><sp/><sp/><sp/><sp/><sp/><sp/><sp/><sp/><sp/><sp/><sp/><sp/><sp/><sp/><sp/><sp/><sp/>played<sp/>*/</highlight><highlight class="normal"></highlight></codeline>
<codeline lineno="87"><highlight class="normal"><sp/><sp/>sp_playlist<sp/>*<sp/>p_sp_tentative_playlist_;<sp/><sp/><sp/><sp/><sp/><sp/><sp/><sp/><sp/></highlight><highlight class="comment">/*<sp/>Handle<sp/>to<sp/>a<sp/>tentative<sp/>playlist</highlight></codeline>
<codeline lineno="88"><highlight class="comment"><sp/><sp/><sp/><sp/><sp/><sp/><sp/><sp/><sp/><sp/><sp/><sp/><sp/><sp/><sp/><sp/><sp/><sp/><sp/><sp/><sp/><sp/><sp/><sp/><sp/><sp/><sp/><sp/><sp/><sp/><sp/><sp/><sp/>that<sp/>partially<sp/>match<sp/>the<sp/>requested<sp/>playlist&apos;s</highlight></codeline>
<codeline lineno="89"><highlight class="comment"><sp/><sp/><sp/><sp/><sp/><sp/><sp/><sp/><sp/><sp/><sp/><sp/><sp/><sp/><sp/><sp/><sp/><sp/><sp/><sp/><sp/><sp/><sp/><sp/><sp/><sp/><sp/><sp/><sp/><sp/><sp/><sp/><sp/>name<sp/>*/</highlight><highlight class="normal"></highlight></codeline>
<codeline lineno="90"><highlight class="normal"><sp/><sp/>sp_track<sp/>*<sp/>p_sp_track_;<sp/><sp/><sp/><sp/><sp/><sp/><sp/><sp/><sp/><sp/></highlight><highlight class="comment">/*<sp/>Handle<sp/>to<sp/>the<sp/>current<sp/>track<sp/>*/</highlight><highlight class="normal"></highlight></codeline>
<codeline lineno="91"><highlight class="normal"><sp/><sp/></highlight><highlight class="keywordtype">bool</highlight><highlight class="normal"><sp/>remove_tracks_;<sp/><sp/><sp/><sp/><sp/><sp/><sp/><sp/><sp/><sp/><sp/><sp/><sp/></highlight><highlight class="comment">/*<sp/>Remove<sp/>tracks<sp/>flag<sp/>*/</highlight><highlight class="normal"></highlight></codeline>
<codeline lineno="92"><highlight class="normal"><sp/><sp/></highlight><highlight class="keywordtype">bool</highlight><highlight class="normal"><sp/>keep_processing_sp_events_;<sp/></highlight><highlight class="comment">/*<sp/>callback<sp/>called<sp/>from<sp/>libspotify<sp/>thread<sp/>to</highlight></codeline>
<codeline lineno="93"><highlight class="comment"><sp/><sp/><sp/><sp/><sp/><sp/><sp/><sp/><sp/><sp/><sp/><sp/><sp/><sp/><sp/><sp/><sp/><sp/><sp/><sp/><sp/><sp/><sp/><sp/><sp/><sp/><sp/><sp/><sp/><sp/><sp/><sp/><sp/><sp/><sp/><sp/>*<sp/>ask<sp/>us<sp/>to<sp/>reiterate<sp/>the<sp/>main<sp/>loop<sp/>*/</highlight><highlight class="normal"></highlight></codeline>
<codeline lineno="94"><highlight class="normal"><sp/><sp/></highlight><highlight class="keywordtype">int</highlight><highlight class="normal"><sp/>next_timeout_;<sp/><sp/><sp/><sp/><sp/><sp/><sp/><sp/><sp/><sp/><sp/><sp/><sp/><sp/><sp/></highlight><highlight class="comment">/*<sp/>Remove<sp/>tracks<sp/>flag<sp/>*/</highlight><highlight class="normal"></highlight></codeline>
<codeline lineno="95"><highlight class="normal">};</highlight></codeline>
<codeline lineno="96"><highlight class="normal"></highlight></codeline>
<codeline lineno="97"><highlight class="normal"></highlight><highlight class="keyword">typedef</highlight><highlight class="normal"><sp/></highlight><highlight class="keyword">struct<sp/></highlight><highlight class="normal"><ref refid="structspfysrc__prc__class" kindref="compound">spfysrc_prc_class</ref><sp/>spfysrc_prc_class_t;</highlight></codeline>
<codeline lineno="98" refid="structspfysrc__prc__class" refkind="compound"><highlight class="normal"></highlight><highlight class="keyword">struct<sp/></highlight><highlight class="normal"><ref refid="structspfysrc__prc__class" kindref="compound">spfysrc_prc_class</ref></highlight></codeline>
<codeline lineno="99"><highlight class="normal">{</highlight></codeline>
<codeline lineno="100"><highlight class="normal"><sp/><sp/></highlight><highlight class="comment">/*<sp/>Class<sp/>*/</highlight><highlight class="normal"></highlight></codeline>
<codeline lineno="101"><highlight class="normal"><sp/><sp/></highlight><highlight class="keyword">const</highlight><highlight class="normal"><sp/><ref refid="structtiz__prc__class" kindref="compound">tiz_prc_class_t</ref><sp/>_;</highlight></codeline>
<codeline lineno="102"><highlight class="normal"><sp/><sp/></highlight><highlight class="comment">/*<sp/>NOTE:<sp/>Class<sp/>methods<sp/>might<sp/>be<sp/>added<sp/>in<sp/>the<sp/>future<sp/>*/</highlight><highlight class="normal"></highlight></codeline>
<codeline lineno="103"><highlight class="normal">};</highlight></codeline>
<codeline lineno="104"><highlight class="normal"></highlight></codeline>
<codeline lineno="105"><highlight class="normal"></highlight><highlight class="preprocessor">#ifdef<sp/>__cplusplus</highlight><highlight class="normal"></highlight></codeline>
<codeline lineno="106"><highlight class="normal">}</highlight></codeline>
<codeline lineno="107"><highlight class="normal"></highlight><highlight class="preprocessor">#endif</highlight><highlight class="normal"></highlight></codeline>
<codeline lineno="108"><highlight class="normal"></highlight></codeline>
<codeline lineno="109"><highlight class="normal"></highlight><highlight class="preprocessor">#endif<sp/></highlight><highlight class="comment">/*<sp/>SPFYSRCPRC_DECLS_H<sp/>*/</highlight><highlight class="preprocessor"></highlight></codeline>
    </programlisting>
    <location file="/home/joni/work/tizonia-master/plugins/spotify_source/src/spfysrcprc_decls.h"/>
  </compounddef>
</doxygen>
