<?xml version='1.0' encoding='UTF-8' standalone='no'?>
<doxygen xmlns:xsi="http://www.w3.org/2001/XMLSchema-instance" xsi:noNamespaceSchemaLocation="compound.xsd" version="1.8.11">
  <compounddef id="structsegment" kind="struct" language="C++" prot="public">
    <compoundname>segment</compoundname>
      <sectiondef kind="public-attrib">
      <memberdef kind="variable" id="structsegment_1a20c7ffa8ebf51b049952db10f4220911" prot="public" static="no" mutable="no">
        <type>struct <ref refid="structebml__list" kindref="compound">ebml_list</ref></type>
        <definition>struct ebml_list segment::seek_head</definition>
        <argsstring></argsstring>
        <name>seek_head</name>
        <briefdescription>
        </briefdescription>
        <detaileddescription>
        </detaileddescription>
        <inbodydescription>
        </inbodydescription>
        <location file="/home/joni/work/tizonia-master/plugins/webm_demuxer/src/nestegg/src/nestegg.c" line="204" column="1" bodyfile="/home/joni/work/tizonia-master/plugins/webm_demuxer/src/nestegg/src/nestegg.c" bodystart="314" bodyend="-1"/>
      </memberdef>
      <memberdef kind="variable" id="structsegment_1a407a0ebffaef7836ac05430147497d2b" prot="public" static="no" mutable="no">
        <type>struct <ref refid="structinfo" kindref="compound">info</ref></type>
        <definition>struct info segment::info</definition>
        <argsstring></argsstring>
        <name>info</name>
        <briefdescription>
        </briefdescription>
        <detaileddescription>
        </detaileddescription>
        <inbodydescription>
        </inbodydescription>
        <location file="/home/joni/work/tizonia-master/plugins/webm_demuxer/src/nestegg/src/nestegg.c" line="204" column="1" bodyfile="/home/joni/work/tizonia-master/plugins/webm_demuxer/src/nestegg/src/nestegg.c" bodystart="315" bodyend="-1"/>
      </memberdef>
      <memberdef kind="variable" id="structsegment_1a89399e6b1a078da653c7ac4ec5144f49" prot="public" static="no" mutable="no">
        <type>struct <ref refid="structtracks" kindref="compound">tracks</ref></type>
        <definition>struct tracks segment::tracks</definition>
        <argsstring></argsstring>
        <name>tracks</name>
        <briefdescription>
        </briefdescription>
        <detaileddescription>
        </detaileddescription>
        <inbodydescription>
        </inbodydescription>
        <location file="/home/joni/work/tizonia-master/plugins/webm_demuxer/src/nestegg/src/nestegg.c" line="204" column="1" bodyfile="/home/joni/work/tizonia-master/plugins/webm_demuxer/src/nestegg/src/nestegg.c" bodystart="316" bodyend="-1"/>
      </memberdef>
      <memberdef kind="variable" id="structsegment_1a7cb55d8201be9c5dcbcbdd51e1b764c0" prot="public" static="no" mutable="no">
        <type>struct <ref refid="structcues" kindref="compound">cues</ref></type>
        <definition>struct cues segment::cues</definition>
        <argsstring></argsstring>
        <name>cues</name>
        <briefdescription>
        </briefdescription>
        <detaileddescription>
        </detaileddescription>
        <inbodydescription>
        </inbodydescription>
        <location file="/home/joni/work/tizonia-master/plugins/webm_demuxer/src/nestegg/src/nestegg.c" line="204" column="1" bodyfile="/home/joni/work/tizonia-master/plugins/webm_demuxer/src/nestegg/src/nestegg.c" bodystart="317" bodyend="-1"/>
      </memberdef>
      </sectiondef>
    <briefdescription>
    </briefdescription>
    <detaileddescription>
    </detaileddescription>
    <collaborationgraph>
      <node id="1523">
        <label>tracks</label>
        <link refid="structtracks"/>
        <childnode refid="1524" relation="usage">
          <edgelabel>track_entry</edgelabel>
        </childnode>
      </node>
      <node id="1522">
        <label>segment</label>
        <link refid="structsegment"/>
        <childnode refid="1523" relation="usage">
          <edgelabel>tracks</edgelabel>
        </childnode>
        <childnode refid="1526" relation="usage">
          <edgelabel>info</edgelabel>
        </childnode>
        <childnode refid="1530" relation="usage">
          <edgelabel>cues</edgelabel>
        </childnode>
        <childnode refid="1524" relation="usage">
          <edgelabel>seek_head</edgelabel>
        </childnode>
      </node>
      <node id="1530">
        <label>cues</label>
        <link refid="structcues"/>
        <childnode refid="1524" relation="usage">
          <edgelabel>cue_point</edgelabel>
        </childnode>
      </node>
      <node id="1528">
        <label>ebml_type::ebml_value</label>
        <link refid="unionebml__type_1_1ebml__value"/>
        <childnode refid="1529" relation="usage">
          <edgelabel>b</edgelabel>
        </childnode>
      </node>
      <node id="1527">
        <label>ebml_type</label>
        <link refid="structebml__type"/>
        <childnode refid="1528" relation="usage">
          <edgelabel>v</edgelabel>
        </childnode>
      </node>
      <node id="1524">
        <label>ebml_list</label>
        <link refid="structebml__list"/>
        <childnode refid="1525" relation="usage">
          <edgelabel>head</edgelabel>
          <edgelabel>tail</edgelabel>
        </childnode>
      </node>
      <node id="1525">
        <label>ebml_list_node</label>
        <link refid="structebml__list__node"/>
        <childnode refid="1525" relation="usage">
          <edgelabel>next</edgelabel>
        </childnode>
      </node>
      <node id="1529">
        <label>ebml_binary</label>
        <link refid="structebml__binary"/>
      </node>
      <node id="1526">
        <label>info</label>
        <link refid="structinfo"/>
        <childnode refid="1527" relation="usage">
          <edgelabel>duration</edgelabel>
          <edgelabel>timecode_scale</edgelabel>
        </childnode>
      </node>
    </collaborationgraph>
    <location file="/home/joni/work/tizonia-master/plugins/webm_demuxer/src/nestegg/src/nestegg.c" line="313" column="1" bodyfile="/home/joni/work/tizonia-master/plugins/webm_demuxer/src/nestegg/src/nestegg.c" bodystart="313" bodyend="318"/>
    <listofallmembers>
      <member refid="structsegment_1a7cb55d8201be9c5dcbcbdd51e1b764c0" prot="public" virt="non-virtual"><scope>segment</scope><name>cues</name></member>
      <member refid="structsegment_1a407a0ebffaef7836ac05430147497d2b" prot="public" virt="non-virtual"><scope>segment</scope><name>info</name></member>
      <member refid="structsegment_1a20c7ffa8ebf51b049952db10f4220911" prot="public" virt="non-virtual"><scope>segment</scope><name>seek_head</name></member>
      <member refid="structsegment_1a89399e6b1a078da653c7ac4ec5144f49" prot="public" virt="non-virtual"><scope>segment</scope><name>tracks</name></member>
    </listofallmembers>
  </compounddef>
</doxygen>
