<?xml version='1.0' encoding='UTF-8' standalone='no'?>
<doxygen xmlns:xsi="http://www.w3.org/2001/XMLSchema-instance" xsi:noNamespaceSchemaLocation="compound.xsd" version="1.8.11">
  <compounddef id="structtiz__loaded__class" kind="struct" language="C++" prot="public">
    <compoundname>tiz_loaded_class</compoundname>
      <sectiondef kind="public-attrib">
      <memberdef kind="variable" id="structtiz__loaded__class_1aa71ef7ef1df039c5fa09c7b4bf787fd0" prot="public" static="no" mutable="no">
        <type>const <ref refid="structtiz__state__class" kindref="compound">tiz_state_class_t</ref></type>
        <definition>const tiz_state_class_t tiz_loaded_class::_</definition>
        <argsstring></argsstring>
        <name>_</name>
        <briefdescription>
        </briefdescription>
        <detaileddescription>
        </detaileddescription>
        <inbodydescription>
        </inbodydescription>
        <location file="/home/joni/work/tizonia-master/libtizonia/src/tizstate_decls.h" line="86" column="1" bodyfile="/home/joni/work/tizonia-master/libtizonia/src/tizstate_decls.h" bodystart="86" bodyend="-1"/>
      </memberdef>
      </sectiondef>
    <briefdescription>
    </briefdescription>
    <detaileddescription>
    </detaileddescription>
    <collaborationgraph>
      <node id="2107">
        <label>tiz_object</label>
        <link refid="structtiz__object"/>
        <childnode refid="2106" relation="usage">
          <edgelabel>class</edgelabel>
        </childnode>
      </node>
      <node id="2105">
        <label>tiz_api_class</label>
        <link refid="structtiz__api__class"/>
        <childnode refid="2106" relation="usage">
          <edgelabel>_</edgelabel>
        </childnode>
      </node>
      <node id="2104">
        <label>tiz_state_class</label>
        <link refid="structtiz__state__class"/>
        <childnode refid="2105" relation="usage">
          <edgelabel>_</edgelabel>
        </childnode>
      </node>
      <node id="2103">
        <label>tiz_loaded_class</label>
        <link refid="structtiz__loaded__class"/>
        <childnode refid="2104" relation="usage">
          <edgelabel>_</edgelabel>
        </childnode>
      </node>
      <node id="2106">
        <label>tiz_class</label>
        <link refid="structtiz__class"/>
        <childnode refid="2107" relation="usage">
          <edgelabel>_</edgelabel>
        </childnode>
        <childnode refid="2106" relation="usage">
          <edgelabel>super</edgelabel>
        </childnode>
      </node>
    </collaborationgraph>
    <location file="/home/joni/work/tizonia-master/libtizonia/src/tizstate_decls.h" line="85" column="1" bodyfile="/home/joni/work/tizonia-master/libtizonia/src/tizstate_decls.h" bodystart="84" bodyend="87"/>
    <listofallmembers>
      <member refid="structtiz__loaded__class_1aa71ef7ef1df039c5fa09c7b4bf787fd0" prot="public" virt="non-virtual"><scope>tiz_loaded_class</scope><name>_</name></member>
    </listofallmembers>
  </compounddef>
</doxygen>
