<?xml version='1.0' encoding='UTF-8' standalone='no'?>
<doxygen xmlns:xsi="http://www.w3.org/2001/XMLSchema-instance" xsi:noNamespaceSchemaLocation="compound.xsd" version="1.8.11">
  <compounddef id="structev__watcher__list" kind="struct" language="C++" prot="public">
    <compoundname>ev_watcher_list</compoundname>
    <briefdescription>
    </briefdescription>
    <detaileddescription>
    </detaileddescription>
    <location file="/home/joni/work/tizonia-master/libtizplatform/src/ev/ev.h" line="305" column="1" bodyfile="/home/joni/work/tizonia-master/libtizplatform/src/ev/ev.h" bodystart="304" bodyend="307"/>
    <listofallmembers>
    </listofallmembers>
  </compounddef>
</doxygen>
