<?xml version='1.0' encoding='UTF-8' standalone='no'?>
<doxygen xmlns:xsi="http://www.w3.org/2001/XMLSchema-instance" xsi:noNamespaceSchemaLocation="compound.xsd" version="1.8.11">
  <compounddef id="structtiz__shuffle__lst" kind="struct" language="C++" prot="public">
    <compoundname>tiz_shuffle_lst</compoundname>
      <sectiondef kind="public-attrib">
      <memberdef kind="variable" id="structtiz__shuffle__lst_1ac2169d61b5beb57d2757de7e7659bbcc" prot="public" static="no" mutable="no">
        <type>OMX_S32 *</type>
        <definition>OMX_S32* tiz_shuffle_lst::p_lst</definition>
        <argsstring></argsstring>
        <name>p_lst</name>
        <briefdescription>
        </briefdescription>
        <detaileddescription>
        </detaileddescription>
        <inbodydescription>
        </inbodydescription>
        <location file="/home/joni/work/tizonia-master/libtizplatform/src/tizshufflelst.c" line="46" column="1" bodyfile="/home/joni/work/tizonia-master/libtizplatform/src/tizshufflelst.c" bodystart="46" bodyend="-1"/>
      </memberdef>
      <memberdef kind="variable" id="structtiz__shuffle__lst_1a67f8f5ed3ecd02a84aaf917b217779a0" prot="public" static="no" mutable="no">
        <type>size_t</type>
        <definition>size_t tiz_shuffle_lst::length</definition>
        <argsstring></argsstring>
        <name>length</name>
        <briefdescription>
        </briefdescription>
        <detaileddescription>
        </detaileddescription>
        <inbodydescription>
        </inbodydescription>
        <location file="/home/joni/work/tizonia-master/libtizplatform/src/tizshufflelst.c" line="47" column="1" bodyfile="/home/joni/work/tizonia-master/libtizplatform/src/tizshufflelst.c" bodystart="47" bodyend="-1"/>
      </memberdef>
      <memberdef kind="variable" id="structtiz__shuffle__lst_1afd40d7526a8a3f09aa6c83cb2e06aab6" prot="public" static="no" mutable="no">
        <type>OMX_S32</type>
        <definition>OMX_S32 tiz_shuffle_lst::current_index</definition>
        <argsstring></argsstring>
        <name>current_index</name>
        <briefdescription>
        </briefdescription>
        <detaileddescription>
        </detaileddescription>
        <inbodydescription>
        </inbodydescription>
        <location file="/home/joni/work/tizonia-master/libtizplatform/src/tizshufflelst.c" line="48" column="1" bodyfile="/home/joni/work/tizonia-master/libtizplatform/src/tizshufflelst.c" bodystart="48" bodyend="-1"/>
      </memberdef>
      </sectiondef>
    <briefdescription>
    </briefdescription>
    <detaileddescription>
    </detaileddescription>
    <location file="/home/joni/work/tizonia-master/libtizplatform/src/tizshufflelst.c" line="45" column="1" bodyfile="/home/joni/work/tizonia-master/libtizplatform/src/tizshufflelst.c" bodystart="44" bodyend="49"/>
    <listofallmembers>
      <member refid="structtiz__shuffle__lst_1afd40d7526a8a3f09aa6c83cb2e06aab6" prot="public" virt="non-virtual"><scope>tiz_shuffle_lst</scope><name>current_index</name></member>
      <member refid="structtiz__shuffle__lst_1a67f8f5ed3ecd02a84aaf917b217779a0" prot="public" virt="non-virtual"><scope>tiz_shuffle_lst</scope><name>length</name></member>
      <member refid="structtiz__shuffle__lst_1ac2169d61b5beb57d2757de7e7659bbcc" prot="public" virt="non-virtual"><scope>tiz_shuffle_lst</scope><name>p_lst</name></member>
    </listofallmembers>
  </compounddef>
</doxygen>
