<?xml version='1.0' encoding='UTF-8' standalone='no'?>
<doxygen xmlns:xsi="http://www.w3.org/2001/XMLSchema-instance" xsi:noNamespaceSchemaLocation="compound.xsd" version="1.8.11">
  <compounddef id="structtiz__webmport" kind="struct" language="C++" prot="public">
    <compoundname>tiz_webmport</compoundname>
      <sectiondef kind="public-attrib">
      <memberdef kind="variable" id="structtiz__webmport_1ab518a9596bd16b3354c5affa9ced7bd3" prot="public" static="no" mutable="no">
        <type>const <ref refid="structtiz__port" kindref="compound">tiz_port_t</ref></type>
        <definition>const tiz_port_t tiz_webmport::_</definition>
        <argsstring></argsstring>
        <name>_</name>
        <briefdescription>
        </briefdescription>
        <detaileddescription>
        </detaileddescription>
        <inbodydescription>
        </inbodydescription>
        <location file="/home/joni/work/tizonia-master/libtizonia/src/tizwebmport_decls.h" line="45" column="1" bodyfile="/home/joni/work/tizonia-master/libtizonia/src/tizwebmport_decls.h" bodystart="45" bodyend="-1"/>
      </memberdef>
      </sectiondef>
    <briefdescription>
    </briefdescription>
    <detaileddescription>
    </detaileddescription>
    <collaborationgraph>
      <node id="2717">
        <label>tiz_pd_set</label>
        <link refid="structtiz__pd__set"/>
      </node>
      <node id="2719">
        <label>tiz_object</label>
        <link refid="structtiz__object"/>
        <childnode refid="2720" relation="usage">
          <edgelabel>class</edgelabel>
        </childnode>
      </node>
      <node id="2723">
        <label>tiz_alloc_hooks</label>
        <link refid="structtiz__alloc__hooks"/>
      </node>
      <node id="2721">
        <label>tiz_eglimage_hook</label>
        <link refid="structtiz__eglimage__hook"/>
      </node>
      <node id="2722">
        <label>tiz_port_options</label>
        <link refid="structtiz__port__options"/>
        <childnode refid="2723" relation="usage">
          <edgelabel>mem_hooks</edgelabel>
        </childnode>
      </node>
      <node id="2724">
        <label>tiz_vector</label>
        <link refid="structtiz__vector"/>
      </node>
      <node id="2718">
        <label>tiz_api</label>
        <link refid="structtiz__api"/>
        <childnode refid="2719" relation="usage">
          <edgelabel>_</edgelabel>
        </childnode>
      </node>
      <node id="2720">
        <label>tiz_class</label>
        <link refid="structtiz__class"/>
        <childnode refid="2719" relation="usage">
          <edgelabel>_</edgelabel>
        </childnode>
        <childnode refid="2720" relation="usage">
          <edgelabel>super</edgelabel>
        </childnode>
      </node>
      <node id="2715">
        <label>tiz_webmport</label>
        <link refid="structtiz__webmport"/>
        <childnode refid="2716" relation="usage">
          <edgelabel>_</edgelabel>
        </childnode>
      </node>
      <node id="2716">
        <label>tiz_port</label>
        <link refid="structtiz__port"/>
        <childnode refid="2717" relation="usage">
          <edgelabel>flags_</edgelabel>
        </childnode>
        <childnode refid="2718" relation="usage">
          <edgelabel>_</edgelabel>
        </childnode>
        <childnode refid="2721" relation="usage">
          <edgelabel>eglimage_hook_</edgelabel>
        </childnode>
        <childnode refid="2722" relation="usage">
          <edgelabel>opts_</edgelabel>
        </childnode>
        <childnode refid="2724" relation="usage">
          <edgelabel>p_hdrs_info_</edgelabel>
          <edgelabel>p_marks_</edgelabel>
          <edgelabel>p_hdrs_</edgelabel>
          <edgelabel>p_indexes_</edgelabel>
        </childnode>
      </node>
    </collaborationgraph>
    <location file="/home/joni/work/tizonia-master/libtizonia/src/tizwebmport_decls.h" line="43" column="1" bodyfile="/home/joni/work/tizonia-master/libtizonia/src/tizwebmport_decls.h" bodystart="42" bodyend="46"/>
    <listofallmembers>
      <member refid="structtiz__webmport_1ab518a9596bd16b3354c5affa9ced7bd3" prot="public" virt="non-virtual"><scope>tiz_webmport</scope><name>_</name></member>
    </listofallmembers>
  </compounddef>
</doxygen>
