<?xml version='1.0' encoding='UTF-8' standalone='no'?>
<doxygen xmlns:xsi="http://www.w3.org/2001/XMLSchema-instance" xsi:noNamespaceSchemaLocation="compound.xsd" version="1.8.11">
  <compounddef id="structar__prc" kind="struct" language="C++" prot="public">
    <compoundname>ar_prc</compoundname>
      <sectiondef kind="public-attrib">
      <memberdef kind="variable" id="structar__prc_1aadae5df285790ed9c467b0ab629d07f0" prot="public" static="no" mutable="no">
        <type>const <ref refid="structtiz__prc" kindref="compound">tiz_prc_t</ref></type>
        <definition>const tiz_prc_t ar_prc::_</definition>
        <argsstring></argsstring>
        <name>_</name>
        <briefdescription>
        </briefdescription>
        <detaileddescription>
        </detaileddescription>
        <inbodydescription>
        </inbodydescription>
        <location file="/home/joni/work/tizonia-master/plugins/pcm_renderer_alsa/src/arprc_decls.h" line="48" column="1" bodyfile="/home/joni/work/tizonia-master/plugins/pcm_renderer_alsa/src/arprc_decls.h" bodystart="48" bodyend="-1"/>
      </memberdef>
      <memberdef kind="variable" id="structar__prc_1a8f8fdbf017563fa91d2a08cf299b53c5" prot="public" static="no" mutable="no">
        <type>OMX_AUDIO_PARAM_PCMMODETYPE</type>
        <definition>OMX_AUDIO_PARAM_PCMMODETYPE ar_prc::pcmmode_</definition>
        <argsstring></argsstring>
        <name>pcmmode_</name>
        <briefdescription>
        </briefdescription>
        <detaileddescription>
        </detaileddescription>
        <inbodydescription>
        </inbodydescription>
        <location file="/home/joni/work/tizonia-master/plugins/pcm_renderer_alsa/src/arprc_decls.h" line="49" column="1" bodyfile="/home/joni/work/tizonia-master/plugins/pcm_renderer_alsa/src/arprc_decls.h" bodystart="49" bodyend="-1"/>
      </memberdef>
      <memberdef kind="variable" id="structar__prc_1a2ea078afa05f8c6c8ad3941e2c359392" prot="public" static="no" mutable="no">
        <type>snd_pcm_t *</type>
        <definition>snd_pcm_t* ar_prc::p_pcm_</definition>
        <argsstring></argsstring>
        <name>p_pcm_</name>
        <briefdescription>
        </briefdescription>
        <detaileddescription>
        </detaileddescription>
        <inbodydescription>
        </inbodydescription>
        <location file="/home/joni/work/tizonia-master/plugins/pcm_renderer_alsa/src/arprc_decls.h" line="50" column="1" bodyfile="/home/joni/work/tizonia-master/plugins/pcm_renderer_alsa/src/arprc_decls.h" bodystart="50" bodyend="-1"/>
      </memberdef>
      <memberdef kind="variable" id="structar__prc_1a85ae6f8406a244a89bc57aab0f6e2c09" prot="public" static="no" mutable="no">
        <type>snd_pcm_hw_params_t *</type>
        <definition>snd_pcm_hw_params_t* ar_prc::p_hw_params_</definition>
        <argsstring></argsstring>
        <name>p_hw_params_</name>
        <briefdescription>
        </briefdescription>
        <detaileddescription>
        </detaileddescription>
        <inbodydescription>
        </inbodydescription>
        <location file="/home/joni/work/tizonia-master/plugins/pcm_renderer_alsa/src/arprc_decls.h" line="51" column="1" bodyfile="/home/joni/work/tizonia-master/plugins/pcm_renderer_alsa/src/arprc_decls.h" bodystart="51" bodyend="-1"/>
      </memberdef>
      <memberdef kind="variable" id="structar__prc_1a1e95fcfc5d87a2ea74ad57c54163499a" prot="public" static="no" mutable="no">
        <type>char *</type>
        <definition>char* ar_prc::p_pcm_name_</definition>
        <argsstring></argsstring>
        <name>p_pcm_name_</name>
        <briefdescription>
        </briefdescription>
        <detaileddescription>
        </detaileddescription>
        <inbodydescription>
        </inbodydescription>
        <location file="/home/joni/work/tizonia-master/plugins/pcm_renderer_alsa/src/arprc_decls.h" line="52" column="1" bodyfile="/home/joni/work/tizonia-master/plugins/pcm_renderer_alsa/src/arprc_decls.h" bodystart="52" bodyend="-1"/>
      </memberdef>
      <memberdef kind="variable" id="structar__prc_1ae0a9e6b9e20af6ccc5e5d11bbee67996" prot="public" static="no" mutable="no">
        <type>char *</type>
        <definition>char* ar_prc::p_mixer_name_</definition>
        <argsstring></argsstring>
        <name>p_mixer_name_</name>
        <briefdescription>
        </briefdescription>
        <detaileddescription>
        </detaileddescription>
        <inbodydescription>
        </inbodydescription>
        <location file="/home/joni/work/tizonia-master/plugins/pcm_renderer_alsa/src/arprc_decls.h" line="53" column="1" bodyfile="/home/joni/work/tizonia-master/plugins/pcm_renderer_alsa/src/arprc_decls.h" bodystart="53" bodyend="-1"/>
      </memberdef>
      <memberdef kind="variable" id="structar__prc_1a0d9ff087f746184271f74d05a3b85088" prot="public" static="no" mutable="no">
        <type>bool</type>
        <definition>bool ar_prc::swap_byte_order_</definition>
        <argsstring></argsstring>
        <name>swap_byte_order_</name>
        <briefdescription>
        </briefdescription>
        <detaileddescription>
        </detaileddescription>
        <inbodydescription>
        </inbodydescription>
        <location file="/home/joni/work/tizonia-master/plugins/pcm_renderer_alsa/src/arprc_decls.h" line="54" column="1" bodyfile="/home/joni/work/tizonia-master/plugins/pcm_renderer_alsa/src/arprc_decls.h" bodystart="54" bodyend="-1"/>
      </memberdef>
      <memberdef kind="variable" id="structar__prc_1a180f9e1f71f88cbd37d8a3f0a763840b" prot="public" static="no" mutable="no">
        <type>unsigned int</type>
        <definition>unsigned int ar_prc::num_channels_supported_</definition>
        <argsstring></argsstring>
        <name>num_channels_supported_</name>
        <briefdescription>
        </briefdescription>
        <detaileddescription>
        </detaileddescription>
        <inbodydescription>
        </inbodydescription>
        <location file="/home/joni/work/tizonia-master/plugins/pcm_renderer_alsa/src/arprc_decls.h" line="55" column="1" bodyfile="/home/joni/work/tizonia-master/plugins/pcm_renderer_alsa/src/arprc_decls.h" bodystart="55" bodyend="-1"/>
      </memberdef>
      <memberdef kind="variable" id="structar__prc_1ad82968fe8a50869e9875a8ababff9c6f" prot="public" static="no" mutable="no">
        <type><ref refid="group__tizbuffer_1ga9dee87cf71412c3c56de211c9e04bf74" kindref="member">tiz_buffer_t</ref> *</type>
        <definition>tiz_buffer_t* ar_prc::p_sample_buf_</definition>
        <argsstring></argsstring>
        <name>p_sample_buf_</name>
        <briefdescription>
        </briefdescription>
        <detaileddescription>
        </detaileddescription>
        <inbodydescription>
        </inbodydescription>
        <location file="/home/joni/work/tizonia-master/plugins/pcm_renderer_alsa/src/arprc_decls.h" line="56" column="1" bodyfile="/home/joni/work/tizonia-master/plugins/pcm_renderer_alsa/src/arprc_decls.h" bodystart="56" bodyend="-1"/>
      </memberdef>
      <memberdef kind="variable" id="structar__prc_1af1248f2c832ac569aa30ca3eb0500512" prot="public" static="no" mutable="no">
        <type>int</type>
        <definition>int ar_prc::descriptor_count_</definition>
        <argsstring></argsstring>
        <name>descriptor_count_</name>
        <briefdescription>
        </briefdescription>
        <detaileddescription>
        </detaileddescription>
        <inbodydescription>
        </inbodydescription>
        <location file="/home/joni/work/tizonia-master/plugins/pcm_renderer_alsa/src/arprc_decls.h" line="57" column="1" bodyfile="/home/joni/work/tizonia-master/plugins/pcm_renderer_alsa/src/arprc_decls.h" bodystart="57" bodyend="-1"/>
      </memberdef>
      <memberdef kind="variable" id="structar__prc_1a480a3cf442afc00ffe44be09dbb92761" prot="public" static="no" mutable="no">
        <type>struct pollfd *</type>
        <definition>struct pollfd* ar_prc::p_fds_</definition>
        <argsstring></argsstring>
        <name>p_fds_</name>
        <briefdescription>
        </briefdescription>
        <detaileddescription>
        </detaileddescription>
        <inbodydescription>
        </inbodydescription>
        <location file="/home/joni/work/tizonia-master/plugins/pcm_renderer_alsa/src/arprc_decls.h" line="58" column="1" bodyfile="/home/joni/work/tizonia-master/plugins/pcm_renderer_alsa/src/arprc_decls.h" bodystart="58" bodyend="-1"/>
      </memberdef>
      <memberdef kind="variable" id="structar__prc_1a42190342fee77d03b4ed2bd691359d7d" prot="public" static="no" mutable="no">
        <type><ref refid="group__tizevent_1gae7a73afe22b85074857bb317a8659112" kindref="member">tiz_event_io_t</ref> *</type>
        <definition>tiz_event_io_t* ar_prc::p_ev_io_</definition>
        <argsstring></argsstring>
        <name>p_ev_io_</name>
        <briefdescription>
        </briefdescription>
        <detaileddescription>
        </detaileddescription>
        <inbodydescription>
        </inbodydescription>
        <location file="/home/joni/work/tizonia-master/plugins/pcm_renderer_alsa/src/arprc_decls.h" line="59" column="1" bodyfile="/home/joni/work/tizonia-master/plugins/pcm_renderer_alsa/src/arprc_decls.h" bodystart="59" bodyend="-1"/>
      </memberdef>
      <memberdef kind="variable" id="structar__prc_1ae95b602cf7cf9fd8658f0a44792a669d" prot="public" static="no" mutable="no">
        <type><ref refid="group__tizevent_1ga61beba9d851389a306528773ddd9a8ad" kindref="member">tiz_event_timer_t</ref> *</type>
        <definition>tiz_event_timer_t* ar_prc::p_vol_ramp_timer_</definition>
        <argsstring></argsstring>
        <name>p_vol_ramp_timer_</name>
        <briefdescription>
        </briefdescription>
        <detaileddescription>
        </detaileddescription>
        <inbodydescription>
        </inbodydescription>
        <location file="/home/joni/work/tizonia-master/plugins/pcm_renderer_alsa/src/arprc_decls.h" line="60" column="1" bodyfile="/home/joni/work/tizonia-master/plugins/pcm_renderer_alsa/src/arprc_decls.h" bodystart="60" bodyend="-1"/>
      </memberdef>
      <memberdef kind="variable" id="structar__prc_1a49daae6580dbf71afec3eb900b57cd2f" prot="public" static="no" mutable="no">
        <type><ref refid="group__tizevent_1ga61beba9d851389a306528773ddd9a8ad" kindref="member">tiz_event_timer_t</ref> *</type>
        <definition>tiz_event_timer_t* ar_prc::p_eos_timer_</definition>
        <argsstring></argsstring>
        <name>p_eos_timer_</name>
        <briefdescription>
        </briefdescription>
        <detaileddescription>
        </detaileddescription>
        <inbodydescription>
        </inbodydescription>
        <location file="/home/joni/work/tizonia-master/plugins/pcm_renderer_alsa/src/arprc_decls.h" line="61" column="1" bodyfile="/home/joni/work/tizonia-master/plugins/pcm_renderer_alsa/src/arprc_decls.h" bodystart="61" bodyend="-1"/>
      </memberdef>
      <memberdef kind="variable" id="structar__prc_1aef4e1bcc63f40f0444e6dff1f3773564" prot="public" static="no" mutable="no">
        <type>OMX_BUFFERHEADERTYPE *</type>
        <definition>OMX_BUFFERHEADERTYPE* ar_prc::p_inhdr_</definition>
        <argsstring></argsstring>
        <name>p_inhdr_</name>
        <briefdescription>
        </briefdescription>
        <detaileddescription>
        </detaileddescription>
        <inbodydescription>
        </inbodydescription>
        <location file="/home/joni/work/tizonia-master/plugins/pcm_renderer_alsa/src/arprc_decls.h" line="62" column="1" bodyfile="/home/joni/work/tizonia-master/plugins/pcm_renderer_alsa/src/arprc_decls.h" bodystart="62" bodyend="-1"/>
      </memberdef>
      <memberdef kind="variable" id="structar__prc_1a3094e9f68b5a8cdf4aab2cc3c11a2ffd" prot="public" static="no" mutable="no">
        <type>bool</type>
        <definition>bool ar_prc::port_disabled_</definition>
        <argsstring></argsstring>
        <name>port_disabled_</name>
        <briefdescription>
        </briefdescription>
        <detaileddescription>
        </detaileddescription>
        <inbodydescription>
        </inbodydescription>
        <location file="/home/joni/work/tizonia-master/plugins/pcm_renderer_alsa/src/arprc_decls.h" line="63" column="1" bodyfile="/home/joni/work/tizonia-master/plugins/pcm_renderer_alsa/src/arprc_decls.h" bodystart="63" bodyend="-1"/>
      </memberdef>
      <memberdef kind="variable" id="structar__prc_1a368659a31732bbf86193b60d8af1c056" prot="public" static="no" mutable="no">
        <type>bool</type>
        <definition>bool ar_prc::awaiting_io_ev_</definition>
        <argsstring></argsstring>
        <name>awaiting_io_ev_</name>
        <briefdescription>
        </briefdescription>
        <detaileddescription>
        </detaileddescription>
        <inbodydescription>
        </inbodydescription>
        <location file="/home/joni/work/tizonia-master/plugins/pcm_renderer_alsa/src/arprc_decls.h" line="64" column="1" bodyfile="/home/joni/work/tizonia-master/plugins/pcm_renderer_alsa/src/arprc_decls.h" bodystart="64" bodyend="-1"/>
      </memberdef>
      <memberdef kind="variable" id="structar__prc_1a05096ee37d86ab0e32ffef796929081c" prot="public" static="no" mutable="no">
        <type>OMX_U32</type>
        <definition>OMX_U32 ar_prc::nflags_</definition>
        <argsstring></argsstring>
        <name>nflags_</name>
        <briefdescription>
        </briefdescription>
        <detaileddescription>
        </detaileddescription>
        <inbodydescription>
        </inbodydescription>
        <location file="/home/joni/work/tizonia-master/plugins/pcm_renderer_alsa/src/arprc_decls.h" line="65" column="1" bodyfile="/home/joni/work/tizonia-master/plugins/pcm_renderer_alsa/src/arprc_decls.h" bodystart="65" bodyend="-1"/>
      </memberdef>
      <memberdef kind="variable" id="structar__prc_1a30061d3847238ba9cf264736746840e8" prot="public" static="no" mutable="no">
        <type>float</type>
        <definition>float ar_prc::gain_</definition>
        <argsstring></argsstring>
        <name>gain_</name>
        <briefdescription>
        </briefdescription>
        <detaileddescription>
        </detaileddescription>
        <inbodydescription>
        </inbodydescription>
        <location file="/home/joni/work/tizonia-master/plugins/pcm_renderer_alsa/src/arprc_decls.h" line="66" column="1" bodyfile="/home/joni/work/tizonia-master/plugins/pcm_renderer_alsa/src/arprc_decls.h" bodystart="66" bodyend="-1"/>
      </memberdef>
      <memberdef kind="variable" id="structar__prc_1aea810f045db5004f44cd826df2506ff9" prot="public" static="no" mutable="no">
        <type>long</type>
        <definition>long ar_prc::volume_</definition>
        <argsstring></argsstring>
        <name>volume_</name>
        <briefdescription>
        </briefdescription>
        <detaileddescription>
        </detaileddescription>
        <inbodydescription>
        </inbodydescription>
        <location file="/home/joni/work/tizonia-master/plugins/pcm_renderer_alsa/src/arprc_decls.h" line="67" column="1" bodyfile="/home/joni/work/tizonia-master/plugins/pcm_renderer_alsa/src/arprc_decls.h" bodystart="67" bodyend="-1"/>
      </memberdef>
      <memberdef kind="variable" id="structar__prc_1a8924560e8ff3e9b1d8bd0a717cc67d6c" prot="public" static="no" mutable="no">
        <type>bool</type>
        <definition>bool ar_prc::ramp_enabled_</definition>
        <argsstring></argsstring>
        <name>ramp_enabled_</name>
        <briefdescription>
        </briefdescription>
        <detaileddescription>
        </detaileddescription>
        <inbodydescription>
        </inbodydescription>
        <location file="/home/joni/work/tizonia-master/plugins/pcm_renderer_alsa/src/arprc_decls.h" line="68" column="1" bodyfile="/home/joni/work/tizonia-master/plugins/pcm_renderer_alsa/src/arprc_decls.h" bodystart="68" bodyend="-1"/>
      </memberdef>
      <memberdef kind="variable" id="structar__prc_1aedbcce5f1e9e86012eabe0c8e25df598" prot="public" static="no" mutable="no">
        <type>long</type>
        <definition>long ar_prc::ramp_step_</definition>
        <argsstring></argsstring>
        <name>ramp_step_</name>
        <briefdescription>
        </briefdescription>
        <detaileddescription>
        </detaileddescription>
        <inbodydescription>
        </inbodydescription>
        <location file="/home/joni/work/tizonia-master/plugins/pcm_renderer_alsa/src/arprc_decls.h" line="69" column="1" bodyfile="/home/joni/work/tizonia-master/plugins/pcm_renderer_alsa/src/arprc_decls.h" bodystart="69" bodyend="-1"/>
      </memberdef>
      <memberdef kind="variable" id="structar__prc_1a0dddd43d83ce31336ada44d94e2d4c84" prot="public" static="no" mutable="no">
        <type>long</type>
        <definition>long ar_prc::ramp_step_count_</definition>
        <argsstring></argsstring>
        <name>ramp_step_count_</name>
        <briefdescription>
        </briefdescription>
        <detaileddescription>
        </detaileddescription>
        <inbodydescription>
        </inbodydescription>
        <location file="/home/joni/work/tizonia-master/plugins/pcm_renderer_alsa/src/arprc_decls.h" line="70" column="1" bodyfile="/home/joni/work/tizonia-master/plugins/pcm_renderer_alsa/src/arprc_decls.h" bodystart="70" bodyend="-1"/>
      </memberdef>
      <memberdef kind="variable" id="structar__prc_1a94b9cb29b7e886e277a769b59c6ad05e" prot="public" static="no" mutable="no">
        <type>long</type>
        <definition>long ar_prc::ramp_volume_</definition>
        <argsstring></argsstring>
        <name>ramp_volume_</name>
        <briefdescription>
        </briefdescription>
        <detaileddescription>
        </detaileddescription>
        <inbodydescription>
        </inbodydescription>
        <location file="/home/joni/work/tizonia-master/plugins/pcm_renderer_alsa/src/arprc_decls.h" line="71" column="1" bodyfile="/home/joni/work/tizonia-master/plugins/pcm_renderer_alsa/src/arprc_decls.h" bodystart="71" bodyend="-1"/>
      </memberdef>
      </sectiondef>
    <briefdescription>
    </briefdescription>
    <detaileddescription>
    </detaileddescription>
    <collaborationgraph>
      <node id="52">
        <label>ar_prc</label>
        <link refid="structar__prc"/>
        <childnode refid="53" relation="usage">
          <edgelabel>p_vol_ramp_timer_</edgelabel>
          <edgelabel>p_eos_timer_</edgelabel>
        </childnode>
        <childnode refid="55" relation="usage">
          <edgelabel>p_sample_buf_</edgelabel>
        </childnode>
        <childnode refid="56" relation="usage">
          <edgelabel>p_ev_io_</edgelabel>
        </childnode>
        <childnode refid="58" relation="usage">
          <edgelabel>_</edgelabel>
        </childnode>
      </node>
      <node id="66">
        <label>tiz_object</label>
        <link refid="structtiz__object"/>
        <childnode refid="67" relation="usage">
          <edgelabel>class</edgelabel>
        </childnode>
      </node>
      <node id="64">
        <label>slice</label>
        <link refid="structslice"/>
        <childnode refid="63" relation="usage">
          <edgelabel>p_chunk</edgelabel>
        </childnode>
        <childnode refid="64" relation="usage">
          <edgelabel>p_next_free</edgelabel>
        </childnode>
      </node>
      <node id="55">
        <label>tiz_buffer</label>
        <link refid="structtiz__buffer"/>
      </node>
      <node id="62">
        <label>tiz_soa</label>
        <link refid="structtiz__soa"/>
        <childnode refid="63" relation="usage">
          <edgelabel>p_chunk_lst</edgelabel>
        </childnode>
        <childnode refid="64" relation="usage">
          <edgelabel>p_pending_chain</edgelabel>
          <edgelabel>p_slice_store</edgelabel>
        </childnode>
      </node>
      <node id="61">
        <label>tiz_pqueue_item</label>
        <link refid="structtiz__pqueue__item"/>
        <childnode refid="61" relation="usage">
          <edgelabel>p_prev</edgelabel>
          <edgelabel>p_next</edgelabel>
        </childnode>
      </node>
      <node id="59">
        <label>tiz_srv</label>
        <link refid="structtiz__srv"/>
        <childnode refid="60" relation="usage">
          <edgelabel>p_pq_</edgelabel>
        </childnode>
        <childnode refid="65" relation="usage">
          <edgelabel>_</edgelabel>
        </childnode>
        <childnode refid="68" relation="usage">
          <edgelabel>p_watchers_</edgelabel>
        </childnode>
        <childnode refid="62" relation="usage">
          <edgelabel>p_soa_</edgelabel>
        </childnode>
      </node>
      <node id="60">
        <label>tiz_pqueue</label>
        <link refid="structtiz__pqueue"/>
        <childnode refid="61" relation="usage">
          <edgelabel>p_last</edgelabel>
          <edgelabel>pp_store</edgelabel>
          <edgelabel>p_first</edgelabel>
        </childnode>
        <childnode refid="62" relation="usage">
          <edgelabel>p_soa</edgelabel>
        </childnode>
      </node>
      <node id="65">
        <label>tiz_api</label>
        <link refid="structtiz__api"/>
        <childnode refid="66" relation="usage">
          <edgelabel>_</edgelabel>
        </childnode>
      </node>
      <node id="68">
        <label>tiz_map</label>
        <link refid="structtiz__map"/>
        <childnode refid="62" relation="usage">
          <edgelabel>p_soa</edgelabel>
        </childnode>
      </node>
      <node id="58">
        <label>tiz_prc</label>
        <link refid="structtiz__prc"/>
        <childnode refid="59" relation="usage">
          <edgelabel>_</edgelabel>
        </childnode>
      </node>
      <node id="67">
        <label>tiz_class</label>
        <link refid="structtiz__class"/>
        <childnode refid="66" relation="usage">
          <edgelabel>_</edgelabel>
        </childnode>
        <childnode refid="67" relation="usage">
          <edgelabel>super</edgelabel>
        </childnode>
      </node>
      <node id="54">
        <label>ev_timer</label>
        <link refid="structev__timer"/>
      </node>
      <node id="63">
        <label>chunk</label>
        <link refid="structchunk"/>
        <childnode refid="63" relation="usage">
          <edgelabel>p_next</edgelabel>
        </childnode>
        <childnode refid="62" relation="usage">
          <edgelabel>p_soa</edgelabel>
        </childnode>
      </node>
      <node id="56">
        <label>tiz_event_io</label>
        <link refid="structtiz__event__io"/>
        <childnode refid="56" relation="usage">
          <edgelabel>pf_cback</edgelabel>
        </childnode>
        <childnode refid="57" relation="usage">
          <edgelabel>io</edgelabel>
        </childnode>
      </node>
      <node id="57">
        <label>ev_io</label>
        <link refid="structev__io"/>
      </node>
      <node id="53">
        <label>tiz_event_timer</label>
        <link refid="structtiz__event__timer"/>
        <childnode refid="53" relation="usage">
          <edgelabel>pf_cback</edgelabel>
        </childnode>
        <childnode refid="54" relation="usage">
          <edgelabel>timer</edgelabel>
        </childnode>
      </node>
    </collaborationgraph>
    <location file="/home/joni/work/tizonia-master/plugins/pcm_renderer_alsa/src/arprc_decls.h" line="46" column="1" bodyfile="/home/joni/work/tizonia-master/plugins/pcm_renderer_alsa/src/arprc_decls.h" bodystart="45" bodyend="72"/>
    <listofallmembers>
      <member refid="structar__prc_1aadae5df285790ed9c467b0ab629d07f0" prot="public" virt="non-virtual"><scope>ar_prc</scope><name>_</name></member>
      <member refid="structar__prc_1a368659a31732bbf86193b60d8af1c056" prot="public" virt="non-virtual"><scope>ar_prc</scope><name>awaiting_io_ev_</name></member>
      <member refid="structar__prc_1af1248f2c832ac569aa30ca3eb0500512" prot="public" virt="non-virtual"><scope>ar_prc</scope><name>descriptor_count_</name></member>
      <member refid="structar__prc_1a30061d3847238ba9cf264736746840e8" prot="public" virt="non-virtual"><scope>ar_prc</scope><name>gain_</name></member>
      <member refid="structar__prc_1a05096ee37d86ab0e32ffef796929081c" prot="public" virt="non-virtual"><scope>ar_prc</scope><name>nflags_</name></member>
      <member refid="structar__prc_1a180f9e1f71f88cbd37d8a3f0a763840b" prot="public" virt="non-virtual"><scope>ar_prc</scope><name>num_channels_supported_</name></member>
      <member refid="structar__prc_1a49daae6580dbf71afec3eb900b57cd2f" prot="public" virt="non-virtual"><scope>ar_prc</scope><name>p_eos_timer_</name></member>
      <member refid="structar__prc_1a42190342fee77d03b4ed2bd691359d7d" prot="public" virt="non-virtual"><scope>ar_prc</scope><name>p_ev_io_</name></member>
      <member refid="structar__prc_1a480a3cf442afc00ffe44be09dbb92761" prot="public" virt="non-virtual"><scope>ar_prc</scope><name>p_fds_</name></member>
      <member refid="structar__prc_1a85ae6f8406a244a89bc57aab0f6e2c09" prot="public" virt="non-virtual"><scope>ar_prc</scope><name>p_hw_params_</name></member>
      <member refid="structar__prc_1aef4e1bcc63f40f0444e6dff1f3773564" prot="public" virt="non-virtual"><scope>ar_prc</scope><name>p_inhdr_</name></member>
      <member refid="structar__prc_1ae0a9e6b9e20af6ccc5e5d11bbee67996" prot="public" virt="non-virtual"><scope>ar_prc</scope><name>p_mixer_name_</name></member>
      <member refid="structar__prc_1a2ea078afa05f8c6c8ad3941e2c359392" prot="public" virt="non-virtual"><scope>ar_prc</scope><name>p_pcm_</name></member>
      <member refid="structar__prc_1a1e95fcfc5d87a2ea74ad57c54163499a" prot="public" virt="non-virtual"><scope>ar_prc</scope><name>p_pcm_name_</name></member>
      <member refid="structar__prc_1ad82968fe8a50869e9875a8ababff9c6f" prot="public" virt="non-virtual"><scope>ar_prc</scope><name>p_sample_buf_</name></member>
      <member refid="structar__prc_1ae95b602cf7cf9fd8658f0a44792a669d" prot="public" virt="non-virtual"><scope>ar_prc</scope><name>p_vol_ramp_timer_</name></member>
      <member refid="structar__prc_1a8f8fdbf017563fa91d2a08cf299b53c5" prot="public" virt="non-virtual"><scope>ar_prc</scope><name>pcmmode_</name></member>
      <member refid="structar__prc_1a3094e9f68b5a8cdf4aab2cc3c11a2ffd" prot="public" virt="non-virtual"><scope>ar_prc</scope><name>port_disabled_</name></member>
      <member refid="structar__prc_1a8924560e8ff3e9b1d8bd0a717cc67d6c" prot="public" virt="non-virtual"><scope>ar_prc</scope><name>ramp_enabled_</name></member>
      <member refid="structar__prc_1aedbcce5f1e9e86012eabe0c8e25df598" prot="public" virt="non-virtual"><scope>ar_prc</scope><name>ramp_step_</name></member>
      <member refid="structar__prc_1a0dddd43d83ce31336ada44d94e2d4c84" prot="public" virt="non-virtual"><scope>ar_prc</scope><name>ramp_step_count_</name></member>
      <member refid="structar__prc_1a94b9cb29b7e886e277a769b59c6ad05e" prot="public" virt="non-virtual"><scope>ar_prc</scope><name>ramp_volume_</name></member>
      <member refid="structar__prc_1a0d9ff087f746184271f74d05a3b85088" prot="public" virt="non-virtual"><scope>ar_prc</scope><name>swap_byte_order_</name></member>
      <member refid="structar__prc_1aea810f045db5004f44cd826df2506ff9" prot="public" virt="non-virtual"><scope>ar_prc</scope><name>volume_</name></member>
    </listofallmembers>
  </compounddef>
</doxygen>
