<?xml version='1.0' encoding='UTF-8' standalone='no'?>
<doxygen xmlns:xsi="http://www.w3.org/2001/XMLSchema-instance" xsi:noNamespaceSchemaLocation="compound.xsd" version="1.8.11">
  <compounddef id="structcc__scloud__prc__class" kind="struct" language="C++" prot="public">
    <compoundname>cc_scloud_prc_class</compoundname>
      <sectiondef kind="public-attrib">
      <memberdef kind="variable" id="structcc__scloud__prc__class_1a065e44c5c24e1bf47278c89f75245922" prot="public" static="no" mutable="no">
        <type>const <ref refid="structcc__prc__class" kindref="compound">cc_prc_class_t</ref></type>
        <definition>const cc_prc_class_t cc_scloud_prc_class::_</definition>
        <argsstring></argsstring>
        <name>_</name>
        <briefdescription>
        </briefdescription>
        <detaileddescription>
        </detaileddescription>
        <inbodydescription>
        </inbodydescription>
        <location file="/home/joni/work/tizonia-master/plugins/chromecast_renderer/src/cc_scloudprc_decls.h" line="62" column="1" bodyfile="/home/joni/work/tizonia-master/plugins/chromecast_renderer/src/cc_scloudprc_decls.h" bodystart="62" bodyend="-1"/>
      </memberdef>
      </sectiondef>
    <briefdescription>
    </briefdescription>
    <detaileddescription>
    </detaileddescription>
    <collaborationgraph>
      <node id="383">
        <label>tiz_object</label>
        <link refid="structtiz__object"/>
        <childnode refid="382" relation="usage">
          <edgelabel>class</edgelabel>
        </childnode>
      </node>
      <node id="377">
        <label>tiz_event_stat</label>
        <link refid="structtiz__event__stat"/>
        <childnode refid="377" relation="usage">
          <edgelabel>pf_cback</edgelabel>
        </childnode>
        <childnode refid="378" relation="usage">
          <edgelabel>stat</edgelabel>
        </childnode>
      </node>
      <node id="373">
        <label>cc_prc_class</label>
        <link refid="structcc__prc__class"/>
        <childnode refid="374" relation="usage">
          <edgelabel>_</edgelabel>
        </childnode>
      </node>
      <node id="381">
        <label>tiz_api_class</label>
        <link refid="structtiz__api__class"/>
        <childnode refid="382" relation="usage">
          <edgelabel>_</edgelabel>
        </childnode>
      </node>
      <node id="372">
        <label>cc_scloud_prc_class</label>
        <link refid="structcc__scloud__prc__class"/>
        <childnode refid="373" relation="usage">
          <edgelabel>_</edgelabel>
        </childnode>
      </node>
      <node id="378">
        <label>ev_stat</label>
        <link refid="structev__stat"/>
        <childnode refid="379" relation="usage">
          <edgelabel>timer</edgelabel>
        </childnode>
      </node>
      <node id="376">
        <label>tiz_event_pluggable</label>
        <link refid="structtiz__event__pluggable"/>
        <childnode refid="376" relation="usage">
          <edgelabel>pf_hdlr</edgelabel>
        </childnode>
      </node>
      <node id="375">
        <label>tiz_srv_class</label>
        <link refid="structtiz__srv__class"/>
        <childnode refid="376" relation="usage">
          <edgelabel>ap_event</edgelabel>
        </childnode>
        <childnode refid="377" relation="usage">
          <edgelabel>ap_ev_stat</edgelabel>
          <edgelabel>a_events</edgelabel>
          <edgelabel>a_id</edgelabel>
        </childnode>
        <childnode refid="380" relation="usage">
          <edgelabel>a_repeat</edgelabel>
          <edgelabel>a_id</edgelabel>
          <edgelabel>app_ev_timer</edgelabel>
          <edgelabel>ap_ev_timer</edgelabel>
          <edgelabel>a_after</edgelabel>
        </childnode>
        <childnode refid="381" relation="usage">
          <edgelabel>_</edgelabel>
        </childnode>
        <childnode refid="384" relation="usage">
          <edgelabel>app_ev_io</edgelabel>
          <edgelabel>only_once</edgelabel>
          <edgelabel>a_events</edgelabel>
          <edgelabel>a_id</edgelabel>
          <edgelabel>ap_ev_io</edgelabel>
          <edgelabel>a_fd</edgelabel>
          <edgelabel>a_event</edgelabel>
        </childnode>
      </node>
      <node id="374">
        <label>tiz_prc_class</label>
        <link refid="structtiz__prc__class"/>
        <childnode refid="375" relation="usage">
          <edgelabel>_</edgelabel>
        </childnode>
      </node>
      <node id="382">
        <label>tiz_class</label>
        <link refid="structtiz__class"/>
        <childnode refid="383" relation="usage">
          <edgelabel>_</edgelabel>
        </childnode>
        <childnode refid="382" relation="usage">
          <edgelabel>super</edgelabel>
        </childnode>
      </node>
      <node id="379">
        <label>ev_timer</label>
        <link refid="structev__timer"/>
      </node>
      <node id="384">
        <label>tiz_event_io</label>
        <link refid="structtiz__event__io"/>
        <childnode refid="384" relation="usage">
          <edgelabel>pf_cback</edgelabel>
        </childnode>
        <childnode refid="385" relation="usage">
          <edgelabel>io</edgelabel>
        </childnode>
      </node>
      <node id="385">
        <label>ev_io</label>
        <link refid="structev__io"/>
      </node>
      <node id="380">
        <label>tiz_event_timer</label>
        <link refid="structtiz__event__timer"/>
        <childnode refid="380" relation="usage">
          <edgelabel>pf_cback</edgelabel>
        </childnode>
        <childnode refid="379" relation="usage">
          <edgelabel>timer</edgelabel>
        </childnode>
      </node>
    </collaborationgraph>
    <location file="/home/joni/work/tizonia-master/plugins/chromecast_renderer/src/cc_scloudprc_decls.h" line="60" column="1" bodyfile="/home/joni/work/tizonia-master/plugins/chromecast_renderer/src/cc_scloudprc_decls.h" bodystart="59" bodyend="64"/>
    <listofallmembers>
      <member refid="structcc__scloud__prc__class_1a065e44c5c24e1bf47278c89f75245922" prot="public" virt="non-virtual"><scope>cc_scloud_prc_class</scope><name>_</name></member>
    </listofallmembers>
  </compounddef>
</doxygen>
