<?xml version='1.0' encoding='UTF-8' standalone='no'?>
<doxygen xmlns:xsi="http://www.w3.org/2001/XMLSchema-instance" xsi:noNamespaceSchemaLocation="compound.xsd" version="1.8.11">
  <compounddef id="structev__loop" kind="struct" language="C++" prot="public">
    <compoundname>ev_loop</compoundname>
      <sectiondef kind="public-attrib">
      <memberdef kind="variable" id="structev__loop_1a79e0d7a93635df5af6b3d5ee7d0dd613" prot="public" static="no" mutable="no">
        <type>ev_tstamp</type>
        <definition>ev_tstamp ev_loop::ev_rt_now</definition>
        <argsstring></argsstring>
        <name>ev_rt_now</name>
        <briefdescription>
        </briefdescription>
        <detaileddescription>
        </detaileddescription>
        <inbodydescription>
        </inbodydescription>
        <location file="/home/joni/work/tizonia-master/libtizplatform/src/ev/ev.c" line="1694" column="1" bodyfile="/home/joni/work/tizonia-master/libtizplatform/src/ev/ev.c" bodystart="1694" bodyend="-1"/>
      </memberdef>
      <memberdef kind="variable" id="structev__loop_1a638f5a179e4fdca869beb879625038bd" prot="public" static="no" mutable="no">
        <type>mn_now rfeeds rfeedcnt pending_w timeout_blocktime activecnt backend_fd void(*</type>
        <definition>mn_now rfeeds rfeedcnt pending_w timeout_blocktime activecnt backend_fd void(* ev_loop::backend_modify) (EV_P_ int fd, int oev, int nev)) VAR(backend_poll</definition>
        <argsstring>)(EV_P_ int fd, int oev, int nev)) VAR(backend_poll</argsstring>
        <name>backend_modify</name>
        <briefdescription>
        </briefdescription>
        <detaileddescription>
        </detaileddescription>
        <inbodydescription>
        </inbodydescription>
        <location file="/home/joni/work/tizonia-master/libtizplatform/src/ev/ev_vars.h" line="67" column="1" bodyfile="/home/joni/work/tizonia-master/libtizplatform/src/ev/ev.c" bodystart="67" bodyend="-1"/>
      </memberdef>
      <memberdef kind="variable" id="structev__loop_1a1214578019211e37965bee8bee4422a5" prot="public" static="no" mutable="no">
        <type>mn_now rfeeds rfeedcnt pending_w timeout_blocktime activecnt backend_fd void(*) void(*</type>
        <definition>mn_now rfeeds rfeedcnt pending_w timeout_blocktime activecnt backend_fd void(*) void(* ev_loop::backend_poll) (EV_P_ ev_tstamp timeout)) VARx(ANFD *</definition>
        <argsstring>)(EV_P_ ev_tstamp timeout)) VARx(ANFD *</argsstring>
        <name>backend_poll</name>
        <briefdescription>
        </briefdescription>
        <detaileddescription>
        </detaileddescription>
        <inbodydescription>
        </inbodydescription>
        <location file="/home/joni/work/tizonia-master/libtizplatform/src/ev/ev_vars.h" line="68" column="1" bodyfile="/home/joni/work/tizonia-master/libtizplatform/src/ev/ev.c" bodystart="68" bodyend="-1"/>
      </memberdef>
      <memberdef kind="variable" id="structev__loop_1a4f38d64993c8d90bac02b5af805cb7f7" prot="public" static="no" mutable="no">
        <type>mn_now rfeeds rfeedcnt pending_w timeout_blocktime activecnt backend_fd void(*) void(*) anfd</type>
        <definition>mn_now rfeeds rfeedcnt pending_w timeout_blocktime activecnt backend_fd void(*) void(*) anfd ev_loop::VARx) (int, anfdmax) VARx(ev_io</definition>
        <argsstring>)(int, anfdmax) VARx(ev_io</argsstring>
        <name>VARx</name>
        <briefdescription>
        </briefdescription>
        <detaileddescription>
        </detaileddescription>
        <inbodydescription>
        </inbodydescription>
        <location file="/home/joni/work/tizonia-master/libtizplatform/src/ev/ev_vars.h" line="71" column="1" bodyfile="/home/joni/work/tizonia-master/libtizplatform/src/ev/ev.c" bodystart="71" bodyend="-1"/>
      </memberdef>
      <memberdef kind="variable" id="structev__loop_1ace4c219a8e711d707721a502cc2783aa" prot="public" static="no" mutable="no">
        <type>mn_now rfeeds rfeedcnt pending_w timeout_blocktime activecnt backend_fd void(*) void(*) anfds pipe_</type>
        <definition>mn_now rfeeds rfeedcnt pending_w timeout_blocktime activecnt backend_fd void(*) void(*) anfds pipe_ ev_loop::VARx) (EV_ATOMIC_T, pipe_write_wanted) VARx(EV_ATOMIC_T</definition>
        <argsstring>)(EV_ATOMIC_T, pipe_write_wanted) VARx(EV_ATOMIC_T</argsstring>
        <name>VARx</name>
        <briefdescription>
        </briefdescription>
        <detaileddescription>
        </detaileddescription>
        <inbodydescription>
        </inbodydescription>
        <location file="/home/joni/work/tizonia-master/libtizplatform/src/ev/ev_vars.h" line="75" column="1" bodyfile="/home/joni/work/tizonia-master/libtizplatform/src/ev/ev.c" bodystart="75" bodyend="-1"/>
      </memberdef>
      <memberdef kind="variable" id="structev__loop_1a3f00c5b63790f7ad669b81af249c2e0c" prot="public" static="no" mutable="no">
        <type>mn_now rfeeds rfeedcnt pending_w timeout_blocktime activecnt backend_fd void(*) void(*) anfds pipe_w pipe_write_skippe</type>
        <definition>mn_now rfeeds rfeedcnt pending_w timeout_blocktime activecnt backend_fd void(*) void(*) anfds pipe_w pipe_write_skippe ev_loop::VARx) (pid_t, curpid) VARx(char</definition>
        <argsstring>)(pid_t, curpid) VARx(char</argsstring>
        <name>VARx</name>
        <briefdescription>
        </briefdescription>
        <detaileddescription>
        </detaileddescription>
        <inbodydescription>
        </inbodydescription>
        <location file="/home/joni/work/tizonia-master/libtizplatform/src/ev/ev_vars.h" line="79" column="1" bodyfile="/home/joni/work/tizonia-master/libtizplatform/src/ev/ev.c" bodystart="79" bodyend="-1"/>
      </memberdef>
      <memberdef kind="variable" id="structev__loop_1a849bac09bf792abde809542ef5c8bb68" prot="public" static="no" mutable="no">
        <type>mn_now rfeeds rfeedcnt pending_w timeout_blocktime activecnt backend_fd void(*) void(*) anfds pipe_w pipe_write_skipped postfor</type>
        <definition>mn_now rfeeds rfeedcnt pending_w timeout_blocktime activecnt backend_fd void(*) void(*) anfds pipe_w pipe_write_skipped postfor ev_loop::VARx) (int *, fdchanges) VARx(int</definition>
        <argsstring>)(int *, fdchanges) VARx(int</argsstring>
        <name>VARx</name>
        <briefdescription>
        </briefdescription>
        <detaileddescription>
        </detaileddescription>
        <inbodydescription>
        </inbodydescription>
        <location file="/home/joni/work/tizonia-master/libtizplatform/src/ev/ev_vars.h" line="129" column="1" bodyfile="/home/joni/work/tizonia-master/libtizplatform/src/ev/ev.c" bodystart="129" bodyend="-1"/>
      </memberdef>
      <memberdef kind="variable" id="structev__loop_1a0fa9e47acaf81489e0dd8bc5b90dd254" prot="public" static="no" mutable="no">
        <type>mn_now rfeeds rfeedcnt pending_w timeout_blocktime activecnt backend_fd void(*) void(*) anfds pipe_w pipe_write_skipped postfork fdchangema</type>
        <definition>mn_now rfeeds rfeedcnt pending_w timeout_blocktime activecnt backend_fd void(*) void(*) anfds pipe_w pipe_write_skipped postfork fdchangema ev_loop::VARx) (int, fdchangecnt) VARx(ANHE *</definition>
        <argsstring>)(int, fdchangecnt) VARx(ANHE *</argsstring>
        <name>VARx</name>
        <briefdescription>
        </briefdescription>
        <detaileddescription>
        </detaileddescription>
        <inbodydescription>
        </inbodydescription>
        <location file="/home/joni/work/tizonia-master/libtizplatform/src/ev/ev_vars.h" line="131" column="1" bodyfile="/home/joni/work/tizonia-master/libtizplatform/src/ev/ev.c" bodystart="131" bodyend="-1"/>
      </memberdef>
      <memberdef kind="variable" id="structev__loop_1a6f56555476bcf149cbdcffb172f48319" prot="public" static="no" mutable="no">
        <type>mn_now rfeeds rfeedcnt pending_w timeout_blocktime activecnt backend_fd void(*) void(*) anfds pipe_w pipe_write_skipped postfork fdchangemax timer</type>
        <definition>mn_now rfeeds rfeedcnt pending_w timeout_blocktime activecnt backend_fd void(*) void(*) anfds pipe_w pipe_write_skipped postfork fdchangemax timer ev_loop::VARx) (int, timermax) VARx(int</definition>
        <argsstring>)(int, timermax) VARx(int</argsstring>
        <name>VARx</name>
        <briefdescription>
        </briefdescription>
        <detaileddescription>
        </detaileddescription>
        <inbodydescription>
        </inbodydescription>
        <location file="/home/joni/work/tizonia-master/libtizplatform/src/ev/ev_vars.h" line="134" column="1" bodyfile="/home/joni/work/tizonia-master/libtizplatform/src/ev/ev.c" bodystart="134" bodyend="-1"/>
      </memberdef>
      <memberdef kind="variable" id="structev__loop_1a4743a441179a66c19db719bcb9726abd" prot="public" static="no" mutable="no">
        <type>mn_now rfeeds rfeedcnt pending_w timeout_blocktime activecnt backend_fd void(*) void(*) anfds pipe_w pipe_write_skipped postfork fdchangemax timers timercn</type>
        <definition>mn_now rfeeds rfeedcnt pending_w timeout_blocktime activecnt backend_fd void(*) void(*) anfds pipe_w pipe_write_skipped postfork fdchangemax timers timercn ev_loop::VARx) (ANHE *, periodics) VARx(int</definition>
        <argsstring>)(ANHE *, periodics) VARx(int</argsstring>
        <name>VARx</name>
        <briefdescription>
        </briefdescription>
        <detaileddescription>
        </detaileddescription>
        <inbodydescription>
        </inbodydescription>
        <location file="/home/joni/work/tizonia-master/libtizplatform/src/ev/ev_vars.h" line="138" column="1" bodyfile="/home/joni/work/tizonia-master/libtizplatform/src/ev/ev.c" bodystart="138" bodyend="-1"/>
      </memberdef>
      <memberdef kind="variable" id="structev__loop_1ae7f845d72a332dc09fc58bc9bff84c5f" prot="public" static="no" mutable="no">
        <type>mn_now rfeeds rfeedcnt pending_w timeout_blocktime activecnt backend_fd void(*) void(*) anfds pipe_w pipe_write_skipped postfork fdchangemax timers timercnt periodicma</type>
        <definition>mn_now rfeeds rfeedcnt pending_w timeout_blocktime activecnt backend_fd void(*) void(*) anfds pipe_w pipe_write_skipped postfork fdchangemax timers timercnt periodicma ev_loop::VARx) (int, periodiccnt) VARx(int</definition>
        <argsstring>)(int, periodiccnt) VARx(int</argsstring>
        <name>VARx</name>
        <briefdescription>
        </briefdescription>
        <detaileddescription>
        </detaileddescription>
        <inbodydescription>
        </inbodydescription>
        <location file="/home/joni/work/tizonia-master/libtizplatform/src/ev/ev_vars.h" line="140" column="1" bodyfile="/home/joni/work/tizonia-master/libtizplatform/src/ev/ev.c" bodystart="140" bodyend="-1"/>
      </memberdef>
      <memberdef kind="variable" id="structev__loop_1a5943a455162c6f045b8653971c6b2ada" prot="public" static="no" mutable="no">
        <type>mn_now rfeeds rfeedcnt pending_w timeout_blocktime activecnt backend_fd void(*) void(*) anfds pipe_w pipe_write_skipped postfork fdchangemax timers timercnt periodicmax idleal</type>
        <definition>mn_now rfeeds rfeedcnt pending_w timeout_blocktime activecnt backend_fd void(*) void(*) anfds pipe_w pipe_write_skipped postfork fdchangemax timers timercnt periodicmax idleal ev_loop::VARx) (struct ev_prepare **, prepares) VARx(int</definition>
        <argsstring>)(struct ev_prepare **, prepares) VARx(int</argsstring>
        <name>VARx</name>
        <briefdescription>
        </briefdescription>
        <detaileddescription>
        </detaileddescription>
        <inbodydescription>
        </inbodydescription>
        <location file="/home/joni/work/tizonia-master/libtizplatform/src/ev/ev_vars.h" line="150" column="1" bodyfile="/home/joni/work/tizonia-master/libtizplatform/src/ev/ev.c" bodystart="150" bodyend="-1"/>
      </memberdef>
      <memberdef kind="variable" id="structev__loop_1adf89c4ecb8abadec6860df9077bc1b93" prot="public" static="no" mutable="no">
        <type>mn_now rfeeds rfeedcnt pending_w timeout_blocktime activecnt backend_fd void(*) void(*) anfds pipe_w pipe_write_skipped postfork fdchangemax timers timercnt periodicmax idleall preparema</type>
        <definition>mn_now rfeeds rfeedcnt pending_w timeout_blocktime activecnt backend_fd void(*) void(*) anfds pipe_w pipe_write_skipped postfork fdchangemax timers timercnt periodicmax idleall preparema ev_loop::VARx) (int, preparecnt) VARx(struct ev_check **</definition>
        <argsstring>)(int, preparecnt) VARx(struct ev_check **</argsstring>
        <name>VARx</name>
        <briefdescription>
        </briefdescription>
        <detaileddescription>
        </detaileddescription>
        <inbodydescription>
        </inbodydescription>
        <location file="/home/joni/work/tizonia-master/libtizplatform/src/ev/ev_vars.h" line="152" column="1" bodyfile="/home/joni/work/tizonia-master/libtizplatform/src/ev/ev.c" bodystart="152" bodyend="-1"/>
      </memberdef>
      <memberdef kind="variable" id="structev__loop_1a4385a0d394340966d4536baffcf78a94" prot="public" static="no" mutable="no">
        <type>mn_now rfeeds rfeedcnt pending_w timeout_blocktime activecnt backend_fd void(*) void(*) anfds pipe_w pipe_write_skipped postfork fdchangemax timers timercnt periodicmax idleall preparemax check</type>
        <definition>mn_now rfeeds rfeedcnt pending_w timeout_blocktime activecnt backend_fd void(*) void(*) anfds pipe_w pipe_write_skipped postfork fdchangemax timers timercnt periodicmax idleall preparemax check ev_loop::VARx) (int, checkmax) VARx(int</definition>
        <argsstring>)(int, checkmax) VARx(int</argsstring>
        <name>VARx</name>
        <briefdescription>
        </briefdescription>
        <detaileddescription>
        </detaileddescription>
        <inbodydescription>
        </inbodydescription>
        <location file="/home/joni/work/tizonia-master/libtizplatform/src/ev/ev_vars.h" line="155" column="1" bodyfile="/home/joni/work/tizonia-master/libtizplatform/src/ev/ev.c" bodystart="155" bodyend="-1"/>
      </memberdef>
      <memberdef kind="variable" id="structev__loop_1a6b457b9b4e0643f6b322cf5f44815e27" prot="public" static="no" mutable="no">
        <type>mn_now rfeeds rfeedcnt pending_w timeout_blocktime activecnt backend_fd void(*) void(*) anfds pipe_w pipe_write_skipped postfork fdchangemax timers timercnt periodicmax idleall preparemax checks checkcn</type>
        <definition>mn_now rfeeds rfeedcnt pending_w timeout_blocktime activecnt backend_fd void(*) void(*) anfds pipe_w pipe_write_skipped postfork fdchangemax timers timercnt periodicmax idleall preparemax checks checkcn ev_loop::VARx) (struct ev_fork **, forks) VARx(int</definition>
        <argsstring>)(struct ev_fork **, forks) VARx(int</argsstring>
        <name>VARx</name>
        <briefdescription>
        </briefdescription>
        <detaileddescription>
        </detaileddescription>
        <inbodydescription>
        </inbodydescription>
        <location file="/home/joni/work/tizonia-master/libtizplatform/src/ev/ev_vars.h" line="159" column="1" bodyfile="/home/joni/work/tizonia-master/libtizplatform/src/ev/ev.c" bodystart="159" bodyend="-1"/>
      </memberdef>
      <memberdef kind="variable" id="structev__loop_1a2b95ab2c8bc3f04480910fd8c6b64038" prot="public" static="no" mutable="no">
        <type>mn_now rfeeds rfeedcnt pending_w timeout_blocktime activecnt backend_fd void(*) void(*) anfds pipe_w pipe_write_skipped postfork fdchangemax timers timercnt periodicmax idleall preparemax checks checkcnt forkma</type>
        <definition>mn_now rfeeds rfeedcnt pending_w timeout_blocktime activecnt backend_fd void(*) void(*) anfds pipe_w pipe_write_skipped postfork fdchangemax timers timercnt periodicmax idleall preparemax checks checkcnt forkma ev_loop::VARx) (int, forkcnt) VARx(struct ev_cleanup **</definition>
        <argsstring>)(int, forkcnt) VARx(struct ev_cleanup **</argsstring>
        <name>VARx</name>
        <briefdescription>
        </briefdescription>
        <detaileddescription>
        </detaileddescription>
        <inbodydescription>
        </inbodydescription>
        <location file="/home/joni/work/tizonia-master/libtizplatform/src/ev/ev_vars.h" line="161" column="1" bodyfile="/home/joni/work/tizonia-master/libtizplatform/src/ev/ev.c" bodystart="161" bodyend="-1"/>
      </memberdef>
      <memberdef kind="variable" id="structev__loop_1a72a84b14c2418a71a23c07d32dcbaa02" prot="public" static="no" mutable="no">
        <type>mn_now rfeeds rfeedcnt pending_w timeout_blocktime activecnt backend_fd void(*) void(*) anfds pipe_w pipe_write_skipped postfork fdchangemax timers timercnt periodicmax idleall preparemax checks checkcnt forkmax cleanup</type>
        <definition>mn_now rfeeds rfeedcnt pending_w timeout_blocktime activecnt backend_fd void(*) void(*) anfds pipe_w pipe_write_skipped postfork fdchangemax timers timercnt periodicmax idleall preparemax checks checkcnt forkmax cleanup ev_loop::VARx) (int, cleanupmax) VARx(int</definition>
        <argsstring>)(int, cleanupmax) VARx(int</argsstring>
        <name>VARx</name>
        <briefdescription>
        </briefdescription>
        <detaileddescription>
        </detaileddescription>
        <inbodydescription>
        </inbodydescription>
        <location file="/home/joni/work/tizonia-master/libtizplatform/src/ev/ev_vars.h" line="166" column="1" bodyfile="/home/joni/work/tizonia-master/libtizplatform/src/ev/ev.c" bodystart="166" bodyend="-1"/>
      </memberdef>
      <memberdef kind="variable" id="structev__loop_1ace8faa58e25a8b0baeea8d166c1ccce1" prot="public" static="no" mutable="no">
        <type>mn_now rfeeds rfeedcnt pending_w timeout_blocktime activecnt backend_fd void(*) void(*) anfds pipe_w pipe_write_skipped postfork fdchangemax timers timercnt periodicmax idleall preparemax checks checkcnt forkmax cleanups cleanupcn</type>
        <definition>mn_now rfeeds rfeedcnt pending_w timeout_blocktime activecnt backend_fd void(*) void(*) anfds pipe_w pipe_write_skipped postfork fdchangemax timers timercnt periodicmax idleall preparemax checks checkcnt forkmax cleanups cleanupcn ev_loop::VARx) (EV_ATOMIC_T, async_pending) VARx(struct ev_async **</definition>
        <argsstring>)(EV_ATOMIC_T, async_pending) VARx(struct ev_async **</argsstring>
        <name>VARx</name>
        <briefdescription>
        </briefdescription>
        <detaileddescription>
        </detaileddescription>
        <inbodydescription>
        </inbodydescription>
        <location file="/home/joni/work/tizonia-master/libtizplatform/src/ev/ev_vars.h" line="171" column="1" bodyfile="/home/joni/work/tizonia-master/libtizplatform/src/ev/ev.c" bodystart="171" bodyend="-1"/>
      </memberdef>
      <memberdef kind="variable" id="structev__loop_1a7eedbc2d379e8466b07171230fd401ba" prot="public" static="no" mutable="no">
        <type>mn_now rfeeds rfeedcnt pending_w timeout_blocktime activecnt backend_fd void(*) void(*) anfds pipe_w pipe_write_skipped postfork fdchangemax timers timercnt periodicmax idleall preparemax checks checkcnt forkmax cleanups cleanupcnt async</type>
        <definition>mn_now rfeeds rfeedcnt pending_w timeout_blocktime activecnt backend_fd void(*) void(*) anfds pipe_w pipe_write_skipped postfork fdchangemax timers timercnt periodicmax idleall preparemax checks checkcnt forkmax cleanups cleanupcnt async ev_loop::VARx) (int, asyncmax) VARx(int</definition>
        <argsstring>)(int, asyncmax) VARx(int</argsstring>
        <name>VARx</name>
        <briefdescription>
        </briefdescription>
        <detaileddescription>
        </detaileddescription>
        <inbodydescription>
        </inbodydescription>
        <location file="/home/joni/work/tizonia-master/libtizplatform/src/ev/ev_vars.h" line="173" column="1" bodyfile="/home/joni/work/tizonia-master/libtizplatform/src/ev/ev.c" bodystart="173" bodyend="-1"/>
      </memberdef>
      <memberdef kind="variable" id="structev__loop_1a438c33f65e110684ca3939d0d8e4f8a2" prot="public" static="no" mutable="no">
        <type>mn_now rfeeds rfeedcnt pending_w timeout_blocktime activecnt backend_fd void(*) void(*) anfds pipe_w pipe_write_skipped postfork fdchangemax timers timercnt periodicmax idleall preparemax checks checkcnt forkmax cleanups cleanupcnt asyncs asynccn</type>
        <definition>mn_now rfeeds rfeedcnt pending_w timeout_blocktime activecnt backend_fd void(*) void(*) anfds pipe_w pipe_write_skipped postfork fdchangemax timers timercnt periodicmax idleall preparemax checks checkcnt forkmax cleanups cleanupcnt asyncs asynccn ev_loop::VARx) (EV_ATOMIC_T, sig_pending) VARx(unsigned int</definition>
        <argsstring>)(EV_ATOMIC_T, sig_pending) VARx(unsigned int</argsstring>
        <name>VARx</name>
        <briefdescription>
        </briefdescription>
        <detaileddescription>
        </detaileddescription>
        <inbodydescription>
        </inbodydescription>
        <location file="/home/joni/work/tizonia-master/libtizplatform/src/ev/ev_vars.h" line="184" column="1" bodyfile="/home/joni/work/tizonia-master/libtizplatform/src/ev/ev.c" bodystart="184" bodyend="-1"/>
      </memberdef>
      <memberdef kind="variable" id="structev__loop_1a324fbda9361902a3b1d6d52bab6f265e" prot="public" static="no" mutable="no">
        <type>mn_now rfeeds rfeedcnt pending_w timeout_blocktime activecnt backend_fd void(*) void(*) anfds pipe_w pipe_write_skipped postfork fdchangemax timers timercnt periodicmax idleall preparemax checks checkcnt forkmax cleanups cleanupcnt asyncs asynccnt origflag</type>
        <definition>mn_now rfeeds rfeedcnt pending_w timeout_blocktime activecnt backend_fd void(*) void(*) anfds pipe_w pipe_write_skipped postfork fdchangemax timers timercnt periodicmax idleall preparemax checks checkcnt forkmax cleanups cleanupcnt asyncs asynccnt origflag ev_loop::VARx) (unsigned int, loop_count)VARx(unsigned int</definition>
        <argsstring>)(unsigned int, loop_count) VARx(unsigned int</argsstring>
        <name>VARx</name>
        <briefdescription>
        </briefdescription>
        <detaileddescription>
        </detaileddescription>
        <inbodydescription>
        </inbodydescription>
        <location file="/home/joni/work/tizonia-master/libtizplatform/src/ev/ev_vars.h" line="194" column="1" bodyfile="/home/joni/work/tizonia-master/libtizplatform/src/ev/ev.c" bodystart="194" bodyend="-1"/>
      </memberdef>
      <memberdef kind="variable" id="structev__loop_1a5cfc59285a9eb789734e91c28f940ac1" prot="public" static="no" mutable="no">
        <type>mn_now rfeeds rfeedcnt pending_w timeout_blocktime activecnt backend_fd void(*) void(*) anfds pipe_w pipe_write_skipped postfork fdchangemax timers timercnt periodicmax idleall preparemax checks checkcnt forkmax cleanups cleanupcnt asyncs asynccnt origflags loop_dept</type>
        <definition>mn_now rfeeds rfeedcnt pending_w timeout_blocktime activecnt backend_fd void(*) void(*) anfds pipe_w pipe_write_skipped postfork fdchangemax timers timercnt periodicmax idleall preparemax checks checkcnt forkmax cleanups cleanupcnt asyncs asynccnt origflags loop_dept ev_loop::VARx) (void *, userdata)VAR(release_cb</definition>
        <argsstring>)(void *, userdata) VAR(release_cb</argsstring>
        <name>VARx</name>
        <briefdescription>
        </briefdescription>
        <detaileddescription>
        </detaileddescription>
        <inbodydescription>
        </inbodydescription>
        <location file="/home/joni/work/tizonia-master/libtizplatform/src/ev/ev_vars.h" line="197" column="1" bodyfile="/home/joni/work/tizonia-master/libtizplatform/src/ev/ev.c" bodystart="197" bodyend="-1"/>
      </memberdef>
      <memberdef kind="variable" id="structev__loop_1aee33fe4c236c060160b1c589551c14d9" prot="public" static="no" mutable="no">
        <type>mn_now rfeeds rfeedcnt pending_w timeout_blocktime activecnt backend_fd void(*) void(*) anfds pipe_w pipe_write_skipped postfork fdchangemax timers timercnt periodicmax idleall preparemax checks checkcnt forkmax cleanups cleanupcnt asyncs asynccnt origflags loop_depth void(*</type>
        <definition>mn_now rfeeds rfeedcnt pending_w timeout_blocktime activecnt backend_fd void(*) void(*) anfds pipe_w pipe_write_skipped postfork fdchangemax timers timercnt periodicmax idleall preparemax checks checkcnt forkmax cleanups cleanupcnt asyncs asynccnt origflags loop_depth void(* ev_loop::release_cb) (EV_P) EV_THROW) VAR(acquire_cb</definition>
        <argsstring>)(EV_P) EV_THROW) VAR(acquire_cb</argsstring>
        <name>release_cb</name>
        <briefdescription>
        </briefdescription>
        <detaileddescription>
        </detaileddescription>
        <inbodydescription>
        </inbodydescription>
        <location file="/home/joni/work/tizonia-master/libtizplatform/src/ev/ev_vars.h" line="199" column="1" bodyfile="/home/joni/work/tizonia-master/libtizplatform/src/ev/ev.c" bodystart="199" bodyend="-1"/>
      </memberdef>
      </sectiondef>
      <sectiondef kind="public-func">
      <memberdef kind="function" id="structev__loop_1af70c9204d60291f61193b3a35d0933fa" prot="public" static="no" const="no" explicit="no" inline="no" virt="non-virtual">
        <type></type>
        <definition>ev_loop::VARx</definition>
        <argsstring>(ev_tstamp, now_floor) VARx(ev_tstamp</argsstring>
        <name>VARx</name>
        <param>
          <type>ev_tstamp</type>
        </param>
        <param>
          <type>now_floor</type>
        </param>
        <briefdescription>
        </briefdescription>
        <detaileddescription>
        </detaileddescription>
        <inbodydescription>
        </inbodydescription>
        <location file="/home/joni/work/tizonia-master/libtizplatform/src/ev/ev_vars.h" line="43" column="1"/>
      </memberdef>
      <memberdef kind="function" id="structev__loop_1ae65ba4dee55622a0c747d1af4fef6688" prot="public" static="no" const="no" explicit="no" inline="no" virt="non-virtual">
        <type>mn_now</type>
        <definition>mn_now ev_loop::VARx</definition>
        <argsstring>(ev_tstamp, rtmn_diff) VARx(W *</argsstring>
        <name>VARx</name>
        <param>
          <type>ev_tstamp</type>
        </param>
        <param>
          <type>rtmn_diff</type>
        </param>
        <briefdescription>
        </briefdescription>
        <detaileddescription>
        </detaileddescription>
        <inbodydescription>
        </inbodydescription>
        <location file="/home/joni/work/tizonia-master/libtizplatform/src/ev/ev_vars.h" line="45" column="1"/>
      </memberdef>
      <memberdef kind="function" id="structev__loop_1a0236d9293613ac338e4d9229929ee4c0" prot="public" static="no" const="no" explicit="no" inline="no" virt="non-virtual">
        <type>mn_now rfeeds</type>
        <definition>mn_now rfeeds ev_loop::VARx</definition>
        <argsstring>(int, rfeedmax) VARx(int</argsstring>
        <name>VARx</name>
        <param>
          <type>int</type>
        </param>
        <param>
          <type>rfeedmax</type>
        </param>
        <briefdescription>
        </briefdescription>
        <detaileddescription>
        </detaileddescription>
        <inbodydescription>
        </inbodydescription>
        <location file="/home/joni/work/tizonia-master/libtizplatform/src/ev/ev_vars.h" line="49" column="1"/>
      </memberdef>
      <memberdef kind="function" id="structev__loop_1ab45749dd490b62f5020de7be6d2fe24b" prot="public" static="no" const="no" explicit="no" inline="no" virt="non-virtual">
        <type>mn_now rfeeds rfeedcnt</type>
        <definition>mn_now rfeeds rfeedcnt ev_loop::VARx</definition>
        <argsstring>(int, pendingpri) VARx(ev_prepare</argsstring>
        <name>VARx</name>
        <param>
          <type>int</type>
        </param>
        <param>
          <type>pendingpri</type>
        </param>
        <briefdescription>
        </briefdescription>
        <detaileddescription>
        </detaileddescription>
        <inbodydescription>
        </inbodydescription>
        <location file="/home/joni/work/tizonia-master/libtizplatform/src/ev/ev_vars.h" line="55" column="1"/>
      </memberdef>
      <memberdef kind="function" id="structev__loop_1a0be1bf5667b27afedb5e8322811e980a" prot="public" static="no" const="no" explicit="no" inline="no" virt="non-virtual">
        <type>mn_now rfeeds rfeedcnt pending_w</type>
        <definition>mn_now rfeeds rfeedcnt pending_w ev_loop::VARx</definition>
        <argsstring>(ev_tstamp, io_blocktime) VARx(ev_tstamp</argsstring>
        <name>VARx</name>
        <param>
          <type>ev_tstamp</type>
        </param>
        <param>
          <type>io_blocktime</type>
        </param>
        <briefdescription>
        </briefdescription>
        <detaileddescription>
        </detaileddescription>
        <inbodydescription>
        </inbodydescription>
        <location file="/home/joni/work/tizonia-master/libtizplatform/src/ev/ev_vars.h" line="58" column="1"/>
      </memberdef>
      <memberdef kind="function" id="structev__loop_1a81f7380917590214e2632eafeb7e562c" prot="public" static="no" const="no" explicit="no" inline="no" virt="non-virtual">
        <type>mn_now rfeeds rfeedcnt pending_w timeout_blocktime</type>
        <definition>mn_now rfeeds rfeedcnt pending_w timeout_blocktime ev_loop::VARx</definition>
        <argsstring>(int, backend) VARx(int</argsstring>
        <name>VARx</name>
        <param>
          <type>int</type>
        </param>
        <param>
          <type>backend</type>
        </param>
        <briefdescription>
        </briefdescription>
        <detaileddescription>
        </detaileddescription>
        <inbodydescription>
        </inbodydescription>
        <location file="/home/joni/work/tizonia-master/libtizplatform/src/ev/ev_vars.h" line="61" column="1"/>
      </memberdef>
      <memberdef kind="function" id="structev__loop_1aa56a1452e06b0cfa8d0846000e18a975" prot="public" static="no" const="no" explicit="no" inline="no" virt="non-virtual">
        <type>mn_now rfeeds rfeedcnt pending_w timeout_blocktime activecnt</type>
        <definition>mn_now rfeeds rfeedcnt pending_w timeout_blocktime activecnt ev_loop::VARx</definition>
        <argsstring>(EV_ATOMIC_T, loop_done) VARx(int</argsstring>
        <name>VARx</name>
        <param>
          <type>EV_ATOMIC_T</type>
        </param>
        <param>
          <type>loop_done</type>
        </param>
        <briefdescription>
        </briefdescription>
        <detaileddescription>
        </detaileddescription>
        <inbodydescription>
        </inbodydescription>
        <location file="/home/joni/work/tizonia-master/libtizplatform/src/ev/ev_vars.h" line="63" column="1"/>
      </memberdef>
      <memberdef kind="function" id="structev__loop_1ac2b18e50e559e782902ab4186dc023c4" prot="public" static="no" const="no" explicit="no" inline="no" virt="non-virtual">
        <type>mn_now rfeeds rfeedcnt pending_w timeout_blocktime activecnt backend_fd</type>
        <definition>mn_now rfeeds rfeedcnt pending_w timeout_blocktime activecnt backend_fd ev_loop::VARx</definition>
        <argsstring>(ev_tstamp, backend_mintime) VAR(backend_modify</argsstring>
        <name>VARx</name>
        <param>
          <type>ev_tstamp</type>
        </param>
        <param>
          <type>backend_mintime</type>
        </param>
        <briefdescription>
        </briefdescription>
        <detaileddescription>
        </detaileddescription>
        <inbodydescription>
        </inbodydescription>
        <location file="/home/joni/work/tizonia-master/libtizplatform/src/ev/ev_vars.h" line="66" column="1"/>
      </memberdef>
      </sectiondef>
    <briefdescription>
    </briefdescription>
    <detaileddescription>
    </detaileddescription>
    <location file="/home/joni/work/tizonia-master/libtizplatform/src/ev/ev.c" line="1693" column="1" bodyfile="/home/joni/work/tizonia-master/libtizplatform/src/ev/ev.c" bodystart="1692" bodyend="1699"/>
    <listofallmembers>
      <member refid="structev__loop_1a638f5a179e4fdca869beb879625038bd" prot="public" virt="non-virtual"><scope>ev_loop</scope><name>backend_modify</name></member>
      <member refid="structev__loop_1a1214578019211e37965bee8bee4422a5" prot="public" virt="non-virtual"><scope>ev_loop</scope><name>backend_poll</name></member>
      <member refid="structev__loop_1a79e0d7a93635df5af6b3d5ee7d0dd613" prot="public" virt="non-virtual"><scope>ev_loop</scope><name>ev_rt_now</name></member>
      <member refid="structev__loop_1aee33fe4c236c060160b1c589551c14d9" prot="public" virt="non-virtual"><scope>ev_loop</scope><name>release_cb</name></member>
      <member refid="structev__loop_1a4f38d64993c8d90bac02b5af805cb7f7" prot="public" virt="non-virtual"><scope>ev_loop</scope><name>VARx</name></member>
      <member refid="structev__loop_1ace4c219a8e711d707721a502cc2783aa" prot="public" virt="non-virtual"><scope>ev_loop</scope><name>VARx</name></member>
      <member refid="structev__loop_1a3f00c5b63790f7ad669b81af249c2e0c" prot="public" virt="non-virtual"><scope>ev_loop</scope><name>VARx</name></member>
      <member refid="structev__loop_1a849bac09bf792abde809542ef5c8bb68" prot="public" virt="non-virtual"><scope>ev_loop</scope><name>VARx</name></member>
      <member refid="structev__loop_1a0fa9e47acaf81489e0dd8bc5b90dd254" prot="public" virt="non-virtual"><scope>ev_loop</scope><name>VARx</name></member>
      <member refid="structev__loop_1a6f56555476bcf149cbdcffb172f48319" prot="public" virt="non-virtual"><scope>ev_loop</scope><name>VARx</name></member>
      <member refid="structev__loop_1a4743a441179a66c19db719bcb9726abd" prot="public" virt="non-virtual"><scope>ev_loop</scope><name>VARx</name></member>
      <member refid="structev__loop_1ae7f845d72a332dc09fc58bc9bff84c5f" prot="public" virt="non-virtual"><scope>ev_loop</scope><name>VARx</name></member>
      <member refid="structev__loop_1a5943a455162c6f045b8653971c6b2ada" prot="public" virt="non-virtual"><scope>ev_loop</scope><name>VARx</name></member>
      <member refid="structev__loop_1adf89c4ecb8abadec6860df9077bc1b93" prot="public" virt="non-virtual"><scope>ev_loop</scope><name>VARx</name></member>
      <member refid="structev__loop_1a4385a0d394340966d4536baffcf78a94" prot="public" virt="non-virtual"><scope>ev_loop</scope><name>VARx</name></member>
      <member refid="structev__loop_1a6b457b9b4e0643f6b322cf5f44815e27" prot="public" virt="non-virtual"><scope>ev_loop</scope><name>VARx</name></member>
      <member refid="structev__loop_1a2b95ab2c8bc3f04480910fd8c6b64038" prot="public" virt="non-virtual"><scope>ev_loop</scope><name>VARx</name></member>
      <member refid="structev__loop_1a72a84b14c2418a71a23c07d32dcbaa02" prot="public" virt="non-virtual"><scope>ev_loop</scope><name>VARx</name></member>
      <member refid="structev__loop_1ace8faa58e25a8b0baeea8d166c1ccce1" prot="public" virt="non-virtual"><scope>ev_loop</scope><name>VARx</name></member>
      <member refid="structev__loop_1a7eedbc2d379e8466b07171230fd401ba" prot="public" virt="non-virtual"><scope>ev_loop</scope><name>VARx</name></member>
      <member refid="structev__loop_1a438c33f65e110684ca3939d0d8e4f8a2" prot="public" virt="non-virtual"><scope>ev_loop</scope><name>VARx</name></member>
      <member refid="structev__loop_1a324fbda9361902a3b1d6d52bab6f265e" prot="public" virt="non-virtual"><scope>ev_loop</scope><name>VARx</name></member>
      <member refid="structev__loop_1a5cfc59285a9eb789734e91c28f940ac1" prot="public" virt="non-virtual"><scope>ev_loop</scope><name>VARx</name></member>
      <member refid="structev__loop_1af70c9204d60291f61193b3a35d0933fa" prot="public" virt="non-virtual"><scope>ev_loop</scope><name>VARx</name></member>
      <member refid="structev__loop_1ae65ba4dee55622a0c747d1af4fef6688" prot="public" virt="non-virtual"><scope>ev_loop</scope><name>VARx</name></member>
      <member refid="structev__loop_1a0236d9293613ac338e4d9229929ee4c0" prot="public" virt="non-virtual"><scope>ev_loop</scope><name>VARx</name></member>
      <member refid="structev__loop_1ab45749dd490b62f5020de7be6d2fe24b" prot="public" virt="non-virtual"><scope>ev_loop</scope><name>VARx</name></member>
      <member refid="structev__loop_1a0be1bf5667b27afedb5e8322811e980a" prot="public" virt="non-virtual"><scope>ev_loop</scope><name>VARx</name></member>
      <member refid="structev__loop_1a81f7380917590214e2632eafeb7e562c" prot="public" virt="non-virtual"><scope>ev_loop</scope><name>VARx</name></member>
      <member refid="structev__loop_1aa56a1452e06b0cfa8d0846000e18a975" prot="public" virt="non-virtual"><scope>ev_loop</scope><name>VARx</name></member>
      <member refid="structev__loop_1ac2b18e50e559e782902ab4186dc023c4" prot="public" virt="non-virtual"><scope>ev_loop</scope><name>VARx</name></member>
    </listofallmembers>
  </compounddef>
</doxygen>
