<?xml version='1.0' encoding='UTF-8' standalone='no'?>
<doxygen xmlns:xsi="http://www.w3.org/2001/XMLSchema-instance" xsi:noNamespaceSchemaLocation="compound.xsd" version="1.8.11">
  <compounddef id="structwebmdmuxsrc__prc__class" kind="struct" language="C++" prot="public">
    <compoundname>webmdmuxsrc_prc_class</compoundname>
      <sectiondef kind="public-attrib">
      <memberdef kind="variable" id="structwebmdmuxsrc__prc__class_1ac21584b914aa2290e47cc4498cdf0ac1" prot="public" static="no" mutable="no">
        <type>const <ref refid="structtiz__prc__class" kindref="compound">tiz_prc_class_t</ref></type>
        <definition>const tiz_prc_class_t webmdmuxsrc_prc_class::_</definition>
        <argsstring></argsstring>
        <name>_</name>
        <briefdescription>
        </briefdescription>
        <detaileddescription>
        </detaileddescription>
        <inbodydescription>
        </inbodydescription>
        <location file="/home/joni/work/tizonia-master/plugins/webm_demuxer/src/webmdmuxsrcprc_decls.h" line="68" column="1" bodyfile="/home/joni/work/tizonia-master/plugins/webm_demuxer/src/webmdmuxsrcprc_decls.h" bodystart="68" bodyend="-1"/>
      </memberdef>
      </sectiondef>
    <briefdescription>
    </briefdescription>
    <detaileddescription>
    </detaileddescription>
    <collaborationgraph>
      <node id="3034">
        <label>tiz_object</label>
        <link refid="structtiz__object"/>
        <childnode refid="3033" relation="usage">
          <edgelabel>class</edgelabel>
        </childnode>
      </node>
      <node id="3028">
        <label>tiz_event_stat</label>
        <link refid="structtiz__event__stat"/>
        <childnode refid="3028" relation="usage">
          <edgelabel>pf_cback</edgelabel>
        </childnode>
        <childnode refid="3029" relation="usage">
          <edgelabel>stat</edgelabel>
        </childnode>
      </node>
      <node id="3024">
        <label>webmdmuxsrc_prc_class</label>
        <link refid="structwebmdmuxsrc__prc__class"/>
        <childnode refid="3025" relation="usage">
          <edgelabel>_</edgelabel>
        </childnode>
      </node>
      <node id="3032">
        <label>tiz_api_class</label>
        <link refid="structtiz__api__class"/>
        <childnode refid="3033" relation="usage">
          <edgelabel>_</edgelabel>
        </childnode>
      </node>
      <node id="3029">
        <label>ev_stat</label>
        <link refid="structev__stat"/>
        <childnode refid="3030" relation="usage">
          <edgelabel>timer</edgelabel>
        </childnode>
      </node>
      <node id="3027">
        <label>tiz_event_pluggable</label>
        <link refid="structtiz__event__pluggable"/>
        <childnode refid="3027" relation="usage">
          <edgelabel>pf_hdlr</edgelabel>
        </childnode>
      </node>
      <node id="3026">
        <label>tiz_srv_class</label>
        <link refid="structtiz__srv__class"/>
        <childnode refid="3027" relation="usage">
          <edgelabel>ap_event</edgelabel>
        </childnode>
        <childnode refid="3028" relation="usage">
          <edgelabel>ap_ev_stat</edgelabel>
          <edgelabel>a_events</edgelabel>
          <edgelabel>a_id</edgelabel>
        </childnode>
        <childnode refid="3031" relation="usage">
          <edgelabel>a_repeat</edgelabel>
          <edgelabel>a_id</edgelabel>
          <edgelabel>app_ev_timer</edgelabel>
          <edgelabel>ap_ev_timer</edgelabel>
          <edgelabel>a_after</edgelabel>
        </childnode>
        <childnode refid="3032" relation="usage">
          <edgelabel>_</edgelabel>
        </childnode>
        <childnode refid="3035" relation="usage">
          <edgelabel>app_ev_io</edgelabel>
          <edgelabel>only_once</edgelabel>
          <edgelabel>a_events</edgelabel>
          <edgelabel>a_id</edgelabel>
          <edgelabel>ap_ev_io</edgelabel>
          <edgelabel>a_fd</edgelabel>
          <edgelabel>a_event</edgelabel>
        </childnode>
      </node>
      <node id="3025">
        <label>tiz_prc_class</label>
        <link refid="structtiz__prc__class"/>
        <childnode refid="3026" relation="usage">
          <edgelabel>_</edgelabel>
        </childnode>
      </node>
      <node id="3033">
        <label>tiz_class</label>
        <link refid="structtiz__class"/>
        <childnode refid="3034" relation="usage">
          <edgelabel>_</edgelabel>
        </childnode>
        <childnode refid="3033" relation="usage">
          <edgelabel>super</edgelabel>
        </childnode>
      </node>
      <node id="3030">
        <label>ev_timer</label>
        <link refid="structev__timer"/>
      </node>
      <node id="3035">
        <label>tiz_event_io</label>
        <link refid="structtiz__event__io"/>
        <childnode refid="3035" relation="usage">
          <edgelabel>pf_cback</edgelabel>
        </childnode>
        <childnode refid="3036" relation="usage">
          <edgelabel>io</edgelabel>
        </childnode>
      </node>
      <node id="3036">
        <label>ev_io</label>
        <link refid="structev__io"/>
      </node>
      <node id="3031">
        <label>tiz_event_timer</label>
        <link refid="structtiz__event__timer"/>
        <childnode refid="3031" relation="usage">
          <edgelabel>pf_cback</edgelabel>
        </childnode>
        <childnode refid="3030" relation="usage">
          <edgelabel>timer</edgelabel>
        </childnode>
      </node>
    </collaborationgraph>
    <location file="/home/joni/work/tizonia-master/plugins/webm_demuxer/src/webmdmuxsrcprc_decls.h" line="66" column="1" bodyfile="/home/joni/work/tizonia-master/plugins/webm_demuxer/src/webmdmuxsrcprc_decls.h" bodystart="65" bodyend="70"/>
    <listofallmembers>
      <member refid="structwebmdmuxsrc__prc__class_1ac21584b914aa2290e47cc4498cdf0ac1" prot="public" virt="non-virtual"><scope>webmdmuxsrc_prc_class</scope><name>_</name></member>
    </listofallmembers>
  </compounddef>
</doxygen>
