<?xml version='1.0' encoding='UTF-8' standalone='no'?>
<doxygen xmlns:xsi="http://www.w3.org/2001/XMLSchema-instance" xsi:noNamespaceSchemaLocation="compound.xsd" version="1.8.11">
  <compounddef id="structtiz__rcfile" kind="struct" language="C++" prot="public">
    <compoundname>tiz_rcfile</compoundname>
      <sectiondef kind="public-attrib">
      <memberdef kind="variable" id="structtiz__rcfile_1a3809d33b323f5642b07941ba6a807735" prot="public" static="no" mutable="no">
        <type><ref refid="structkeyval" kindref="compound">keyval_t</ref> *</type>
        <definition>keyval_t* tiz_rcfile::p_keyvals</definition>
        <argsstring></argsstring>
        <name>p_keyvals</name>
        <briefdescription>
        </briefdescription>
        <detaileddescription>
        </detaileddescription>
        <inbodydescription>
        </inbodydescription>
        <location file="/home/joni/work/tizonia-master/libtizplatform/src/tizplatform_internal.h" line="69" column="1" bodyfile="/home/joni/work/tizonia-master/libtizplatform/src/tizplatform_internal.h" bodystart="69" bodyend="-1"/>
      </memberdef>
      <memberdef kind="variable" id="structtiz__rcfile_1a2f8db74b4fe021f065d015685456ce4b" prot="public" static="no" mutable="no">
        <type>int</type>
        <definition>int tiz_rcfile::count</definition>
        <argsstring></argsstring>
        <name>count</name>
        <briefdescription>
        </briefdescription>
        <detaileddescription>
        </detaileddescription>
        <inbodydescription>
        </inbodydescription>
        <location file="/home/joni/work/tizonia-master/libtizplatform/src/tizplatform_internal.h" line="70" column="1" bodyfile="/home/joni/work/tizonia-master/libtizplatform/src/tizplatform_internal.h" bodystart="70" bodyend="-1"/>
      </memberdef>
      </sectiondef>
    <briefdescription>
    </briefdescription>
    <detaileddescription>
    </detaileddescription>
    <collaborationgraph>
      <node id="2386">
        <label>value</label>
        <link refid="structvalue"/>
        <childnode refid="2386" relation="usage">
          <edgelabel>p_next</edgelabel>
        </childnode>
      </node>
      <node id="2385">
        <label>keyval</label>
        <link refid="structkeyval"/>
        <childnode refid="2385" relation="usage">
          <edgelabel>p_next</edgelabel>
        </childnode>
        <childnode refid="2386" relation="usage">
          <edgelabel>p_value_list</edgelabel>
          <edgelabel>p_value_iter</edgelabel>
        </childnode>
      </node>
      <node id="2384">
        <label>tiz_rcfile</label>
        <link refid="structtiz__rcfile"/>
        <childnode refid="2385" relation="usage">
          <edgelabel>p_keyvals</edgelabel>
        </childnode>
      </node>
    </collaborationgraph>
    <location file="/home/joni/work/tizonia-master/libtizplatform/src/tizplatform_internal.h" line="68" column="1" bodyfile="/home/joni/work/tizonia-master/libtizplatform/src/tizplatform_internal.h" bodystart="67" bodyend="71"/>
    <listofallmembers>
      <member refid="structtiz__rcfile_1a2f8db74b4fe021f065d015685456ce4b" prot="public" virt="non-virtual"><scope>tiz_rcfile</scope><name>count</name></member>
      <member refid="structtiz__rcfile_1a3809d33b323f5642b07941ba6a807735" prot="public" virt="non-virtual"><scope>tiz_rcfile</scope><name>p_keyvals</name></member>
    </listofallmembers>
  </compounddef>
</doxygen>
