<?xml version='1.0' encoding='UTF-8' standalone='no'?>
<doxygen xmlns:xsi="http://www.w3.org/2001/XMLSchema-instance" xsi:noNamespaceSchemaLocation="compound.xsd" version="1.8.11">
  <compounddef id="structtiz__opusport__class" kind="struct" language="C++" prot="public">
    <compoundname>tiz_opusport_class</compoundname>
      <sectiondef kind="public-attrib">
      <memberdef kind="variable" id="structtiz__opusport__class_1a9982533178097b881dbe68339ae09b22" prot="public" static="no" mutable="no">
        <type>const <ref refid="structtiz__audioport__class" kindref="compound">tiz_audioport_class_t</ref></type>
        <definition>const tiz_audioport_class_t tiz_opusport_class::_</definition>
        <argsstring></argsstring>
        <name>_</name>
        <briefdescription>
        </briefdescription>
        <detaileddescription>
        </detaileddescription>
        <inbodydescription>
        </inbodydescription>
        <location file="/home/joni/work/tizonia-master/libtizonia/src/tizopusport_decls.h" line="52" column="1" bodyfile="/home/joni/work/tizonia-master/libtizonia/src/tizopusport_decls.h" bodystart="52" bodyend="-1"/>
      </memberdef>
      </sectiondef>
    <briefdescription>
    </briefdescription>
    <detaileddescription>
    </detaileddescription>
    <collaborationgraph>
      <node id="2231">
        <label>tiz_object</label>
        <link refid="structtiz__object"/>
        <childnode refid="2230" relation="usage">
          <edgelabel>class</edgelabel>
        </childnode>
      </node>
      <node id="2227">
        <label>tiz_port_class</label>
        <link refid="structtiz__port__class"/>
        <childnode refid="2228" relation="usage">
          <edgelabel>ap_changed_idxs</edgelabel>
          <edgelabel>get_hdrs_list</edgelabel>
        </childnode>
        <childnode refid="2229" relation="usage">
          <edgelabel>_</edgelabel>
        </childnode>
      </node>
      <node id="2225">
        <label>tiz_opusport_class</label>
        <link refid="structtiz__opusport__class"/>
        <childnode refid="2226" relation="usage">
          <edgelabel>_</edgelabel>
        </childnode>
      </node>
      <node id="2229">
        <label>tiz_api_class</label>
        <link refid="structtiz__api__class"/>
        <childnode refid="2230" relation="usage">
          <edgelabel>_</edgelabel>
        </childnode>
      </node>
      <node id="2226">
        <label>tiz_audioport_class</label>
        <link refid="structtiz__audioport__class"/>
        <childnode refid="2227" relation="usage">
          <edgelabel>_</edgelabel>
        </childnode>
      </node>
      <node id="2228">
        <label>tiz_vector</label>
        <link refid="structtiz__vector"/>
      </node>
      <node id="2230">
        <label>tiz_class</label>
        <link refid="structtiz__class"/>
        <childnode refid="2231" relation="usage">
          <edgelabel>_</edgelabel>
        </childnode>
        <childnode refid="2230" relation="usage">
          <edgelabel>super</edgelabel>
        </childnode>
      </node>
    </collaborationgraph>
    <location file="/home/joni/work/tizonia-master/libtizonia/src/tizopusport_decls.h" line="50" column="1" bodyfile="/home/joni/work/tizonia-master/libtizonia/src/tizopusport_decls.h" bodystart="49" bodyend="54"/>
    <listofallmembers>
      <member refid="structtiz__opusport__class_1a9982533178097b881dbe68339ae09b22" prot="public" virt="non-virtual"><scope>tiz_opusport_class</scope><name>_</name></member>
    </listofallmembers>
  </compounddef>
</doxygen>
