<?xml version='1.0' encoding='UTF-8' standalone='no'?>
<doxygen xmlns:xsi="http://www.w3.org/2001/XMLSchema-instance" xsi:noNamespaceSchemaLocation="compound.xsd" version="1.8.11">
  <compounddef id="structtiz__executing__class" kind="struct" language="C++" prot="public">
    <compoundname>tiz_executing_class</compoundname>
      <sectiondef kind="public-attrib">
      <memberdef kind="variable" id="structtiz__executing__class_1a7044f12115ca003f0bf180c0440ccb2c" prot="public" static="no" mutable="no">
        <type>const <ref refid="structtiz__state__class" kindref="compound">tiz_state_class_t</ref></type>
        <definition>const tiz_state_class_t tiz_executing_class::_</definition>
        <argsstring></argsstring>
        <name>_</name>
        <briefdescription>
        </briefdescription>
        <detaileddescription>
        </detaileddescription>
        <inbodydescription>
        </inbodydescription>
        <location file="/home/joni/work/tizonia-master/libtizonia/src/tizstate_decls.h" line="176" column="1" bodyfile="/home/joni/work/tizonia-master/libtizonia/src/tizstate_decls.h" bodystart="176" bodyend="-1"/>
      </memberdef>
      </sectiondef>
    <briefdescription>
    </briefdescription>
    <detaileddescription>
    </detaileddescription>
    <collaborationgraph>
      <node id="1867">
        <label>tiz_object</label>
        <link refid="structtiz__object"/>
        <childnode refid="1866" relation="usage">
          <edgelabel>class</edgelabel>
        </childnode>
      </node>
      <node id="1863">
        <label>tiz_executing_class</label>
        <link refid="structtiz__executing__class"/>
        <childnode refid="1864" relation="usage">
          <edgelabel>_</edgelabel>
        </childnode>
      </node>
      <node id="1865">
        <label>tiz_api_class</label>
        <link refid="structtiz__api__class"/>
        <childnode refid="1866" relation="usage">
          <edgelabel>_</edgelabel>
        </childnode>
      </node>
      <node id="1864">
        <label>tiz_state_class</label>
        <link refid="structtiz__state__class"/>
        <childnode refid="1865" relation="usage">
          <edgelabel>_</edgelabel>
        </childnode>
      </node>
      <node id="1866">
        <label>tiz_class</label>
        <link refid="structtiz__class"/>
        <childnode refid="1867" relation="usage">
          <edgelabel>_</edgelabel>
        </childnode>
        <childnode refid="1866" relation="usage">
          <edgelabel>super</edgelabel>
        </childnode>
      </node>
    </collaborationgraph>
    <location file="/home/joni/work/tizonia-master/libtizonia/src/tizstate_decls.h" line="175" column="1" bodyfile="/home/joni/work/tizonia-master/libtizonia/src/tizstate_decls.h" bodystart="174" bodyend="177"/>
    <listofallmembers>
      <member refid="structtiz__executing__class_1a7044f12115ca003f0bf180c0440ccb2c" prot="public" virt="non-virtual"><scope>tiz_executing_class</scope><name>_</name></member>
    </listofallmembers>
  </compounddef>
</doxygen>
