<?xml version='1.0' encoding='UTF-8' standalone='no'?>
<doxygen xmlns:xsi="http://www.w3.org/2001/XMLSchema-instance" xsi:noNamespaceSchemaLocation="compound.xsd" version="1.8.11">
  <compounddef id="structev__stat" kind="struct" language="C++" prot="public">
    <compoundname>ev_stat</compoundname>
      <sectiondef kind="public-attrib">
      <memberdef kind="variable" id="structev__stat_1acec38fb069a9dd9c8f57ea1ca0c70076" prot="public" static="no" mutable="no">
        <type><ref refid="structev__timer" kindref="compound">ev_timer</ref></type>
        <definition>ev_timer ev_stat::timer</definition>
        <argsstring></argsstring>
        <name>timer</name>
        <briefdescription>
        </briefdescription>
        <detaileddescription>
        </detaileddescription>
        <inbodydescription>
        </inbodydescription>
        <location file="/home/joni/work/tizonia-master/libtizplatform/src/ev/ev.h" line="381" column="1" bodyfile="/home/joni/work/tizonia-master/libtizplatform/src/ev/ev.h" bodystart="381" bodyend="-1"/>
      </memberdef>
      <memberdef kind="variable" id="structev__stat_1a41db8a24ee882bd042baef97ca153def" prot="public" static="no" mutable="no">
        <type>ev_tstamp</type>
        <definition>ev_tstamp ev_stat::interval</definition>
        <argsstring></argsstring>
        <name>interval</name>
        <briefdescription>
        </briefdescription>
        <detaileddescription>
        </detaileddescription>
        <inbodydescription>
        </inbodydescription>
        <location file="/home/joni/work/tizonia-master/libtizplatform/src/ev/ev.h" line="382" column="1" bodyfile="/home/joni/work/tizonia-master/libtizplatform/src/ev/ev.h" bodystart="382" bodyend="-1"/>
      </memberdef>
      <memberdef kind="variable" id="structev__stat_1a90d741ec1bba36e053b47d187b8d377e" prot="public" static="no" mutable="no">
        <type>const char *</type>
        <definition>const char* ev_stat::path</definition>
        <argsstring></argsstring>
        <name>path</name>
        <briefdescription>
        </briefdescription>
        <detaileddescription>
        </detaileddescription>
        <inbodydescription>
        </inbodydescription>
        <location file="/home/joni/work/tizonia-master/libtizplatform/src/ev/ev.h" line="383" column="1" bodyfile="/home/joni/work/tizonia-master/libtizplatform/src/ev/ev.h" bodystart="383" bodyend="-1"/>
      </memberdef>
      <memberdef kind="variable" id="structev__stat_1a1c5c01c31a95d2062385993ce0a931bf" prot="public" static="no" mutable="no">
        <type>ev_statdata</type>
        <definition>ev_statdata ev_stat::prev</definition>
        <argsstring></argsstring>
        <name>prev</name>
        <briefdescription>
        </briefdescription>
        <detaileddescription>
        </detaileddescription>
        <inbodydescription>
        </inbodydescription>
        <location file="/home/joni/work/tizonia-master/libtizplatform/src/ev/ev.h" line="384" column="1" bodyfile="/home/joni/work/tizonia-master/libtizplatform/src/ev/ev.h" bodystart="384" bodyend="-1"/>
      </memberdef>
      <memberdef kind="variable" id="structev__stat_1a7988df9156ed36966c979ed78e576350" prot="public" static="no" mutable="no">
        <type>ev_statdata</type>
        <definition>ev_statdata ev_stat::attr</definition>
        <argsstring></argsstring>
        <name>attr</name>
        <briefdescription>
        </briefdescription>
        <detaileddescription>
        </detaileddescription>
        <inbodydescription>
        </inbodydescription>
        <location file="/home/joni/work/tizonia-master/libtizplatform/src/ev/ev.h" line="385" column="1" bodyfile="/home/joni/work/tizonia-master/libtizplatform/src/ev/ev.h" bodystart="385" bodyend="-1"/>
      </memberdef>
      <memberdef kind="variable" id="structev__stat_1ad0c919954f8bc21de322381f0821a06f" prot="public" static="no" mutable="no">
        <type>int</type>
        <definition>int ev_stat::wd</definition>
        <argsstring></argsstring>
        <name>wd</name>
        <briefdescription>
        </briefdescription>
        <detaileddescription>
        </detaileddescription>
        <inbodydescription>
        </inbodydescription>
        <location file="/home/joni/work/tizonia-master/libtizplatform/src/ev/ev.h" line="387" column="1" bodyfile="/home/joni/work/tizonia-master/libtizplatform/src/ev/ev.h" bodystart="387" bodyend="-1"/>
      </memberdef>
      </sectiondef>
    <briefdescription>
    </briefdescription>
    <detaileddescription>
    </detaileddescription>
    <collaborationgraph>
      <node id="626">
        <label>ev_stat</label>
        <link refid="structev__stat"/>
        <childnode refid="627" relation="usage">
          <edgelabel>timer</edgelabel>
        </childnode>
      </node>
      <node id="627">
        <label>ev_timer</label>
        <link refid="structev__timer"/>
      </node>
    </collaborationgraph>
    <location file="/home/joni/work/tizonia-master/libtizplatform/src/ev/ev.h" line="378" column="1" bodyfile="/home/joni/work/tizonia-master/libtizplatform/src/ev/ev.h" bodystart="377" bodyend="388"/>
    <listofallmembers>
      <member refid="structev__stat_1a7988df9156ed36966c979ed78e576350" prot="public" virt="non-virtual"><scope>ev_stat</scope><name>attr</name></member>
      <member refid="structev__stat_1a41db8a24ee882bd042baef97ca153def" prot="public" virt="non-virtual"><scope>ev_stat</scope><name>interval</name></member>
      <member refid="structev__stat_1a90d741ec1bba36e053b47d187b8d377e" prot="public" virt="non-virtual"><scope>ev_stat</scope><name>path</name></member>
      <member refid="structev__stat_1a1c5c01c31a95d2062385993ce0a931bf" prot="public" virt="non-virtual"><scope>ev_stat</scope><name>prev</name></member>
      <member refid="structev__stat_1acec38fb069a9dd9c8f57ea1ca0c70076" prot="public" virt="non-virtual"><scope>ev_stat</scope><name>timer</name></member>
      <member refid="structev__stat_1ad0c919954f8bc21de322381f0821a06f" prot="public" virt="non-virtual"><scope>ev_stat</scope><name>wd</name></member>
    </listofallmembers>
  </compounddef>
</doxygen>
