<?xml version='1.0' encoding='UTF-8' standalone='no'?>
<doxygen xmlns:xsi="http://www.w3.org/2001/XMLSchema-instance" xsi:noNamespaceSchemaLocation="compound.xsd" version="1.8.11">
  <compounddef id="structhttpr__server" kind="struct" language="C++" prot="public">
    <compoundname>httpr_server</compoundname>
      <sectiondef kind="public-attrib">
      <memberdef kind="variable" id="structhttpr__server_1aebb59ab7f8b2ef501c7f08e876b56ca7" prot="public" static="no" mutable="no">
        <type>void *</type>
        <definition>void* httpr_server::p_parent</definition>
        <argsstring></argsstring>
        <name>p_parent</name>
        <briefdescription>
        </briefdescription>
        <detaileddescription>
        </detaileddescription>
        <inbodydescription>
        </inbodydescription>
        <location file="/home/joni/work/tizonia-master/plugins/http_renderer/src/httprsrv.c" line="128" column="1" bodyfile="/home/joni/work/tizonia-master/plugins/http_renderer/src/httprsrv.c" bodystart="128" bodyend="-1"/>
      </memberdef>
      <memberdef kind="variable" id="structhttpr__server_1a3ea91518ab2828dce4117381109ab61a" prot="public" static="no" mutable="no">
        <type>int</type>
        <definition>int httpr_server::lstn_sockfd</definition>
        <argsstring></argsstring>
        <name>lstn_sockfd</name>
        <briefdescription>
        </briefdescription>
        <detaileddescription>
        </detaileddescription>
        <inbodydescription>
        </inbodydescription>
        <location file="/home/joni/work/tizonia-master/plugins/http_renderer/src/httprsrv.c" line="129" column="1" bodyfile="/home/joni/work/tizonia-master/plugins/http_renderer/src/httprsrv.c" bodystart="129" bodyend="-1"/>
      </memberdef>
      <memberdef kind="variable" id="structhttpr__server_1a43d7d2d5fa94ec9e8b95c035f3a8db4c" prot="public" static="no" mutable="no">
        <type>char *</type>
        <definition>char* httpr_server::p_ip</definition>
        <argsstring></argsstring>
        <name>p_ip</name>
        <briefdescription>
        </briefdescription>
        <detaileddescription>
        </detaileddescription>
        <inbodydescription>
        </inbodydescription>
        <location file="/home/joni/work/tizonia-master/plugins/http_renderer/src/httprsrv.c" line="130" column="1" bodyfile="/home/joni/work/tizonia-master/plugins/http_renderer/src/httprsrv.c" bodystart="130" bodyend="-1"/>
      </memberdef>
      <memberdef kind="variable" id="structhttpr__server_1a2127f913c0a28d16e3eac4478403ac7d" prot="public" static="no" mutable="no">
        <type><ref refid="group__tizevent_1gae7a73afe22b85074857bb317a8659112" kindref="member">tiz_event_io_t</ref> *</type>
        <definition>tiz_event_io_t* httpr_server::p_srv_ev_io</definition>
        <argsstring></argsstring>
        <name>p_srv_ev_io</name>
        <briefdescription>
        </briefdescription>
        <detaileddescription>
        </detaileddescription>
        <inbodydescription>
        </inbodydescription>
        <location file="/home/joni/work/tizonia-master/plugins/http_renderer/src/httprsrv.c" line="131" column="1" bodyfile="/home/joni/work/tizonia-master/plugins/http_renderer/src/httprsrv.c" bodystart="131" bodyend="-1"/>
      </memberdef>
      <memberdef kind="variable" id="structhttpr__server_1ae689146670c0f06b1b586ea658963a73" prot="public" static="no" mutable="no">
        <type>OMX_U32</type>
        <definition>OMX_U32 httpr_server::max_clients</definition>
        <argsstring></argsstring>
        <name>max_clients</name>
        <briefdescription>
        </briefdescription>
        <detaileddescription>
        </detaileddescription>
        <inbodydescription>
        </inbodydescription>
        <location file="/home/joni/work/tizonia-master/plugins/http_renderer/src/httprsrv.c" line="132" column="1" bodyfile="/home/joni/work/tizonia-master/plugins/http_renderer/src/httprsrv.c" bodystart="132" bodyend="-1"/>
      </memberdef>
      <memberdef kind="variable" id="structhttpr__server_1a0504b40e3f32b87f5bb4586929268270" prot="public" static="no" mutable="no">
        <type><ref refid="structtiz__map" kindref="compound">tiz_map_t</ref> *</type>
        <definition>tiz_map_t* httpr_server::p_lstnrs</definition>
        <argsstring></argsstring>
        <name>p_lstnrs</name>
        <briefdescription>
        </briefdescription>
        <detaileddescription>
        </detaileddescription>
        <inbodydescription>
        </inbodydescription>
        <location file="/home/joni/work/tizonia-master/plugins/http_renderer/src/httprsrv.c" line="134" column="1" bodyfile="/home/joni/work/tizonia-master/plugins/http_renderer/src/httprsrv.c" bodystart="134" bodyend="-1"/>
      </memberdef>
      <memberdef kind="variable" id="structhttpr__server_1a6ab1f6fe7373edd5f45e270039a97894" prot="public" static="no" mutable="no">
        <type>OMX_BUFFERHEADERTYPE *</type>
        <definition>OMX_BUFFERHEADERTYPE* httpr_server::p_hdr</definition>
        <argsstring></argsstring>
        <name>p_hdr</name>
        <briefdescription>
        </briefdescription>
        <detaileddescription>
        </detaileddescription>
        <inbodydescription>
        </inbodydescription>
        <location file="/home/joni/work/tizonia-master/plugins/http_renderer/src/httprsrv.c" line="135" column="1" bodyfile="/home/joni/work/tizonia-master/plugins/http_renderer/src/httprsrv.c" bodystart="135" bodyend="-1"/>
      </memberdef>
      <memberdef kind="variable" id="structhttpr__server_1a92ca17b3bfa133efb70112b7d719c4d9" prot="public" static="no" mutable="no">
        <type>httpr_srv_release_buffer_f</type>
        <definition>httpr_srv_release_buffer_f httpr_server::pf_release_buf</definition>
        <argsstring></argsstring>
        <name>pf_release_buf</name>
        <briefdescription>
        </briefdescription>
        <detaileddescription>
        </detaileddescription>
        <inbodydescription>
        </inbodydescription>
        <location file="/home/joni/work/tizonia-master/plugins/http_renderer/src/httprsrv.c" line="136" column="1" bodyfile="/home/joni/work/tizonia-master/plugins/http_renderer/src/httprsrv.c" bodystart="136" bodyend="-1"/>
      </memberdef>
      <memberdef kind="variable" id="structhttpr__server_1ab315c8aeda538bd9a007f796744d5eb9" prot="public" static="no" mutable="no">
        <type>httpr_srv_acquire_buffer_f</type>
        <definition>httpr_srv_acquire_buffer_f httpr_server::pf_acquire_buf</definition>
        <argsstring></argsstring>
        <name>pf_acquire_buf</name>
        <briefdescription>
        </briefdescription>
        <detaileddescription>
        </detaileddescription>
        <inbodydescription>
        </inbodydescription>
        <location file="/home/joni/work/tizonia-master/plugins/http_renderer/src/httprsrv.c" line="137" column="1" bodyfile="/home/joni/work/tizonia-master/plugins/http_renderer/src/httprsrv.c" bodystart="137" bodyend="-1"/>
      </memberdef>
      <memberdef kind="variable" id="structhttpr__server_1a5fde4c1fa572bbcdd1f8dcc794a16e06" prot="public" static="no" mutable="no">
        <type>bool</type>
        <definition>bool httpr_server::need_more_data</definition>
        <argsstring></argsstring>
        <name>need_more_data</name>
        <briefdescription>
        </briefdescription>
        <detaileddescription>
        </detaileddescription>
        <inbodydescription>
        </inbodydescription>
        <location file="/home/joni/work/tizonia-master/plugins/http_renderer/src/httprsrv.c" line="138" column="1" bodyfile="/home/joni/work/tizonia-master/plugins/http_renderer/src/httprsrv.c" bodystart="138" bodyend="-1"/>
      </memberdef>
      <memberdef kind="variable" id="structhttpr__server_1ac98cc2c5fa643fdf9c8501ceca4b32e5" prot="public" static="no" mutable="no">
        <type>bool</type>
        <definition>bool httpr_server::running</definition>
        <argsstring></argsstring>
        <name>running</name>
        <briefdescription>
        </briefdescription>
        <detaileddescription>
        </detaileddescription>
        <inbodydescription>
        </inbodydescription>
        <location file="/home/joni/work/tizonia-master/plugins/http_renderer/src/httprsrv.c" line="139" column="1" bodyfile="/home/joni/work/tizonia-master/plugins/http_renderer/src/httprsrv.c" bodystart="139" bodyend="-1"/>
      </memberdef>
      <memberdef kind="variable" id="structhttpr__server_1a65abf3161f2840af864b43d1dbfab830" prot="public" static="no" mutable="no">
        <type>OMX_PTR</type>
        <definition>OMX_PTR httpr_server::p_arg</definition>
        <argsstring></argsstring>
        <name>p_arg</name>
        <briefdescription>
        </briefdescription>
        <detaileddescription>
        </detaileddescription>
        <inbodydescription>
        </inbodydescription>
        <location file="/home/joni/work/tizonia-master/plugins/http_renderer/src/httprsrv.c" line="140" column="1" bodyfile="/home/joni/work/tizonia-master/plugins/http_renderer/src/httprsrv.c" bodystart="140" bodyend="-1"/>
      </memberdef>
      <memberdef kind="variable" id="structhttpr__server_1a29caadc3c815321c196650660edeeed2" prot="public" static="no" mutable="no">
        <type>OMX_U32</type>
        <definition>OMX_U32 httpr_server::bitrate</definition>
        <argsstring></argsstring>
        <name>bitrate</name>
        <briefdescription>
        </briefdescription>
        <detaileddescription>
        </detaileddescription>
        <inbodydescription>
        </inbodydescription>
        <location file="/home/joni/work/tizonia-master/plugins/http_renderer/src/httprsrv.c" line="141" column="1" bodyfile="/home/joni/work/tizonia-master/plugins/http_renderer/src/httprsrv.c" bodystart="141" bodyend="-1"/>
      </memberdef>
      <memberdef kind="variable" id="structhttpr__server_1a1c782acac56e17ad2da5037db7db4ddd" prot="public" static="no" mutable="no">
        <type>OMX_U32</type>
        <definition>OMX_U32 httpr_server::num_channels</definition>
        <argsstring></argsstring>
        <name>num_channels</name>
        <briefdescription>
        </briefdescription>
        <detaileddescription>
        </detaileddescription>
        <inbodydescription>
        </inbodydescription>
        <location file="/home/joni/work/tizonia-master/plugins/http_renderer/src/httprsrv.c" line="142" column="1" bodyfile="/home/joni/work/tizonia-master/plugins/http_renderer/src/httprsrv.c" bodystart="142" bodyend="-1"/>
      </memberdef>
      <memberdef kind="variable" id="structhttpr__server_1afffce3aff457616025ac19c78b8b0e77" prot="public" static="no" mutable="no">
        <type>OMX_U32</type>
        <definition>OMX_U32 httpr_server::sample_rate</definition>
        <argsstring></argsstring>
        <name>sample_rate</name>
        <briefdescription>
        </briefdescription>
        <detaileddescription>
        </detaileddescription>
        <inbodydescription>
        </inbodydescription>
        <location file="/home/joni/work/tizonia-master/plugins/http_renderer/src/httprsrv.c" line="143" column="1" bodyfile="/home/joni/work/tizonia-master/plugins/http_renderer/src/httprsrv.c" bodystart="143" bodyend="-1"/>
      </memberdef>
      <memberdef kind="variable" id="structhttpr__server_1a9a4f3dd2196d0b65eb82ffd8ecb9ec5a" prot="public" static="no" mutable="no">
        <type>OMX_U32</type>
        <definition>OMX_U32 httpr_server::bytes_per_frame</definition>
        <argsstring></argsstring>
        <name>bytes_per_frame</name>
        <briefdescription>
        </briefdescription>
        <detaileddescription>
        </detaileddescription>
        <inbodydescription>
        </inbodydescription>
        <location file="/home/joni/work/tizonia-master/plugins/http_renderer/src/httprsrv.c" line="144" column="1" bodyfile="/home/joni/work/tizonia-master/plugins/http_renderer/src/httprsrv.c" bodystart="144" bodyend="-1"/>
      </memberdef>
      <memberdef kind="variable" id="structhttpr__server_1aedf3c26ecdb2161301a2b9cbfc914c5f" prot="public" static="no" mutable="no">
        <type>OMX_U32</type>
        <definition>OMX_U32 httpr_server::burst_size</definition>
        <argsstring></argsstring>
        <name>burst_size</name>
        <briefdescription>
        </briefdescription>
        <detaileddescription>
        </detaileddescription>
        <inbodydescription>
        </inbodydescription>
        <location file="/home/joni/work/tizonia-master/plugins/http_renderer/src/httprsrv.c" line="145" column="1" bodyfile="/home/joni/work/tizonia-master/plugins/http_renderer/src/httprsrv.c" bodystart="145" bodyend="-1"/>
      </memberdef>
      <memberdef kind="variable" id="structhttpr__server_1af2138f1a0d84e7c23e5d1abdb3579abe" prot="public" static="no" mutable="no">
        <type>double</type>
        <definition>double httpr_server::wait_time</definition>
        <argsstring></argsstring>
        <name>wait_time</name>
        <briefdescription>
        </briefdescription>
        <detaileddescription>
        </detaileddescription>
        <inbodydescription>
        </inbodydescription>
        <location file="/home/joni/work/tizonia-master/plugins/http_renderer/src/httprsrv.c" line="146" column="1" bodyfile="/home/joni/work/tizonia-master/plugins/http_renderer/src/httprsrv.c" bodystart="146" bodyend="-1"/>
      </memberdef>
      <memberdef kind="variable" id="structhttpr__server_1a69ca324e0f29deed0b1ea86e18262cbf" prot="public" static="no" mutable="no">
        <type>double</type>
        <definition>double httpr_server::pkts_per_sec</definition>
        <argsstring></argsstring>
        <name>pkts_per_sec</name>
        <briefdescription>
        </briefdescription>
        <detaileddescription>
        </detaileddescription>
        <inbodydescription>
        </inbodydescription>
        <location file="/home/joni/work/tizonia-master/plugins/http_renderer/src/httprsrv.c" line="147" column="1" bodyfile="/home/joni/work/tizonia-master/plugins/http_renderer/src/httprsrv.c" bodystart="147" bodyend="-1"/>
      </memberdef>
      <memberdef kind="variable" id="structhttpr__server_1a83524f33fba153a21ea7f7ad9e84e1a6" prot="public" static="no" mutable="no">
        <type><ref refid="structhttpr__mount" kindref="compound">httpr_mount_t</ref></type>
        <definition>httpr_mount_t httpr_server::mountpoint</definition>
        <argsstring></argsstring>
        <name>mountpoint</name>
        <briefdescription>
        </briefdescription>
        <detaileddescription>
        </detaileddescription>
        <inbodydescription>
        </inbodydescription>
        <location file="/home/joni/work/tizonia-master/plugins/http_renderer/src/httprsrv.c" line="148" column="1" bodyfile="/home/joni/work/tizonia-master/plugins/http_renderer/src/httprsrv.c" bodystart="148" bodyend="-1"/>
      </memberdef>
      </sectiondef>
    <briefdescription>
    </briefdescription>
    <detaileddescription>
    </detaileddescription>
    <collaborationgraph>
      <node id="898">
        <label>slice</label>
        <link refid="structslice"/>
        <childnode refid="897" relation="usage">
          <edgelabel>p_chunk</edgelabel>
        </childnode>
        <childnode refid="898" relation="usage">
          <edgelabel>p_next_free</edgelabel>
        </childnode>
      </node>
      <node id="896">
        <label>tiz_soa</label>
        <link refid="structtiz__soa"/>
        <childnode refid="897" relation="usage">
          <edgelabel>p_chunk_lst</edgelabel>
        </childnode>
        <childnode refid="898" relation="usage">
          <edgelabel>p_pending_chain</edgelabel>
          <edgelabel>p_slice_store</edgelabel>
        </childnode>
      </node>
      <node id="895">
        <label>tiz_map</label>
        <link refid="structtiz__map"/>
        <childnode refid="896" relation="usage">
          <edgelabel>p_soa</edgelabel>
        </childnode>
      </node>
      <node id="894">
        <label>httpr_mount</label>
        <link refid="structhttpr__mount"/>
      </node>
      <node id="897">
        <label>chunk</label>
        <link refid="structchunk"/>
        <childnode refid="897" relation="usage">
          <edgelabel>p_next</edgelabel>
        </childnode>
        <childnode refid="896" relation="usage">
          <edgelabel>p_soa</edgelabel>
        </childnode>
      </node>
      <node id="899">
        <label>tiz_event_io</label>
        <link refid="structtiz__event__io"/>
        <childnode refid="899" relation="usage">
          <edgelabel>pf_cback</edgelabel>
        </childnode>
        <childnode refid="900" relation="usage">
          <edgelabel>io</edgelabel>
        </childnode>
      </node>
      <node id="893">
        <label>httpr_server</label>
        <link refid="structhttpr__server"/>
        <childnode refid="894" relation="usage">
          <edgelabel>mountpoint</edgelabel>
        </childnode>
        <childnode refid="895" relation="usage">
          <edgelabel>p_lstnrs</edgelabel>
        </childnode>
        <childnode refid="899" relation="usage">
          <edgelabel>p_srv_ev_io</edgelabel>
        </childnode>
      </node>
      <node id="900">
        <label>ev_io</label>
        <link refid="structev__io"/>
      </node>
    </collaborationgraph>
    <location file="/home/joni/work/tizonia-master/plugins/http_renderer/src/httprsrv.c" line="127" column="1" bodyfile="/home/joni/work/tizonia-master/plugins/http_renderer/src/httprsrv.c" bodystart="126" bodyend="149"/>
    <listofallmembers>
      <member refid="structhttpr__server_1a29caadc3c815321c196650660edeeed2" prot="public" virt="non-virtual"><scope>httpr_server</scope><name>bitrate</name></member>
      <member refid="structhttpr__server_1aedf3c26ecdb2161301a2b9cbfc914c5f" prot="public" virt="non-virtual"><scope>httpr_server</scope><name>burst_size</name></member>
      <member refid="structhttpr__server_1a9a4f3dd2196d0b65eb82ffd8ecb9ec5a" prot="public" virt="non-virtual"><scope>httpr_server</scope><name>bytes_per_frame</name></member>
      <member refid="structhttpr__server_1a3ea91518ab2828dce4117381109ab61a" prot="public" virt="non-virtual"><scope>httpr_server</scope><name>lstn_sockfd</name></member>
      <member refid="structhttpr__server_1ae689146670c0f06b1b586ea658963a73" prot="public" virt="non-virtual"><scope>httpr_server</scope><name>max_clients</name></member>
      <member refid="structhttpr__server_1a83524f33fba153a21ea7f7ad9e84e1a6" prot="public" virt="non-virtual"><scope>httpr_server</scope><name>mountpoint</name></member>
      <member refid="structhttpr__server_1a5fde4c1fa572bbcdd1f8dcc794a16e06" prot="public" virt="non-virtual"><scope>httpr_server</scope><name>need_more_data</name></member>
      <member refid="structhttpr__server_1a1c782acac56e17ad2da5037db7db4ddd" prot="public" virt="non-virtual"><scope>httpr_server</scope><name>num_channels</name></member>
      <member refid="structhttpr__server_1a65abf3161f2840af864b43d1dbfab830" prot="public" virt="non-virtual"><scope>httpr_server</scope><name>p_arg</name></member>
      <member refid="structhttpr__server_1a6ab1f6fe7373edd5f45e270039a97894" prot="public" virt="non-virtual"><scope>httpr_server</scope><name>p_hdr</name></member>
      <member refid="structhttpr__server_1a43d7d2d5fa94ec9e8b95c035f3a8db4c" prot="public" virt="non-virtual"><scope>httpr_server</scope><name>p_ip</name></member>
      <member refid="structhttpr__server_1a0504b40e3f32b87f5bb4586929268270" prot="public" virt="non-virtual"><scope>httpr_server</scope><name>p_lstnrs</name></member>
      <member refid="structhttpr__server_1aebb59ab7f8b2ef501c7f08e876b56ca7" prot="public" virt="non-virtual"><scope>httpr_server</scope><name>p_parent</name></member>
      <member refid="structhttpr__server_1a2127f913c0a28d16e3eac4478403ac7d" prot="public" virt="non-virtual"><scope>httpr_server</scope><name>p_srv_ev_io</name></member>
      <member refid="structhttpr__server_1ab315c8aeda538bd9a007f796744d5eb9" prot="public" virt="non-virtual"><scope>httpr_server</scope><name>pf_acquire_buf</name></member>
      <member refid="structhttpr__server_1a92ca17b3bfa133efb70112b7d719c4d9" prot="public" virt="non-virtual"><scope>httpr_server</scope><name>pf_release_buf</name></member>
      <member refid="structhttpr__server_1a69ca324e0f29deed0b1ea86e18262cbf" prot="public" virt="non-virtual"><scope>httpr_server</scope><name>pkts_per_sec</name></member>
      <member refid="structhttpr__server_1ac98cc2c5fa643fdf9c8501ceca4b32e5" prot="public" virt="non-virtual"><scope>httpr_server</scope><name>running</name></member>
      <member refid="structhttpr__server_1afffce3aff457616025ac19c78b8b0e77" prot="public" virt="non-virtual"><scope>httpr_server</scope><name>sample_rate</name></member>
      <member refid="structhttpr__server_1af2138f1a0d84e7c23e5d1abdb3579abe" prot="public" virt="non-virtual"><scope>httpr_server</scope><name>wait_time</name></member>
    </listofallmembers>
  </compounddef>
</doxygen>
