<?xml version='1.0' encoding='UTF-8' standalone='no'?>
<doxygen xmlns:xsi="http://www.w3.org/2001/XMLSchema-instance" xsi:noNamespaceSchemaLocation="compound.xsd" version="1.8.11">
  <compounddef id="structtiz__event__loop__msg__io" kind="struct" language="C++" prot="public">
    <compoundname>tiz_event_loop_msg_io</compoundname>
      <sectiondef kind="public-attrib">
      <memberdef kind="variable" id="structtiz__event__loop__msg__io_1a3d0f7be519751c93bf56bca01ddaf876" prot="public" static="no" mutable="no">
        <type><ref refid="group__tizevent_1gae7a73afe22b85074857bb317a8659112" kindref="member">tiz_event_io_t</ref> *</type>
        <definition>tiz_event_io_t* tiz_event_loop_msg_io::p_ev_io</definition>
        <argsstring></argsstring>
        <name>p_ev_io</name>
        <briefdescription>
        </briefdescription>
        <detaileddescription>
        </detaileddescription>
        <inbodydescription>
        </inbodydescription>
        <location file="/home/joni/work/tizonia-master/libtizplatform/src/tizev.c" line="149" column="1" bodyfile="/home/joni/work/tizonia-master/libtizplatform/src/tizev.c" bodystart="149" bodyend="-1"/>
      </memberdef>
      <memberdef kind="variable" id="structtiz__event__loop__msg__io_1afb6513d22d08fd4915949fa7e487946a" prot="public" static="no" mutable="no">
        <type>uint32_t</type>
        <definition>uint32_t tiz_event_loop_msg_io::id</definition>
        <argsstring></argsstring>
        <name>id</name>
        <briefdescription>
        </briefdescription>
        <detaileddescription>
        </detaileddescription>
        <inbodydescription>
        </inbodydescription>
        <location file="/home/joni/work/tizonia-master/libtizplatform/src/tizev.c" line="150" column="1" bodyfile="/home/joni/work/tizonia-master/libtizplatform/src/tizev.c" bodystart="150" bodyend="-1"/>
      </memberdef>
      </sectiondef>
    <briefdescription>
    </briefdescription>
    <detaileddescription>
    </detaileddescription>
    <collaborationgraph>
      <node id="1831">
        <label>tiz_event_loop_msg_io</label>
        <link refid="structtiz__event__loop__msg__io"/>
        <childnode refid="1832" relation="usage">
          <edgelabel>p_ev_io</edgelabel>
        </childnode>
      </node>
      <node id="1832">
        <label>tiz_event_io</label>
        <link refid="structtiz__event__io"/>
        <childnode refid="1832" relation="usage">
          <edgelabel>pf_cback</edgelabel>
        </childnode>
        <childnode refid="1833" relation="usage">
          <edgelabel>io</edgelabel>
        </childnode>
      </node>
      <node id="1833">
        <label>ev_io</label>
        <link refid="structev__io"/>
      </node>
    </collaborationgraph>
    <location file="/home/joni/work/tizonia-master/libtizplatform/src/tizev.c" line="148" column="1" bodyfile="/home/joni/work/tizonia-master/libtizplatform/src/tizev.c" bodystart="147" bodyend="151"/>
    <listofallmembers>
      <member refid="structtiz__event__loop__msg__io_1afb6513d22d08fd4915949fa7e487946a" prot="public" virt="non-virtual"><scope>tiz_event_loop_msg_io</scope><name>id</name></member>
      <member refid="structtiz__event__loop__msg__io_1a3d0f7be519751c93bf56bca01ddaf876" prot="public" virt="non-virtual"><scope>tiz_event_loop_msg_io</scope><name>p_ev_io</name></member>
    </listofallmembers>
  </compounddef>
</doxygen>
