<?xml version='1.0' encoding='UTF-8' standalone='no'?>
<doxygen xmlns:xsi="http://www.w3.org/2001/XMLSchema-instance" xsi:noNamespaceSchemaLocation="compound.xsd" version="1.8.11">
  <compounddef id="structmp3d__prc" kind="struct" language="C++" prot="public">
    <compoundname>mp3d_prc</compoundname>
      <sectiondef kind="public-attrib">
      <memberdef kind="variable" id="structmp3d__prc_1aa7bb25a9d999ea5ba1eacb6983383104" prot="public" static="no" mutable="no">
        <type>const <ref refid="structtiz__prc" kindref="compound">tiz_prc_t</ref></type>
        <definition>const tiz_prc_t mp3d_prc::_</definition>
        <argsstring></argsstring>
        <name>_</name>
        <briefdescription>
        </briefdescription>
        <detaileddescription>
        </detaileddescription>
        <inbodydescription>
        </inbodydescription>
        <location file="/home/joni/work/tizonia-master/plugins/mp3_decoder/src/mp3dprc_decls.h" line="50" column="1" bodyfile="/home/joni/work/tizonia-master/plugins/mp3_decoder/src/mp3dprc_decls.h" bodystart="50" bodyend="-1"/>
      </memberdef>
      <memberdef kind="variable" id="structmp3d__prc_1ac4ccba2de0ea2ea87dd6ac8f96eb8212" prot="public" static="no" mutable="no">
        <type>OMX_AUDIO_PARAM_PCMMODETYPE</type>
        <definition>OMX_AUDIO_PARAM_PCMMODETYPE mp3d_prc::pcmmode_</definition>
        <argsstring></argsstring>
        <name>pcmmode_</name>
        <briefdescription>
        </briefdescription>
        <detaileddescription>
        </detaileddescription>
        <inbodydescription>
        </inbodydescription>
        <location file="/home/joni/work/tizonia-master/plugins/mp3_decoder/src/mp3dprc_decls.h" line="51" column="1" bodyfile="/home/joni/work/tizonia-master/plugins/mp3_decoder/src/mp3dprc_decls.h" bodystart="51" bodyend="-1"/>
      </memberdef>
      <memberdef kind="variable" id="structmp3d__prc_1a56d421d3ad85658e8331fed8b9fc61f8" prot="public" static="no" mutable="no">
        <type>struct mad_stream</type>
        <definition>struct mad_stream mp3d_prc::stream_</definition>
        <argsstring></argsstring>
        <name>stream_</name>
        <briefdescription>
        </briefdescription>
        <detaileddescription>
        </detaileddescription>
        <inbodydescription>
        </inbodydescription>
        <location file="/home/joni/work/tizonia-master/plugins/mp3_decoder/src/mp3dprc_decls.h" line="51" column="1" bodyfile="/home/joni/work/tizonia-master/plugins/mp3_decoder/src/mp3dprc_decls.h" bodystart="52" bodyend="-1"/>
      </memberdef>
      <memberdef kind="variable" id="structmp3d__prc_1ac681237601be816b0634326e50eafee1" prot="public" static="no" mutable="no">
        <type>struct mad_frame</type>
        <definition>struct mad_frame mp3d_prc::frame_</definition>
        <argsstring></argsstring>
        <name>frame_</name>
        <briefdescription>
        </briefdescription>
        <detaileddescription>
        </detaileddescription>
        <inbodydescription>
        </inbodydescription>
        <location file="/home/joni/work/tizonia-master/plugins/mp3_decoder/src/mp3dprc_decls.h" line="51" column="1" bodyfile="/home/joni/work/tizonia-master/plugins/mp3_decoder/src/mp3dprc_decls.h" bodystart="53" bodyend="-1"/>
      </memberdef>
      <memberdef kind="variable" id="structmp3d__prc_1a43847a4ded64b4a785daabbf41fc6aef" prot="public" static="no" mutable="no">
        <type>struct mad_synth</type>
        <definition>struct mad_synth mp3d_prc::synth_</definition>
        <argsstring></argsstring>
        <name>synth_</name>
        <briefdescription>
        </briefdescription>
        <detaileddescription>
        </detaileddescription>
        <inbodydescription>
        </inbodydescription>
        <location file="/home/joni/work/tizonia-master/plugins/mp3_decoder/src/mp3dprc_decls.h" line="51" column="1" bodyfile="/home/joni/work/tizonia-master/plugins/mp3_decoder/src/mp3dprc_decls.h" bodystart="54" bodyend="-1"/>
      </memberdef>
      <memberdef kind="variable" id="structmp3d__prc_1aa9a1553407394f91c3f94b2ef7b204f2" prot="public" static="no" mutable="no">
        <type>size_t</type>
        <definition>size_t mp3d_prc::remaining_</definition>
        <argsstring></argsstring>
        <name>remaining_</name>
        <briefdescription>
        </briefdescription>
        <detaileddescription>
        </detaileddescription>
        <inbodydescription>
        </inbodydescription>
        <location file="/home/joni/work/tizonia-master/plugins/mp3_decoder/src/mp3dprc_decls.h" line="55" column="1" bodyfile="/home/joni/work/tizonia-master/plugins/mp3_decoder/src/mp3dprc_decls.h" bodystart="55" bodyend="-1"/>
      </memberdef>
      <memberdef kind="variable" id="structmp3d__prc_1a9e3bb0825d3932c56eb56c57e71ba3e2" prot="public" static="no" mutable="no">
        <type>mad_timer_t</type>
        <definition>mad_timer_t mp3d_prc::timer_</definition>
        <argsstring></argsstring>
        <name>timer_</name>
        <briefdescription>
        </briefdescription>
        <detaileddescription>
        </detaileddescription>
        <inbodydescription>
        </inbodydescription>
        <location file="/home/joni/work/tizonia-master/plugins/mp3_decoder/src/mp3dprc_decls.h" line="56" column="1" bodyfile="/home/joni/work/tizonia-master/plugins/mp3_decoder/src/mp3dprc_decls.h" bodystart="56" bodyend="-1"/>
      </memberdef>
      <memberdef kind="variable" id="structmp3d__prc_1a7fc15648049a375f827054940ab71deb" prot="public" static="no" mutable="no">
        <type>unsigned long</type>
        <definition>unsigned long mp3d_prc::frame_count_</definition>
        <argsstring></argsstring>
        <name>frame_count_</name>
        <briefdescription>
        </briefdescription>
        <detaileddescription>
        </detaileddescription>
        <inbodydescription>
        </inbodydescription>
        <location file="/home/joni/work/tizonia-master/plugins/mp3_decoder/src/mp3dprc_decls.h" line="57" column="1" bodyfile="/home/joni/work/tizonia-master/plugins/mp3_decoder/src/mp3dprc_decls.h" bodystart="57" bodyend="-1"/>
      </memberdef>
      <memberdef kind="variable" id="structmp3d__prc_1aeac6f21b639bdeb9c8a17f986b994a51" prot="public" static="no" mutable="no">
        <type>unsigned char</type>
        <definition>unsigned char mp3d_prc::in_buff_[INPUT_BUFFER_SIZE+MAD_BUFFER_GUARD]</definition>
        <argsstring>[INPUT_BUFFER_SIZE+MAD_BUFFER_GUARD]</argsstring>
        <name>in_buff_</name>
        <briefdescription>
        </briefdescription>
        <detaileddescription>
        </detaileddescription>
        <inbodydescription>
        </inbodydescription>
        <location file="/home/joni/work/tizonia-master/plugins/mp3_decoder/src/mp3dprc_decls.h" line="58" column="1" bodyfile="/home/joni/work/tizonia-master/plugins/mp3_decoder/src/mp3dprc_decls.h" bodystart="58" bodyend="-1"/>
      </memberdef>
      <memberdef kind="variable" id="structmp3d__prc_1a72bc6a2dcdd2d67c9eb5f113bd535ae9" prot="public" static="no" mutable="no">
        <type>OMX_BUFFERHEADERTYPE *</type>
        <definition>OMX_BUFFERHEADERTYPE* mp3d_prc::p_inhdr_</definition>
        <argsstring></argsstring>
        <name>p_inhdr_</name>
        <briefdescription>
        </briefdescription>
        <detaileddescription>
        </detaileddescription>
        <inbodydescription>
        </inbodydescription>
        <location file="/home/joni/work/tizonia-master/plugins/mp3_decoder/src/mp3dprc_decls.h" line="59" column="1" bodyfile="/home/joni/work/tizonia-master/plugins/mp3_decoder/src/mp3dprc_decls.h" bodystart="59" bodyend="-1"/>
      </memberdef>
      <memberdef kind="variable" id="structmp3d__prc_1a76a390cfeb2f49cdb129b0caa9719f6a" prot="public" static="no" mutable="no">
        <type>OMX_BUFFERHEADERTYPE *</type>
        <definition>OMX_BUFFERHEADERTYPE* mp3d_prc::p_outhdr_</definition>
        <argsstring></argsstring>
        <name>p_outhdr_</name>
        <briefdescription>
        </briefdescription>
        <detaileddescription>
        </detaileddescription>
        <inbodydescription>
        </inbodydescription>
        <location file="/home/joni/work/tizonia-master/plugins/mp3_decoder/src/mp3dprc_decls.h" line="60" column="1" bodyfile="/home/joni/work/tizonia-master/plugins/mp3_decoder/src/mp3dprc_decls.h" bodystart="60" bodyend="-1"/>
      </memberdef>
      <memberdef kind="variable" id="structmp3d__prc_1a6f78cd5edc14a8c2c3d33991ada24441" prot="public" static="no" mutable="no">
        <type>int</type>
        <definition>int mp3d_prc::next_synth_sample_</definition>
        <argsstring></argsstring>
        <name>next_synth_sample_</name>
        <briefdescription>
        </briefdescription>
        <detaileddescription>
        </detaileddescription>
        <inbodydescription>
        </inbodydescription>
        <location file="/home/joni/work/tizonia-master/plugins/mp3_decoder/src/mp3dprc_decls.h" line="61" column="1" bodyfile="/home/joni/work/tizonia-master/plugins/mp3_decoder/src/mp3dprc_decls.h" bodystart="61" bodyend="-1"/>
      </memberdef>
      <memberdef kind="variable" id="structmp3d__prc_1a4aeb1ee8fc6d7159c4adc37ca9319407" prot="public" static="no" mutable="no">
        <type>bool</type>
        <definition>bool mp3d_prc::eos_</definition>
        <argsstring></argsstring>
        <name>eos_</name>
        <briefdescription>
        </briefdescription>
        <detaileddescription>
        </detaileddescription>
        <inbodydescription>
        </inbodydescription>
        <location file="/home/joni/work/tizonia-master/plugins/mp3_decoder/src/mp3dprc_decls.h" line="62" column="1" bodyfile="/home/joni/work/tizonia-master/plugins/mp3_decoder/src/mp3dprc_decls.h" bodystart="62" bodyend="-1"/>
      </memberdef>
      <memberdef kind="variable" id="structmp3d__prc_1a1b155abcca6cb8bd10626d8bcc02c541" prot="public" static="no" mutable="no">
        <type>bool</type>
        <definition>bool mp3d_prc::in_port_disabled_</definition>
        <argsstring></argsstring>
        <name>in_port_disabled_</name>
        <briefdescription>
        </briefdescription>
        <detaileddescription>
        </detaileddescription>
        <inbodydescription>
        </inbodydescription>
        <location file="/home/joni/work/tizonia-master/plugins/mp3_decoder/src/mp3dprc_decls.h" line="63" column="1" bodyfile="/home/joni/work/tizonia-master/plugins/mp3_decoder/src/mp3dprc_decls.h" bodystart="63" bodyend="-1"/>
      </memberdef>
      <memberdef kind="variable" id="structmp3d__prc_1a6472e17fd3ec04eefdb65a588ce60736" prot="public" static="no" mutable="no">
        <type>bool</type>
        <definition>bool mp3d_prc::out_port_disabled_</definition>
        <argsstring></argsstring>
        <name>out_port_disabled_</name>
        <briefdescription>
        </briefdescription>
        <detaileddescription>
        </detaileddescription>
        <inbodydescription>
        </inbodydescription>
        <location file="/home/joni/work/tizonia-master/plugins/mp3_decoder/src/mp3dprc_decls.h" line="64" column="1" bodyfile="/home/joni/work/tizonia-master/plugins/mp3_decoder/src/mp3dprc_decls.h" bodystart="64" bodyend="-1"/>
      </memberdef>
      </sectiondef>
    <briefdescription>
    </briefdescription>
    <detaileddescription>
    </detaileddescription>
    <collaborationgraph>
      <node id="1039">
        <label>tiz_object</label>
        <link refid="structtiz__object"/>
        <childnode refid="1040" relation="usage">
          <edgelabel>class</edgelabel>
        </childnode>
      </node>
      <node id="1037">
        <label>slice</label>
        <link refid="structslice"/>
        <childnode refid="1036" relation="usage">
          <edgelabel>p_chunk</edgelabel>
        </childnode>
        <childnode refid="1037" relation="usage">
          <edgelabel>p_next_free</edgelabel>
        </childnode>
      </node>
      <node id="1035">
        <label>tiz_soa</label>
        <link refid="structtiz__soa"/>
        <childnode refid="1036" relation="usage">
          <edgelabel>p_chunk_lst</edgelabel>
        </childnode>
        <childnode refid="1037" relation="usage">
          <edgelabel>p_pending_chain</edgelabel>
          <edgelabel>p_slice_store</edgelabel>
        </childnode>
      </node>
      <node id="1034">
        <label>tiz_pqueue_item</label>
        <link refid="structtiz__pqueue__item"/>
        <childnode refid="1034" relation="usage">
          <edgelabel>p_prev</edgelabel>
          <edgelabel>p_next</edgelabel>
        </childnode>
      </node>
      <node id="1032">
        <label>tiz_srv</label>
        <link refid="structtiz__srv"/>
        <childnode refid="1033" relation="usage">
          <edgelabel>p_pq_</edgelabel>
        </childnode>
        <childnode refid="1038" relation="usage">
          <edgelabel>_</edgelabel>
        </childnode>
        <childnode refid="1041" relation="usage">
          <edgelabel>p_watchers_</edgelabel>
        </childnode>
        <childnode refid="1035" relation="usage">
          <edgelabel>p_soa_</edgelabel>
        </childnode>
      </node>
      <node id="1033">
        <label>tiz_pqueue</label>
        <link refid="structtiz__pqueue"/>
        <childnode refid="1034" relation="usage">
          <edgelabel>p_last</edgelabel>
          <edgelabel>pp_store</edgelabel>
          <edgelabel>p_first</edgelabel>
        </childnode>
        <childnode refid="1035" relation="usage">
          <edgelabel>p_soa</edgelabel>
        </childnode>
      </node>
      <node id="1030">
        <label>mp3d_prc</label>
        <link refid="structmp3d__prc"/>
        <childnode refid="1031" relation="usage">
          <edgelabel>_</edgelabel>
        </childnode>
      </node>
      <node id="1038">
        <label>tiz_api</label>
        <link refid="structtiz__api"/>
        <childnode refid="1039" relation="usage">
          <edgelabel>_</edgelabel>
        </childnode>
      </node>
      <node id="1041">
        <label>tiz_map</label>
        <link refid="structtiz__map"/>
        <childnode refid="1035" relation="usage">
          <edgelabel>p_soa</edgelabel>
        </childnode>
      </node>
      <node id="1031">
        <label>tiz_prc</label>
        <link refid="structtiz__prc"/>
        <childnode refid="1032" relation="usage">
          <edgelabel>_</edgelabel>
        </childnode>
      </node>
      <node id="1040">
        <label>tiz_class</label>
        <link refid="structtiz__class"/>
        <childnode refid="1039" relation="usage">
          <edgelabel>_</edgelabel>
        </childnode>
        <childnode refid="1040" relation="usage">
          <edgelabel>super</edgelabel>
        </childnode>
      </node>
      <node id="1036">
        <label>chunk</label>
        <link refid="structchunk"/>
        <childnode refid="1036" relation="usage">
          <edgelabel>p_next</edgelabel>
        </childnode>
        <childnode refid="1035" relation="usage">
          <edgelabel>p_soa</edgelabel>
        </childnode>
      </node>
    </collaborationgraph>
    <location file="/home/joni/work/tizonia-master/plugins/mp3_decoder/src/mp3dprc_decls.h" line="48" column="1" bodyfile="/home/joni/work/tizonia-master/plugins/mp3_decoder/src/mp3dprc_decls.h" bodystart="47" bodyend="65"/>
    <listofallmembers>
      <member refid="structmp3d__prc_1aa7bb25a9d999ea5ba1eacb6983383104" prot="public" virt="non-virtual"><scope>mp3d_prc</scope><name>_</name></member>
      <member refid="structmp3d__prc_1a4aeb1ee8fc6d7159c4adc37ca9319407" prot="public" virt="non-virtual"><scope>mp3d_prc</scope><name>eos_</name></member>
      <member refid="structmp3d__prc_1ac681237601be816b0634326e50eafee1" prot="public" virt="non-virtual"><scope>mp3d_prc</scope><name>frame_</name></member>
      <member refid="structmp3d__prc_1a7fc15648049a375f827054940ab71deb" prot="public" virt="non-virtual"><scope>mp3d_prc</scope><name>frame_count_</name></member>
      <member refid="structmp3d__prc_1aeac6f21b639bdeb9c8a17f986b994a51" prot="public" virt="non-virtual"><scope>mp3d_prc</scope><name>in_buff_</name></member>
      <member refid="structmp3d__prc_1a1b155abcca6cb8bd10626d8bcc02c541" prot="public" virt="non-virtual"><scope>mp3d_prc</scope><name>in_port_disabled_</name></member>
      <member refid="structmp3d__prc_1a6f78cd5edc14a8c2c3d33991ada24441" prot="public" virt="non-virtual"><scope>mp3d_prc</scope><name>next_synth_sample_</name></member>
      <member refid="structmp3d__prc_1a6472e17fd3ec04eefdb65a588ce60736" prot="public" virt="non-virtual"><scope>mp3d_prc</scope><name>out_port_disabled_</name></member>
      <member refid="structmp3d__prc_1a72bc6a2dcdd2d67c9eb5f113bd535ae9" prot="public" virt="non-virtual"><scope>mp3d_prc</scope><name>p_inhdr_</name></member>
      <member refid="structmp3d__prc_1a76a390cfeb2f49cdb129b0caa9719f6a" prot="public" virt="non-virtual"><scope>mp3d_prc</scope><name>p_outhdr_</name></member>
      <member refid="structmp3d__prc_1ac4ccba2de0ea2ea87dd6ac8f96eb8212" prot="public" virt="non-virtual"><scope>mp3d_prc</scope><name>pcmmode_</name></member>
      <member refid="structmp3d__prc_1aa9a1553407394f91c3f94b2ef7b204f2" prot="public" virt="non-virtual"><scope>mp3d_prc</scope><name>remaining_</name></member>
      <member refid="structmp3d__prc_1a56d421d3ad85658e8331fed8b9fc61f8" prot="public" virt="non-virtual"><scope>mp3d_prc</scope><name>stream_</name></member>
      <member refid="structmp3d__prc_1a43847a4ded64b4a785daabbf41fc6aef" prot="public" virt="non-virtual"><scope>mp3d_prc</scope><name>synth_</name></member>
      <member refid="structmp3d__prc_1a9e3bb0825d3932c56eb56c57e71ba3e2" prot="public" virt="non-virtual"><scope>mp3d_prc</scope><name>timer_</name></member>
    </listofallmembers>
  </compounddef>
</doxygen>
