<?xml version='1.0' encoding='UTF-8' standalone='no'?>
<doxygen xmlns:xsi="http://www.w3.org/2001/XMLSchema-instance" xsi:noNamespaceSchemaLocation="compound.xsd" version="1.8.11">
  <compounddef id="structhttpsrc__port" kind="struct" language="C++" prot="public">
    <compoundname>httpsrc_port</compoundname>
      <sectiondef kind="public-attrib">
      <memberdef kind="variable" id="structhttpsrc__port_1a84ec9235737fa91c0bb1f021c07f96a2" prot="public" static="no" mutable="no">
        <type>const <ref refid="structtiz__audioport" kindref="compound">tiz_audioport_t</ref></type>
        <definition>const tiz_audioport_t httpsrc_port::_</definition>
        <argsstring></argsstring>
        <name>_</name>
        <briefdescription>
        </briefdescription>
        <detaileddescription>
        </detaileddescription>
        <inbodydescription>
        </inbodydescription>
        <location file="/home/joni/work/tizonia-master/plugins/http_source/src/httpsrcport_decls.h" line="46" column="1" bodyfile="/home/joni/work/tizonia-master/plugins/http_source/src/httpsrcport_decls.h" bodystart="46" bodyend="-1"/>
      </memberdef>
      <memberdef kind="variable" id="structhttpsrc__port_1a500d42f4f42677052c73ee740068c51d" prot="public" static="no" mutable="no">
        <type>OMX_AUDIO_PARAM_MP3TYPE</type>
        <definition>OMX_AUDIO_PARAM_MP3TYPE httpsrc_port::mp3type_</definition>
        <argsstring></argsstring>
        <name>mp3type_</name>
        <briefdescription>
        </briefdescription>
        <detaileddescription>
        </detaileddescription>
        <inbodydescription>
        </inbodydescription>
        <location file="/home/joni/work/tizonia-master/plugins/http_source/src/httpsrcport_decls.h" line="47" column="1" bodyfile="/home/joni/work/tizonia-master/plugins/http_source/src/httpsrcport_decls.h" bodystart="47" bodyend="-1"/>
      </memberdef>
      <memberdef kind="variable" id="structhttpsrc__port_1a97a92fb7b88e3cc21e1cf315a87e8fb1" prot="public" static="no" mutable="no">
        <type>OMX_AUDIO_PARAM_AACPROFILETYPE</type>
        <definition>OMX_AUDIO_PARAM_AACPROFILETYPE httpsrc_port::aactype_</definition>
        <argsstring></argsstring>
        <name>aactype_</name>
        <briefdescription>
        </briefdescription>
        <detaileddescription>
        </detaileddescription>
        <inbodydescription>
        </inbodydescription>
        <location file="/home/joni/work/tizonia-master/plugins/http_source/src/httpsrcport_decls.h" line="48" column="1" bodyfile="/home/joni/work/tizonia-master/plugins/http_source/src/httpsrcport_decls.h" bodystart="48" bodyend="-1"/>
      </memberdef>
      <memberdef kind="variable" id="structhttpsrc__port_1ad2c39257e5368b15352b815bc0ca1ba0" prot="public" static="no" mutable="no">
        <type>OMX_TIZONIA_AUDIO_PARAM_OPUSTYPE</type>
        <definition>OMX_TIZONIA_AUDIO_PARAM_OPUSTYPE httpsrc_port::opustype_</definition>
        <argsstring></argsstring>
        <name>opustype_</name>
        <briefdescription>
        </briefdescription>
        <detaileddescription>
        </detaileddescription>
        <inbodydescription>
        </inbodydescription>
        <location file="/home/joni/work/tizonia-master/plugins/http_source/src/httpsrcport_decls.h" line="49" column="1" bodyfile="/home/joni/work/tizonia-master/plugins/http_source/src/httpsrcport_decls.h" bodystart="49" bodyend="-1"/>
      </memberdef>
      </sectiondef>
    <briefdescription>
    </briefdescription>
    <detaileddescription>
    </detaileddescription>
    <collaborationgraph>
      <node id="907">
        <label>tiz_pd_set</label>
        <link refid="structtiz__pd__set"/>
      </node>
      <node id="909">
        <label>tiz_object</label>
        <link refid="structtiz__object"/>
        <childnode refid="910" relation="usage">
          <edgelabel>class</edgelabel>
        </childnode>
      </node>
      <node id="913">
        <label>tiz_alloc_hooks</label>
        <link refid="structtiz__alloc__hooks"/>
      </node>
      <node id="904">
        <label>httpsrc_port</label>
        <link refid="structhttpsrc__port"/>
        <childnode refid="905" relation="usage">
          <edgelabel>_</edgelabel>
        </childnode>
      </node>
      <node id="911">
        <label>tiz_eglimage_hook</label>
        <link refid="structtiz__eglimage__hook"/>
      </node>
      <node id="905">
        <label>tiz_audioport</label>
        <link refid="structtiz__audioport"/>
        <childnode refid="906" relation="usage">
          <edgelabel>_</edgelabel>
        </childnode>
        <childnode refid="914" relation="usage">
          <edgelabel>p_encodings_</edgelabel>
        </childnode>
      </node>
      <node id="912">
        <label>tiz_port_options</label>
        <link refid="structtiz__port__options"/>
        <childnode refid="913" relation="usage">
          <edgelabel>mem_hooks</edgelabel>
        </childnode>
      </node>
      <node id="914">
        <label>tiz_vector</label>
        <link refid="structtiz__vector"/>
      </node>
      <node id="908">
        <label>tiz_api</label>
        <link refid="structtiz__api"/>
        <childnode refid="909" relation="usage">
          <edgelabel>_</edgelabel>
        </childnode>
      </node>
      <node id="910">
        <label>tiz_class</label>
        <link refid="structtiz__class"/>
        <childnode refid="909" relation="usage">
          <edgelabel>_</edgelabel>
        </childnode>
        <childnode refid="910" relation="usage">
          <edgelabel>super</edgelabel>
        </childnode>
      </node>
      <node id="906">
        <label>tiz_port</label>
        <link refid="structtiz__port"/>
        <childnode refid="907" relation="usage">
          <edgelabel>flags_</edgelabel>
        </childnode>
        <childnode refid="908" relation="usage">
          <edgelabel>_</edgelabel>
        </childnode>
        <childnode refid="911" relation="usage">
          <edgelabel>eglimage_hook_</edgelabel>
        </childnode>
        <childnode refid="912" relation="usage">
          <edgelabel>opts_</edgelabel>
        </childnode>
        <childnode refid="914" relation="usage">
          <edgelabel>p_hdrs_info_</edgelabel>
          <edgelabel>p_marks_</edgelabel>
          <edgelabel>p_hdrs_</edgelabel>
          <edgelabel>p_indexes_</edgelabel>
        </childnode>
      </node>
    </collaborationgraph>
    <location file="/home/joni/work/tizonia-master/plugins/http_source/src/httpsrcport_decls.h" line="44" column="1" bodyfile="/home/joni/work/tizonia-master/plugins/http_source/src/httpsrcport_decls.h" bodystart="43" bodyend="50"/>
    <listofallmembers>
      <member refid="structhttpsrc__port_1a84ec9235737fa91c0bb1f021c07f96a2" prot="public" virt="non-virtual"><scope>httpsrc_port</scope><name>_</name></member>
      <member refid="structhttpsrc__port_1a97a92fb7b88e3cc21e1cf315a87e8fb1" prot="public" virt="non-virtual"><scope>httpsrc_port</scope><name>aactype_</name></member>
      <member refid="structhttpsrc__port_1a500d42f4f42677052c73ee740068c51d" prot="public" virt="non-virtual"><scope>httpsrc_port</scope><name>mp3type_</name></member>
      <member refid="structhttpsrc__port_1ad2c39257e5368b15352b815bc0ca1ba0" prot="public" virt="non-virtual"><scope>httpsrc_port</scope><name>opustype_</name></member>
    </listofallmembers>
  </compounddef>
</doxygen>
