<?xml version='1.0' encoding='UTF-8' standalone='no'?>
<doxygen xmlns:xsi="http://www.w3.org/2001/XMLSchema-instance" xsi:noNamespaceSchemaLocation="compound.xsd" version="1.8.11">
  <compounddef id="structcc__dirble__prc__class" kind="struct" language="C++" prot="public">
    <compoundname>cc_dirble_prc_class</compoundname>
      <sectiondef kind="public-attrib">
      <memberdef kind="variable" id="structcc__dirble__prc__class_1aa9ca5727c9b425fa034584157a17ceaa" prot="public" static="no" mutable="no">
        <type>const <ref refid="structcc__prc__class" kindref="compound">cc_prc_class_t</ref></type>
        <definition>const cc_prc_class_t cc_dirble_prc_class::_</definition>
        <argsstring></argsstring>
        <name>_</name>
        <briefdescription>
        </briefdescription>
        <detaileddescription>
        </detaileddescription>
        <inbodydescription>
        </inbodydescription>
        <location file="/home/joni/work/tizonia-master/plugins/chromecast_renderer/src/cc_dirbleprc_decls.h" line="61" column="1" bodyfile="/home/joni/work/tizonia-master/plugins/chromecast_renderer/src/cc_dirbleprc_decls.h" bodystart="61" bodyend="-1"/>
      </memberdef>
      </sectiondef>
    <briefdescription>
    </briefdescription>
    <detaileddescription>
    </detaileddescription>
    <collaborationgraph>
      <node id="164">
        <label>tiz_object</label>
        <link refid="structtiz__object"/>
        <childnode refid="163" relation="usage">
          <edgelabel>class</edgelabel>
        </childnode>
      </node>
      <node id="158">
        <label>tiz_event_stat</label>
        <link refid="structtiz__event__stat"/>
        <childnode refid="158" relation="usage">
          <edgelabel>pf_cback</edgelabel>
        </childnode>
        <childnode refid="159" relation="usage">
          <edgelabel>stat</edgelabel>
        </childnode>
      </node>
      <node id="154">
        <label>cc_prc_class</label>
        <link refid="structcc__prc__class"/>
        <childnode refid="155" relation="usage">
          <edgelabel>_</edgelabel>
        </childnode>
      </node>
      <node id="162">
        <label>tiz_api_class</label>
        <link refid="structtiz__api__class"/>
        <childnode refid="163" relation="usage">
          <edgelabel>_</edgelabel>
        </childnode>
      </node>
      <node id="159">
        <label>ev_stat</label>
        <link refid="structev__stat"/>
        <childnode refid="160" relation="usage">
          <edgelabel>timer</edgelabel>
        </childnode>
      </node>
      <node id="153">
        <label>cc_dirble_prc_class</label>
        <link refid="structcc__dirble__prc__class"/>
        <childnode refid="154" relation="usage">
          <edgelabel>_</edgelabel>
        </childnode>
      </node>
      <node id="157">
        <label>tiz_event_pluggable</label>
        <link refid="structtiz__event__pluggable"/>
        <childnode refid="157" relation="usage">
          <edgelabel>pf_hdlr</edgelabel>
        </childnode>
      </node>
      <node id="156">
        <label>tiz_srv_class</label>
        <link refid="structtiz__srv__class"/>
        <childnode refid="157" relation="usage">
          <edgelabel>ap_event</edgelabel>
        </childnode>
        <childnode refid="158" relation="usage">
          <edgelabel>ap_ev_stat</edgelabel>
          <edgelabel>a_events</edgelabel>
          <edgelabel>a_id</edgelabel>
        </childnode>
        <childnode refid="161" relation="usage">
          <edgelabel>a_repeat</edgelabel>
          <edgelabel>a_id</edgelabel>
          <edgelabel>app_ev_timer</edgelabel>
          <edgelabel>ap_ev_timer</edgelabel>
          <edgelabel>a_after</edgelabel>
        </childnode>
        <childnode refid="162" relation="usage">
          <edgelabel>_</edgelabel>
        </childnode>
        <childnode refid="165" relation="usage">
          <edgelabel>app_ev_io</edgelabel>
          <edgelabel>only_once</edgelabel>
          <edgelabel>a_events</edgelabel>
          <edgelabel>a_id</edgelabel>
          <edgelabel>ap_ev_io</edgelabel>
          <edgelabel>a_fd</edgelabel>
          <edgelabel>a_event</edgelabel>
        </childnode>
      </node>
      <node id="155">
        <label>tiz_prc_class</label>
        <link refid="structtiz__prc__class"/>
        <childnode refid="156" relation="usage">
          <edgelabel>_</edgelabel>
        </childnode>
      </node>
      <node id="163">
        <label>tiz_class</label>
        <link refid="structtiz__class"/>
        <childnode refid="164" relation="usage">
          <edgelabel>_</edgelabel>
        </childnode>
        <childnode refid="163" relation="usage">
          <edgelabel>super</edgelabel>
        </childnode>
      </node>
      <node id="160">
        <label>ev_timer</label>
        <link refid="structev__timer"/>
      </node>
      <node id="165">
        <label>tiz_event_io</label>
        <link refid="structtiz__event__io"/>
        <childnode refid="165" relation="usage">
          <edgelabel>pf_cback</edgelabel>
        </childnode>
        <childnode refid="166" relation="usage">
          <edgelabel>io</edgelabel>
        </childnode>
      </node>
      <node id="166">
        <label>ev_io</label>
        <link refid="structev__io"/>
      </node>
      <node id="161">
        <label>tiz_event_timer</label>
        <link refid="structtiz__event__timer"/>
        <childnode refid="161" relation="usage">
          <edgelabel>pf_cback</edgelabel>
        </childnode>
        <childnode refid="160" relation="usage">
          <edgelabel>timer</edgelabel>
        </childnode>
      </node>
    </collaborationgraph>
    <location file="/home/joni/work/tizonia-master/plugins/chromecast_renderer/src/cc_dirbleprc_decls.h" line="59" column="1" bodyfile="/home/joni/work/tizonia-master/plugins/chromecast_renderer/src/cc_dirbleprc_decls.h" bodystart="58" bodyend="63"/>
    <listofallmembers>
      <member refid="structcc__dirble__prc__class_1aa9ca5727c9b425fa034584157a17ceaa" prot="public" virt="non-virtual"><scope>cc_dirble_prc_class</scope><name>_</name></member>
    </listofallmembers>
  </compounddef>
</doxygen>
