<?xml version='1.0' encoding='UTF-8' standalone='no'?>
<doxygen xmlns:xsi="http://www.w3.org/2001/XMLSchema-instance" xsi:noNamespaceSchemaLocation="compound.xsd" version="1.8.11">
  <compounddef id="structinprocrnd__prc__class" kind="struct" language="C++" prot="public">
    <compoundname>inprocrnd_prc_class</compoundname>
      <sectiondef kind="public-attrib">
      <memberdef kind="variable" id="structinprocrnd__prc__class_1ad189006c845770b84dbaa16d2fba67eb" prot="public" static="no" mutable="no">
        <type>const <ref refid="structtiz__prc__class" kindref="compound">tiz_prc_class_t</ref></type>
        <definition>const tiz_prc_class_t inprocrnd_prc_class::_</definition>
        <argsstring></argsstring>
        <name>_</name>
        <briefdescription>
        </briefdescription>
        <detaileddescription>
        </detaileddescription>
        <inbodydescription>
        </inbodydescription>
        <location file="/home/joni/work/tizonia-master/plugins/inproc_writer/src/inprocrndprc_decls.h" line="64" column="1" bodyfile="/home/joni/work/tizonia-master/plugins/inproc_writer/src/inprocrndprc_decls.h" bodystart="64" bodyend="-1"/>
      </memberdef>
      </sectiondef>
    <briefdescription>
    </briefdescription>
    <detaileddescription>
    </detaileddescription>
    <collaborationgraph>
      <node id="989">
        <label>tiz_object</label>
        <link refid="structtiz__object"/>
        <childnode refid="988" relation="usage">
          <edgelabel>class</edgelabel>
        </childnode>
      </node>
      <node id="983">
        <label>tiz_event_stat</label>
        <link refid="structtiz__event__stat"/>
        <childnode refid="983" relation="usage">
          <edgelabel>pf_cback</edgelabel>
        </childnode>
        <childnode refid="984" relation="usage">
          <edgelabel>stat</edgelabel>
        </childnode>
      </node>
      <node id="979">
        <label>inprocrnd_prc_class</label>
        <link refid="structinprocrnd__prc__class"/>
        <childnode refid="980" relation="usage">
          <edgelabel>_</edgelabel>
        </childnode>
      </node>
      <node id="987">
        <label>tiz_api_class</label>
        <link refid="structtiz__api__class"/>
        <childnode refid="988" relation="usage">
          <edgelabel>_</edgelabel>
        </childnode>
      </node>
      <node id="984">
        <label>ev_stat</label>
        <link refid="structev__stat"/>
        <childnode refid="985" relation="usage">
          <edgelabel>timer</edgelabel>
        </childnode>
      </node>
      <node id="982">
        <label>tiz_event_pluggable</label>
        <link refid="structtiz__event__pluggable"/>
        <childnode refid="982" relation="usage">
          <edgelabel>pf_hdlr</edgelabel>
        </childnode>
      </node>
      <node id="981">
        <label>tiz_srv_class</label>
        <link refid="structtiz__srv__class"/>
        <childnode refid="982" relation="usage">
          <edgelabel>ap_event</edgelabel>
        </childnode>
        <childnode refid="983" relation="usage">
          <edgelabel>ap_ev_stat</edgelabel>
          <edgelabel>a_events</edgelabel>
          <edgelabel>a_id</edgelabel>
        </childnode>
        <childnode refid="986" relation="usage">
          <edgelabel>a_repeat</edgelabel>
          <edgelabel>a_id</edgelabel>
          <edgelabel>app_ev_timer</edgelabel>
          <edgelabel>ap_ev_timer</edgelabel>
          <edgelabel>a_after</edgelabel>
        </childnode>
        <childnode refid="987" relation="usage">
          <edgelabel>_</edgelabel>
        </childnode>
        <childnode refid="990" relation="usage">
          <edgelabel>app_ev_io</edgelabel>
          <edgelabel>only_once</edgelabel>
          <edgelabel>a_events</edgelabel>
          <edgelabel>a_id</edgelabel>
          <edgelabel>ap_ev_io</edgelabel>
          <edgelabel>a_fd</edgelabel>
          <edgelabel>a_event</edgelabel>
        </childnode>
      </node>
      <node id="980">
        <label>tiz_prc_class</label>
        <link refid="structtiz__prc__class"/>
        <childnode refid="981" relation="usage">
          <edgelabel>_</edgelabel>
        </childnode>
      </node>
      <node id="988">
        <label>tiz_class</label>
        <link refid="structtiz__class"/>
        <childnode refid="989" relation="usage">
          <edgelabel>_</edgelabel>
        </childnode>
        <childnode refid="988" relation="usage">
          <edgelabel>super</edgelabel>
        </childnode>
      </node>
      <node id="985">
        <label>ev_timer</label>
        <link refid="structev__timer"/>
      </node>
      <node id="990">
        <label>tiz_event_io</label>
        <link refid="structtiz__event__io"/>
        <childnode refid="990" relation="usage">
          <edgelabel>pf_cback</edgelabel>
        </childnode>
        <childnode refid="991" relation="usage">
          <edgelabel>io</edgelabel>
        </childnode>
      </node>
      <node id="991">
        <label>ev_io</label>
        <link refid="structev__io"/>
      </node>
      <node id="986">
        <label>tiz_event_timer</label>
        <link refid="structtiz__event__timer"/>
        <childnode refid="986" relation="usage">
          <edgelabel>pf_cback</edgelabel>
        </childnode>
        <childnode refid="985" relation="usage">
          <edgelabel>timer</edgelabel>
        </childnode>
      </node>
    </collaborationgraph>
    <location file="/home/joni/work/tizonia-master/plugins/inproc_writer/src/inprocrndprc_decls.h" line="62" column="1" bodyfile="/home/joni/work/tizonia-master/plugins/inproc_writer/src/inprocrndprc_decls.h" bodystart="61" bodyend="66"/>
    <listofallmembers>
      <member refid="structinprocrnd__prc__class_1ad189006c845770b84dbaa16d2fba67eb" prot="public" virt="non-virtual"><scope>inprocrnd_prc_class</scope><name>_</name></member>
    </listofallmembers>
  </compounddef>
</doxygen>
