<?xml version='1.0' encoding='UTF-8' standalone='no'?>
<doxygen xmlns:xsi="http://www.w3.org/2001/XMLSchema-instance" xsi:noNamespaceSchemaLocation="compound.xsd" version="1.8.11">
  <compounddef id="structcc__dirble__prc" kind="struct" language="C++" prot="public">
    <compoundname>cc_dirble_prc</compoundname>
      <sectiondef kind="public-attrib">
      <memberdef kind="variable" id="structcc__dirble__prc_1a10881ee8b4a968ae4fee7325cc78e6dc" prot="public" static="no" mutable="no">
        <type>const <ref refid="structcc__prc" kindref="compound">cc_prc_t</ref></type>
        <definition>const cc_prc_t cc_dirble_prc::_</definition>
        <argsstring></argsstring>
        <name>_</name>
        <briefdescription>
        </briefdescription>
        <detaileddescription>
        </detaileddescription>
        <inbodydescription>
        </inbodydescription>
        <location file="/home/joni/work/tizonia-master/plugins/chromecast_renderer/src/cc_dirbleprc_decls.h" line="50" column="1" bodyfile="/home/joni/work/tizonia-master/plugins/chromecast_renderer/src/cc_dirbleprc_decls.h" bodystart="50" bodyend="-1"/>
      </memberdef>
      <memberdef kind="variable" id="structcc__dirble__prc_1a672bb5cb3effb84375742478fa85f254" prot="public" static="no" mutable="no">
        <type>OMX_TIZONIA_AUDIO_PARAM_DIRBLESESSIONTYPE</type>
        <definition>OMX_TIZONIA_AUDIO_PARAM_DIRBLESESSIONTYPE cc_dirble_prc::db_session_</definition>
        <argsstring></argsstring>
        <name>db_session_</name>
        <briefdescription>
        </briefdescription>
        <detaileddescription>
        </detaileddescription>
        <inbodydescription>
        </inbodydescription>
        <location file="/home/joni/work/tizonia-master/plugins/chromecast_renderer/src/cc_dirbleprc_decls.h" line="51" column="1" bodyfile="/home/joni/work/tizonia-master/plugins/chromecast_renderer/src/cc_dirbleprc_decls.h" bodystart="51" bodyend="-1"/>
      </memberdef>
      <memberdef kind="variable" id="structcc__dirble__prc_1a9c5a5363a0f2a13d29d8e1f9453909bf" prot="public" static="no" mutable="no">
        <type>OMX_TIZONIA_AUDIO_PARAM_DIRBLEPLAYLISTTYPE</type>
        <definition>OMX_TIZONIA_AUDIO_PARAM_DIRBLEPLAYLISTTYPE cc_dirble_prc::db_playlist_</definition>
        <argsstring></argsstring>
        <name>db_playlist_</name>
        <briefdescription>
        </briefdescription>
        <detaileddescription>
        </detaileddescription>
        <inbodydescription>
        </inbodydescription>
        <location file="/home/joni/work/tizonia-master/plugins/chromecast_renderer/src/cc_dirbleprc_decls.h" line="52" column="1" bodyfile="/home/joni/work/tizonia-master/plugins/chromecast_renderer/src/cc_dirbleprc_decls.h" bodystart="52" bodyend="-1"/>
      </memberdef>
      <memberdef kind="variable" id="structcc__dirble__prc_1a9e47ac352eeb864a445dfad90d6941f3" prot="public" static="no" mutable="no">
        <type><ref refid="group__libtizdirble_1gafb04f0bdc4e2b09904d71528acb3ee6b" kindref="member">tiz_dirble_t</ref> *</type>
        <definition>tiz_dirble_t* cc_dirble_prc::p_db_</definition>
        <argsstring></argsstring>
        <name>p_db_</name>
        <briefdescription>
        </briefdescription>
        <detaileddescription>
        </detaileddescription>
        <inbodydescription>
        </inbodydescription>
        <location file="/home/joni/work/tizonia-master/plugins/chromecast_renderer/src/cc_dirbleprc_decls.h" line="53" column="1" bodyfile="/home/joni/work/tizonia-master/plugins/chromecast_renderer/src/cc_dirbleprc_decls.h" bodystart="53" bodyend="-1"/>
      </memberdef>
      <memberdef kind="variable" id="structcc__dirble__prc_1ab2fcc7ff83eaf94efa0793087c0af845" prot="public" static="no" mutable="no">
        <type>bool</type>
        <definition>bool cc_dirble_prc::remove_current_url_</definition>
        <argsstring></argsstring>
        <name>remove_current_url_</name>
        <briefdescription>
        </briefdescription>
        <detaileddescription>
        </detaileddescription>
        <inbodydescription>
        </inbodydescription>
        <location file="/home/joni/work/tizonia-master/plugins/chromecast_renderer/src/cc_dirbleprc_decls.h" line="54" column="1" bodyfile="/home/joni/work/tizonia-master/plugins/chromecast_renderer/src/cc_dirbleprc_decls.h" bodystart="54" bodyend="-1"/>
      </memberdef>
      </sectiondef>
    <briefdescription>
    </briefdescription>
    <detaileddescription>
    </detaileddescription>
    <collaborationgraph>
      <node id="147">
        <label>tiz_object</label>
        <link refid="structtiz__object"/>
        <childnode refid="148" relation="usage">
          <edgelabel>class</edgelabel>
        </childnode>
      </node>
      <node id="145">
        <label>slice</label>
        <link refid="structslice"/>
        <childnode refid="144" relation="usage">
          <edgelabel>p_chunk</edgelabel>
        </childnode>
        <childnode refid="145" relation="usage">
          <edgelabel>p_next_free</edgelabel>
        </childnode>
      </node>
      <node id="138">
        <label>cc_prc</label>
        <link refid="structcc__prc"/>
        <childnode refid="139" relation="usage">
          <edgelabel>_</edgelabel>
        </childnode>
      </node>
      <node id="143">
        <label>tiz_soa</label>
        <link refid="structtiz__soa"/>
        <childnode refid="144" relation="usage">
          <edgelabel>p_chunk_lst</edgelabel>
        </childnode>
        <childnode refid="145" relation="usage">
          <edgelabel>p_pending_chain</edgelabel>
          <edgelabel>p_slice_store</edgelabel>
        </childnode>
      </node>
      <node id="151">
        <label>tizdirble</label>
        <link refid="classtizdirble"/>
      </node>
      <node id="137">
        <label>cc_dirble_prc</label>
        <link refid="structcc__dirble__prc"/>
        <childnode refid="138" relation="usage">
          <edgelabel>_</edgelabel>
        </childnode>
        <childnode refid="150" relation="usage">
          <edgelabel>p_db_</edgelabel>
        </childnode>
      </node>
      <node id="142">
        <label>tiz_pqueue_item</label>
        <link refid="structtiz__pqueue__item"/>
        <childnode refid="142" relation="usage">
          <edgelabel>p_prev</edgelabel>
          <edgelabel>p_next</edgelabel>
        </childnode>
      </node>
      <node id="140">
        <label>tiz_srv</label>
        <link refid="structtiz__srv"/>
        <childnode refid="141" relation="usage">
          <edgelabel>p_pq_</edgelabel>
        </childnode>
        <childnode refid="146" relation="usage">
          <edgelabel>_</edgelabel>
        </childnode>
        <childnode refid="149" relation="usage">
          <edgelabel>p_watchers_</edgelabel>
        </childnode>
        <childnode refid="143" relation="usage">
          <edgelabel>p_soa_</edgelabel>
        </childnode>
      </node>
      <node id="150">
        <label>tiz_dirble</label>
        <link refid="structtiz__dirble"/>
        <childnode refid="151" relation="usage">
          <edgelabel>p_proxy_</edgelabel>
        </childnode>
      </node>
      <node id="141">
        <label>tiz_pqueue</label>
        <link refid="structtiz__pqueue"/>
        <childnode refid="142" relation="usage">
          <edgelabel>p_last</edgelabel>
          <edgelabel>pp_store</edgelabel>
          <edgelabel>p_first</edgelabel>
        </childnode>
        <childnode refid="143" relation="usage">
          <edgelabel>p_soa</edgelabel>
        </childnode>
      </node>
      <node id="146">
        <label>tiz_api</label>
        <link refid="structtiz__api"/>
        <childnode refid="147" relation="usage">
          <edgelabel>_</edgelabel>
        </childnode>
      </node>
      <node id="149">
        <label>tiz_map</label>
        <link refid="structtiz__map"/>
        <childnode refid="143" relation="usage">
          <edgelabel>p_soa</edgelabel>
        </childnode>
      </node>
      <node id="139">
        <label>tiz_prc</label>
        <link refid="structtiz__prc"/>
        <childnode refid="140" relation="usage">
          <edgelabel>_</edgelabel>
        </childnode>
      </node>
      <node id="148">
        <label>tiz_class</label>
        <link refid="structtiz__class"/>
        <childnode refid="147" relation="usage">
          <edgelabel>_</edgelabel>
        </childnode>
        <childnode refid="148" relation="usage">
          <edgelabel>super</edgelabel>
        </childnode>
      </node>
      <node id="144">
        <label>chunk</label>
        <link refid="structchunk"/>
        <childnode refid="144" relation="usage">
          <edgelabel>p_next</edgelabel>
        </childnode>
        <childnode refid="143" relation="usage">
          <edgelabel>p_soa</edgelabel>
        </childnode>
      </node>
    </collaborationgraph>
    <location file="/home/joni/work/tizonia-master/plugins/chromecast_renderer/src/cc_dirbleprc_decls.h" line="48" column="1" bodyfile="/home/joni/work/tizonia-master/plugins/chromecast_renderer/src/cc_dirbleprc_decls.h" bodystart="47" bodyend="55"/>
    <listofallmembers>
      <member refid="structcc__dirble__prc_1a10881ee8b4a968ae4fee7325cc78e6dc" prot="public" virt="non-virtual"><scope>cc_dirble_prc</scope><name>_</name></member>
      <member refid="structcc__dirble__prc_1a9c5a5363a0f2a13d29d8e1f9453909bf" prot="public" virt="non-virtual"><scope>cc_dirble_prc</scope><name>db_playlist_</name></member>
      <member refid="structcc__dirble__prc_1a672bb5cb3effb84375742478fa85f254" prot="public" virt="non-virtual"><scope>cc_dirble_prc</scope><name>db_session_</name></member>
      <member refid="structcc__dirble__prc_1a9e47ac352eeb864a445dfad90d6941f3" prot="public" virt="non-virtual"><scope>cc_dirble_prc</scope><name>p_db_</name></member>
      <member refid="structcc__dirble__prc_1ab2fcc7ff83eaf94efa0793087c0af845" prot="public" virt="non-virtual"><scope>cc_dirble_prc</scope><name>remove_current_url_</name></member>
    </listofallmembers>
  </compounddef>
</doxygen>
