<?xml version='1.0' encoding='UTF-8' standalone='no'?>
<doxygen xmlns:xsi="http://www.w3.org/2001/XMLSchema-instance" xsi:noNamespaceSchemaLocation="compound.xsd" version="1.8.11">
  <compounddef id="structpulsear__prc__class" kind="struct" language="C++" prot="public">
    <compoundname>pulsear_prc_class</compoundname>
      <sectiondef kind="public-attrib">
      <memberdef kind="variable" id="structpulsear__prc__class_1a3cef2c5c24022cdd0dcabafd5612a3c2" prot="public" static="no" mutable="no">
        <type>const <ref refid="structtiz__prc__class" kindref="compound">tiz_prc_class_t</ref></type>
        <definition>const tiz_prc_class_t pulsear_prc_class::_</definition>
        <argsstring></argsstring>
        <name>_</name>
        <briefdescription>
        </briefdescription>
        <detaileddescription>
        </detaileddescription>
        <inbodydescription>
        </inbodydescription>
        <location file="/home/joni/work/tizonia-master/plugins/pcm_renderer_pa/src/pulsearprc_decls.h" line="80" column="1" bodyfile="/home/joni/work/tizonia-master/plugins/pcm_renderer_pa/src/pulsearprc_decls.h" bodystart="80" bodyend="-1"/>
      </memberdef>
      </sectiondef>
    <briefdescription>
    </briefdescription>
    <detaileddescription>
    </detaileddescription>
    <collaborationgraph>
      <node id="1415">
        <label>tiz_object</label>
        <link refid="structtiz__object"/>
        <childnode refid="1414" relation="usage">
          <edgelabel>class</edgelabel>
        </childnode>
      </node>
      <node id="1409">
        <label>tiz_event_stat</label>
        <link refid="structtiz__event__stat"/>
        <childnode refid="1409" relation="usage">
          <edgelabel>pf_cback</edgelabel>
        </childnode>
        <childnode refid="1410" relation="usage">
          <edgelabel>stat</edgelabel>
        </childnode>
      </node>
      <node id="1413">
        <label>tiz_api_class</label>
        <link refid="structtiz__api__class"/>
        <childnode refid="1414" relation="usage">
          <edgelabel>_</edgelabel>
        </childnode>
      </node>
      <node id="1410">
        <label>ev_stat</label>
        <link refid="structev__stat"/>
        <childnode refid="1411" relation="usage">
          <edgelabel>timer</edgelabel>
        </childnode>
      </node>
      <node id="1408">
        <label>tiz_event_pluggable</label>
        <link refid="structtiz__event__pluggable"/>
        <childnode refid="1408" relation="usage">
          <edgelabel>pf_hdlr</edgelabel>
        </childnode>
      </node>
      <node id="1405">
        <label>pulsear_prc_class</label>
        <link refid="structpulsear__prc__class"/>
        <childnode refid="1406" relation="usage">
          <edgelabel>_</edgelabel>
        </childnode>
      </node>
      <node id="1407">
        <label>tiz_srv_class</label>
        <link refid="structtiz__srv__class"/>
        <childnode refid="1408" relation="usage">
          <edgelabel>ap_event</edgelabel>
        </childnode>
        <childnode refid="1409" relation="usage">
          <edgelabel>ap_ev_stat</edgelabel>
          <edgelabel>a_events</edgelabel>
          <edgelabel>a_id</edgelabel>
        </childnode>
        <childnode refid="1412" relation="usage">
          <edgelabel>a_repeat</edgelabel>
          <edgelabel>a_id</edgelabel>
          <edgelabel>app_ev_timer</edgelabel>
          <edgelabel>ap_ev_timer</edgelabel>
          <edgelabel>a_after</edgelabel>
        </childnode>
        <childnode refid="1413" relation="usage">
          <edgelabel>_</edgelabel>
        </childnode>
        <childnode refid="1416" relation="usage">
          <edgelabel>app_ev_io</edgelabel>
          <edgelabel>only_once</edgelabel>
          <edgelabel>a_events</edgelabel>
          <edgelabel>a_id</edgelabel>
          <edgelabel>ap_ev_io</edgelabel>
          <edgelabel>a_fd</edgelabel>
          <edgelabel>a_event</edgelabel>
        </childnode>
      </node>
      <node id="1406">
        <label>tiz_prc_class</label>
        <link refid="structtiz__prc__class"/>
        <childnode refid="1407" relation="usage">
          <edgelabel>_</edgelabel>
        </childnode>
      </node>
      <node id="1414">
        <label>tiz_class</label>
        <link refid="structtiz__class"/>
        <childnode refid="1415" relation="usage">
          <edgelabel>_</edgelabel>
        </childnode>
        <childnode refid="1414" relation="usage">
          <edgelabel>super</edgelabel>
        </childnode>
      </node>
      <node id="1411">
        <label>ev_timer</label>
        <link refid="structev__timer"/>
      </node>
      <node id="1416">
        <label>tiz_event_io</label>
        <link refid="structtiz__event__io"/>
        <childnode refid="1416" relation="usage">
          <edgelabel>pf_cback</edgelabel>
        </childnode>
        <childnode refid="1417" relation="usage">
          <edgelabel>io</edgelabel>
        </childnode>
      </node>
      <node id="1417">
        <label>ev_io</label>
        <link refid="structev__io"/>
      </node>
      <node id="1412">
        <label>tiz_event_timer</label>
        <link refid="structtiz__event__timer"/>
        <childnode refid="1412" relation="usage">
          <edgelabel>pf_cback</edgelabel>
        </childnode>
        <childnode refid="1411" relation="usage">
          <edgelabel>timer</edgelabel>
        </childnode>
      </node>
    </collaborationgraph>
    <location file="/home/joni/work/tizonia-master/plugins/pcm_renderer_pa/src/pulsearprc_decls.h" line="78" column="1" bodyfile="/home/joni/work/tizonia-master/plugins/pcm_renderer_pa/src/pulsearprc_decls.h" bodystart="77" bodyend="82"/>
    <listofallmembers>
      <member refid="structpulsear__prc__class_1a3cef2c5c24022cdd0dcabafd5612a3c2" prot="public" virt="non-virtual"><scope>pulsear_prc_class</scope><name>_</name></member>
    </listofallmembers>
  </compounddef>
</doxygen>
