<?xml version='1.0' encoding='UTF-8' standalone='no'?>
<doxygen xmlns:xsi="http://www.w3.org/2001/XMLSchema-instance" xsi:noNamespaceSchemaLocation="compound.xsd" version="1.8.11">
  <compounddef id="structcc__plex__prc" kind="struct" language="C++" prot="public">
    <compoundname>cc_plex_prc</compoundname>
      <sectiondef kind="public-attrib">
      <memberdef kind="variable" id="structcc__plex__prc_1a9defcd750422fea483ebe392ac23495e" prot="public" static="no" mutable="no">
        <type>const <ref refid="structcc__prc" kindref="compound">cc_prc_t</ref></type>
        <definition>const cc_prc_t cc_plex_prc::_</definition>
        <argsstring></argsstring>
        <name>_</name>
        <briefdescription>
        </briefdescription>
        <detaileddescription>
        </detaileddescription>
        <inbodydescription>
        </inbodydescription>
        <location file="/home/joni/work/tizonia-master/plugins/chromecast_renderer/src/cc_plexprc_decls.h" line="52" column="1" bodyfile="/home/joni/work/tizonia-master/plugins/chromecast_renderer/src/cc_plexprc_decls.h" bodystart="52" bodyend="-1"/>
      </memberdef>
      <memberdef kind="variable" id="structcc__plex__prc_1a4f095d0e8f89385f82d5e7c2c336e890" prot="public" static="no" mutable="no">
        <type>OMX_TIZONIA_AUDIO_PARAM_PLEXSESSIONTYPE</type>
        <definition>OMX_TIZONIA_AUDIO_PARAM_PLEXSESSIONTYPE cc_plex_prc::sc_session_</definition>
        <argsstring></argsstring>
        <name>sc_session_</name>
        <briefdescription>
        </briefdescription>
        <detaileddescription>
        </detaileddescription>
        <inbodydescription>
        </inbodydescription>
        <location file="/home/joni/work/tizonia-master/plugins/chromecast_renderer/src/cc_plexprc_decls.h" line="53" column="1" bodyfile="/home/joni/work/tizonia-master/plugins/chromecast_renderer/src/cc_plexprc_decls.h" bodystart="53" bodyend="-1"/>
      </memberdef>
      <memberdef kind="variable" id="structcc__plex__prc_1ab7c247ceae6f69b9c8ea67ccdbb20fa2" prot="public" static="no" mutable="no">
        <type>OMX_TIZONIA_AUDIO_PARAM_PLEXPLAYLISTTYPE</type>
        <definition>OMX_TIZONIA_AUDIO_PARAM_PLEXPLAYLISTTYPE cc_plex_prc::sc_playlist_</definition>
        <argsstring></argsstring>
        <name>sc_playlist_</name>
        <briefdescription>
        </briefdescription>
        <detaileddescription>
        </detaileddescription>
        <inbodydescription>
        </inbodydescription>
        <location file="/home/joni/work/tizonia-master/plugins/chromecast_renderer/src/cc_plexprc_decls.h" line="54" column="1" bodyfile="/home/joni/work/tizonia-master/plugins/chromecast_renderer/src/cc_plexprc_decls.h" bodystart="54" bodyend="-1"/>
      </memberdef>
      <memberdef kind="variable" id="structcc__plex__prc_1a2705d5e55afa159e6da7c7ce476f489a" prot="public" static="no" mutable="no">
        <type>tiz_plex_t *</type>
        <definition>tiz_plex_t* cc_plex_prc::p_plex_</definition>
        <argsstring></argsstring>
        <name>p_plex_</name>
        <briefdescription>
        </briefdescription>
        <detaileddescription>
        </detaileddescription>
        <inbodydescription>
        </inbodydescription>
        <location file="/home/joni/work/tizonia-master/plugins/chromecast_renderer/src/cc_plexprc_decls.h" line="55" column="1" bodyfile="/home/joni/work/tizonia-master/plugins/chromecast_renderer/src/cc_plexprc_decls.h" bodystart="55" bodyend="-1"/>
      </memberdef>
      <memberdef kind="variable" id="structcc__plex__prc_1a5930cca0ff839d4748cf46096f3a6d2f" prot="public" static="no" mutable="no">
        <type>bool</type>
        <definition>bool cc_plex_prc::remove_current_url_</definition>
        <argsstring></argsstring>
        <name>remove_current_url_</name>
        <briefdescription>
        </briefdescription>
        <detaileddescription>
        </detaileddescription>
        <inbodydescription>
        </inbodydescription>
        <location file="/home/joni/work/tizonia-master/plugins/chromecast_renderer/src/cc_plexprc_decls.h" line="56" column="1" bodyfile="/home/joni/work/tizonia-master/plugins/chromecast_renderer/src/cc_plexprc_decls.h" bodystart="56" bodyend="-1"/>
      </memberdef>
      </sectiondef>
    <briefdescription>
    </briefdescription>
    <detaileddescription>
    </detaileddescription>
    <collaborationgraph>
      <node id="286">
        <label>tiz_object</label>
        <link refid="structtiz__object"/>
        <childnode refid="287" relation="usage">
          <edgelabel>class</edgelabel>
        </childnode>
      </node>
      <node id="284">
        <label>slice</label>
        <link refid="structslice"/>
        <childnode refid="283" relation="usage">
          <edgelabel>p_chunk</edgelabel>
        </childnode>
        <childnode refid="284" relation="usage">
          <edgelabel>p_next_free</edgelabel>
        </childnode>
      </node>
      <node id="277">
        <label>cc_prc</label>
        <link refid="structcc__prc"/>
        <childnode refid="278" relation="usage">
          <edgelabel>_</edgelabel>
        </childnode>
      </node>
      <node id="282">
        <label>tiz_soa</label>
        <link refid="structtiz__soa"/>
        <childnode refid="283" relation="usage">
          <edgelabel>p_chunk_lst</edgelabel>
        </childnode>
        <childnode refid="284" relation="usage">
          <edgelabel>p_pending_chain</edgelabel>
          <edgelabel>p_slice_store</edgelabel>
        </childnode>
      </node>
      <node id="276">
        <label>cc_plex_prc</label>
        <link refid="structcc__plex__prc"/>
        <childnode refid="277" relation="usage">
          <edgelabel>_</edgelabel>
        </childnode>
      </node>
      <node id="281">
        <label>tiz_pqueue_item</label>
        <link refid="structtiz__pqueue__item"/>
        <childnode refid="281" relation="usage">
          <edgelabel>p_prev</edgelabel>
          <edgelabel>p_next</edgelabel>
        </childnode>
      </node>
      <node id="279">
        <label>tiz_srv</label>
        <link refid="structtiz__srv"/>
        <childnode refid="280" relation="usage">
          <edgelabel>p_pq_</edgelabel>
        </childnode>
        <childnode refid="285" relation="usage">
          <edgelabel>_</edgelabel>
        </childnode>
        <childnode refid="288" relation="usage">
          <edgelabel>p_watchers_</edgelabel>
        </childnode>
        <childnode refid="282" relation="usage">
          <edgelabel>p_soa_</edgelabel>
        </childnode>
      </node>
      <node id="280">
        <label>tiz_pqueue</label>
        <link refid="structtiz__pqueue"/>
        <childnode refid="281" relation="usage">
          <edgelabel>p_last</edgelabel>
          <edgelabel>pp_store</edgelabel>
          <edgelabel>p_first</edgelabel>
        </childnode>
        <childnode refid="282" relation="usage">
          <edgelabel>p_soa</edgelabel>
        </childnode>
      </node>
      <node id="285">
        <label>tiz_api</label>
        <link refid="structtiz__api"/>
        <childnode refid="286" relation="usage">
          <edgelabel>_</edgelabel>
        </childnode>
      </node>
      <node id="288">
        <label>tiz_map</label>
        <link refid="structtiz__map"/>
        <childnode refid="282" relation="usage">
          <edgelabel>p_soa</edgelabel>
        </childnode>
      </node>
      <node id="278">
        <label>tiz_prc</label>
        <link refid="structtiz__prc"/>
        <childnode refid="279" relation="usage">
          <edgelabel>_</edgelabel>
        </childnode>
      </node>
      <node id="287">
        <label>tiz_class</label>
        <link refid="structtiz__class"/>
        <childnode refid="286" relation="usage">
          <edgelabel>_</edgelabel>
        </childnode>
        <childnode refid="287" relation="usage">
          <edgelabel>super</edgelabel>
        </childnode>
      </node>
      <node id="283">
        <label>chunk</label>
        <link refid="structchunk"/>
        <childnode refid="283" relation="usage">
          <edgelabel>p_next</edgelabel>
        </childnode>
        <childnode refid="282" relation="usage">
          <edgelabel>p_soa</edgelabel>
        </childnode>
      </node>
    </collaborationgraph>
    <location file="/home/joni/work/tizonia-master/plugins/chromecast_renderer/src/cc_plexprc_decls.h" line="50" column="1" bodyfile="/home/joni/work/tizonia-master/plugins/chromecast_renderer/src/cc_plexprc_decls.h" bodystart="49" bodyend="57"/>
    <listofallmembers>
      <member refid="structcc__plex__prc_1a9defcd750422fea483ebe392ac23495e" prot="public" virt="non-virtual"><scope>cc_plex_prc</scope><name>_</name></member>
      <member refid="structcc__plex__prc_1a2705d5e55afa159e6da7c7ce476f489a" prot="public" virt="non-virtual"><scope>cc_plex_prc</scope><name>p_plex_</name></member>
      <member refid="structcc__plex__prc_1a5930cca0ff839d4748cf46096f3a6d2f" prot="public" virt="non-virtual"><scope>cc_plex_prc</scope><name>remove_current_url_</name></member>
      <member refid="structcc__plex__prc_1ab7c247ceae6f69b9c8ea67ccdbb20fa2" prot="public" virt="non-virtual"><scope>cc_plex_prc</scope><name>sc_playlist_</name></member>
      <member refid="structcc__plex__prc_1a4f095d0e8f89385f82d5e7c2c336e890" prot="public" virt="non-virtual"><scope>cc_plex_prc</scope><name>sc_session_</name></member>
    </listofallmembers>
  </compounddef>
</doxygen>
