<?xml version='1.0' encoding='UTF-8' standalone='no'?>
<doxygen xmlns:xsi="http://www.w3.org/2001/XMLSchema-instance" xsi:noNamespaceSchemaLocation="compound.xsd" version="1.8.11">
  <compounddef id="structtiz__sched__msg__setget__paramconfig" kind="struct" language="C++" prot="public">
    <compoundname>tiz_sched_msg_setget_paramconfig</compoundname>
      <sectiondef kind="public-attrib">
      <memberdef kind="variable" id="structtiz__sched__msg__setget__paramconfig_1a6583dad49e55b8fadc2570619e7cc462" prot="public" static="no" mutable="no">
        <type>OMX_INDEXTYPE</type>
        <definition>OMX_INDEXTYPE tiz_sched_msg_setget_paramconfig::index</definition>
        <argsstring></argsstring>
        <name>index</name>
        <briefdescription>
        </briefdescription>
        <detaileddescription>
        </detaileddescription>
        <inbodydescription>
        </inbodydescription>
        <location file="/home/joni/work/tizonia-master/libtizonia/src/tizscheduler.c" line="203" column="1" bodyfile="/home/joni/work/tizonia-master/libtizonia/src/tizscheduler.c" bodystart="203" bodyend="-1"/>
      </memberdef>
      <memberdef kind="variable" id="structtiz__sched__msg__setget__paramconfig_1a38478c17241ab5ba0e413994d3bdc555" prot="public" static="no" mutable="no">
        <type>OMX_PTR</type>
        <definition>OMX_PTR tiz_sched_msg_setget_paramconfig::p_struct</definition>
        <argsstring></argsstring>
        <name>p_struct</name>
        <briefdescription>
        </briefdescription>
        <detaileddescription>
        </detaileddescription>
        <inbodydescription>
        </inbodydescription>
        <location file="/home/joni/work/tizonia-master/libtizonia/src/tizscheduler.c" line="204" column="1" bodyfile="/home/joni/work/tizonia-master/libtizonia/src/tizscheduler.c" bodystart="204" bodyend="-1"/>
      </memberdef>
      </sectiondef>
    <briefdescription>
    </briefdescription>
    <detaileddescription>
    </detaileddescription>
    <location file="/home/joni/work/tizonia-master/libtizonia/src/tizscheduler.c" line="202" column="1" bodyfile="/home/joni/work/tizonia-master/libtizonia/src/tizscheduler.c" bodystart="201" bodyend="205"/>
    <listofallmembers>
      <member refid="structtiz__sched__msg__setget__paramconfig_1a6583dad49e55b8fadc2570619e7cc462" prot="public" virt="non-virtual"><scope>tiz_sched_msg_setget_paramconfig</scope><name>index</name></member>
      <member refid="structtiz__sched__msg__setget__paramconfig_1a38478c17241ab5ba0e413994d3bdc555" prot="public" virt="non-virtual"><scope>tiz_sched_msg_setget_paramconfig</scope><name>p_struct</name></member>
    </listofallmembers>
  </compounddef>
</doxygen>
