<?xml version='1.0' encoding='UTF-8' standalone='no'?>
<doxygen xmlns:xsi="http://www.w3.org/2001/XMLSchema-instance" xsi:noNamespaceSchemaLocation="compound.xsd" version="1.8.11">
  <compounddef id="structPacket" kind="struct" language="C++" prot="public">
    <compoundname>Packet</compoundname>
      <sectiondef kind="public-attrib">
      <memberdef kind="variable" id="structPacket_1adf4751f2f8e064b4302718e5ea56c777" prot="public" static="no" mutable="no">
        <type>unsigned char *</type>
        <definition>unsigned char* Packet::data</definition>
        <argsstring></argsstring>
        <name>data</name>
        <briefdescription>
        </briefdescription>
        <detaileddescription>
        </detaileddescription>
        <inbodydescription>
        </inbodydescription>
        <location file="/home/joni/work/tizonia-master/plugins/opus_decoder/src/opusutils.c" line="97" column="1" bodyfile="/home/joni/work/tizonia-master/plugins/opus_decoder/src/opusutils.c" bodystart="97" bodyend="-1"/>
      </memberdef>
      <memberdef kind="variable" id="structPacket_1a3d27913be5eb0fd4ed2d073441d0cb13" prot="public" static="no" mutable="no">
        <type>int</type>
        <definition>int Packet::maxlen</definition>
        <argsstring></argsstring>
        <name>maxlen</name>
        <briefdescription>
        </briefdescription>
        <detaileddescription>
        </detaileddescription>
        <inbodydescription>
        </inbodydescription>
        <location file="/home/joni/work/tizonia-master/plugins/opus_decoder/src/opusutils.c" line="98" column="1" bodyfile="/home/joni/work/tizonia-master/plugins/opus_decoder/src/opusutils.c" bodystart="98" bodyend="-1"/>
      </memberdef>
      <memberdef kind="variable" id="structPacket_1a2e89ff19d8adaf3f537cfbeeba8fca0e" prot="public" static="no" mutable="no">
        <type>int</type>
        <definition>int Packet::pos</definition>
        <argsstring></argsstring>
        <name>pos</name>
        <briefdescription>
        </briefdescription>
        <detaileddescription>
        </detaileddescription>
        <inbodydescription>
        </inbodydescription>
        <location file="/home/joni/work/tizonia-master/plugins/opus_decoder/src/opusutils.c" line="99" column="1" bodyfile="/home/joni/work/tizonia-master/plugins/opus_decoder/src/opusutils.c" bodystart="99" bodyend="-1"/>
      </memberdef>
      </sectiondef>
    <briefdescription>
    </briefdescription>
    <detaileddescription>
    </detaileddescription>
    <location file="/home/joni/work/tizonia-master/plugins/opus_decoder/src/opusutils.c" line="96" column="1" bodyfile="/home/joni/work/tizonia-master/plugins/opus_decoder/src/opusutils.c" bodystart="96" bodyend="100"/>
    <listofallmembers>
      <member refid="structPacket_1adf4751f2f8e064b4302718e5ea56c777" prot="public" virt="non-virtual"><scope>Packet</scope><name>data</name></member>
      <member refid="structPacket_1a3d27913be5eb0fd4ed2d073441d0cb13" prot="public" virt="non-virtual"><scope>Packet</scope><name>maxlen</name></member>
      <member refid="structPacket_1a2e89ff19d8adaf3f537cfbeeba8fca0e" prot="public" virt="non-virtual"><scope>Packet</scope><name>pos</name></member>
    </listofallmembers>
  </compounddef>
</doxygen>
