<?xml version='1.0' encoding='UTF-8' standalone='no'?>
<doxygen xmlns:xsi="http://www.w3.org/2001/XMLSchema-instance" xsi:noNamespaceSchemaLocation="compound.xsd" version="1.8.11">
  <compounddef id="structmp3e__prc" kind="struct" language="C++" prot="public">
    <compoundname>mp3e_prc</compoundname>
      <sectiondef kind="public-attrib">
      <memberdef kind="variable" id="structmp3e__prc_1ab9b9b502ef84281ed2bf511fcc4d3261" prot="public" static="no" mutable="no">
        <type>const <ref refid="structtiz__prc" kindref="compound">tiz_prc_t</ref></type>
        <definition>const tiz_prc_t mp3e_prc::_</definition>
        <argsstring></argsstring>
        <name>_</name>
        <briefdescription>
        </briefdescription>
        <detaileddescription>
        </detaileddescription>
        <inbodydescription>
        </inbodydescription>
        <location file="/home/joni/work/tizonia-master/plugins/mp3_encoder/src/mp3eprc_decls.h" line="51" column="1" bodyfile="/home/joni/work/tizonia-master/plugins/mp3_encoder/src/mp3eprc_decls.h" bodystart="51" bodyend="-1"/>
      </memberdef>
      <memberdef kind="variable" id="structmp3e__prc_1a2e3a6bf5055eabaf19b71ca679dfcfda" prot="public" static="no" mutable="no">
        <type>OMX_AUDIO_PARAM_PCMMODETYPE</type>
        <definition>OMX_AUDIO_PARAM_PCMMODETYPE mp3e_prc::pcmmode_</definition>
        <argsstring></argsstring>
        <name>pcmmode_</name>
        <briefdescription>
        </briefdescription>
        <detaileddescription>
        </detaileddescription>
        <inbodydescription>
        </inbodydescription>
        <location file="/home/joni/work/tizonia-master/plugins/mp3_encoder/src/mp3eprc_decls.h" line="52" column="1" bodyfile="/home/joni/work/tizonia-master/plugins/mp3_encoder/src/mp3eprc_decls.h" bodystart="52" bodyend="-1"/>
      </memberdef>
      <memberdef kind="variable" id="structmp3e__prc_1adaed720b568023c5c75c922703a3ae26" prot="public" static="no" mutable="no">
        <type>OMX_AUDIO_PARAM_MP3TYPE</type>
        <definition>OMX_AUDIO_PARAM_MP3TYPE mp3e_prc::mp3type_</definition>
        <argsstring></argsstring>
        <name>mp3type_</name>
        <briefdescription>
        </briefdescription>
        <detaileddescription>
        </detaileddescription>
        <inbodydescription>
        </inbodydescription>
        <location file="/home/joni/work/tizonia-master/plugins/mp3_encoder/src/mp3eprc_decls.h" line="53" column="1" bodyfile="/home/joni/work/tizonia-master/plugins/mp3_encoder/src/mp3eprc_decls.h" bodystart="53" bodyend="-1"/>
      </memberdef>
      <memberdef kind="variable" id="structmp3e__prc_1a073192ca9577e21883ba37b95f7f0973" prot="public" static="no" mutable="no">
        <type>lame_t</type>
        <definition>lame_t mp3e_prc::lame_</definition>
        <argsstring></argsstring>
        <name>lame_</name>
        <briefdescription>
        </briefdescription>
        <detaileddescription>
        </detaileddescription>
        <inbodydescription>
        </inbodydescription>
        <location file="/home/joni/work/tizonia-master/plugins/mp3_encoder/src/mp3eprc_decls.h" line="54" column="1" bodyfile="/home/joni/work/tizonia-master/plugins/mp3_encoder/src/mp3eprc_decls.h" bodystart="54" bodyend="-1"/>
      </memberdef>
      <memberdef kind="variable" id="structmp3e__prc_1ac00678b01db57b5f4c151e2108cab463" prot="public" static="no" mutable="no">
        <type>int</type>
        <definition>int mp3e_prc::frame_size_</definition>
        <argsstring></argsstring>
        <name>frame_size_</name>
        <briefdescription>
        </briefdescription>
        <detaileddescription>
        </detaileddescription>
        <inbodydescription>
        </inbodydescription>
        <location file="/home/joni/work/tizonia-master/plugins/mp3_encoder/src/mp3eprc_decls.h" line="55" column="1" bodyfile="/home/joni/work/tizonia-master/plugins/mp3_encoder/src/mp3eprc_decls.h" bodystart="55" bodyend="-1"/>
      </memberdef>
      <memberdef kind="variable" id="structmp3e__prc_1a605096e2dbf777c3e41a90d04177e745" prot="public" static="no" mutable="no">
        <type>OMX_BUFFERHEADERTYPE *</type>
        <definition>OMX_BUFFERHEADERTYPE* mp3e_prc::p_inhdr_</definition>
        <argsstring></argsstring>
        <name>p_inhdr_</name>
        <briefdescription>
        </briefdescription>
        <detaileddescription>
        </detaileddescription>
        <inbodydescription>
        </inbodydescription>
        <location file="/home/joni/work/tizonia-master/plugins/mp3_encoder/src/mp3eprc_decls.h" line="56" column="1" bodyfile="/home/joni/work/tizonia-master/plugins/mp3_encoder/src/mp3eprc_decls.h" bodystart="56" bodyend="-1"/>
      </memberdef>
      <memberdef kind="variable" id="structmp3e__prc_1ab0b78bb40998b10d50feeb1b0f242cce" prot="public" static="no" mutable="no">
        <type>OMX_BUFFERHEADERTYPE *</type>
        <definition>OMX_BUFFERHEADERTYPE* mp3e_prc::p_outhdr_</definition>
        <argsstring></argsstring>
        <name>p_outhdr_</name>
        <briefdescription>
        </briefdescription>
        <detaileddescription>
        </detaileddescription>
        <inbodydescription>
        </inbodydescription>
        <location file="/home/joni/work/tizonia-master/plugins/mp3_encoder/src/mp3eprc_decls.h" line="57" column="1" bodyfile="/home/joni/work/tizonia-master/plugins/mp3_encoder/src/mp3eprc_decls.h" bodystart="57" bodyend="-1"/>
      </memberdef>
      <memberdef kind="variable" id="structmp3e__prc_1a6273f0f099f9b96fd2ad31820af535d2" prot="public" static="no" mutable="no">
        <type>bool</type>
        <definition>bool mp3e_prc::eos_</definition>
        <argsstring></argsstring>
        <name>eos_</name>
        <briefdescription>
        </briefdescription>
        <detaileddescription>
        </detaileddescription>
        <inbodydescription>
        </inbodydescription>
        <location file="/home/joni/work/tizonia-master/plugins/mp3_encoder/src/mp3eprc_decls.h" line="58" column="1" bodyfile="/home/joni/work/tizonia-master/plugins/mp3_encoder/src/mp3eprc_decls.h" bodystart="58" bodyend="-1"/>
      </memberdef>
      <memberdef kind="variable" id="structmp3e__prc_1ab2246b27908987d3751b3741418d2710" prot="public" static="no" mutable="no">
        <type>bool</type>
        <definition>bool mp3e_prc::lame_flushed_</definition>
        <argsstring></argsstring>
        <name>lame_flushed_</name>
        <briefdescription>
        </briefdescription>
        <detaileddescription>
        </detaileddescription>
        <inbodydescription>
        </inbodydescription>
        <location file="/home/joni/work/tizonia-master/plugins/mp3_encoder/src/mp3eprc_decls.h" line="59" column="1" bodyfile="/home/joni/work/tizonia-master/plugins/mp3_encoder/src/mp3eprc_decls.h" bodystart="59" bodyend="-1"/>
      </memberdef>
      </sectiondef>
    <briefdescription>
    </briefdescription>
    <detaileddescription>
    </detaileddescription>
    <collaborationgraph>
      <node id="1066">
        <label>tiz_object</label>
        <link refid="structtiz__object"/>
        <childnode refid="1067" relation="usage">
          <edgelabel>class</edgelabel>
        </childnode>
      </node>
      <node id="1064">
        <label>slice</label>
        <link refid="structslice"/>
        <childnode refid="1063" relation="usage">
          <edgelabel>p_chunk</edgelabel>
        </childnode>
        <childnode refid="1064" relation="usage">
          <edgelabel>p_next_free</edgelabel>
        </childnode>
      </node>
      <node id="1062">
        <label>tiz_soa</label>
        <link refid="structtiz__soa"/>
        <childnode refid="1063" relation="usage">
          <edgelabel>p_chunk_lst</edgelabel>
        </childnode>
        <childnode refid="1064" relation="usage">
          <edgelabel>p_pending_chain</edgelabel>
          <edgelabel>p_slice_store</edgelabel>
        </childnode>
      </node>
      <node id="1061">
        <label>tiz_pqueue_item</label>
        <link refid="structtiz__pqueue__item"/>
        <childnode refid="1061" relation="usage">
          <edgelabel>p_prev</edgelabel>
          <edgelabel>p_next</edgelabel>
        </childnode>
      </node>
      <node id="1059">
        <label>tiz_srv</label>
        <link refid="structtiz__srv"/>
        <childnode refid="1060" relation="usage">
          <edgelabel>p_pq_</edgelabel>
        </childnode>
        <childnode refid="1065" relation="usage">
          <edgelabel>_</edgelabel>
        </childnode>
        <childnode refid="1068" relation="usage">
          <edgelabel>p_watchers_</edgelabel>
        </childnode>
        <childnode refid="1062" relation="usage">
          <edgelabel>p_soa_</edgelabel>
        </childnode>
      </node>
      <node id="1060">
        <label>tiz_pqueue</label>
        <link refid="structtiz__pqueue"/>
        <childnode refid="1061" relation="usage">
          <edgelabel>p_last</edgelabel>
          <edgelabel>pp_store</edgelabel>
          <edgelabel>p_first</edgelabel>
        </childnode>
        <childnode refid="1062" relation="usage">
          <edgelabel>p_soa</edgelabel>
        </childnode>
      </node>
      <node id="1057">
        <label>mp3e_prc</label>
        <link refid="structmp3e__prc"/>
        <childnode refid="1058" relation="usage">
          <edgelabel>_</edgelabel>
        </childnode>
      </node>
      <node id="1065">
        <label>tiz_api</label>
        <link refid="structtiz__api"/>
        <childnode refid="1066" relation="usage">
          <edgelabel>_</edgelabel>
        </childnode>
      </node>
      <node id="1068">
        <label>tiz_map</label>
        <link refid="structtiz__map"/>
        <childnode refid="1062" relation="usage">
          <edgelabel>p_soa</edgelabel>
        </childnode>
      </node>
      <node id="1058">
        <label>tiz_prc</label>
        <link refid="structtiz__prc"/>
        <childnode refid="1059" relation="usage">
          <edgelabel>_</edgelabel>
        </childnode>
      </node>
      <node id="1067">
        <label>tiz_class</label>
        <link refid="structtiz__class"/>
        <childnode refid="1066" relation="usage">
          <edgelabel>_</edgelabel>
        </childnode>
        <childnode refid="1067" relation="usage">
          <edgelabel>super</edgelabel>
        </childnode>
      </node>
      <node id="1063">
        <label>chunk</label>
        <link refid="structchunk"/>
        <childnode refid="1063" relation="usage">
          <edgelabel>p_next</edgelabel>
        </childnode>
        <childnode refid="1062" relation="usage">
          <edgelabel>p_soa</edgelabel>
        </childnode>
      </node>
    </collaborationgraph>
    <location file="/home/joni/work/tizonia-master/plugins/mp3_encoder/src/mp3eprc_decls.h" line="49" column="1" bodyfile="/home/joni/work/tizonia-master/plugins/mp3_encoder/src/mp3eprc_decls.h" bodystart="48" bodyend="60"/>
    <listofallmembers>
      <member refid="structmp3e__prc_1ab9b9b502ef84281ed2bf511fcc4d3261" prot="public" virt="non-virtual"><scope>mp3e_prc</scope><name>_</name></member>
      <member refid="structmp3e__prc_1a6273f0f099f9b96fd2ad31820af535d2" prot="public" virt="non-virtual"><scope>mp3e_prc</scope><name>eos_</name></member>
      <member refid="structmp3e__prc_1ac00678b01db57b5f4c151e2108cab463" prot="public" virt="non-virtual"><scope>mp3e_prc</scope><name>frame_size_</name></member>
      <member refid="structmp3e__prc_1a073192ca9577e21883ba37b95f7f0973" prot="public" virt="non-virtual"><scope>mp3e_prc</scope><name>lame_</name></member>
      <member refid="structmp3e__prc_1ab2246b27908987d3751b3741418d2710" prot="public" virt="non-virtual"><scope>mp3e_prc</scope><name>lame_flushed_</name></member>
      <member refid="structmp3e__prc_1adaed720b568023c5c75c922703a3ae26" prot="public" virt="non-virtual"><scope>mp3e_prc</scope><name>mp3type_</name></member>
      <member refid="structmp3e__prc_1a605096e2dbf777c3e41a90d04177e745" prot="public" virt="non-virtual"><scope>mp3e_prc</scope><name>p_inhdr_</name></member>
      <member refid="structmp3e__prc_1ab0b78bb40998b10d50feeb1b0f242cce" prot="public" virt="non-virtual"><scope>mp3e_prc</scope><name>p_outhdr_</name></member>
      <member refid="structmp3e__prc_1a2e3a6bf5055eabaf19b71ca679dfcfda" prot="public" virt="non-virtual"><scope>mp3e_prc</scope><name>pcmmode_</name></member>
    </listofallmembers>
  </compounddef>
</doxygen>
