<?xml version='1.0' encoding='UTF-8' standalone='no'?>
<doxygen xmlns:xsi="http://www.w3.org/2001/XMLSchema-instance" xsi:noNamespaceSchemaLocation="compound.xsd" version="1.8.11">
  <compounddef id="structtiz__urltrans__info__cbacks" kind="struct" language="C++" prot="public">
    <compoundname>tiz_urltrans_info_cbacks</compoundname>
    <includes refid="tizurltransfer_8h" local="no">tizurltransfer.h</includes>
      <sectiondef kind="public-attrib">
      <memberdef kind="variable" id="structtiz__urltrans__info__cbacks_1ad39aba89e80489e7f79ffe5be489fe89" prot="public" static="no" mutable="no">
        <type>tiz_urltrans_header_available_f</type>
        <definition>tiz_urltrans_header_available_f tiz_urltrans_info_cbacks::pf_header_avail</definition>
        <argsstring></argsstring>
        <name>pf_header_avail</name>
        <briefdescription>
        </briefdescription>
        <detaileddescription>
        </detaileddescription>
        <inbodydescription>
        </inbodydescription>
        <location file="/home/joni/work/tizonia-master/libtizplatform/src/tizurltransfer.h" line="146" column="1" bodyfile="/home/joni/work/tizonia-master/libtizplatform/src/tizurltransfer.h" bodystart="146" bodyend="-1"/>
      </memberdef>
      <memberdef kind="variable" id="structtiz__urltrans__info__cbacks_1a8a4c8da25c09e84bbe293b73ace52f19" prot="public" static="no" mutable="no">
        <type>tiz_urltrans_data_available_f</type>
        <definition>tiz_urltrans_data_available_f tiz_urltrans_info_cbacks::pf_data_avail</definition>
        <argsstring></argsstring>
        <name>pf_data_avail</name>
        <briefdescription>
        </briefdescription>
        <detaileddescription>
        </detaileddescription>
        <inbodydescription>
        </inbodydescription>
        <location file="/home/joni/work/tizonia-master/libtizplatform/src/tizurltransfer.h" line="147" column="1" bodyfile="/home/joni/work/tizonia-master/libtizplatform/src/tizurltransfer.h" bodystart="147" bodyend="-1"/>
      </memberdef>
      <memberdef kind="variable" id="structtiz__urltrans__info__cbacks_1a8250221eac5abca65f51b51278465d8b" prot="public" static="no" mutable="no">
        <type>tiz_urltrans_connection_lost_f</type>
        <definition>tiz_urltrans_connection_lost_f tiz_urltrans_info_cbacks::pf_connection_lost</definition>
        <argsstring></argsstring>
        <name>pf_connection_lost</name>
        <briefdescription>
        </briefdescription>
        <detaileddescription>
        </detaileddescription>
        <inbodydescription>
        </inbodydescription>
        <location file="/home/joni/work/tizonia-master/libtizplatform/src/tizurltransfer.h" line="148" column="1" bodyfile="/home/joni/work/tizonia-master/libtizplatform/src/tizurltransfer.h" bodystart="148" bodyend="-1"/>
      </memberdef>
      </sectiondef>
    <briefdescription>
<para>Informational callbacks registration structure. </para>    </briefdescription>
    <detaileddescription>
<para>This structure is used to hold various informational callbacks functions. </para>    </detaileddescription>
    <location file="/home/joni/work/tizonia-master/libtizplatform/src/tizurltransfer.h" line="145" column="1" bodyfile="/home/joni/work/tizonia-master/libtizplatform/src/tizurltransfer.h" bodystart="144" bodyend="149"/>
    <listofallmembers>
      <member refid="structtiz__urltrans__info__cbacks_1a8250221eac5abca65f51b51278465d8b" prot="public" virt="non-virtual"><scope>tiz_urltrans_info_cbacks</scope><name>pf_connection_lost</name></member>
      <member refid="structtiz__urltrans__info__cbacks_1a8a4c8da25c09e84bbe293b73ace52f19" prot="public" virt="non-virtual"><scope>tiz_urltrans_info_cbacks</scope><name>pf_data_avail</name></member>
      <member refid="structtiz__urltrans__info__cbacks_1ad39aba89e80489e7f79ffe5be489fe89" prot="public" virt="non-virtual"><scope>tiz_urltrans_info_cbacks</scope><name>pf_header_avail</name></member>
    </listofallmembers>
  </compounddef>
</doxygen>
