<?xml version='1.0' encoding='UTF-8' standalone='no'?>
<doxygen xmlns:xsi="http://www.w3.org/2001/XMLSchema-instance" xsi:noNamespaceSchemaLocation="compound.xsd" version="1.8.11">
  <compounddef id="structoggdmux__prc__class" kind="struct" language="C++" prot="public">
    <compoundname>oggdmux_prc_class</compoundname>
      <sectiondef kind="public-attrib">
      <memberdef kind="variable" id="structoggdmux__prc__class_1aa364e97158c37feb76b3bab4c6125cb1" prot="public" static="no" mutable="no">
        <type>const <ref refid="structtiz__prc__class" kindref="compound">tiz_prc_class_t</ref></type>
        <definition>const tiz_prc_class_t oggdmux_prc_class::_</definition>
        <argsstring></argsstring>
        <name>_</name>
        <briefdescription>
        </briefdescription>
        <detaileddescription>
        </detaileddescription>
        <inbodydescription>
        </inbodydescription>
        <location file="/home/joni/work/tizonia-master/plugins/ogg_demuxer/src/oggdmuxprc_decls.h" line="72" column="1" bodyfile="/home/joni/work/tizonia-master/plugins/ogg_demuxer/src/oggdmuxprc_decls.h" bodystart="72" bodyend="-1"/>
      </memberdef>
      </sectiondef>
    <briefdescription>
    </briefdescription>
    <detaileddescription>
    </detaileddescription>
    <collaborationgraph>
      <node id="1195">
        <label>tiz_object</label>
        <link refid="structtiz__object"/>
        <childnode refid="1194" relation="usage">
          <edgelabel>class</edgelabel>
        </childnode>
      </node>
      <node id="1189">
        <label>tiz_event_stat</label>
        <link refid="structtiz__event__stat"/>
        <childnode refid="1189" relation="usage">
          <edgelabel>pf_cback</edgelabel>
        </childnode>
        <childnode refid="1190" relation="usage">
          <edgelabel>stat</edgelabel>
        </childnode>
      </node>
      <node id="1193">
        <label>tiz_api_class</label>
        <link refid="structtiz__api__class"/>
        <childnode refid="1194" relation="usage">
          <edgelabel>_</edgelabel>
        </childnode>
      </node>
      <node id="1190">
        <label>ev_stat</label>
        <link refid="structev__stat"/>
        <childnode refid="1191" relation="usage">
          <edgelabel>timer</edgelabel>
        </childnode>
      </node>
      <node id="1185">
        <label>oggdmux_prc_class</label>
        <link refid="structoggdmux__prc__class"/>
        <childnode refid="1186" relation="usage">
          <edgelabel>_</edgelabel>
        </childnode>
      </node>
      <node id="1188">
        <label>tiz_event_pluggable</label>
        <link refid="structtiz__event__pluggable"/>
        <childnode refid="1188" relation="usage">
          <edgelabel>pf_hdlr</edgelabel>
        </childnode>
      </node>
      <node id="1187">
        <label>tiz_srv_class</label>
        <link refid="structtiz__srv__class"/>
        <childnode refid="1188" relation="usage">
          <edgelabel>ap_event</edgelabel>
        </childnode>
        <childnode refid="1189" relation="usage">
          <edgelabel>ap_ev_stat</edgelabel>
          <edgelabel>a_events</edgelabel>
          <edgelabel>a_id</edgelabel>
        </childnode>
        <childnode refid="1192" relation="usage">
          <edgelabel>a_repeat</edgelabel>
          <edgelabel>a_id</edgelabel>
          <edgelabel>app_ev_timer</edgelabel>
          <edgelabel>ap_ev_timer</edgelabel>
          <edgelabel>a_after</edgelabel>
        </childnode>
        <childnode refid="1193" relation="usage">
          <edgelabel>_</edgelabel>
        </childnode>
        <childnode refid="1196" relation="usage">
          <edgelabel>app_ev_io</edgelabel>
          <edgelabel>only_once</edgelabel>
          <edgelabel>a_events</edgelabel>
          <edgelabel>a_id</edgelabel>
          <edgelabel>ap_ev_io</edgelabel>
          <edgelabel>a_fd</edgelabel>
          <edgelabel>a_event</edgelabel>
        </childnode>
      </node>
      <node id="1186">
        <label>tiz_prc_class</label>
        <link refid="structtiz__prc__class"/>
        <childnode refid="1187" relation="usage">
          <edgelabel>_</edgelabel>
        </childnode>
      </node>
      <node id="1194">
        <label>tiz_class</label>
        <link refid="structtiz__class"/>
        <childnode refid="1195" relation="usage">
          <edgelabel>_</edgelabel>
        </childnode>
        <childnode refid="1194" relation="usage">
          <edgelabel>super</edgelabel>
        </childnode>
      </node>
      <node id="1191">
        <label>ev_timer</label>
        <link refid="structev__timer"/>
      </node>
      <node id="1196">
        <label>tiz_event_io</label>
        <link refid="structtiz__event__io"/>
        <childnode refid="1196" relation="usage">
          <edgelabel>pf_cback</edgelabel>
        </childnode>
        <childnode refid="1197" relation="usage">
          <edgelabel>io</edgelabel>
        </childnode>
      </node>
      <node id="1197">
        <label>ev_io</label>
        <link refid="structev__io"/>
      </node>
      <node id="1192">
        <label>tiz_event_timer</label>
        <link refid="structtiz__event__timer"/>
        <childnode refid="1192" relation="usage">
          <edgelabel>pf_cback</edgelabel>
        </childnode>
        <childnode refid="1191" relation="usage">
          <edgelabel>timer</edgelabel>
        </childnode>
      </node>
    </collaborationgraph>
    <location file="/home/joni/work/tizonia-master/plugins/ogg_demuxer/src/oggdmuxprc_decls.h" line="70" column="1" bodyfile="/home/joni/work/tizonia-master/plugins/ogg_demuxer/src/oggdmuxprc_decls.h" bodystart="69" bodyend="74"/>
    <listofallmembers>
      <member refid="structoggdmux__prc__class_1aa364e97158c37feb76b3bab4c6125cb1" prot="public" virt="non-virtual"><scope>oggdmux_prc_class</scope><name>_</name></member>
    </listofallmembers>
  </compounddef>
</doxygen>
