<?xml version='1.0' encoding='UTF-8' standalone='no'?>
<doxygen xmlns:xsi="http://www.w3.org/2001/XMLSchema-instance" xsi:noNamespaceSchemaLocation="compound.xsd" version="1.8.11">
  <compounddef id="structvp8d__codec__buffer" kind="struct" language="C++" prot="public">
    <compoundname>vp8d_codec_buffer</compoundname>
      <sectiondef kind="public-attrib">
      <memberdef kind="variable" id="structvp8d__codec__buffer_1a9b4397da4e3ece7f4ebd7b6e753f832d" prot="public" static="no" mutable="no">
        <type>uint8_t *</type>
        <definition>uint8_t* vp8d_codec_buffer::p_data</definition>
        <argsstring></argsstring>
        <name>p_data</name>
        <briefdescription>
        </briefdescription>
        <detaileddescription>
        </detaileddescription>
        <inbodydescription>
        </inbodydescription>
        <location file="/home/joni/work/tizonia-master/plugins/vp8_decoder/src/vp8dprc_decls.h" line="77" column="1" bodyfile="/home/joni/work/tizonia-master/plugins/vp8_decoder/src/vp8dprc_decls.h" bodystart="77" bodyend="-1"/>
      </memberdef>
      <memberdef kind="variable" id="structvp8d__codec__buffer_1a140b86a96d84215881701420205aef4e" prot="public" static="no" mutable="no">
        <type>size_t</type>
        <definition>size_t vp8d_codec_buffer::frame_size</definition>
        <argsstring></argsstring>
        <name>frame_size</name>
        <briefdescription>
        </briefdescription>
        <detaileddescription>
        </detaileddescription>
        <inbodydescription>
        </inbodydescription>
        <location file="/home/joni/work/tizonia-master/plugins/vp8_decoder/src/vp8dprc_decls.h" line="78" column="1" bodyfile="/home/joni/work/tizonia-master/plugins/vp8_decoder/src/vp8dprc_decls.h" bodystart="78" bodyend="-1"/>
      </memberdef>
      <memberdef kind="variable" id="structvp8d__codec__buffer_1a13d2904b6dce8e31b1a8cd54e8c3737f" prot="public" static="no" mutable="no">
        <type>size_t</type>
        <definition>size_t vp8d_codec_buffer::filled_len</definition>
        <argsstring></argsstring>
        <name>filled_len</name>
        <briefdescription>
        </briefdescription>
        <detaileddescription>
        </detaileddescription>
        <inbodydescription>
        </inbodydescription>
        <location file="/home/joni/work/tizonia-master/plugins/vp8_decoder/src/vp8dprc_decls.h" line="79" column="1" bodyfile="/home/joni/work/tizonia-master/plugins/vp8_decoder/src/vp8dprc_decls.h" bodystart="79" bodyend="-1"/>
      </memberdef>
      <memberdef kind="variable" id="structvp8d__codec__buffer_1a49f885c0862816b7c060ffcb231ffaec" prot="public" static="no" mutable="no">
        <type>size_t</type>
        <definition>size_t vp8d_codec_buffer::alloc_len</definition>
        <argsstring></argsstring>
        <name>alloc_len</name>
        <briefdescription>
        </briefdescription>
        <detaileddescription>
        </detaileddescription>
        <inbodydescription>
        </inbodydescription>
        <location file="/home/joni/work/tizonia-master/plugins/vp8_decoder/src/vp8dprc_decls.h" line="80" column="1" bodyfile="/home/joni/work/tizonia-master/plugins/vp8_decoder/src/vp8dprc_decls.h" bodystart="80" bodyend="-1"/>
      </memberdef>
      </sectiondef>
    <briefdescription>
    </briefdescription>
    <detaileddescription>
    </detaileddescription>
    <location file="/home/joni/work/tizonia-master/plugins/vp8_decoder/src/vp8dprc_decls.h" line="76" column="1" bodyfile="/home/joni/work/tizonia-master/plugins/vp8_decoder/src/vp8dprc_decls.h" bodystart="75" bodyend="81"/>
    <listofallmembers>
      <member refid="structvp8d__codec__buffer_1a49f885c0862816b7c060ffcb231ffaec" prot="public" virt="non-virtual"><scope>vp8d_codec_buffer</scope><name>alloc_len</name></member>
      <member refid="structvp8d__codec__buffer_1a13d2904b6dce8e31b1a8cd54e8c3737f" prot="public" virt="non-virtual"><scope>vp8d_codec_buffer</scope><name>filled_len</name></member>
      <member refid="structvp8d__codec__buffer_1a140b86a96d84215881701420205aef4e" prot="public" virt="non-virtual"><scope>vp8d_codec_buffer</scope><name>frame_size</name></member>
      <member refid="structvp8d__codec__buffer_1a9b4397da4e3ece7f4ebd7b6e753f832d" prot="public" virt="non-virtual"><scope>vp8d_codec_buffer</scope><name>p_data</name></member>
    </listofallmembers>
  </compounddef>
</doxygen>
