<?xml version='1.0' encoding='UTF-8' standalone='no'?>
<doxygen xmlns:xsi="http://www.w3.org/2001/XMLSchema-instance" xsi:noNamespaceSchemaLocation="compound.xsd" version="1.8.11">
  <compounddef id="structtiz__pause__class" kind="struct" language="C++" prot="public">
    <compoundname>tiz_pause_class</compoundname>
      <sectiondef kind="public-attrib">
      <memberdef kind="variable" id="structtiz__pause__class_1a75ac3b1ca0f36a5ec7562cd46ef242c5" prot="public" static="no" mutable="no">
        <type>const <ref refid="structtiz__state__class" kindref="compound">tiz_state_class_t</ref></type>
        <definition>const tiz_state_class_t tiz_pause_class::_</definition>
        <argsstring></argsstring>
        <name>_</name>
        <briefdescription>
        </briefdescription>
        <detaileddescription>
        </detaileddescription>
        <inbodydescription>
        </inbodydescription>
        <location file="/home/joni/work/tizonia-master/libtizonia/src/tizstate_decls.h" line="206" column="1" bodyfile="/home/joni/work/tizonia-master/libtizonia/src/tizstate_decls.h" bodystart="206" bodyend="-1"/>
      </memberdef>
      </sectiondef>
    <briefdescription>
    </briefdescription>
    <detaileddescription>
    </detaileddescription>
    <collaborationgraph>
      <node id="2269">
        <label>tiz_object</label>
        <link refid="structtiz__object"/>
        <childnode refid="2268" relation="usage">
          <edgelabel>class</edgelabel>
        </childnode>
      </node>
      <node id="2267">
        <label>tiz_api_class</label>
        <link refid="structtiz__api__class"/>
        <childnode refid="2268" relation="usage">
          <edgelabel>_</edgelabel>
        </childnode>
      </node>
      <node id="2266">
        <label>tiz_state_class</label>
        <link refid="structtiz__state__class"/>
        <childnode refid="2267" relation="usage">
          <edgelabel>_</edgelabel>
        </childnode>
      </node>
      <node id="2265">
        <label>tiz_pause_class</label>
        <link refid="structtiz__pause__class"/>
        <childnode refid="2266" relation="usage">
          <edgelabel>_</edgelabel>
        </childnode>
      </node>
      <node id="2268">
        <label>tiz_class</label>
        <link refid="structtiz__class"/>
        <childnode refid="2269" relation="usage">
          <edgelabel>_</edgelabel>
        </childnode>
        <childnode refid="2268" relation="usage">
          <edgelabel>super</edgelabel>
        </childnode>
      </node>
    </collaborationgraph>
    <location file="/home/joni/work/tizonia-master/libtizonia/src/tizstate_decls.h" line="205" column="1" bodyfile="/home/joni/work/tizonia-master/libtizonia/src/tizstate_decls.h" bodystart="204" bodyend="207"/>
    <listofallmembers>
      <member refid="structtiz__pause__class_1a75ac3b1ca0f36a5ec7562cd46ef242c5" prot="public" virt="non-virtual"><scope>tiz_pause_class</scope><name>_</name></member>
    </listofallmembers>
  </compounddef>
</doxygen>
