<?xml version='1.0' encoding='UTF-8' standalone='no'?>
<doxygen xmlns:xsi="http://www.w3.org/2001/XMLSchema-instance" xsi:noNamespaceSchemaLocation="compound.xsd" version="1.8.11">
  <compounddef id="structdirble__cfgport" kind="struct" language="C++" prot="public">
    <compoundname>dirble_cfgport</compoundname>
      <sectiondef kind="public-attrib">
      <memberdef kind="variable" id="structdirble__cfgport_1a436d9513dd16c068067b3a0ff5ca2d35" prot="public" static="no" mutable="no">
        <type>const <ref refid="structtiz__configport" kindref="compound">tiz_configport_t</ref></type>
        <definition>const tiz_configport_t dirble_cfgport::_</definition>
        <argsstring></argsstring>
        <name>_</name>
        <briefdescription>
        </briefdescription>
        <detaileddescription>
        </detaileddescription>
        <inbodydescription>
        </inbodydescription>
        <location file="/home/joni/work/tizonia-master/plugins/http_source/src/dirblecfgport_decls.h" line="45" column="1" bodyfile="/home/joni/work/tizonia-master/plugins/http_source/src/dirblecfgport_decls.h" bodystart="45" bodyend="-1"/>
      </memberdef>
      <memberdef kind="variable" id="structdirble__cfgport_1aa1e54e9e2f122dece3f6c06821492ec4" prot="public" static="no" mutable="no">
        <type>OMX_TIZONIA_AUDIO_PARAM_DIRBLESESSIONTYPE</type>
        <definition>OMX_TIZONIA_AUDIO_PARAM_DIRBLESESSIONTYPE dirble_cfgport::session_</definition>
        <argsstring></argsstring>
        <name>session_</name>
        <briefdescription>
        </briefdescription>
        <detaileddescription>
        </detaileddescription>
        <inbodydescription>
        </inbodydescription>
        <location file="/home/joni/work/tizonia-master/plugins/http_source/src/dirblecfgport_decls.h" line="46" column="1" bodyfile="/home/joni/work/tizonia-master/plugins/http_source/src/dirblecfgport_decls.h" bodystart="46" bodyend="-1"/>
      </memberdef>
      <memberdef kind="variable" id="structdirble__cfgport_1a44b8fc84681918ac0b67534a44b7c259" prot="public" static="no" mutable="no">
        <type>OMX_TIZONIA_AUDIO_PARAM_DIRBLEPLAYLISTTYPE</type>
        <definition>OMX_TIZONIA_AUDIO_PARAM_DIRBLEPLAYLISTTYPE dirble_cfgport::playlist_</definition>
        <argsstring></argsstring>
        <name>playlist_</name>
        <briefdescription>
        </briefdescription>
        <detaileddescription>
        </detaileddescription>
        <inbodydescription>
        </inbodydescription>
        <location file="/home/joni/work/tizonia-master/plugins/http_source/src/dirblecfgport_decls.h" line="47" column="1" bodyfile="/home/joni/work/tizonia-master/plugins/http_source/src/dirblecfgport_decls.h" bodystart="47" bodyend="-1"/>
      </memberdef>
      </sectiondef>
    <briefdescription>
    </briefdescription>
    <detaileddescription>
    </detaileddescription>
    <collaborationgraph>
      <node id="494">
        <label>tiz_pd_set</label>
        <link refid="structtiz__pd__set"/>
      </node>
      <node id="496">
        <label>tiz_object</label>
        <link refid="structtiz__object"/>
        <childnode refid="497" relation="usage">
          <edgelabel>class</edgelabel>
        </childnode>
      </node>
      <node id="500">
        <label>tiz_alloc_hooks</label>
        <link refid="structtiz__alloc__hooks"/>
      </node>
      <node id="498">
        <label>tiz_eglimage_hook</label>
        <link refid="structtiz__eglimage__hook"/>
      </node>
      <node id="492">
        <label>tiz_configport</label>
        <link refid="structtiz__configport"/>
        <childnode refid="493" relation="usage">
          <edgelabel>_</edgelabel>
        </childnode>
        <childnode refid="501" relation="usage">
          <edgelabel>p_metadata_lst_</edgelabel>
        </childnode>
      </node>
      <node id="499">
        <label>tiz_port_options</label>
        <link refid="structtiz__port__options"/>
        <childnode refid="500" relation="usage">
          <edgelabel>mem_hooks</edgelabel>
        </childnode>
      </node>
      <node id="501">
        <label>tiz_vector</label>
        <link refid="structtiz__vector"/>
      </node>
      <node id="495">
        <label>tiz_api</label>
        <link refid="structtiz__api"/>
        <childnode refid="496" relation="usage">
          <edgelabel>_</edgelabel>
        </childnode>
      </node>
      <node id="497">
        <label>tiz_class</label>
        <link refid="structtiz__class"/>
        <childnode refid="496" relation="usage">
          <edgelabel>_</edgelabel>
        </childnode>
        <childnode refid="497" relation="usage">
          <edgelabel>super</edgelabel>
        </childnode>
      </node>
      <node id="491">
        <label>dirble_cfgport</label>
        <link refid="structdirble__cfgport"/>
        <childnode refid="492" relation="usage">
          <edgelabel>_</edgelabel>
        </childnode>
      </node>
      <node id="493">
        <label>tiz_port</label>
        <link refid="structtiz__port"/>
        <childnode refid="494" relation="usage">
          <edgelabel>flags_</edgelabel>
        </childnode>
        <childnode refid="495" relation="usage">
          <edgelabel>_</edgelabel>
        </childnode>
        <childnode refid="498" relation="usage">
          <edgelabel>eglimage_hook_</edgelabel>
        </childnode>
        <childnode refid="499" relation="usage">
          <edgelabel>opts_</edgelabel>
        </childnode>
        <childnode refid="501" relation="usage">
          <edgelabel>p_hdrs_info_</edgelabel>
          <edgelabel>p_marks_</edgelabel>
          <edgelabel>p_hdrs_</edgelabel>
          <edgelabel>p_indexes_</edgelabel>
        </childnode>
      </node>
    </collaborationgraph>
    <location file="/home/joni/work/tizonia-master/plugins/http_source/src/dirblecfgport_decls.h" line="43" column="1" bodyfile="/home/joni/work/tizonia-master/plugins/http_source/src/dirblecfgport_decls.h" bodystart="42" bodyend="48"/>
    <listofallmembers>
      <member refid="structdirble__cfgport_1a436d9513dd16c068067b3a0ff5ca2d35" prot="public" virt="non-virtual"><scope>dirble_cfgport</scope><name>_</name></member>
      <member refid="structdirble__cfgport_1a44b8fc84681918ac0b67534a44b7c259" prot="public" virt="non-virtual"><scope>dirble_cfgport</scope><name>playlist_</name></member>
      <member refid="structdirble__cfgport_1aa1e54e9e2f122dece3f6c06821492ec4" prot="public" virt="non-virtual"><scope>dirble_cfgport</scope><name>session_</name></member>
    </listofallmembers>
  </compounddef>
</doxygen>
