<?xml version='1.0' encoding='UTF-8' standalone='no'?>
<doxygen xmlns:xsi="http://www.w3.org/2001/XMLSchema-instance" xsi:noNamespaceSchemaLocation="compound.xsd" version="1.8.11">
  <compounddef id="structtiz__prc__msg__buffersready" kind="struct" language="C++" prot="public">
    <compoundname>tiz_prc_msg_buffersready</compoundname>
      <sectiondef kind="public-attrib">
      <memberdef kind="variable" id="structtiz__prc__msg__buffersready_1ae65bdfedd096c3d792482154a824011e" prot="public" static="no" mutable="no">
        <type>OMX_BUFFERHEADERTYPE *</type>
        <definition>OMX_BUFFERHEADERTYPE* tiz_prc_msg_buffersready::p_buffer</definition>
        <argsstring></argsstring>
        <name>p_buffer</name>
        <briefdescription>
        </briefdescription>
        <detaileddescription>
        </detaileddescription>
        <inbodydescription>
        </inbodydescription>
        <location file="/home/joni/work/tizonia-master/libtizonia/src/tizprc_internal.h" line="87" column="1" bodyfile="/home/joni/work/tizonia-master/libtizonia/src/tizprc_internal.h" bodystart="87" bodyend="-1"/>
      </memberdef>
      <memberdef kind="variable" id="structtiz__prc__msg__buffersready_1a6b6b336458107be209817d4e926b1e3f" prot="public" static="no" mutable="no">
        <type>OMX_U32</type>
        <definition>OMX_U32 tiz_prc_msg_buffersready::pid</definition>
        <argsstring></argsstring>
        <name>pid</name>
        <briefdescription>
        </briefdescription>
        <detaileddescription>
        </detaileddescription>
        <inbodydescription>
        </inbodydescription>
        <location file="/home/joni/work/tizonia-master/libtizonia/src/tizprc_internal.h" line="88" column="1" bodyfile="/home/joni/work/tizonia-master/libtizonia/src/tizprc_internal.h" bodystart="88" bodyend="-1"/>
      </memberdef>
      </sectiondef>
    <briefdescription>
    </briefdescription>
    <detaileddescription>
    </detaileddescription>
    <location file="/home/joni/work/tizonia-master/libtizonia/src/tizprc_internal.h" line="86" column="1" bodyfile="/home/joni/work/tizonia-master/libtizonia/src/tizprc_internal.h" bodystart="85" bodyend="89"/>
    <listofallmembers>
      <member refid="structtiz__prc__msg__buffersready_1ae65bdfedd096c3d792482154a824011e" prot="public" virt="non-virtual"><scope>tiz_prc_msg_buffersready</scope><name>p_buffer</name></member>
      <member refid="structtiz__prc__msg__buffersready_1a6b6b336458107be209817d4e926b1e3f" prot="public" virt="non-virtual"><scope>tiz_prc_msg_buffersready</scope><name>pid</name></member>
    </listofallmembers>
  </compounddef>
</doxygen>
