<?xml version='1.0' encoding='UTF-8' standalone='no'?>
<doxygen xmlns:xsi="http://www.w3.org/2001/XMLSchema-instance" xsi:noNamespaceSchemaLocation="compound.xsd" version="1.8.11">
  <compounddef id="structtiz__pausetoidle__class" kind="struct" language="C++" prot="public">
    <compoundname>tiz_pausetoidle_class</compoundname>
      <sectiondef kind="public-attrib">
      <memberdef kind="variable" id="structtiz__pausetoidle__class_1ac49b68548fa64510a2a0823b5bec2e10" prot="public" static="no" mutable="no">
        <type>const <ref refid="structtiz__pause__class" kindref="compound">tiz_pause_class_t</ref></type>
        <definition>const tiz_pause_class_t tiz_pausetoidle_class::_</definition>
        <argsstring></argsstring>
        <name>_</name>
        <briefdescription>
        </briefdescription>
        <detaileddescription>
        </detaileddescription>
        <inbodydescription>
        </inbodydescription>
        <location file="/home/joni/work/tizonia-master/libtizonia/src/tizstate_decls.h" line="221" column="1" bodyfile="/home/joni/work/tizonia-master/libtizonia/src/tizstate_decls.h" bodystart="221" bodyend="-1"/>
      </memberdef>
      </sectiondef>
    <briefdescription>
    </briefdescription>
    <detaileddescription>
    </detaileddescription>
    <collaborationgraph>
      <node id="2283">
        <label>tiz_object</label>
        <link refid="structtiz__object"/>
        <childnode refid="2282" relation="usage">
          <edgelabel>class</edgelabel>
        </childnode>
      </node>
      <node id="2281">
        <label>tiz_api_class</label>
        <link refid="structtiz__api__class"/>
        <childnode refid="2282" relation="usage">
          <edgelabel>_</edgelabel>
        </childnode>
      </node>
      <node id="2280">
        <label>tiz_state_class</label>
        <link refid="structtiz__state__class"/>
        <childnode refid="2281" relation="usage">
          <edgelabel>_</edgelabel>
        </childnode>
      </node>
      <node id="2279">
        <label>tiz_pause_class</label>
        <link refid="structtiz__pause__class"/>
        <childnode refid="2280" relation="usage">
          <edgelabel>_</edgelabel>
        </childnode>
      </node>
      <node id="2282">
        <label>tiz_class</label>
        <link refid="structtiz__class"/>
        <childnode refid="2283" relation="usage">
          <edgelabel>_</edgelabel>
        </childnode>
        <childnode refid="2282" relation="usage">
          <edgelabel>super</edgelabel>
        </childnode>
      </node>
      <node id="2278">
        <label>tiz_pausetoidle_class</label>
        <link refid="structtiz__pausetoidle__class"/>
        <childnode refid="2279" relation="usage">
          <edgelabel>_</edgelabel>
        </childnode>
      </node>
    </collaborationgraph>
    <location file="/home/joni/work/tizonia-master/libtizonia/src/tizstate_decls.h" line="220" column="1" bodyfile="/home/joni/work/tizonia-master/libtizonia/src/tizstate_decls.h" bodystart="219" bodyend="222"/>
    <listofallmembers>
      <member refid="structtiz__pausetoidle__class_1ac49b68548fa64510a2a0823b5bec2e10" prot="public" virt="non-virtual"><scope>tiz_pausetoidle_class</scope><name>_</name></member>
    </listofallmembers>
  </compounddef>
</doxygen>
