<?xml version='1.0' encoding='UTF-8' standalone='no'?>
<doxygen xmlns:xsi="http://www.w3.org/2001/XMLSchema-instance" xsi:noNamespaceSchemaLocation="compound.xsd" version="1.8.11">
  <compounddef id="structtiz__err__str" kind="struct" language="C++" prot="public">
    <compoundname>tiz_err_str</compoundname>
      <sectiondef kind="public-attrib">
      <memberdef kind="variable" id="structtiz__err__str_1a9642d9e6cf17351337aa13721ce34786" prot="public" static="no" mutable="no">
        <type>OMX_ERRORTYPE</type>
        <definition>OMX_ERRORTYPE tiz_err_str::err</definition>
        <argsstring></argsstring>
        <name>err</name>
        <briefdescription>
        </briefdescription>
        <detaileddescription>
        </detaileddescription>
        <inbodydescription>
        </inbodydescription>
        <location file="/home/joni/work/tizonia-master/libtizplatform/src/tizomxutils.c" line="141" column="1" bodyfile="/home/joni/work/tizonia-master/libtizplatform/src/tizomxutils.c" bodystart="141" bodyend="-1"/>
      </memberdef>
      <memberdef kind="variable" id="structtiz__err__str_1a0fb9d3464b351ceb96c7e94f7907f8ae" prot="public" static="no" mutable="no">
        <type>const OMX_STRING</type>
        <definition>const OMX_STRING tiz_err_str::str</definition>
        <argsstring></argsstring>
        <name>str</name>
        <briefdescription>
        </briefdescription>
        <detaileddescription>
        </detaileddescription>
        <inbodydescription>
        </inbodydescription>
        <location file="/home/joni/work/tizonia-master/libtizplatform/src/tizomxutils.c" line="142" column="1" bodyfile="/home/joni/work/tizonia-master/libtizplatform/src/tizomxutils.c" bodystart="142" bodyend="-1"/>
      </memberdef>
      </sectiondef>
    <briefdescription>
    </briefdescription>
    <detaileddescription>
    </detaileddescription>
    <location file="/home/joni/work/tizonia-master/libtizplatform/src/tizomxutils.c" line="140" column="1" bodyfile="/home/joni/work/tizonia-master/libtizplatform/src/tizomxutils.c" bodystart="139" bodyend="143"/>
    <listofallmembers>
      <member refid="structtiz__err__str_1a9642d9e6cf17351337aa13721ce34786" prot="public" virt="non-virtual"><scope>tiz_err_str</scope><name>err</name></member>
      <member refid="structtiz__err__str_1a0fb9d3464b351ceb96c7e94f7907f8ae" prot="public" virt="non-virtual"><scope>tiz_err_str</scope><name>str</name></member>
    </listofallmembers>
  </compounddef>
</doxygen>
