<?xml version='1.0' encoding='UTF-8' standalone='no'?>
<doxygen xmlns:xsi="http://www.w3.org/2001/XMLSchema-instance" xsi:noNamespaceSchemaLocation="compound.xsd" version="1.8.11">
  <compounddef id="structoggmuxsnk__prc__class" kind="struct" language="C++" prot="public">
    <compoundname>oggmuxsnk_prc_class</compoundname>
      <sectiondef kind="public-attrib">
      <memberdef kind="variable" id="structoggmuxsnk__prc__class_1ac073099e03acd5f50a0351aa9d4059a8" prot="public" static="no" mutable="no">
        <type>const <ref refid="structtiz__prc__class" kindref="compound">tiz_prc_class_t</ref></type>
        <definition>const tiz_prc_class_t oggmuxsnk_prc_class::_</definition>
        <argsstring></argsstring>
        <name>_</name>
        <briefdescription>
        </briefdescription>
        <detaileddescription>
        </detaileddescription>
        <inbodydescription>
        </inbodydescription>
        <location file="/home/joni/work/tizonia-master/plugins/ogg_muxer/src/oggmuxsnkprc_decls.h" line="73" column="1" bodyfile="/home/joni/work/tizonia-master/plugins/ogg_muxer/src/oggmuxsnkprc_decls.h" bodystart="73" bodyend="-1"/>
      </memberdef>
      </sectiondef>
    <briefdescription>
    </briefdescription>
    <detaileddescription>
    </detaileddescription>
    <collaborationgraph>
      <node id="1262">
        <label>tiz_object</label>
        <link refid="structtiz__object"/>
        <childnode refid="1261" relation="usage">
          <edgelabel>class</edgelabel>
        </childnode>
      </node>
      <node id="1256">
        <label>tiz_event_stat</label>
        <link refid="structtiz__event__stat"/>
        <childnode refid="1256" relation="usage">
          <edgelabel>pf_cback</edgelabel>
        </childnode>
        <childnode refid="1257" relation="usage">
          <edgelabel>stat</edgelabel>
        </childnode>
      </node>
      <node id="1252">
        <label>oggmuxsnk_prc_class</label>
        <link refid="structoggmuxsnk__prc__class"/>
        <childnode refid="1253" relation="usage">
          <edgelabel>_</edgelabel>
        </childnode>
      </node>
      <node id="1260">
        <label>tiz_api_class</label>
        <link refid="structtiz__api__class"/>
        <childnode refid="1261" relation="usage">
          <edgelabel>_</edgelabel>
        </childnode>
      </node>
      <node id="1257">
        <label>ev_stat</label>
        <link refid="structev__stat"/>
        <childnode refid="1258" relation="usage">
          <edgelabel>timer</edgelabel>
        </childnode>
      </node>
      <node id="1255">
        <label>tiz_event_pluggable</label>
        <link refid="structtiz__event__pluggable"/>
        <childnode refid="1255" relation="usage">
          <edgelabel>pf_hdlr</edgelabel>
        </childnode>
      </node>
      <node id="1254">
        <label>tiz_srv_class</label>
        <link refid="structtiz__srv__class"/>
        <childnode refid="1255" relation="usage">
          <edgelabel>ap_event</edgelabel>
        </childnode>
        <childnode refid="1256" relation="usage">
          <edgelabel>ap_ev_stat</edgelabel>
          <edgelabel>a_events</edgelabel>
          <edgelabel>a_id</edgelabel>
        </childnode>
        <childnode refid="1259" relation="usage">
          <edgelabel>a_repeat</edgelabel>
          <edgelabel>a_id</edgelabel>
          <edgelabel>app_ev_timer</edgelabel>
          <edgelabel>ap_ev_timer</edgelabel>
          <edgelabel>a_after</edgelabel>
        </childnode>
        <childnode refid="1260" relation="usage">
          <edgelabel>_</edgelabel>
        </childnode>
        <childnode refid="1263" relation="usage">
          <edgelabel>app_ev_io</edgelabel>
          <edgelabel>only_once</edgelabel>
          <edgelabel>a_events</edgelabel>
          <edgelabel>a_id</edgelabel>
          <edgelabel>ap_ev_io</edgelabel>
          <edgelabel>a_fd</edgelabel>
          <edgelabel>a_event</edgelabel>
        </childnode>
      </node>
      <node id="1253">
        <label>tiz_prc_class</label>
        <link refid="structtiz__prc__class"/>
        <childnode refid="1254" relation="usage">
          <edgelabel>_</edgelabel>
        </childnode>
      </node>
      <node id="1261">
        <label>tiz_class</label>
        <link refid="structtiz__class"/>
        <childnode refid="1262" relation="usage">
          <edgelabel>_</edgelabel>
        </childnode>
        <childnode refid="1261" relation="usage">
          <edgelabel>super</edgelabel>
        </childnode>
      </node>
      <node id="1258">
        <label>ev_timer</label>
        <link refid="structev__timer"/>
      </node>
      <node id="1263">
        <label>tiz_event_io</label>
        <link refid="structtiz__event__io"/>
        <childnode refid="1263" relation="usage">
          <edgelabel>pf_cback</edgelabel>
        </childnode>
        <childnode refid="1264" relation="usage">
          <edgelabel>io</edgelabel>
        </childnode>
      </node>
      <node id="1264">
        <label>ev_io</label>
        <link refid="structev__io"/>
      </node>
      <node id="1259">
        <label>tiz_event_timer</label>
        <link refid="structtiz__event__timer"/>
        <childnode refid="1259" relation="usage">
          <edgelabel>pf_cback</edgelabel>
        </childnode>
        <childnode refid="1258" relation="usage">
          <edgelabel>timer</edgelabel>
        </childnode>
      </node>
    </collaborationgraph>
    <location file="/home/joni/work/tizonia-master/plugins/ogg_muxer/src/oggmuxsnkprc_decls.h" line="71" column="1" bodyfile="/home/joni/work/tizonia-master/plugins/ogg_muxer/src/oggmuxsnkprc_decls.h" bodystart="70" bodyend="75"/>
    <listofallmembers>
      <member refid="structoggmuxsnk__prc__class_1ac073099e03acd5f50a0351aa9d4059a8" prot="public" virt="non-virtual"><scope>oggmuxsnk_prc_class</scope><name>_</name></member>
    </listofallmembers>
  </compounddef>
</doxygen>
