<?xml version='1.0' encoding='UTF-8' standalone='no'?>
<doxygen xmlns:xsi="http://www.w3.org/2001/XMLSchema-instance" xsi:noNamespaceSchemaLocation="compound.xsd" version="1.8.11">
  <compounddef id="structwebmdmuxflt__prc__class" kind="struct" language="C++" prot="public">
    <compoundname>webmdmuxflt_prc_class</compoundname>
      <sectiondef kind="public-attrib">
      <memberdef kind="variable" id="structwebmdmuxflt__prc__class_1a5c41eceb6fe913d13bdac12c3ee2fbe2" prot="public" static="no" mutable="no">
        <type>const <ref refid="structtiz__filter__prc__class" kindref="compound">tiz_filter_prc_class_t</ref></type>
        <definition>const tiz_filter_prc_class_t webmdmuxflt_prc_class::_</definition>
        <argsstring></argsstring>
        <name>_</name>
        <briefdescription>
        </briefdescription>
        <detaileddescription>
        </detaileddescription>
        <inbodydescription>
        </inbodydescription>
        <location file="/home/joni/work/tizonia-master/plugins/webm_demuxer/src/webmdmuxfltprc_decls.h" line="81" column="1" bodyfile="/home/joni/work/tizonia-master/plugins/webm_demuxer/src/webmdmuxfltprc_decls.h" bodystart="81" bodyend="-1"/>
      </memberdef>
      </sectiondef>
    <briefdescription>
    </briefdescription>
    <detaileddescription>
    </detaileddescription>
    <collaborationgraph>
      <node id="2980">
        <label>tiz_object</label>
        <link refid="structtiz__object"/>
        <childnode refid="2979" relation="usage">
          <edgelabel>class</edgelabel>
        </childnode>
      </node>
      <node id="2974">
        <label>tiz_event_stat</label>
        <link refid="structtiz__event__stat"/>
        <childnode refid="2974" relation="usage">
          <edgelabel>pf_cback</edgelabel>
        </childnode>
        <childnode refid="2975" relation="usage">
          <edgelabel>stat</edgelabel>
        </childnode>
      </node>
      <node id="2969">
        <label>webmdmuxflt_prc_class</label>
        <link refid="structwebmdmuxflt__prc__class"/>
        <childnode refid="2970" relation="usage">
          <edgelabel>_</edgelabel>
        </childnode>
      </node>
      <node id="2978">
        <label>tiz_api_class</label>
        <link refid="structtiz__api__class"/>
        <childnode refid="2979" relation="usage">
          <edgelabel>_</edgelabel>
        </childnode>
      </node>
      <node id="2975">
        <label>ev_stat</label>
        <link refid="structev__stat"/>
        <childnode refid="2976" relation="usage">
          <edgelabel>timer</edgelabel>
        </childnode>
      </node>
      <node id="2973">
        <label>tiz_event_pluggable</label>
        <link refid="structtiz__event__pluggable"/>
        <childnode refid="2973" relation="usage">
          <edgelabel>pf_hdlr</edgelabel>
        </childnode>
      </node>
      <node id="2972">
        <label>tiz_srv_class</label>
        <link refid="structtiz__srv__class"/>
        <childnode refid="2973" relation="usage">
          <edgelabel>ap_event</edgelabel>
        </childnode>
        <childnode refid="2974" relation="usage">
          <edgelabel>ap_ev_stat</edgelabel>
          <edgelabel>a_events</edgelabel>
          <edgelabel>a_id</edgelabel>
        </childnode>
        <childnode refid="2977" relation="usage">
          <edgelabel>a_repeat</edgelabel>
          <edgelabel>a_id</edgelabel>
          <edgelabel>app_ev_timer</edgelabel>
          <edgelabel>ap_ev_timer</edgelabel>
          <edgelabel>a_after</edgelabel>
        </childnode>
        <childnode refid="2978" relation="usage">
          <edgelabel>_</edgelabel>
        </childnode>
        <childnode refid="2981" relation="usage">
          <edgelabel>app_ev_io</edgelabel>
          <edgelabel>only_once</edgelabel>
          <edgelabel>a_events</edgelabel>
          <edgelabel>a_id</edgelabel>
          <edgelabel>ap_ev_io</edgelabel>
          <edgelabel>a_fd</edgelabel>
          <edgelabel>a_event</edgelabel>
        </childnode>
      </node>
      <node id="2971">
        <label>tiz_prc_class</label>
        <link refid="structtiz__prc__class"/>
        <childnode refid="2972" relation="usage">
          <edgelabel>_</edgelabel>
        </childnode>
      </node>
      <node id="2979">
        <label>tiz_class</label>
        <link refid="structtiz__class"/>
        <childnode refid="2980" relation="usage">
          <edgelabel>_</edgelabel>
        </childnode>
        <childnode refid="2979" relation="usage">
          <edgelabel>super</edgelabel>
        </childnode>
      </node>
      <node id="2976">
        <label>ev_timer</label>
        <link refid="structev__timer"/>
      </node>
      <node id="2970">
        <label>tiz_filter_prc_class</label>
        <link refid="structtiz__filter__prc__class"/>
        <childnode refid="2971" relation="usage">
          <edgelabel>_</edgelabel>
        </childnode>
      </node>
      <node id="2981">
        <label>tiz_event_io</label>
        <link refid="structtiz__event__io"/>
        <childnode refid="2981" relation="usage">
          <edgelabel>pf_cback</edgelabel>
        </childnode>
        <childnode refid="2982" relation="usage">
          <edgelabel>io</edgelabel>
        </childnode>
      </node>
      <node id="2982">
        <label>ev_io</label>
        <link refid="structev__io"/>
      </node>
      <node id="2977">
        <label>tiz_event_timer</label>
        <link refid="structtiz__event__timer"/>
        <childnode refid="2977" relation="usage">
          <edgelabel>pf_cback</edgelabel>
        </childnode>
        <childnode refid="2976" relation="usage">
          <edgelabel>timer</edgelabel>
        </childnode>
      </node>
    </collaborationgraph>
    <location file="/home/joni/work/tizonia-master/plugins/webm_demuxer/src/webmdmuxfltprc_decls.h" line="79" column="1" bodyfile="/home/joni/work/tizonia-master/plugins/webm_demuxer/src/webmdmuxfltprc_decls.h" bodystart="78" bodyend="83"/>
    <listofallmembers>
      <member refid="structwebmdmuxflt__prc__class_1a5c41eceb6fe913d13bdac12c3ee2fbe2" prot="public" virt="non-virtual"><scope>webmdmuxflt_prc_class</scope><name>_</name></member>
    </listofallmembers>
  </compounddef>
</doxygen>
