<?xml version='1.0' encoding='UTF-8' standalone='no'?>
<doxygen xmlns:xsi="http://www.w3.org/2001/XMLSchema-instance" xsi:noNamespaceSchemaLocation="compound.xsd" version="1.8.11">
  <compounddef id="structtiz__krn__msg__str" kind="struct" language="C++" prot="public">
    <compoundname>tiz_krn_msg_str</compoundname>
      <sectiondef kind="public-attrib">
      <memberdef kind="variable" id="structtiz__krn__msg__str_1a733197db0c29ade666eab990e4240cc3" prot="public" static="no" mutable="no">
        <type>tiz_krn_msg_class_t</type>
        <definition>tiz_krn_msg_class_t tiz_krn_msg_str::msg</definition>
        <argsstring></argsstring>
        <name>msg</name>
        <briefdescription>
        </briefdescription>
        <detaileddescription>
        </detaileddescription>
        <inbodydescription>
        </inbodydescription>
        <location file="/home/joni/work/tizonia-master/libtizonia/src/tizkernel_decls.h" line="104" column="1" bodyfile="/home/joni/work/tizonia-master/libtizonia/src/tizkernel_decls.h" bodystart="104" bodyend="-1"/>
      </memberdef>
      <memberdef kind="variable" id="structtiz__krn__msg__str_1a26d42cf218b68f7072aabc5b1c26e3a3" prot="public" static="no" mutable="no">
        <type>OMX_STRING</type>
        <definition>OMX_STRING tiz_krn_msg_str::str</definition>
        <argsstring></argsstring>
        <name>str</name>
        <briefdescription>
        </briefdescription>
        <detaileddescription>
        </detaileddescription>
        <inbodydescription>
        </inbodydescription>
        <location file="/home/joni/work/tizonia-master/libtizonia/src/tizkernel_decls.h" line="105" column="1" bodyfile="/home/joni/work/tizonia-master/libtizonia/src/tizkernel_decls.h" bodystart="105" bodyend="-1"/>
      </memberdef>
      </sectiondef>
    <briefdescription>
    </briefdescription>
    <detaileddescription>
    </detaileddescription>
    <location file="/home/joni/work/tizonia-master/libtizonia/src/tizkernel_decls.h" line="103" column="1" bodyfile="/home/joni/work/tizonia-master/libtizonia/src/tizkernel_decls.h" bodystart="102" bodyend="106"/>
    <listofallmembers>
      <member refid="structtiz__krn__msg__str_1a733197db0c29ade666eab990e4240cc3" prot="public" virt="non-virtual"><scope>tiz_krn_msg_str</scope><name>msg</name></member>
      <member refid="structtiz__krn__msg__str_1a26d42cf218b68f7072aabc5b1c26e3a3" prot="public" virt="non-virtual"><scope>tiz_krn_msg_str</scope><name>str</name></member>
    </listofallmembers>
  </compounddef>
</doxygen>
