<?xml version='1.0' encoding='UTF-8' standalone='no'?>
<doxygen xmlns:xsi="http://www.w3.org/2001/XMLSchema-instance" xsi:noNamespaceSchemaLocation="compound.xsd" version="1.8.11">
  <compounddef id="structtiz__pqueue__item" kind="struct" language="C++" prot="public">
    <compoundname>tiz_pqueue_item</compoundname>
      <sectiondef kind="public-attrib">
      <memberdef kind="variable" id="structtiz__pqueue__item_1af2448cf8f47c5e1c6285865662871f94" prot="public" static="no" mutable="no">
        <type>void *</type>
        <definition>void* tiz_pqueue_item::p_data</definition>
        <argsstring></argsstring>
        <name>p_data</name>
        <briefdescription>
        </briefdescription>
        <detaileddescription>
        </detaileddescription>
        <inbodydescription>
        </inbodydescription>
        <location file="/home/joni/work/tizonia-master/libtizplatform/src/tizpqueue.c" line="58" column="1" bodyfile="/home/joni/work/tizonia-master/libtizplatform/src/tizpqueue.c" bodystart="58" bodyend="-1"/>
      </memberdef>
      <memberdef kind="variable" id="structtiz__pqueue__item_1aea95e9faf929263a5723812b09ec043c" prot="public" static="no" mutable="no">
        <type>OMX_S32</type>
        <definition>OMX_S32 tiz_pqueue_item::priority</definition>
        <argsstring></argsstring>
        <name>priority</name>
        <briefdescription>
        </briefdescription>
        <detaileddescription>
        </detaileddescription>
        <inbodydescription>
        </inbodydescription>
        <location file="/home/joni/work/tizonia-master/libtizplatform/src/tizpqueue.c" line="59" column="1" bodyfile="/home/joni/work/tizonia-master/libtizplatform/src/tizpqueue.c" bodystart="59" bodyend="-1"/>
      </memberdef>
      <memberdef kind="variable" id="structtiz__pqueue__item_1a70537a2e118a78d0832f5ffc15760d17" prot="public" static="no" mutable="no">
        <type><ref refid="structtiz__pqueue__item" kindref="compound">tiz_pqueue_item_t</ref> *</type>
        <definition>tiz_pqueue_item_t* tiz_pqueue_item::p_prev</definition>
        <argsstring></argsstring>
        <name>p_prev</name>
        <briefdescription>
        </briefdescription>
        <detaileddescription>
        </detaileddescription>
        <inbodydescription>
        </inbodydescription>
        <location file="/home/joni/work/tizonia-master/libtizplatform/src/tizpqueue.c" line="60" column="1" bodyfile="/home/joni/work/tizonia-master/libtizplatform/src/tizpqueue.c" bodystart="60" bodyend="-1"/>
      </memberdef>
      <memberdef kind="variable" id="structtiz__pqueue__item_1acd7d11444a3434c3e4003258742fd12d" prot="public" static="no" mutable="no">
        <type><ref refid="structtiz__pqueue__item" kindref="compound">tiz_pqueue_item_t</ref> *</type>
        <definition>tiz_pqueue_item_t* tiz_pqueue_item::p_next</definition>
        <argsstring></argsstring>
        <name>p_next</name>
        <briefdescription>
        </briefdescription>
        <detaileddescription>
        </detaileddescription>
        <inbodydescription>
        </inbodydescription>
        <location file="/home/joni/work/tizonia-master/libtizplatform/src/tizpqueue.c" line="61" column="1" bodyfile="/home/joni/work/tizonia-master/libtizplatform/src/tizpqueue.c" bodystart="61" bodyend="-1"/>
      </memberdef>
      </sectiondef>
    <briefdescription>
    </briefdescription>
    <detaileddescription>
    </detaileddescription>
    <collaborationgraph>
      <node id="2336">
        <label>tiz_pqueue_item</label>
        <link refid="structtiz__pqueue__item"/>
        <childnode refid="2336" relation="usage">
          <edgelabel>p_prev</edgelabel>
          <edgelabel>p_next</edgelabel>
        </childnode>
      </node>
    </collaborationgraph>
    <location file="/home/joni/work/tizonia-master/libtizplatform/src/tizpqueue.c" line="57" column="1" bodyfile="/home/joni/work/tizonia-master/libtizplatform/src/tizpqueue.c" bodystart="56" bodyend="62"/>
    <listofallmembers>
      <member refid="structtiz__pqueue__item_1af2448cf8f47c5e1c6285865662871f94" prot="public" virt="non-virtual"><scope>tiz_pqueue_item</scope><name>p_data</name></member>
      <member refid="structtiz__pqueue__item_1acd7d11444a3434c3e4003258742fd12d" prot="public" virt="non-virtual"><scope>tiz_pqueue_item</scope><name>p_next</name></member>
      <member refid="structtiz__pqueue__item_1a70537a2e118a78d0832f5ffc15760d17" prot="public" virt="non-virtual"><scope>tiz_pqueue_item</scope><name>p_prev</name></member>
      <member refid="structtiz__pqueue__item_1aea95e9faf929263a5723812b09ec043c" prot="public" virt="non-virtual"><scope>tiz_pqueue_item</scope><name>priority</name></member>
    </listofallmembers>
  </compounddef>
</doxygen>
