<?xml version='1.0' encoding='UTF-8' standalone='no'?>
<doxygen xmlns:xsi="http://www.w3.org/2001/XMLSchema-instance" xsi:noNamespaceSchemaLocation="compound.xsd" version="1.8.11">
  <compounddef id="structtiz__state" kind="struct" language="C++" prot="public">
    <compoundname>tiz_state</compoundname>
      <sectiondef kind="public-attrib">
      <memberdef kind="variable" id="structtiz__state_1abce8950af3f80400b32acbb33ce952b6" prot="public" static="no" mutable="no">
        <type>const <ref refid="structtiz__api" kindref="compound">tiz_api_t</ref></type>
        <definition>const tiz_api_t tiz_state::_</definition>
        <argsstring></argsstring>
        <name>_</name>
        <briefdescription>
        </briefdescription>
        <detaileddescription>
        </detaileddescription>
        <inbodydescription>
        </inbodydescription>
        <location file="/home/joni/work/tizonia-master/libtizonia/src/tizstate_decls.h" line="35" column="1" bodyfile="/home/joni/work/tizonia-master/libtizonia/src/tizstate_decls.h" bodystart="35" bodyend="-1"/>
      </memberdef>
      <memberdef kind="variable" id="structtiz__state_1a3c0874e4124bd0356cfe12a40ce661e4" prot="public" static="no" mutable="no">
        <type>void *</type>
        <definition>void* tiz_state::p_fsm_</definition>
        <argsstring></argsstring>
        <name>p_fsm_</name>
        <briefdescription>
        </briefdescription>
        <detaileddescription>
        </detaileddescription>
        <inbodydescription>
        </inbodydescription>
        <location file="/home/joni/work/tizonia-master/libtizonia/src/tizstate_decls.h" line="36" column="1" bodyfile="/home/joni/work/tizonia-master/libtizonia/src/tizstate_decls.h" bodystart="36" bodyend="-1"/>
      </memberdef>
      <memberdef kind="variable" id="structtiz__state_1a20c555a71bedd0f15cfe5bb453c5b705" prot="public" static="no" mutable="no">
        <type>OMX_U32</type>
        <definition>OMX_U32 tiz_state::servants_count_</definition>
        <argsstring></argsstring>
        <name>servants_count_</name>
        <briefdescription>
        </briefdescription>
        <detaileddescription>
        </detaileddescription>
        <inbodydescription>
        </inbodydescription>
        <location file="/home/joni/work/tizonia-master/libtizonia/src/tizstate_decls.h" line="37" column="1" bodyfile="/home/joni/work/tizonia-master/libtizonia/src/tizstate_decls.h" bodystart="37" bodyend="-1"/>
      </memberdef>
      </sectiondef>
    <briefdescription>
    </briefdescription>
    <detaileddescription>
    </detaileddescription>
    <collaborationgraph>
      <node id="2561">
        <label>tiz_object</label>
        <link refid="structtiz__object"/>
        <childnode refid="2562" relation="usage">
          <edgelabel>class</edgelabel>
        </childnode>
      </node>
      <node id="2559">
        <label>tiz_state</label>
        <link refid="structtiz__state"/>
        <childnode refid="2560" relation="usage">
          <edgelabel>_</edgelabel>
        </childnode>
      </node>
      <node id="2560">
        <label>tiz_api</label>
        <link refid="structtiz__api"/>
        <childnode refid="2561" relation="usage">
          <edgelabel>_</edgelabel>
        </childnode>
      </node>
      <node id="2562">
        <label>tiz_class</label>
        <link refid="structtiz__class"/>
        <childnode refid="2561" relation="usage">
          <edgelabel>_</edgelabel>
        </childnode>
        <childnode refid="2562" relation="usage">
          <edgelabel>super</edgelabel>
        </childnode>
      </node>
    </collaborationgraph>
    <location file="/home/joni/work/tizonia-master/libtizonia/src/tizstate_decls.h" line="34" column="1" bodyfile="/home/joni/work/tizonia-master/libtizonia/src/tizstate_decls.h" bodystart="33" bodyend="38"/>
    <listofallmembers>
      <member refid="structtiz__state_1abce8950af3f80400b32acbb33ce952b6" prot="public" virt="non-virtual"><scope>tiz_state</scope><name>_</name></member>
      <member refid="structtiz__state_1a3c0874e4124bd0356cfe12a40ce661e4" prot="public" virt="non-virtual"><scope>tiz_state</scope><name>p_fsm_</name></member>
      <member refid="structtiz__state_1a20c555a71bedd0f15cfe5bb453c5b705" prot="public" virt="non-virtual"><scope>tiz_state</scope><name>servants_count_</name></member>
    </listofallmembers>
  </compounddef>
</doxygen>
