<?xml version='1.0' encoding='UTF-8' standalone='no'?>
<doxygen xmlns:xsi="http://www.w3.org/2001/XMLSchema-instance" xsi:noNamespaceSchemaLocation="compound.xsd" version="1.8.11">
  <compounddef id="structtiz__prc" kind="struct" language="C++" prot="public">
    <compoundname>tiz_prc</compoundname>
      <sectiondef kind="public-attrib">
      <memberdef kind="variable" id="structtiz__prc_1a01cef1c1e3c0ec91503a813064198ea8" prot="public" static="no" mutable="no">
        <type>const <ref refid="structtiz__srv" kindref="compound">tiz_srv_t</ref></type>
        <definition>const tiz_srv_t tiz_prc::_</definition>
        <argsstring></argsstring>
        <name>_</name>
        <briefdescription>
        </briefdescription>
        <detaileddescription>
        </detaileddescription>
        <inbodydescription>
        </inbodydescription>
        <location file="/home/joni/work/tizonia-master/libtizonia/src/tizprc_decls.h" line="45" column="1" bodyfile="/home/joni/work/tizonia-master/libtizonia/src/tizprc_decls.h" bodystart="45" bodyend="-1"/>
      </memberdef>
      </sectiondef>
    <briefdescription>
    </briefdescription>
    <detaileddescription>
    </detaileddescription>
    <collaborationgraph>
      <node id="2346">
        <label>tiz_object</label>
        <link refid="structtiz__object"/>
        <childnode refid="2347" relation="usage">
          <edgelabel>class</edgelabel>
        </childnode>
      </node>
      <node id="2344">
        <label>slice</label>
        <link refid="structslice"/>
        <childnode refid="2343" relation="usage">
          <edgelabel>p_chunk</edgelabel>
        </childnode>
        <childnode refid="2344" relation="usage">
          <edgelabel>p_next_free</edgelabel>
        </childnode>
      </node>
      <node id="2342">
        <label>tiz_soa</label>
        <link refid="structtiz__soa"/>
        <childnode refid="2343" relation="usage">
          <edgelabel>p_chunk_lst</edgelabel>
        </childnode>
        <childnode refid="2344" relation="usage">
          <edgelabel>p_pending_chain</edgelabel>
          <edgelabel>p_slice_store</edgelabel>
        </childnode>
      </node>
      <node id="2341">
        <label>tiz_pqueue_item</label>
        <link refid="structtiz__pqueue__item"/>
        <childnode refid="2341" relation="usage">
          <edgelabel>p_prev</edgelabel>
          <edgelabel>p_next</edgelabel>
        </childnode>
      </node>
      <node id="2339">
        <label>tiz_srv</label>
        <link refid="structtiz__srv"/>
        <childnode refid="2340" relation="usage">
          <edgelabel>p_pq_</edgelabel>
        </childnode>
        <childnode refid="2345" relation="usage">
          <edgelabel>_</edgelabel>
        </childnode>
        <childnode refid="2348" relation="usage">
          <edgelabel>p_watchers_</edgelabel>
        </childnode>
        <childnode refid="2342" relation="usage">
          <edgelabel>p_soa_</edgelabel>
        </childnode>
      </node>
      <node id="2340">
        <label>tiz_pqueue</label>
        <link refid="structtiz__pqueue"/>
        <childnode refid="2341" relation="usage">
          <edgelabel>p_last</edgelabel>
          <edgelabel>pp_store</edgelabel>
          <edgelabel>p_first</edgelabel>
        </childnode>
        <childnode refid="2342" relation="usage">
          <edgelabel>p_soa</edgelabel>
        </childnode>
      </node>
      <node id="2345">
        <label>tiz_api</label>
        <link refid="structtiz__api"/>
        <childnode refid="2346" relation="usage">
          <edgelabel>_</edgelabel>
        </childnode>
      </node>
      <node id="2348">
        <label>tiz_map</label>
        <link refid="structtiz__map"/>
        <childnode refid="2342" relation="usage">
          <edgelabel>p_soa</edgelabel>
        </childnode>
      </node>
      <node id="2338">
        <label>tiz_prc</label>
        <link refid="structtiz__prc"/>
        <childnode refid="2339" relation="usage">
          <edgelabel>_</edgelabel>
        </childnode>
      </node>
      <node id="2347">
        <label>tiz_class</label>
        <link refid="structtiz__class"/>
        <childnode refid="2346" relation="usage">
          <edgelabel>_</edgelabel>
        </childnode>
        <childnode refid="2347" relation="usage">
          <edgelabel>super</edgelabel>
        </childnode>
      </node>
      <node id="2343">
        <label>chunk</label>
        <link refid="structchunk"/>
        <childnode refid="2343" relation="usage">
          <edgelabel>p_next</edgelabel>
        </childnode>
        <childnode refid="2342" relation="usage">
          <edgelabel>p_soa</edgelabel>
        </childnode>
      </node>
    </collaborationgraph>
    <location file="/home/joni/work/tizonia-master/libtizonia/src/tizprc_decls.h" line="43" column="1" bodyfile="/home/joni/work/tizonia-master/libtizonia/src/tizprc_decls.h" bodystart="42" bodyend="46"/>
    <listofallmembers>
      <member refid="structtiz__prc_1a01cef1c1e3c0ec91503a813064198ea8" prot="public" virt="non-virtual"><scope>tiz_prc</scope><name>_</name></member>
    </listofallmembers>
  </compounddef>
</doxygen>
