<?xml version='1.0' encoding='UTF-8' standalone='no'?>
<doxygen xmlns:xsi="http://www.w3.org/2001/XMLSchema-instance" xsi:noNamespaceSchemaLocation="compound.xsd" version="1.8.11">
  <compounddef id="structtiz__pcmport__class" kind="struct" language="C++" prot="public">
    <compoundname>tiz_pcmport_class</compoundname>
      <sectiondef kind="public-attrib">
      <memberdef kind="variable" id="structtiz__pcmport__class_1a7fa91292a3301f014594bf5a22a607b0" prot="public" static="no" mutable="no">
        <type>const <ref refid="structtiz__audioport__class" kindref="compound">tiz_audioport_class_t</ref></type>
        <definition>const tiz_audioport_class_t tiz_pcmport_class::_</definition>
        <argsstring></argsstring>
        <name>_</name>
        <briefdescription>
        </briefdescription>
        <detaileddescription>
        </detaileddescription>
        <inbodydescription>
        </inbodydescription>
        <location file="/home/joni/work/tizonia-master/libtizonia/src/tizpcmport_decls.h" line="52" column="1" bodyfile="/home/joni/work/tizonia-master/libtizonia/src/tizpcmport_decls.h" bodystart="52" bodyend="-1"/>
      </memberdef>
      </sectiondef>
    <briefdescription>
    </briefdescription>
    <detaileddescription>
    </detaileddescription>
    <collaborationgraph>
      <node id="2303">
        <label>tiz_object</label>
        <link refid="structtiz__object"/>
        <childnode refid="2302" relation="usage">
          <edgelabel>class</edgelabel>
        </childnode>
      </node>
      <node id="2299">
        <label>tiz_port_class</label>
        <link refid="structtiz__port__class"/>
        <childnode refid="2300" relation="usage">
          <edgelabel>ap_changed_idxs</edgelabel>
          <edgelabel>get_hdrs_list</edgelabel>
        </childnode>
        <childnode refid="2301" relation="usage">
          <edgelabel>_</edgelabel>
        </childnode>
      </node>
      <node id="2301">
        <label>tiz_api_class</label>
        <link refid="structtiz__api__class"/>
        <childnode refid="2302" relation="usage">
          <edgelabel>_</edgelabel>
        </childnode>
      </node>
      <node id="2297">
        <label>tiz_pcmport_class</label>
        <link refid="structtiz__pcmport__class"/>
        <childnode refid="2298" relation="usage">
          <edgelabel>_</edgelabel>
        </childnode>
      </node>
      <node id="2298">
        <label>tiz_audioport_class</label>
        <link refid="structtiz__audioport__class"/>
        <childnode refid="2299" relation="usage">
          <edgelabel>_</edgelabel>
        </childnode>
      </node>
      <node id="2300">
        <label>tiz_vector</label>
        <link refid="structtiz__vector"/>
      </node>
      <node id="2302">
        <label>tiz_class</label>
        <link refid="structtiz__class"/>
        <childnode refid="2303" relation="usage">
          <edgelabel>_</edgelabel>
        </childnode>
        <childnode refid="2302" relation="usage">
          <edgelabel>super</edgelabel>
        </childnode>
      </node>
    </collaborationgraph>
    <location file="/home/joni/work/tizonia-master/libtizonia/src/tizpcmport_decls.h" line="50" column="1" bodyfile="/home/joni/work/tizonia-master/libtizonia/src/tizpcmport_decls.h" bodystart="49" bodyend="54"/>
    <listofallmembers>
      <member refid="structtiz__pcmport__class_1a7fa91292a3301f014594bf5a22a607b0" prot="public" virt="non-virtual"><scope>tiz_pcmport_class</scope><name>_</name></member>
    </listofallmembers>
  </compounddef>
</doxygen>
