<?xml version='1.0' encoding='UTF-8' standalone='no'?>
<doxygen xmlns:xsi="http://www.w3.org/2001/XMLSchema-instance" xsi:noNamespaceSchemaLocation="compound.xsd" version="1.8.11">
  <compounddef id="structtiz__vector" kind="struct" language="C++" prot="public">
    <compoundname>tiz_vector</compoundname>
      <sectiondef kind="public-attrib">
      <memberdef kind="variable" id="structtiz__vector_1a5f08bc4238e949c2506a248e31e17806" prot="public" static="no" mutable="no">
        <type>UT_array *</type>
        <definition>UT_array* tiz_vector::p_uta</definition>
        <argsstring></argsstring>
        <name>p_uta</name>
        <briefdescription>
        </briefdescription>
        <detaileddescription>
        </detaileddescription>
        <inbodydescription>
        </inbodydescription>
        <location file="/home/joni/work/tizonia-master/libtizplatform/src/tizvector.c" line="46" column="1" bodyfile="/home/joni/work/tizonia-master/libtizplatform/src/tizvector.c" bodystart="46" bodyend="-1"/>
      </memberdef>
      <memberdef kind="variable" id="structtiz__vector_1af1a68a2f3bf29b93eec76427361547fb" prot="public" static="no" mutable="no">
        <type>UT_icd *</type>
        <definition>UT_icd* tiz_vector::p_icd</definition>
        <argsstring></argsstring>
        <name>p_icd</name>
        <briefdescription>
        </briefdescription>
        <detaileddescription>
        </detaileddescription>
        <inbodydescription>
        </inbodydescription>
        <location file="/home/joni/work/tizonia-master/libtizplatform/src/tizvector.c" line="47" column="1" bodyfile="/home/joni/work/tizonia-master/libtizplatform/src/tizvector.c" bodystart="47" bodyend="-1"/>
      </memberdef>
      </sectiondef>
    <briefdescription>
    </briefdescription>
    <detaileddescription>
    </detaileddescription>
    <location file="/home/joni/work/tizonia-master/libtizplatform/src/tizvector.c" line="45" column="1" bodyfile="/home/joni/work/tizonia-master/libtizplatform/src/tizvector.c" bodystart="44" bodyend="48"/>
    <listofallmembers>
      <member refid="structtiz__vector_1af1a68a2f3bf29b93eec76427361547fb" prot="public" virt="non-virtual"><scope>tiz_vector</scope><name>p_icd</name></member>
      <member refid="structtiz__vector_1a5f08bc4238e949c2506a248e31e17806" prot="public" virt="non-virtual"><scope>tiz_vector</scope><name>p_uta</name></member>
    </listofallmembers>
  </compounddef>
</doxygen>
