<?xml version='1.0' encoding='UTF-8' standalone='no'?>
<doxygen xmlns:xsi="http://www.w3.org/2001/XMLSchema-instance" xsi:noNamespaceSchemaLocation="compound.xsd" version="1.8.11">
  <compounddef id="structcc__dirble__cfgport" kind="struct" language="C++" prot="public">
    <compoundname>cc_dirble_cfgport</compoundname>
      <sectiondef kind="public-attrib">
      <memberdef kind="variable" id="structcc__dirble__cfgport_1aff4cf1d9f267221e4208bbf09a5e257d" prot="public" static="no" mutable="no">
        <type>const <ref refid="structcc__cfgport" kindref="compound">cc_cfgport_t</ref></type>
        <definition>const cc_cfgport_t cc_dirble_cfgport::_</definition>
        <argsstring></argsstring>
        <name>_</name>
        <briefdescription>
        </briefdescription>
        <detaileddescription>
        </detaileddescription>
        <inbodydescription>
        </inbodydescription>
        <location file="/home/joni/work/tizonia-master/plugins/chromecast_renderer/src/cc_dirblecfgport_decls.h" line="45" column="1" bodyfile="/home/joni/work/tizonia-master/plugins/chromecast_renderer/src/cc_dirblecfgport_decls.h" bodystart="45" bodyend="-1"/>
      </memberdef>
      <memberdef kind="variable" id="structcc__dirble__cfgport_1a711a30e761c7ee4b2c2ad635de9a85d0" prot="public" static="no" mutable="no">
        <type>OMX_TIZONIA_AUDIO_PARAM_DIRBLESESSIONTYPE</type>
        <definition>OMX_TIZONIA_AUDIO_PARAM_DIRBLESESSIONTYPE cc_dirble_cfgport::session_</definition>
        <argsstring></argsstring>
        <name>session_</name>
        <briefdescription>
        </briefdescription>
        <detaileddescription>
        </detaileddescription>
        <inbodydescription>
        </inbodydescription>
        <location file="/home/joni/work/tizonia-master/plugins/chromecast_renderer/src/cc_dirblecfgport_decls.h" line="46" column="1" bodyfile="/home/joni/work/tizonia-master/plugins/chromecast_renderer/src/cc_dirblecfgport_decls.h" bodystart="46" bodyend="-1"/>
      </memberdef>
      <memberdef kind="variable" id="structcc__dirble__cfgport_1a83d5da8391e89078e3aafb65ba11d395" prot="public" static="no" mutable="no">
        <type>OMX_TIZONIA_AUDIO_PARAM_DIRBLEPLAYLISTTYPE</type>
        <definition>OMX_TIZONIA_AUDIO_PARAM_DIRBLEPLAYLISTTYPE cc_dirble_cfgport::playlist_</definition>
        <argsstring></argsstring>
        <name>playlist_</name>
        <briefdescription>
        </briefdescription>
        <detaileddescription>
        </detaileddescription>
        <inbodydescription>
        </inbodydescription>
        <location file="/home/joni/work/tizonia-master/plugins/chromecast_renderer/src/cc_dirblecfgport_decls.h" line="47" column="1" bodyfile="/home/joni/work/tizonia-master/plugins/chromecast_renderer/src/cc_dirblecfgport_decls.h" bodystart="47" bodyend="-1"/>
      </memberdef>
      </sectiondef>
    <briefdescription>
    </briefdescription>
    <detaileddescription>
    </detaileddescription>
    <collaborationgraph>
      <node id="118">
        <label>tiz_pd_set</label>
        <link refid="structtiz__pd__set"/>
      </node>
      <node id="120">
        <label>tiz_object</label>
        <link refid="structtiz__object"/>
        <childnode refid="121" relation="usage">
          <edgelabel>class</edgelabel>
        </childnode>
      </node>
      <node id="124">
        <label>tiz_alloc_hooks</label>
        <link refid="structtiz__alloc__hooks"/>
      </node>
      <node id="113">
        <label>cc_dirble_cfgport</label>
        <link refid="structcc__dirble__cfgport"/>
        <childnode refid="114" relation="usage">
          <edgelabel>_</edgelabel>
        </childnode>
      </node>
      <node id="122">
        <label>tiz_eglimage_hook</label>
        <link refid="structtiz__eglimage__hook"/>
      </node>
      <node id="116">
        <label>tiz_configport</label>
        <link refid="structtiz__configport"/>
        <childnode refid="117" relation="usage">
          <edgelabel>_</edgelabel>
        </childnode>
        <childnode refid="125" relation="usage">
          <edgelabel>p_metadata_lst_</edgelabel>
        </childnode>
      </node>
      <node id="114">
        <label>cc_cfgport</label>
        <link refid="structcc__cfgport"/>
        <childnode refid="115" relation="usage">
          <edgelabel>_</edgelabel>
        </childnode>
      </node>
      <node id="123">
        <label>tiz_port_options</label>
        <link refid="structtiz__port__options"/>
        <childnode refid="124" relation="usage">
          <edgelabel>mem_hooks</edgelabel>
        </childnode>
      </node>
      <node id="125">
        <label>tiz_vector</label>
        <link refid="structtiz__vector"/>
      </node>
      <node id="119">
        <label>tiz_api</label>
        <link refid="structtiz__api"/>
        <childnode refid="120" relation="usage">
          <edgelabel>_</edgelabel>
        </childnode>
      </node>
      <node id="121">
        <label>tiz_class</label>
        <link refid="structtiz__class"/>
        <childnode refid="120" relation="usage">
          <edgelabel>_</edgelabel>
        </childnode>
        <childnode refid="121" relation="usage">
          <edgelabel>super</edgelabel>
        </childnode>
      </node>
      <node id="115">
        <label>tiz_uricfgport</label>
        <link refid="structtiz__uricfgport"/>
        <childnode refid="116" relation="usage">
          <edgelabel>_</edgelabel>
        </childnode>
      </node>
      <node id="117">
        <label>tiz_port</label>
        <link refid="structtiz__port"/>
        <childnode refid="118" relation="usage">
          <edgelabel>flags_</edgelabel>
        </childnode>
        <childnode refid="119" relation="usage">
          <edgelabel>_</edgelabel>
        </childnode>
        <childnode refid="122" relation="usage">
          <edgelabel>eglimage_hook_</edgelabel>
        </childnode>
        <childnode refid="123" relation="usage">
          <edgelabel>opts_</edgelabel>
        </childnode>
        <childnode refid="125" relation="usage">
          <edgelabel>p_hdrs_info_</edgelabel>
          <edgelabel>p_marks_</edgelabel>
          <edgelabel>p_hdrs_</edgelabel>
          <edgelabel>p_indexes_</edgelabel>
        </childnode>
      </node>
    </collaborationgraph>
    <location file="/home/joni/work/tizonia-master/plugins/chromecast_renderer/src/cc_dirblecfgport_decls.h" line="43" column="1" bodyfile="/home/joni/work/tizonia-master/plugins/chromecast_renderer/src/cc_dirblecfgport_decls.h" bodystart="42" bodyend="48"/>
    <listofallmembers>
      <member refid="structcc__dirble__cfgport_1aff4cf1d9f267221e4208bbf09a5e257d" prot="public" virt="non-virtual"><scope>cc_dirble_cfgport</scope><name>_</name></member>
      <member refid="structcc__dirble__cfgport_1a83d5da8391e89078e3aafb65ba11d395" prot="public" virt="non-virtual"><scope>cc_dirble_cfgport</scope><name>playlist_</name></member>
      <member refid="structcc__dirble__cfgport_1a711a30e761c7ee4b2c2ad635de9a85d0" prot="public" virt="non-virtual"><scope>cc_dirble_cfgport</scope><name>session_</name></member>
    </listofallmembers>
  </compounddef>
</doxygen>
