<?xml version='1.0' encoding='UTF-8' standalone='no'?>
<doxygen xmlns:xsi="http://www.w3.org/2001/XMLSchema-instance" xsi:noNamespaceSchemaLocation="compound.xsd" version="1.8.11">
  <compounddef id="structframe" kind="struct" language="C++" prot="public">
    <compoundname>frame</compoundname>
      <sectiondef kind="public-attrib">
      <memberdef kind="variable" id="structframe_1a35d870fb21b0ec434d78e4e55bd9a91e" prot="public" static="no" mutable="no">
        <type>unsigned char *</type>
        <definition>unsigned char* frame::data</definition>
        <argsstring></argsstring>
        <name>data</name>
        <briefdescription>
        </briefdescription>
        <detaileddescription>
        </detaileddescription>
        <inbodydescription>
        </inbodydescription>
        <location file="/home/joni/work/tizonia-master/plugins/webm_demuxer/src/nestegg/src/nestegg.c" line="352" column="1" bodyfile="/home/joni/work/tizonia-master/plugins/webm_demuxer/src/nestegg/src/nestegg.c" bodystart="352" bodyend="-1"/>
      </memberdef>
      <memberdef kind="variable" id="structframe_1abe665d2069939578664e8bc0748e823d" prot="public" static="no" mutable="no">
        <type>size_t</type>
        <definition>size_t frame::length</definition>
        <argsstring></argsstring>
        <name>length</name>
        <briefdescription>
        </briefdescription>
        <detaileddescription>
        </detaileddescription>
        <inbodydescription>
        </inbodydescription>
        <location file="/home/joni/work/tizonia-master/plugins/webm_demuxer/src/nestegg/src/nestegg.c" line="353" column="1" bodyfile="/home/joni/work/tizonia-master/plugins/webm_demuxer/src/nestegg/src/nestegg.c" bodystart="353" bodyend="-1"/>
      </memberdef>
      <memberdef kind="variable" id="structframe_1a6841d0778e45827ab07d7dab121f47d8" prot="public" static="no" mutable="no">
        <type>struct <ref refid="structframe__encryption" kindref="compound">frame_encryption</ref> *</type>
        <definition>struct frame_encryption* frame::frame_encryption</definition>
        <argsstring></argsstring>
        <name>frame_encryption</name>
        <briefdescription>
        </briefdescription>
        <detaileddescription>
        </detaileddescription>
        <inbodydescription>
        </inbodydescription>
        <location file="/home/joni/work/tizonia-master/plugins/webm_demuxer/src/nestegg/src/nestegg.c" line="354" column="1" bodyfile="/home/joni/work/tizonia-master/plugins/webm_demuxer/src/nestegg/src/nestegg.c" bodystart="354" bodyend="-1"/>
      </memberdef>
      <memberdef kind="variable" id="structframe_1a23c908c0892e1329c82f3673e1d659eb" prot="public" static="no" mutable="no">
        <type>struct <ref refid="structframe" kindref="compound">frame</ref> *</type>
        <definition>struct frame* frame::next</definition>
        <argsstring></argsstring>
        <name>next</name>
        <briefdescription>
        </briefdescription>
        <detaileddescription>
        </detaileddescription>
        <inbodydescription>
        </inbodydescription>
        <location file="/home/joni/work/tizonia-master/plugins/webm_demuxer/src/nestegg/src/nestegg.c" line="355" column="1" bodyfile="/home/joni/work/tizonia-master/plugins/webm_demuxer/src/nestegg/src/nestegg.c" bodystart="355" bodyend="-1"/>
      </memberdef>
      </sectiondef>
    <briefdescription>
    </briefdescription>
    <detaileddescription>
    </detaileddescription>
    <collaborationgraph>
      <node id="693">
        <label>frame</label>
        <link refid="structframe"/>
        <childnode refid="694" relation="usage">
          <edgelabel>frame_encryption</edgelabel>
        </childnode>
        <childnode refid="693" relation="usage">
          <edgelabel>next</edgelabel>
        </childnode>
      </node>
      <node id="694">
        <label>frame_encryption</label>
        <link refid="structframe__encryption"/>
      </node>
    </collaborationgraph>
    <location file="/home/joni/work/tizonia-master/plugins/webm_demuxer/src/nestegg/src/nestegg.c" line="351" column="1" bodyfile="/home/joni/work/tizonia-master/plugins/webm_demuxer/src/nestegg/src/nestegg.c" bodystart="351" bodyend="356"/>
    <listofallmembers>
      <member refid="structframe_1a35d870fb21b0ec434d78e4e55bd9a91e" prot="public" virt="non-virtual"><scope>frame</scope><name>data</name></member>
      <member refid="structframe_1a6841d0778e45827ab07d7dab121f47d8" prot="public" virt="non-virtual"><scope>frame</scope><name>frame_encryption</name></member>
      <member refid="structframe_1abe665d2069939578664e8bc0748e823d" prot="public" virt="non-virtual"><scope>frame</scope><name>length</name></member>
      <member refid="structframe_1a23c908c0892e1329c82f3673e1d659eb" prot="public" virt="non-virtual"><scope>frame</scope><name>next</name></member>
    </listofallmembers>
  </compounddef>
</doxygen>
