<?xml version='1.0' encoding='UTF-8' standalone='no'?>
<doxygen xmlns:xsi="http://www.w3.org/2001/XMLSchema-instance" xsi:noNamespaceSchemaLocation="compound.xsd" version="1.8.11">
  <compounddef id="structrole__list__item" kind="struct" language="C++" prot="public">
    <compoundname>role_list_item</compoundname>
      <sectiondef kind="public-attrib">
      <memberdef kind="variable" id="structrole__list__item_1a675719af8f2e5aac2d452ee36267a354" prot="public" static="no" mutable="no">
        <type>OMX_U8</type>
        <definition>OMX_U8 role_list_item::role[OMX_MAX_STRINGNAME_SIZE]</definition>
        <argsstring>[OMX_MAX_STRINGNAME_SIZE]</argsstring>
        <name>role</name>
        <briefdescription>
        </briefdescription>
        <detaileddescription>
        </detaileddescription>
        <inbodydescription>
        </inbodydescription>
        <location file="/home/joni/work/tizonia-master/libtizcore/src/tizcore.c" line="76" column="1" bodyfile="/home/joni/work/tizonia-master/libtizcore/src/tizcore.c" bodystart="76" bodyend="-1"/>
      </memberdef>
      <memberdef kind="variable" id="structrole__list__item_1a434f54213592777252f1170593ac88d5" prot="public" static="no" mutable="no">
        <type><ref refid="structrole__list__item" kindref="compound">role_list_item_t</ref> *</type>
        <definition>role_list_item_t* role_list_item::p_next</definition>
        <argsstring></argsstring>
        <name>p_next</name>
        <briefdescription>
        </briefdescription>
        <detaileddescription>
        </detaileddescription>
        <inbodydescription>
        </inbodydescription>
        <location file="/home/joni/work/tizonia-master/libtizcore/src/tizcore.c" line="77" column="1" bodyfile="/home/joni/work/tizonia-master/libtizcore/src/tizcore.c" bodystart="77" bodyend="-1"/>
      </memberdef>
      </sectiondef>
    <briefdescription>
    </briefdescription>
    <detaileddescription>
    </detaileddescription>
    <collaborationgraph>
      <node id="1421">
        <label>role_list_item</label>
        <link refid="structrole__list__item"/>
        <childnode refid="1421" relation="usage">
          <edgelabel>p_next</edgelabel>
        </childnode>
      </node>
    </collaborationgraph>
    <location file="/home/joni/work/tizonia-master/libtizcore/src/tizcore.c" line="75" column="1" bodyfile="/home/joni/work/tizonia-master/libtizcore/src/tizcore.c" bodystart="74" bodyend="78"/>
    <listofallmembers>
      <member refid="structrole__list__item_1a434f54213592777252f1170593ac88d5" prot="public" virt="non-virtual"><scope>role_list_item</scope><name>p_next</name></member>
      <member refid="structrole__list__item_1a675719af8f2e5aac2d452ee36267a354" prot="public" virt="non-virtual"><scope>role_list_item</scope><name>role</name></member>
    </listofallmembers>
  </compounddef>
</doxygen>
