<?xml version='1.0' encoding='UTF-8' standalone='no'?>
<doxygen xmlns:xsi="http://www.w3.org/2001/XMLSchema-instance" xsi:noNamespaceSchemaLocation="compound.xsd" version="1.8.11">
  <compounddef id="tizbinaryport_8h" kind="file" language="C++">
    <compoundname>tizbinaryport.h</compoundname>
    <includedby refid="tizbinaryport_8c" local="yes">/home/joni/work/tizonia-master/libtizonia/src/tizbinaryport.c</includedby>
    <includedby refid="tizobjsys_8c" local="yes">/home/joni/work/tizonia-master/libtizonia/src/tizobjsys.c</includedby>
    <includedby refid="aacdec_8c" local="no">/home/joni/work/tizonia-master/plugins/aac_decoder/src/aacdec.c</includedby>
      <sectiondef kind="func">
      <memberdef kind="function" id="tizbinaryport_8h_1a84632fd1d520accfc158bf4161169f4d" prot="public" static="no" const="no" explicit="no" inline="no" virt="non-virtual">
        <type>void *</type>
        <definition>void* tiz_binaryport_class_init</definition>
        <argsstring>(void *ap_tos, void *ap_hdl)</argsstring>
        <name>tiz_binaryport_class_init</name>
        <param>
          <type>void *</type>
          <declname>ap_tos</declname>
        </param>
        <param>
          <type>void *</type>
          <declname>ap_hdl</declname>
        </param>
        <briefdescription>
        </briefdescription>
        <detaileddescription>
        </detaileddescription>
        <inbodydescription>
        </inbodydescription>
        <location file="/home/joni/work/tizonia-master/libtizonia/src/tizbinaryport.h" line="37" column="1" bodyfile="/home/joni/work/tizonia-master/libtizonia/src/tizbinaryport.c" bodystart="336" bodyend="350"/>
      </memberdef>
      <memberdef kind="function" id="tizbinaryport_8h_1a96db0f8e1ea81ce22a34fab8a91313ef" prot="public" static="no" const="no" explicit="no" inline="no" virt="non-virtual">
        <type>void *</type>
        <definition>void* tiz_binaryport_init</definition>
        <argsstring>(void *ap_tos, void *ap_hdl)</argsstring>
        <name>tiz_binaryport_init</name>
        <param>
          <type>void *</type>
          <declname>ap_tos</declname>
        </param>
        <param>
          <type>void *</type>
          <declname>ap_hdl</declname>
        </param>
        <briefdescription>
        </briefdescription>
        <detaileddescription>
        </detaileddescription>
        <inbodydescription>
        </inbodydescription>
        <location file="/home/joni/work/tizonia-master/libtizonia/src/tizbinaryport.h" line="39" column="1" bodyfile="/home/joni/work/tizonia-master/libtizonia/src/tizbinaryport.c" bodystart="353" bodyend="379"/>
      </memberdef>
      </sectiondef>
    <briefdescription>
<para>Tizonia OpenMAX IL - binaryport class. </para>    </briefdescription>
    <detaileddescription>
<para>Copyright (C) 2011-2018 Aratelia Limited - Juan A. Rubio</para><para>This file is part of Tizonia</para><para>Tizonia is free software: you can redistribute it and/or modify it under the terms of the GNU Lesser General Public License as published by the Free Software Foundation, either version 3 of the License, or (at your option) any later version.</para><para>Tizonia is distributed in the hope that it will be useful, but WITHOUT ANY WARRANTY; without even the implied warranty of MERCHANTABILITY or FITNESS FOR A PARTICULAR PURPOSE. See the GNU Lesser General Public License for more details.</para><para>You should have received a copy of the GNU Lesser General Public License along with Tizonia. If not, see <ulink url="http://www.gnu.org/licenses/">http://www.gnu.org/licenses/</ulink>.</para><para><simplesect kind="author"><para>Juan A. Rubio <ulink url="mailto:juan.rubio@aratelia.com">juan.rubio@aratelia.com</ulink> </para></simplesect>
</para>    </detaileddescription>
    <programlisting>
<codeline lineno="1"></codeline>
<codeline lineno="29"><highlight class="preprocessor">#ifndef<sp/>TIZBINARYPORT_H</highlight><highlight class="normal"></highlight></codeline>
<codeline lineno="30"><highlight class="normal"></highlight><highlight class="preprocessor">#define<sp/>TIZBINARYPORT_H</highlight><highlight class="normal"></highlight></codeline>
<codeline lineno="31"><highlight class="normal"></highlight></codeline>
<codeline lineno="32"><highlight class="normal"></highlight><highlight class="preprocessor">#ifdef<sp/>__cplusplus</highlight><highlight class="normal"></highlight></codeline>
<codeline lineno="33"><highlight class="normal"></highlight><highlight class="keyword">extern</highlight><highlight class="normal"><sp/></highlight><highlight class="stringliteral">&quot;C&quot;</highlight><highlight class="normal"><sp/>{</highlight></codeline>
<codeline lineno="34"><highlight class="normal"></highlight><highlight class="preprocessor">#endif</highlight><highlight class="normal"></highlight></codeline>
<codeline lineno="35"><highlight class="normal"></highlight></codeline>
<codeline lineno="36"><highlight class="normal"></highlight><highlight class="keywordtype">void</highlight><highlight class="normal"><sp/>*</highlight></codeline>
<codeline lineno="37"><highlight class="normal">tiz_binaryport_class_init<sp/>(</highlight><highlight class="keywordtype">void</highlight><highlight class="normal"><sp/>*<sp/>ap_tos,<sp/></highlight><highlight class="keywordtype">void</highlight><highlight class="normal"><sp/>*<sp/>ap_hdl);</highlight></codeline>
<codeline lineno="38"><highlight class="normal"></highlight><highlight class="keywordtype">void</highlight><highlight class="normal"><sp/>*</highlight></codeline>
<codeline lineno="39"><highlight class="normal">tiz_binaryport_init<sp/>(</highlight><highlight class="keywordtype">void</highlight><highlight class="normal"><sp/>*<sp/>ap_tos,<sp/></highlight><highlight class="keywordtype">void</highlight><highlight class="normal"><sp/>*<sp/>ap_hdl);</highlight></codeline>
<codeline lineno="40"><highlight class="normal"></highlight></codeline>
<codeline lineno="41"><highlight class="normal"></highlight><highlight class="preprocessor">#ifdef<sp/>__cplusplus</highlight><highlight class="normal"></highlight></codeline>
<codeline lineno="42"><highlight class="normal">}</highlight></codeline>
<codeline lineno="43"><highlight class="normal"></highlight><highlight class="preprocessor">#endif</highlight><highlight class="normal"></highlight></codeline>
<codeline lineno="44"><highlight class="normal"></highlight></codeline>
<codeline lineno="45"><highlight class="normal"></highlight><highlight class="preprocessor">#endif<sp/></highlight><highlight class="comment">/*<sp/>TIZBINARYPORT_H<sp/>*/</highlight><highlight class="preprocessor"></highlight></codeline>
    </programlisting>
    <location file="/home/joni/work/tizonia-master/libtizonia/src/tizbinaryport.h"/>
  </compounddef>
</doxygen>
