<?xml version='1.0' encoding='UTF-8' standalone='no'?>
<doxygen xmlns:xsi="http://www.w3.org/2001/XMLSchema-instance" xsi:noNamespaceSchemaLocation="compound.xsd" version="1.8.11">
  <compounddef id="tizfilterprc_8h" kind="file" language="C++">
    <compoundname>tizfilterprc.h</compoundname>
    <includedby refid="tizfilterprc_8c" local="yes">/home/joni/work/tizonia-master/libtizonia/src/tizfilterprc.c</includedby>
    <includedby refid="tizobjsys_8c" local="yes">/home/joni/work/tizonia-master/libtizonia/src/tizobjsys.c</includedby>
    <includedby refid="aacdecprc__decls_8h" local="no">/home/joni/work/tizonia-master/plugins/aac_decoder/src/aacdecprc_decls.h</includedby>
    <includedby refid="mpg123dprc__decls_8h" local="no">/home/joni/work/tizonia-master/plugins/mpeg_audio_decoder/src/mpg123dprc_decls.h</includedby>
    <includedby refid="oggmuxfltprc__decls_8h" local="no">/home/joni/work/tizonia-master/plugins/ogg_muxer/src/oggmuxfltprc_decls.h</includedby>
    <includedby refid="opusfiledprc__decls_8h" local="no">/home/joni/work/tizonia-master/plugins/opusfile_decoder/src/opusfiledprc_decls.h</includedby>
    <includedby refid="sndfiledprc__decls_8h" local="no">/home/joni/work/tizonia-master/plugins/pcm_decoder/src/sndfiledprc_decls.h</includedby>
    <includedby refid="vorbisdprc__decls_8h" local="no">/home/joni/work/tizonia-master/plugins/vorbis_decoder/src/vorbisdprc_decls.h</includedby>
    <includedby refid="webmdmuxfltprc__decls_8h" local="no">/home/joni/work/tizonia-master/plugins/webm_demuxer/src/webmdmuxfltprc_decls.h</includedby>
    <invincdepgraph>
      <node id="1374">
        <label>/home/joni/work/tizonia-master/plugins/mpeg_audio_decoder/src/mpg123dprc_decls.h</label>
        <link refid="mpg123dprc__decls_8h_source"/>
      </node>
      <node id="1378">
        <label>/home/joni/work/tizonia-master/plugins/vorbis_decoder/src/vorbisdprc_decls.h</label>
        <link refid="vorbisdprc__decls_8h_source"/>
      </node>
      <node id="1376">
        <label>/home/joni/work/tizonia-master/plugins/opusfile_decoder/src/opusfiledprc_decls.h</label>
        <link refid="opusfiledprc__decls_8h_source"/>
      </node>
      <node id="1373">
        <label>/home/joni/work/tizonia-master/plugins/aac_decoder/src/aacdecprc_decls.h</label>
        <link refid="aacdecprc__decls_8h_source"/>
      </node>
      <node id="1379">
        <label>/home/joni/work/tizonia-master/plugins/webm_demuxer/src/webmdmuxfltprc_decls.h</label>
        <link refid="webmdmuxfltprc__decls_8h_source"/>
      </node>
      <node id="1377">
        <label>/home/joni/work/tizonia-master/plugins/pcm_decoder/src/sndfiledprc_decls.h</label>
        <link refid="sndfiledprc__decls_8h_source"/>
      </node>
      <node id="1372">
        <label>/home/joni/work/tizonia-master/libtizonia/src/tizfilterprc.h</label>
        <link refid="tizfilterprc.h"/>
        <childnode refid="1373" relation="include">
        </childnode>
        <childnode refid="1374" relation="include">
        </childnode>
        <childnode refid="1375" relation="include">
        </childnode>
        <childnode refid="1376" relation="include">
        </childnode>
        <childnode refid="1377" relation="include">
        </childnode>
        <childnode refid="1378" relation="include">
        </childnode>
        <childnode refid="1379" relation="include">
        </childnode>
      </node>
      <node id="1375">
        <label>/home/joni/work/tizonia-master/plugins/ogg_muxer/src/oggmuxfltprc_decls.h</label>
        <link refid="oggmuxfltprc__decls_8h_source"/>
      </node>
    </invincdepgraph>
      <sectiondef kind="define">
      <memberdef kind="define" id="tizfilterprc_8h_1a7b265f8879fc64f58cb123ac5a7d8563" prot="public" static="no">
        <name>TIZ_FILTER_INPUT_PORT_INDEX</name>
        <initializer>0</initializer>
        <briefdescription>
        </briefdescription>
        <detaileddescription>
        </detaileddescription>
        <inbodydescription>
        </inbodydescription>
        <location file="/home/joni/work/tizonia-master/libtizonia/src/tizfilterprc.h" line="36" column="9" bodyfile="/home/joni/work/tizonia-master/libtizonia/src/tizfilterprc.h" bodystart="36" bodyend="-1"/>
      </memberdef>
      <memberdef kind="define" id="tizfilterprc_8h_1aecb8572c4b4f855a27cfe553364cb3ba" prot="public" static="no">
        <name>TIZ_FILTER_OUTPUT_PORT_INDEX</name>
        <initializer>1</initializer>
        <briefdescription>
        </briefdescription>
        <detaileddescription>
        </detaileddescription>
        <inbodydescription>
        </inbodydescription>
        <location file="/home/joni/work/tizonia-master/libtizonia/src/tizfilterprc.h" line="37" column="9" bodyfile="/home/joni/work/tizonia-master/libtizonia/src/tizfilterprc.h" bodystart="37" bodyend="-1"/>
      </memberdef>
      </sectiondef>
      <sectiondef kind="func">
      <memberdef kind="function" id="tizfilterprc_8h_1a53d56410ebefaf15cb26f954465573bb" prot="public" static="no" const="no" explicit="no" inline="no" virt="non-virtual">
        <type>void *</type>
        <definition>void* tiz_filter_prc_class_init</definition>
        <argsstring>(void *ap_tos, void *ap_hdl)</argsstring>
        <name>tiz_filter_prc_class_init</name>
        <param>
          <type>void *</type>
          <declname>ap_tos</declname>
        </param>
        <param>
          <type>void *</type>
          <declname>ap_hdl</declname>
        </param>
        <briefdescription>
        </briefdescription>
        <detaileddescription>
        </detaileddescription>
        <inbodydescription>
        </inbodydescription>
        <location file="/home/joni/work/tizonia-master/libtizonia/src/tizfilterprc.h" line="40" column="1" bodyfile="/home/joni/work/tizonia-master/libtizonia/src/tizfilterprc.c" bodystart="514" bodyend="528"/>
      </memberdef>
      <memberdef kind="function" id="tizfilterprc_8h_1aca93ac34d30bdf6f6798c4ce67b9cf0c" prot="public" static="no" const="no" explicit="no" inline="no" virt="non-virtual">
        <type>void *</type>
        <definition>void* tiz_filter_prc_init</definition>
        <argsstring>(void *ap_tos, void *ap_hdl)</argsstring>
        <name>tiz_filter_prc_init</name>
        <param>
          <type>void *</type>
          <declname>ap_tos</declname>
        </param>
        <param>
          <type>void *</type>
          <declname>ap_hdl</declname>
        </param>
        <briefdescription>
        </briefdescription>
        <detaileddescription>
        </detaileddescription>
        <inbodydescription>
        </inbodydescription>
        <location file="/home/joni/work/tizonia-master/libtizonia/src/tizfilterprc.h" line="42" column="1" bodyfile="/home/joni/work/tizonia-master/libtizonia/src/tizfilterprc.c" bodystart="531" bodyend="575"/>
      </memberdef>
      <memberdef kind="function" id="tizfilterprc_8h_1a55dbcc4869102d68adde75dc8636f09e" prot="public" static="no" const="no" explicit="no" inline="no" virt="non-virtual">
        <type>OMX_BUFFERHEADERTYPE **</type>
        <definition>OMX_BUFFERHEADERTYPE** tiz_filter_prc_get_header_ptr</definition>
        <argsstring>(void *ap_obj, const OMX_U32 a_pid)</argsstring>
        <name>tiz_filter_prc_get_header_ptr</name>
        <param>
          <type>void *</type>
          <declname>ap_obj</declname>
        </param>
        <param>
          <type>const OMX_U32</type>
          <declname>a_pid</declname>
        </param>
        <briefdescription>
        </briefdescription>
        <detaileddescription>
        </detaileddescription>
        <inbodydescription>
        </inbodydescription>
        <location file="/home/joni/work/tizonia-master/libtizonia/src/tizfilterprc.h" line="45" column="1" bodyfile="/home/joni/work/tizonia-master/libtizonia/src/tizfilterprc.c" bodystart="145" bodyend="150"/>
      </memberdef>
      <memberdef kind="function" id="tizfilterprc_8h_1a1ea723411e1c0a01bba622ecb51ebec6" prot="public" static="no" const="no" explicit="no" inline="no" virt="non-virtual">
        <type>OMX_BUFFERHEADERTYPE *</type>
        <definition>OMX_BUFFERHEADERTYPE* tiz_filter_prc_get_header</definition>
        <argsstring>(void *ap_obj, const OMX_U32 a_pid)</argsstring>
        <name>tiz_filter_prc_get_header</name>
        <param>
          <type>void *</type>
          <declname>ap_obj</declname>
        </param>
        <param>
          <type>const OMX_U32</type>
          <declname>a_pid</declname>
        </param>
        <briefdescription>
        </briefdescription>
        <detaileddescription>
        </detaileddescription>
        <inbodydescription>
        </inbodydescription>
        <location file="/home/joni/work/tizonia-master/libtizonia/src/tizfilterprc.h" line="47" column="1" bodyfile="/home/joni/work/tizonia-master/libtizonia/src/tizfilterprc.c" bodystart="181" bodyend="186"/>
      </memberdef>
      <memberdef kind="function" id="tizfilterprc_8h_1ababedc2f263efcdb8a99e6ed7f0cf2c3" prot="public" static="no" const="no" explicit="no" inline="no" virt="non-virtual">
        <type>bool</type>
        <definition>bool tiz_filter_prc_headers_available</definition>
        <argsstring>(const void *ap_obj)</argsstring>
        <name>tiz_filter_prc_headers_available</name>
        <param>
          <type>const void *</type>
          <declname>ap_obj</declname>
        </param>
        <briefdescription>
        </briefdescription>
        <detaileddescription>
        </detaileddescription>
        <inbodydescription>
        </inbodydescription>
        <location file="/home/joni/work/tizonia-master/libtizonia/src/tizfilterprc.h" line="49" column="1" bodyfile="/home/joni/work/tizonia-master/libtizonia/src/tizfilterprc.c" bodystart="225" bodyend="230"/>
      </memberdef>
      <memberdef kind="function" id="tizfilterprc_8h_1aa074e9b1de26a97d8b9aa907e26ddaf3" prot="public" static="no" const="no" explicit="no" inline="no" virt="non-virtual">
        <type>bool</type>
        <definition>bool tiz_filter_prc_output_headers_available</definition>
        <argsstring>(const void *ap_obj)</argsstring>
        <name>tiz_filter_prc_output_headers_available</name>
        <param>
          <type>const void *</type>
          <declname>ap_obj</declname>
        </param>
        <briefdescription>
        </briefdescription>
        <detaileddescription>
        </detaileddescription>
        <inbodydescription>
        </inbodydescription>
        <location file="/home/joni/work/tizonia-master/libtizonia/src/tizfilterprc.h" line="51" column="1" bodyfile="/home/joni/work/tizonia-master/libtizonia/src/tizfilterprc.c" bodystart="263" bodyend="268"/>
      </memberdef>
      <memberdef kind="function" id="tizfilterprc_8h_1aa6dbd0450a42e62a82748d4ebf5f170e" prot="public" static="no" const="no" explicit="no" inline="no" virt="non-virtual">
        <type>OMX_ERRORTYPE</type>
        <definition>OMX_ERRORTYPE tiz_filter_prc_release_header</definition>
        <argsstring>(void *ap_obj, const OMX_U32 a_pid)</argsstring>
        <name>tiz_filter_prc_release_header</name>
        <param>
          <type>void *</type>
          <declname>ap_obj</declname>
        </param>
        <param>
          <type>const OMX_U32</type>
          <declname>a_pid</declname>
        </param>
        <briefdescription>
        </briefdescription>
        <detaileddescription>
        </detaileddescription>
        <inbodydescription>
        </inbodydescription>
        <location file="/home/joni/work/tizonia-master/libtizonia/src/tizfilterprc.h" line="53" column="1" bodyfile="/home/joni/work/tizonia-master/libtizonia/src/tizfilterprc.c" bodystart="306" bodyend="311"/>
      </memberdef>
      <memberdef kind="function" id="tizfilterprc_8h_1a3e1d1a2f961cc8575e45f5d3a818e1fb" prot="public" static="no" const="no" explicit="no" inline="no" virt="non-virtual">
        <type>OMX_ERRORTYPE</type>
        <definition>OMX_ERRORTYPE tiz_filter_prc_release_all_headers</definition>
        <argsstring>(void *ap_obj)</argsstring>
        <name>tiz_filter_prc_release_all_headers</name>
        <param>
          <type>void *</type>
          <declname>ap_obj</declname>
        </param>
        <briefdescription>
        </briefdescription>
        <detaileddescription>
        </detaileddescription>
        <inbodydescription>
        </inbodydescription>
        <location file="/home/joni/work/tizonia-master/libtizonia/src/tizfilterprc.h" line="55" column="1" bodyfile="/home/joni/work/tizonia-master/libtizonia/src/tizfilterprc.c" bodystart="327" bodyend="332"/>
      </memberdef>
      <memberdef kind="function" id="tizfilterprc_8h_1a7225400707da60e305260fa48b1fdc6f" prot="public" static="no" const="no" explicit="no" inline="no" virt="non-virtual">
        <type>bool *</type>
        <definition>bool* tiz_filter_prc_get_port_disabled_ptr</definition>
        <argsstring>(void *ap_obj, const OMX_U32 a_pid)</argsstring>
        <name>tiz_filter_prc_get_port_disabled_ptr</name>
        <param>
          <type>void *</type>
          <declname>ap_obj</declname>
        </param>
        <param>
          <type>const OMX_U32</type>
          <declname>a_pid</declname>
        </param>
        <briefdescription>
        </briefdescription>
        <detaileddescription>
        </detaileddescription>
        <inbodydescription>
        </inbodydescription>
        <location file="/home/joni/work/tizonia-master/libtizonia/src/tizfilterprc.h" line="57" column="1" bodyfile="/home/joni/work/tizonia-master/libtizonia/src/tizfilterprc.c" bodystart="348" bodyend="353"/>
      </memberdef>
      <memberdef kind="function" id="tizfilterprc_8h_1a5422cba22295d9521212a59838945898" prot="public" static="no" const="no" explicit="no" inline="no" virt="non-virtual">
        <type>bool</type>
        <definition>bool tiz_filter_prc_is_port_disabled</definition>
        <argsstring>(void *ap_obj, const OMX_U32 a_pid)</argsstring>
        <name>tiz_filter_prc_is_port_disabled</name>
        <param>
          <type>void *</type>
          <declname>ap_obj</declname>
        </param>
        <param>
          <type>const OMX_U32</type>
          <declname>a_pid</declname>
        </param>
        <briefdescription>
        </briefdescription>
        <detaileddescription>
        </detaileddescription>
        <inbodydescription>
        </inbodydescription>
        <location file="/home/joni/work/tizonia-master/libtizonia/src/tizfilterprc.h" line="59" column="1" bodyfile="/home/joni/work/tizonia-master/libtizonia/src/tizfilterprc.c" bodystart="363" bodyend="368"/>
      </memberdef>
      <memberdef kind="function" id="tizfilterprc_8h_1a446a2c3fbf5a90217316860223f7ef62" prot="public" static="no" const="no" explicit="no" inline="no" virt="non-virtual">
        <type>bool</type>
        <definition>bool tiz_filter_prc_is_port_enabled</definition>
        <argsstring>(void *ap_obj, const OMX_U32 a_pid)</argsstring>
        <name>tiz_filter_prc_is_port_enabled</name>
        <param>
          <type>void *</type>
          <declname>ap_obj</declname>
        </param>
        <param>
          <type>const OMX_U32</type>
          <declname>a_pid</declname>
        </param>
        <briefdescription>
        </briefdescription>
        <detaileddescription>
        </detaileddescription>
        <inbodydescription>
        </inbodydescription>
        <location file="/home/joni/work/tizonia-master/libtizonia/src/tizfilterprc.h" line="61" column="1" bodyfile="/home/joni/work/tizonia-master/libtizonia/src/tizfilterprc.c" bodystart="378" bodyend="383"/>
      </memberdef>
      <memberdef kind="function" id="tizfilterprc_8h_1ab13fb0152744fd352bea49fc9c672544" prot="public" static="no" const="no" explicit="no" inline="no" virt="non-virtual">
        <type>bool</type>
        <definition>bool tiz_filter_prc_is_eos</definition>
        <argsstring>(const void *ap_obj)</argsstring>
        <name>tiz_filter_prc_is_eos</name>
        <param>
          <type>const void *</type>
          <declname>ap_obj</declname>
        </param>
        <briefdescription>
        </briefdescription>
        <detaileddescription>
        </detaileddescription>
        <inbodydescription>
        </inbodydescription>
        <location file="/home/joni/work/tizonia-master/libtizonia/src/tizfilterprc.h" line="63" column="1" bodyfile="/home/joni/work/tizonia-master/libtizonia/src/tizfilterprc.c" bodystart="393" bodyend="398"/>
      </memberdef>
      <memberdef kind="function" id="tizfilterprc_8h_1a3923d869f3b15a7498243da61ddda439" prot="public" static="no" const="no" explicit="no" inline="no" virt="non-virtual">
        <type>void</type>
        <definition>void tiz_filter_prc_update_eos_flag</definition>
        <argsstring>(void *ap_obj, const bool flag)</argsstring>
        <name>tiz_filter_prc_update_eos_flag</name>
        <param>
          <type>void *</type>
          <declname>ap_obj</declname>
        </param>
        <param>
          <type>const bool</type>
          <declname>flag</declname>
        </param>
        <briefdescription>
        </briefdescription>
        <detaileddescription>
        </detaileddescription>
        <inbodydescription>
        </inbodydescription>
        <location file="/home/joni/work/tizonia-master/libtizonia/src/tizfilterprc.h" line="65" column="1" bodyfile="/home/joni/work/tizonia-master/libtizonia/src/tizfilterprc.c" bodystart="408" bodyend="413"/>
      </memberdef>
      <memberdef kind="function" id="tizfilterprc_8h_1a636201c5802cb025bdf673dbc3cc9f0d" prot="public" static="no" const="no" explicit="no" inline="no" virt="non-virtual">
        <type>void</type>
        <definition>void tiz_filter_prc_update_port_disabled_flag</definition>
        <argsstring>(void *ap_obj, const OMX_U32 a_pid, const bool flag)</argsstring>
        <name>tiz_filter_prc_update_port_disabled_flag</name>
        <param>
          <type>void *</type>
          <declname>ap_obj</declname>
        </param>
        <param>
          <type>const OMX_U32</type>
          <declname>a_pid</declname>
        </param>
        <param>
          <type>const bool</type>
          <declname>flag</declname>
        </param>
        <briefdescription>
        </briefdescription>
        <detaileddescription>
        </detaileddescription>
        <inbodydescription>
        </inbodydescription>
        <location file="/home/joni/work/tizonia-master/libtizonia/src/tizfilterprc.h" line="67" column="1" bodyfile="/home/joni/work/tizonia-master/libtizonia/src/tizfilterprc.c" bodystart="426" bodyend="432"/>
      </memberdef>
      </sectiondef>
    <briefdescription>
<para>Tizonia OpenMAX IL - filter processor class. </para>    </briefdescription>
    <detaileddescription>
<para>Copyright (C) 2011-2018 Aratelia Limited - Juan A. Rubio</para><para>This file is part of Tizonia</para><para>Tizonia is free software: you can redistribute it and/or modify it under the terms of the GNU Lesser General Public License as published by the Free Software Foundation, either version 3 of the License, or (at your option) any later version.</para><para>Tizonia is distributed in the hope that it will be useful, but WITHOUT ANY WARRANTY; without even the implied warranty of MERCHANTABILITY or FITNESS FOR A PARTICULAR PURPOSE. See the GNU Lesser General Public License for more details.</para><para>You should have received a copy of the GNU Lesser General Public License along with Tizonia. If not, see <ulink url="http://www.gnu.org/licenses/">http://www.gnu.org/licenses/</ulink>.</para><para><simplesect kind="author"><para>Juan A. Rubio <ulink url="mailto:juan.rubio@aratelia.com">juan.rubio@aratelia.com</ulink> </para></simplesect>
</para>    </detaileddescription>
    <programlisting>
<codeline lineno="1"></codeline>
<codeline lineno="29"><highlight class="preprocessor">#ifndef<sp/>TIZFILTERPRC_H</highlight><highlight class="normal"></highlight></codeline>
<codeline lineno="30"><highlight class="normal"></highlight><highlight class="preprocessor">#define<sp/>TIZFILTERPRC_H</highlight><highlight class="normal"></highlight></codeline>
<codeline lineno="31"><highlight class="normal"></highlight></codeline>
<codeline lineno="32"><highlight class="normal"></highlight><highlight class="preprocessor">#ifdef<sp/>__cplusplus</highlight><highlight class="normal"></highlight></codeline>
<codeline lineno="33"><highlight class="normal"></highlight><highlight class="keyword">extern</highlight><highlight class="normal"><sp/></highlight><highlight class="stringliteral">&quot;C&quot;</highlight><highlight class="normal"><sp/>{</highlight></codeline>
<codeline lineno="34"><highlight class="normal"></highlight><highlight class="preprocessor">#endif</highlight><highlight class="normal"></highlight></codeline>
<codeline lineno="35"><highlight class="normal"></highlight></codeline>
<codeline lineno="36"><highlight class="normal"></highlight><highlight class="preprocessor">#define<sp/>TIZ_FILTER_INPUT_PORT_INDEX<sp/>0</highlight><highlight class="normal"></highlight></codeline>
<codeline lineno="37"><highlight class="normal"></highlight><highlight class="preprocessor">#define<sp/>TIZ_FILTER_OUTPUT_PORT_INDEX<sp/>1</highlight><highlight class="normal"></highlight></codeline>
<codeline lineno="38"><highlight class="normal"></highlight></codeline>
<codeline lineno="39"><highlight class="normal"></highlight><highlight class="keywordtype">void</highlight><highlight class="normal"><sp/>*</highlight></codeline>
<codeline lineno="40"><highlight class="normal">tiz_filter_prc_class_init<sp/>(</highlight><highlight class="keywordtype">void</highlight><highlight class="normal"><sp/>*<sp/>ap_tos,<sp/></highlight><highlight class="keywordtype">void</highlight><highlight class="normal"><sp/>*<sp/>ap_hdl);</highlight></codeline>
<codeline lineno="41"><highlight class="normal"></highlight><highlight class="keywordtype">void</highlight><highlight class="normal"><sp/>*</highlight></codeline>
<codeline lineno="42"><highlight class="normal">tiz_filter_prc_init<sp/>(</highlight><highlight class="keywordtype">void</highlight><highlight class="normal"><sp/>*<sp/>ap_tos,<sp/></highlight><highlight class="keywordtype">void</highlight><highlight class="normal"><sp/>*<sp/>ap_hdl);</highlight></codeline>
<codeline lineno="43"><highlight class="normal"></highlight></codeline>
<codeline lineno="44"><highlight class="normal">OMX_BUFFERHEADERTYPE<sp/>**</highlight></codeline>
<codeline lineno="45"><highlight class="normal">tiz_filter_prc_get_header_ptr<sp/>(</highlight><highlight class="keywordtype">void</highlight><highlight class="normal"><sp/>*<sp/>ap_obj,<sp/></highlight><highlight class="keyword">const</highlight><highlight class="normal"><sp/>OMX_U32<sp/>a_pid);</highlight></codeline>
<codeline lineno="46"><highlight class="normal">OMX_BUFFERHEADERTYPE<sp/>*</highlight></codeline>
<codeline lineno="47"><highlight class="normal">tiz_filter_prc_get_header<sp/>(</highlight><highlight class="keywordtype">void</highlight><highlight class="normal"><sp/>*<sp/>ap_obj,<sp/></highlight><highlight class="keyword">const</highlight><highlight class="normal"><sp/>OMX_U32<sp/>a_pid);</highlight></codeline>
<codeline lineno="48"><highlight class="normal"></highlight><highlight class="keywordtype">bool</highlight><highlight class="normal"></highlight></codeline>
<codeline lineno="49"><highlight class="normal">tiz_filter_prc_headers_available<sp/>(</highlight><highlight class="keyword">const</highlight><highlight class="normal"><sp/></highlight><highlight class="keywordtype">void</highlight><highlight class="normal"><sp/>*<sp/>ap_obj);</highlight></codeline>
<codeline lineno="50"><highlight class="normal"></highlight><highlight class="keywordtype">bool</highlight><highlight class="normal"></highlight></codeline>
<codeline lineno="51"><highlight class="normal">tiz_filter_prc_output_headers_available<sp/>(</highlight><highlight class="keyword">const</highlight><highlight class="normal"><sp/></highlight><highlight class="keywordtype">void</highlight><highlight class="normal"><sp/>*<sp/>ap_obj);</highlight></codeline>
<codeline lineno="52"><highlight class="normal">OMX_ERRORTYPE</highlight></codeline>
<codeline lineno="53"><highlight class="normal">tiz_filter_prc_release_header<sp/>(</highlight><highlight class="keywordtype">void</highlight><highlight class="normal"><sp/>*<sp/>ap_obj,<sp/></highlight><highlight class="keyword">const</highlight><highlight class="normal"><sp/>OMX_U32<sp/>a_pid);</highlight></codeline>
<codeline lineno="54"><highlight class="normal">OMX_ERRORTYPE</highlight></codeline>
<codeline lineno="55"><highlight class="normal">tiz_filter_prc_release_all_headers<sp/>(</highlight><highlight class="keywordtype">void</highlight><highlight class="normal"><sp/>*<sp/>ap_obj);</highlight></codeline>
<codeline lineno="56"><highlight class="normal"></highlight><highlight class="keywordtype">bool</highlight><highlight class="normal"><sp/>*</highlight></codeline>
<codeline lineno="57"><highlight class="normal">tiz_filter_prc_get_port_disabled_ptr<sp/>(</highlight><highlight class="keywordtype">void</highlight><highlight class="normal"><sp/>*<sp/>ap_obj,<sp/></highlight><highlight class="keyword">const</highlight><highlight class="normal"><sp/>OMX_U32<sp/>a_pid);</highlight></codeline>
<codeline lineno="58"><highlight class="normal"></highlight><highlight class="keywordtype">bool</highlight><highlight class="normal"></highlight></codeline>
<codeline lineno="59"><highlight class="normal">tiz_filter_prc_is_port_disabled<sp/>(</highlight><highlight class="keywordtype">void</highlight><highlight class="normal"><sp/>*<sp/>ap_obj,<sp/></highlight><highlight class="keyword">const</highlight><highlight class="normal"><sp/>OMX_U32<sp/>a_pid);</highlight></codeline>
<codeline lineno="60"><highlight class="normal"></highlight><highlight class="keywordtype">bool</highlight><highlight class="normal"></highlight></codeline>
<codeline lineno="61"><highlight class="normal">tiz_filter_prc_is_port_enabled<sp/>(</highlight><highlight class="keywordtype">void</highlight><highlight class="normal"><sp/>*<sp/>ap_obj,<sp/></highlight><highlight class="keyword">const</highlight><highlight class="normal"><sp/>OMX_U32<sp/>a_pid);</highlight></codeline>
<codeline lineno="62"><highlight class="normal"></highlight><highlight class="keywordtype">bool</highlight><highlight class="normal"></highlight></codeline>
<codeline lineno="63"><highlight class="normal">tiz_filter_prc_is_eos<sp/>(</highlight><highlight class="keyword">const</highlight><highlight class="normal"><sp/></highlight><highlight class="keywordtype">void</highlight><highlight class="normal"><sp/>*<sp/>ap_obj);</highlight></codeline>
<codeline lineno="64"><highlight class="normal"></highlight><highlight class="keywordtype">void</highlight><highlight class="normal"></highlight></codeline>
<codeline lineno="65"><highlight class="normal">tiz_filter_prc_update_eos_flag<sp/>(</highlight><highlight class="keywordtype">void</highlight><highlight class="normal"><sp/>*<sp/>ap_obj,<sp/></highlight><highlight class="keyword">const</highlight><highlight class="normal"><sp/></highlight><highlight class="keywordtype">bool</highlight><highlight class="normal"><sp/>flag);</highlight></codeline>
<codeline lineno="66"><highlight class="normal"></highlight><highlight class="keywordtype">void</highlight><highlight class="normal"></highlight></codeline>
<codeline lineno="67"><highlight class="normal">tiz_filter_prc_update_port_disabled_flag<sp/>(</highlight><highlight class="keywordtype">void</highlight><highlight class="normal"><sp/>*<sp/>ap_obj,<sp/></highlight><highlight class="keyword">const</highlight><highlight class="normal"><sp/>OMX_U32<sp/>a_pid,</highlight></codeline>
<codeline lineno="68"><highlight class="normal"><sp/><sp/><sp/><sp/><sp/><sp/><sp/><sp/><sp/><sp/><sp/><sp/><sp/><sp/><sp/><sp/><sp/><sp/><sp/><sp/><sp/><sp/><sp/><sp/><sp/><sp/><sp/><sp/><sp/><sp/><sp/><sp/><sp/><sp/><sp/><sp/><sp/><sp/><sp/><sp/><sp/><sp/></highlight><highlight class="keyword">const</highlight><highlight class="normal"><sp/></highlight><highlight class="keywordtype">bool</highlight><highlight class="normal"><sp/>flag);</highlight></codeline>
<codeline lineno="69"><highlight class="normal"></highlight></codeline>
<codeline lineno="70"><highlight class="normal"></highlight><highlight class="preprocessor">#ifdef<sp/>__cplusplus</highlight><highlight class="normal"></highlight></codeline>
<codeline lineno="71"><highlight class="normal">}</highlight></codeline>
<codeline lineno="72"><highlight class="normal"></highlight><highlight class="preprocessor">#endif</highlight><highlight class="normal"></highlight></codeline>
<codeline lineno="73"><highlight class="normal"></highlight></codeline>
<codeline lineno="74"><highlight class="normal"></highlight><highlight class="preprocessor">#endif<sp/></highlight><highlight class="comment">/*<sp/>TIZFILTERPRC_H<sp/>*/</highlight><highlight class="preprocessor"></highlight></codeline>
    </programlisting>
    <location file="/home/joni/work/tizonia-master/libtizonia/src/tizfilterprc.h"/>
  </compounddef>
</doxygen>
