<?xml version='1.0' encoding='UTF-8' standalone='no'?>
<doxygen xmlns:xsi="http://www.w3.org/2001/XMLSchema-instance" xsi:noNamespaceSchemaLocation="compound.xsd" version="1.8.11">
  <compounddef id="tizfsm__decls_8h" kind="file" language="C++">
    <compoundname>tizfsm_decls.h</compoundname>
    <includes refid="tizfsm_8h" local="yes">tizfsm.h</includes>
    <includes refid="tizservant__decls_8h" local="yes">tizservant_decls.h</includes>
    <includes refid="tizplatform_8h" local="yes">tizplatform.h</includes>
    <includedby refid="tizfsm_8c" local="yes">/home/joni/work/tizonia-master/libtizonia/src/tizfsm.c</includedby>
    <incdepgraph>
      <node id="1691">
        <label>stdbool.h</label>
      </node>
      <node id="1701">
        <label>stdarg.h</label>
      </node>
      <node id="1685">
        <label>tizbuffer.h</label>
        <link refid="tizbuffer_8h_source"/>
        <childnode refid="1668" relation="include">
        </childnode>
        <childnode refid="1672" relation="include">
        </childnode>
      </node>
      <node id="1688">
        <label>tizuuid.h</label>
        <link refid="tizuuid_8h_source"/>
        <childnode refid="1672" relation="include">
        </childnode>
      </node>
      <node id="1687">
        <label>tizthread.h</label>
        <link refid="tizthread_8h_source"/>
        <childnode refid="1668" relation="include">
        </childnode>
        <childnode refid="1672" relation="include">
        </childnode>
        <childnode refid="1681" relation="include">
        </childnode>
      </node>
      <node id="1684">
        <label>stdint.h</label>
      </node>
      <node id="1668">
        <label>OMX_Core.h</label>
      </node>
      <node id="1669">
        <label>tizplatform.h</label>
        <link refid="tizplatform_8h_source"/>
        <childnode refid="1670" relation="include">
        </childnode>
        <childnode refid="1678" relation="include">
        </childnode>
        <childnode refid="1675" relation="include">
        </childnode>
        <childnode refid="1680" relation="include">
        </childnode>
        <childnode refid="1682" relation="include">
        </childnode>
        <childnode refid="1685" relation="include">
        </childnode>
        <childnode refid="1686" relation="include">
        </childnode>
        <childnode refid="1681" relation="include">
        </childnode>
        <childnode refid="1687" relation="include">
        </childnode>
        <childnode refid="1688" relation="include">
        </childnode>
        <childnode refid="1671" relation="include">
        </childnode>
        <childnode refid="1689" relation="include">
        </childnode>
        <childnode refid="1683" relation="include">
        </childnode>
        <childnode refid="1690" relation="include">
        </childnode>
        <childnode refid="1692" relation="include">
        </childnode>
        <childnode refid="1693" relation="include">
        </childnode>
        <childnode refid="1694" relation="include">
        </childnode>
        <childnode refid="1695" relation="include">
        </childnode>
        <childnode refid="1696" relation="include">
        </childnode>
        <childnode refid="1697" relation="include">
        </childnode>
      </node>
      <node id="1705">
        <label>tizobject_decls.h</label>
        <link refid="tizobject__decls_8h_source"/>
        <childnode refid="1677" relation="include">
        </childnode>
        <childnode refid="1701" relation="include">
        </childnode>
      </node>
      <node id="1704">
        <label>tizapi_decls.h</label>
        <link refid="tizapi__decls_8h_source"/>
        <childnode refid="1705" relation="include">
        </childnode>
      </node>
      <node id="1700">
        <label>tizobject.h</label>
        <link refid="tizobject_8h_source"/>
        <childnode refid="1672" relation="include">
        </childnode>
        <childnode refid="1701" relation="include">
        </childnode>
        <childnode refid="1677" relation="include">
        </childnode>
        <childnode refid="1702" relation="include">
        </childnode>
      </node>
      <node id="1673">
        <label>OMX_Component.h</label>
      </node>
      <node id="1683">
        <label>tizsoa.h</label>
        <link refid="tizsoa_8h_source"/>
        <childnode refid="1677" relation="include">
        </childnode>
        <childnode refid="1684" relation="include">
        </childnode>
        <childnode refid="1672" relation="include">
        </childnode>
        <childnode refid="1668" relation="include">
        </childnode>
      </node>
      <node id="1670">
        <label>tizmacros.h</label>
        <link refid="tizmacros_8h_source"/>
        <childnode refid="1671" relation="include">
        </childnode>
        <childnode refid="1677" relation="include">
        </childnode>
      </node>
      <node id="1667">
        <label>tizservant.h</label>
        <link refid="tizservant_8h_source"/>
        <childnode refid="1668" relation="include">
        </childnode>
        <childnode refid="1669" relation="include">
        </childnode>
        <childnode refid="1698" relation="include">
        </childnode>
        <childnode refid="1699" relation="include">
        </childnode>
      </node>
      <node id="1677">
        <label>stddef.h</label>
      </node>
      <node id="1695">
        <label>tizprintf.h</label>
        <link refid="tizprintf_8h_source"/>
      </node>
      <node id="1680">
        <label>tizqueue.h</label>
        <link refid="tizqueue_8h_source"/>
        <childnode refid="1668" relation="include">
        </childnode>
        <childnode refid="1672" relation="include">
        </childnode>
        <childnode refid="1681" relation="include">
        </childnode>
      </node>
      <node id="1679">
        <label>log4c.h</label>
      </node>
      <node id="1676">
        <label>sys/types.h</label>
      </node>
      <node id="1675">
        <label>tizmem.h</label>
        <link refid="tizmem_8h_source"/>
        <childnode refid="1676" relation="include">
        </childnode>
        <childnode refid="1672" relation="include">
        </childnode>
      </node>
      <node id="1689">
        <label>tizrc.h</label>
        <link refid="tizrc_8h_source"/>
        <childnode refid="1668" relation="include">
        </childnode>
        <childnode refid="1672" relation="include">
        </childnode>
      </node>
      <node id="1682">
        <label>tizpqueue.h</label>
        <link refid="tizpqueue_8h_source"/>
        <childnode refid="1668" relation="include">
        </childnode>
        <childnode refid="1672" relation="include">
        </childnode>
        <childnode refid="1683" relation="include">
        </childnode>
      </node>
      <node id="1699">
        <label>tizapi.h</label>
        <link refid="tizapi_8h_source"/>
        <childnode refid="1668" relation="include">
        </childnode>
        <childnode refid="1700" relation="include">
        </childnode>
      </node>
      <node id="1672">
        <label>OMX_Types.h</label>
      </node>
      <node id="1681">
        <label>tizsync.h</label>
        <link refid="tizsync_8h_source"/>
        <childnode refid="1668" relation="include">
        </childnode>
        <childnode refid="1672" relation="include">
        </childnode>
      </node>
      <node id="1678">
        <label>tizlog.h</label>
        <link refid="tizlog_8h_source"/>
        <childnode refid="1679" relation="include">
        </childnode>
      </node>
      <node id="1692">
        <label>tizhttp.h</label>
        <link refid="tizhttp_8h_source"/>
        <childnode refid="1668" relation="include">
        </childnode>
        <childnode refid="1672" relation="include">
        </childnode>
      </node>
      <node id="1686">
        <label>tizvector.h</label>
        <link refid="tizvector_8h_source"/>
        <childnode refid="1668" relation="include">
        </childnode>
        <childnode refid="1672" relation="include">
        </childnode>
      </node>
      <node id="1697">
        <label>tizurltransfer.h</label>
        <link refid="tizurltransfer_8h_source"/>
        <childnode refid="1673" relation="include">
        </childnode>
      </node>
      <node id="1696">
        <label>tizshufflelst.h</label>
        <link refid="tizshufflelst_8h_source"/>
        <childnode refid="1668" relation="include">
        </childnode>
        <childnode refid="1672" relation="include">
        </childnode>
      </node>
      <node id="1671">
        <label>tizomxutils.h</label>
        <link refid="tizomxutils_8h_source"/>
        <childnode refid="1672" relation="include">
        </childnode>
        <childnode refid="1673" relation="include">
        </childnode>
        <childnode refid="1674" relation="include">
        </childnode>
        <childnode refid="1668" relation="include">
        </childnode>
        <childnode refid="1675" relation="include">
        </childnode>
      </node>
      <node id="1698">
        <label>tizscheduler.h</label>
        <link refid="tizscheduler_8h_source"/>
        <childnode refid="1668" relation="include">
        </childnode>
        <childnode refid="1672" relation="include">
        </childnode>
        <childnode refid="1673" relation="include">
        </childnode>
        <childnode refid="1669" relation="include">
        </childnode>
      </node>
      <node id="1666">
        <label>tizfsm.h</label>
        <link refid="tizfsm_8h_source"/>
        <childnode refid="1667" relation="include">
        </childnode>
      </node>
      <node id="1693">
        <label>tizmap.h</label>
        <link refid="tizmap_8h_source"/>
        <childnode refid="1691" relation="include">
        </childnode>
        <childnode refid="1668" relation="include">
        </childnode>
        <childnode refid="1672" relation="include">
        </childnode>
        <childnode refid="1683" relation="include">
        </childnode>
      </node>
      <node id="1703">
        <label>tizservant_decls.h</label>
        <link refid="tizservant__decls_8h_source"/>
        <childnode refid="1698" relation="include">
        </childnode>
        <childnode refid="1704" relation="include">
        </childnode>
      </node>
      <node id="1665">
        <label>/home/joni/work/tizonia-master/libtizonia/src/tizfsm_decls.h</label>
        <link refid="tizfsm_decls.h"/>
        <childnode refid="1666" relation="include">
        </childnode>
        <childnode refid="1703" relation="include">
        </childnode>
        <childnode refid="1669" relation="include">
        </childnode>
      </node>
      <node id="1690">
        <label>tizev.h</label>
        <link refid="tizev_8h_source"/>
        <childnode refid="1691" relation="include">
        </childnode>
        <childnode refid="1684" relation="include">
        </childnode>
        <childnode refid="1668" relation="include">
        </childnode>
        <childnode refid="1672" relation="include">
        </childnode>
      </node>
      <node id="1702">
        <label>stdio.h</label>
      </node>
      <node id="1694">
        <label>tizlimits.h</label>
        <link refid="tizlimits_8h_source"/>
      </node>
      <node id="1674">
        <label>OMX_Audio.h</label>
      </node>
    </incdepgraph>
    <innerclass refid="structtiz__fsm" prot="public">tiz_fsm</innerclass>
    <innerclass refid="structtiz__fsm__class" prot="public">tiz_fsm_class</innerclass>
      <sectiondef kind="typedef">
      <memberdef kind="typedef" id="tizfsm__decls_8h_1a1024f53afec264e796bcdd1ea4c3b1a4" prot="public" static="no">
        <type>struct <ref refid="structtiz__fsm" kindref="compound">tiz_fsm</ref></type>
        <definition>typedef struct tiz_fsm tiz_fsm_t</definition>
        <argsstring></argsstring>
        <name>tiz_fsm_t</name>
        <briefdescription>
        </briefdescription>
        <detaileddescription>
        </detaileddescription>
        <inbodydescription>
        </inbodydescription>
        <location file="/home/joni/work/tizonia-master/libtizonia/src/tizfsm_decls.h" line="99" column="1" bodyfile="/home/joni/work/tizonia-master/libtizonia/src/tizfsm_decls.h" bodystart="40" bodyend="-1"/>
      </memberdef>
      <memberdef kind="typedef" id="tizfsm__decls_8h_1ae137f5ab939dfa467c727543e2ae28c8" prot="public" static="no">
        <type>struct <ref refid="structtiz__fsm__class" kindref="compound">tiz_fsm_class</ref></type>
        <definition>typedef struct tiz_fsm_class tiz_fsm_class_t</definition>
        <argsstring></argsstring>
        <name>tiz_fsm_class_t</name>
        <briefdescription>
        </briefdescription>
        <detaileddescription>
        </detaileddescription>
        <inbodydescription>
        </inbodydescription>
        <location file="/home/joni/work/tizonia-master/libtizonia/src/tizfsm_decls.h" line="99" column="1" bodyfile="/home/joni/work/tizonia-master/libtizonia/src/tizfsm_decls.h" bodystart="54" bodyend="-1"/>
      </memberdef>
      </sectiondef>
    <briefdescription>
<para>Tizonia OpenMAX IL - OMX IL FSM implementation. </para>    </briefdescription>
    <detaileddescription>
<para>Copyright (C) 2011-2018 Aratelia Limited - Juan A. Rubio</para><para>This file is part of Tizonia</para><para>Tizonia is free software: you can redistribute it and/or modify it under the terms of the GNU Lesser General Public License as published by the Free Software Foundation, either version 3 of the License, or (at your option) any later version.</para><para>Tizonia is distributed in the hope that it will be useful, but WITHOUT ANY WARRANTY; without even the implied warranty of MERCHANTABILITY or FITNESS FOR A PARTICULAR PURPOSE. See the GNU Lesser General Public License for more details.</para><para>You should have received a copy of the GNU Lesser General Public License along with Tizonia. If not, see <ulink url="http://www.gnu.org/licenses/">http://www.gnu.org/licenses/</ulink>.</para><para><simplesect kind="author"><para>Juan A. Rubio <ulink url="mailto:juan.rubio@aratelia.com">juan.rubio@aratelia.com</ulink> </para></simplesect>
</para>    </detaileddescription>
    <programlisting>
<codeline lineno="1"></codeline>
<codeline lineno="29"><highlight class="preprocessor">#ifndef<sp/>TIZFSM_DECLS_H</highlight><highlight class="normal"></highlight></codeline>
<codeline lineno="30"><highlight class="normal"></highlight><highlight class="preprocessor">#define<sp/>TIZFSM_DECLS_H</highlight><highlight class="normal"></highlight></codeline>
<codeline lineno="31"><highlight class="normal"></highlight></codeline>
<codeline lineno="32"><highlight class="normal"></highlight><highlight class="preprocessor">#ifdef<sp/>__cplusplus</highlight><highlight class="normal"></highlight></codeline>
<codeline lineno="33"><highlight class="normal"></highlight><highlight class="keyword">extern</highlight><highlight class="normal"><sp/></highlight><highlight class="stringliteral">&quot;C&quot;</highlight><highlight class="normal"><sp/>{</highlight></codeline>
<codeline lineno="34"><highlight class="normal"></highlight><highlight class="preprocessor">#endif</highlight><highlight class="normal"></highlight></codeline>
<codeline lineno="35"><highlight class="normal"></highlight></codeline>
<codeline lineno="36"><highlight class="normal"></highlight><highlight class="preprocessor">#include<sp/>&quot;tizfsm.h&quot;</highlight><highlight class="normal"></highlight></codeline>
<codeline lineno="37"><highlight class="normal"></highlight><highlight class="preprocessor">#include<sp/>&quot;tizservant_decls.h&quot;</highlight><highlight class="normal"></highlight></codeline>
<codeline lineno="38"><highlight class="normal"></highlight><highlight class="preprocessor">#include<sp/>&quot;tizplatform.h&quot;</highlight><highlight class="normal"></highlight></codeline>
<codeline lineno="39"><highlight class="normal"></highlight></codeline>
<codeline lineno="40"><highlight class="normal"></highlight><highlight class="keyword">typedef</highlight><highlight class="normal"><sp/></highlight><highlight class="keyword">struct<sp/></highlight><highlight class="normal"><ref refid="structtiz__fsm" kindref="compound">tiz_fsm</ref><sp/><ref refid="structtiz__fsm" kindref="compound">tiz_fsm_t</ref>;</highlight></codeline>
<codeline lineno="41" refid="structtiz__fsm" refkind="compound"><highlight class="normal"></highlight><highlight class="keyword">struct<sp/></highlight><highlight class="normal"><ref refid="structtiz__fsm" kindref="compound">tiz_fsm</ref></highlight></codeline>
<codeline lineno="42"><highlight class="normal">{</highlight></codeline>
<codeline lineno="43"><highlight class="normal"><sp/><sp/></highlight><highlight class="comment">/*<sp/>Object<sp/>*/</highlight><highlight class="normal"></highlight></codeline>
<codeline lineno="44"><highlight class="normal"><sp/><sp/></highlight><highlight class="keyword">const</highlight><highlight class="normal"><sp/><ref refid="structtiz__srv" kindref="compound">tiz_srv_t</ref><sp/>_;</highlight></codeline>
<codeline lineno="45"><highlight class="normal"><sp/><sp/></highlight><highlight class="keywordtype">void</highlight><highlight class="normal"><sp/>*<sp/>p_states_[EStateMax];</highlight></codeline>
<codeline lineno="46"><highlight class="normal"><sp/><sp/>tiz_fsm_state_id_t<sp/>cur_state_id_;</highlight></codeline>
<codeline lineno="47"><highlight class="normal"><sp/><sp/>tiz_fsm_state_id_t<sp/>canceled_substate_id_;</highlight></codeline>
<codeline lineno="48"><highlight class="normal"><sp/><sp/></highlight><highlight class="keywordtype">void</highlight><highlight class="normal"><sp/>*<sp/>p_current_state_;</highlight></codeline>
<codeline lineno="49"><highlight class="normal"><sp/><sp/>OMX_COMMANDTYPE<sp/>in_progress_cmd_;</highlight></codeline>
<codeline lineno="50"><highlight class="normal"><sp/><sp/>OMX_U32<sp/>in_progress_param1_;</highlight></codeline>
<codeline lineno="51"><highlight class="normal"><sp/><sp/>OMX_COMMANDTYPE<sp/>cancellation_cmd_;</highlight></codeline>
<codeline lineno="52"><highlight class="normal">};</highlight></codeline>
<codeline lineno="53"><highlight class="normal"></highlight></codeline>
<codeline lineno="54"><highlight class="normal"></highlight><highlight class="keyword">typedef</highlight><highlight class="normal"><sp/></highlight><highlight class="keyword">struct<sp/></highlight><highlight class="normal"><ref refid="structtiz__fsm__class" kindref="compound">tiz_fsm_class</ref><sp/>tiz_fsm_class_t;</highlight></codeline>
<codeline lineno="55" refid="structtiz__fsm__class" refkind="compound"><highlight class="normal"></highlight><highlight class="keyword">struct<sp/></highlight><highlight class="normal"><ref refid="structtiz__fsm__class" kindref="compound">tiz_fsm_class</ref></highlight></codeline>
<codeline lineno="56"><highlight class="normal">{</highlight></codeline>
<codeline lineno="57"><highlight class="normal"><sp/><sp/></highlight><highlight class="comment">/*<sp/>Class<sp/>*/</highlight><highlight class="normal"></highlight></codeline>
<codeline lineno="58"><highlight class="normal"><sp/><sp/></highlight><highlight class="keyword">const</highlight><highlight class="normal"><sp/><ref refid="structtiz__srv__class" kindref="compound">tiz_srv_class_t</ref><sp/>_;</highlight></codeline>
<codeline lineno="59"><highlight class="normal"></highlight></codeline>
<codeline lineno="60"><highlight class="normal"><sp/><sp/>OMX_ERRORTYPE<sp/>(*set_state)</highlight></codeline>
<codeline lineno="61"><highlight class="normal"><sp/><sp/>(</highlight><highlight class="keywordtype">void</highlight><highlight class="normal"><sp/>*<sp/>p_obj,<sp/>tiz_fsm_state_id_t<sp/>a_new_state,</highlight></codeline>
<codeline lineno="62"><highlight class="normal"><sp/><sp/><sp/>tiz_fsm_state_id_t<sp/>a_canceled_substate);</highlight></codeline>
<codeline lineno="63"><highlight class="normal"><sp/><sp/>OMX_ERRORTYPE<sp/>(*complete_transition)</highlight></codeline>
<codeline lineno="64"><highlight class="normal"><sp/><sp/>(</highlight><highlight class="keywordtype">void</highlight><highlight class="normal"><sp/>*<sp/>p_obj,<sp/></highlight><highlight class="keyword">const</highlight><highlight class="normal"><sp/></highlight><highlight class="keywordtype">void</highlight><highlight class="normal"><sp/>*<sp/>ap_servant,<sp/>OMX_STATETYPE<sp/>a_new_state);</highlight></codeline>
<codeline lineno="65"><highlight class="normal"><sp/><sp/>OMX_ERRORTYPE<sp/>(*complete_command)</highlight></codeline>
<codeline lineno="66"><highlight class="normal"><sp/><sp/>(</highlight><highlight class="keywordtype">void</highlight><highlight class="normal"><sp/>*<sp/>p_obj,<sp/></highlight><highlight class="keyword">const</highlight><highlight class="normal"><sp/></highlight><highlight class="keywordtype">void</highlight><highlight class="normal"><sp/>*<sp/>ap_servant,<sp/>OMX_COMMANDTYPE<sp/>a_cmd,</highlight></codeline>
<codeline lineno="67"><highlight class="normal"><sp/><sp/><sp/>OMX_U32<sp/>a_param1);</highlight></codeline>
<codeline lineno="68"><highlight class="normal"><sp/><sp/>tiz_fsm_state_id_t<sp/>(*get_substate)<sp/>(</highlight><highlight class="keyword">const</highlight><highlight class="normal"><sp/></highlight><highlight class="keywordtype">void</highlight><highlight class="normal"><sp/>*<sp/>ap_obj);</highlight></codeline>
<codeline lineno="69"><highlight class="normal"></highlight></codeline>
<codeline lineno="70"><highlight class="normal"><sp/><sp/>OMX_ERRORTYPE<sp/>(*tunneled_ports_status_update)<sp/>(</highlight><highlight class="keywordtype">void</highlight><highlight class="normal"><sp/>*<sp/>ap_obj);</highlight></codeline>
<codeline lineno="71"><highlight class="normal">};</highlight></codeline>
<codeline lineno="72"><highlight class="normal"></highlight></codeline>
<codeline lineno="73"><highlight class="normal"></highlight><highlight class="preprocessor">#ifdef<sp/>__cplusplus</highlight><highlight class="normal"></highlight></codeline>
<codeline lineno="74"><highlight class="normal">}</highlight></codeline>
<codeline lineno="75"><highlight class="normal"></highlight><highlight class="preprocessor">#endif</highlight><highlight class="normal"></highlight></codeline>
<codeline lineno="76"><highlight class="normal"></highlight></codeline>
<codeline lineno="77"><highlight class="normal"></highlight><highlight class="preprocessor">#endif<sp/></highlight><highlight class="comment">/*<sp/>TIZFSM_DECLS_H<sp/>*/</highlight><highlight class="preprocessor"></highlight></codeline>
    </programlisting>
    <location file="/home/joni/work/tizonia-master/libtizonia/src/tizfsm_decls.h"/>
  </compounddef>
</doxygen>
