<?xml version='1.0' encoding='UTF-8' standalone='no'?>
<doxygen xmlns:xsi="http://www.w3.org/2001/XMLSchema-instance" xsi:noNamespaceSchemaLocation="compound.xsd" version="1.8.11">
  <compounddef id="tizgmusic_8hpp" kind="file" language="C++">
    <compoundname>tizgmusic.hpp</compoundname>
    <includes local="no">boost/python.hpp</includes>
    <includes local="no">string</includes>
    <includedby refid="tizgmusic_8cpp" local="yes">/home/joni/work/tizonia-master/clients/gmusic/libtizgmusic/src/tizgmusic.cpp</includedby>
    <includedby refid="tizgmusic__c_8cpp" local="yes">/home/joni/work/tizonia-master/clients/gmusic/libtizgmusic/src/tizgmusic_c.cpp</includedby>
    <incdepgraph>
      <node id="63">
        <label>string</label>
      </node>
      <node id="61">
        <label>/home/joni/work/tizonia-master/clients/gmusic/libtizgmusic/src/tizgmusic.hpp</label>
        <link refid="tizgmusic.hpp"/>
        <childnode refid="62" relation="include">
        </childnode>
        <childnode refid="63" relation="include">
        </childnode>
      </node>
      <node id="62">
        <label>boost/python.hpp</label>
      </node>
    </incdepgraph>
    <innerclass refid="classtizgmusic" prot="public">tizgmusic</innerclass>
    <briefdescription>
<para>Tizonia - Simple Google Play Music client library. </para>    </briefdescription>
    <detaileddescription>
<para>Copyright (C) 2011-2018 Aratelia Limited - Juan A. Rubio</para><para>This file is part of Tizonia</para><para>Tizonia is free software: you can redistribute it and/or modify it under the terms of the GNU Lesser General Public License as published by the Free Software Foundation, either version 3 of the License, or (at your option) any later version.</para><para>Tizonia is distributed in the hope that it will be useful, but WITHOUT ANY WARRANTY; without even the implied warranty of MERCHANTABILITY or FITNESS FOR A PARTICULAR PURPOSE. See the GNU Lesser General Public License for more details.</para><para>You should have received a copy of the GNU Lesser General Public License along with Tizonia. If not, see <ulink url="http://www.gnu.org/licenses/">http://www.gnu.org/licenses/</ulink>.</para><para><simplesect kind="author"><para>Juan A. Rubio <ulink url="mailto:juan.rubio@aratelia.com">juan.rubio@aratelia.com</ulink> </para></simplesect>
</para>    </detaileddescription>
    <programlisting>
<codeline lineno="1"></codeline>
<codeline lineno="29"><highlight class="preprocessor">#ifndef<sp/>TIZGMUSIC_HPP</highlight><highlight class="normal"></highlight></codeline>
<codeline lineno="30"><highlight class="normal"></highlight><highlight class="preprocessor">#define<sp/>TIZGMUSIC_HPP</highlight><highlight class="normal"></highlight></codeline>
<codeline lineno="31"><highlight class="normal"></highlight></codeline>
<codeline lineno="32"><highlight class="normal"></highlight><highlight class="preprocessor">#include<sp/>&lt;boost/python.hpp&gt;</highlight><highlight class="normal"></highlight></codeline>
<codeline lineno="33"><highlight class="normal"></highlight></codeline>
<codeline lineno="34"><highlight class="normal"></highlight><highlight class="preprocessor">#include<sp/>&lt;string&gt;</highlight><highlight class="normal"></highlight></codeline>
<codeline lineno="35"><highlight class="normal"></highlight></codeline>
<codeline lineno="36" refid="classtizgmusic" refkind="compound"><highlight class="normal"></highlight><highlight class="keyword">class<sp/></highlight><highlight class="normal"><ref refid="classtizgmusic" kindref="compound">tizgmusic</ref></highlight></codeline>
<codeline lineno="37"><highlight class="normal">{</highlight></codeline>
<codeline lineno="38"><highlight class="normal"></highlight><highlight class="keyword">public</highlight><highlight class="normal">:</highlight></codeline>
<codeline lineno="42" refid="classtizgmusic_1a3fa374708e5479083ca92f1e35fb8f82" refkind="member"><highlight class="normal"><sp/><sp/></highlight><highlight class="keyword">enum</highlight><highlight class="normal"><sp/><ref refid="classtizgmusic_1a3fa374708e5479083ca92f1e35fb8f82" kindref="member">playback_mode</ref></highlight></codeline>
<codeline lineno="43"><highlight class="normal"><sp/><sp/><sp/><sp/>{</highlight></codeline>
<codeline lineno="44"><highlight class="normal"><sp/><sp/><sp/><sp/><sp/><sp/>PlaybackModeNormal,</highlight></codeline>
<codeline lineno="45"><highlight class="normal"><sp/><sp/><sp/><sp/><sp/><sp/>PlaybackModeShuffle,</highlight></codeline>
<codeline lineno="46"><highlight class="normal"><sp/><sp/><sp/><sp/><sp/><sp/>PlaybackModeMax</highlight></codeline>
<codeline lineno="47"><highlight class="normal"><sp/><sp/><sp/><sp/>};</highlight></codeline>
<codeline lineno="48"><highlight class="normal"></highlight></codeline>
<codeline lineno="49"><highlight class="normal"></highlight><highlight class="keyword">public</highlight><highlight class="normal">:</highlight></codeline>
<codeline lineno="50"><highlight class="normal"><sp/><sp/><ref refid="classtizgmusic" kindref="compound">tizgmusic</ref><sp/>(</highlight><highlight class="keyword">const</highlight><highlight class="normal"><sp/>std::string<sp/>&amp;user,<sp/></highlight><highlight class="keyword">const</highlight><highlight class="normal"><sp/>std::string<sp/>&amp;pass,</highlight></codeline>
<codeline lineno="51"><highlight class="normal"><sp/><sp/><sp/><sp/><sp/><sp/><sp/><sp/><sp/><sp/><sp/><sp/><sp/></highlight><highlight class="keyword">const</highlight><highlight class="normal"><sp/>std::string<sp/>&amp;device_id);</highlight></codeline>
<codeline lineno="52"><highlight class="normal"><sp/><sp/>~<ref refid="classtizgmusic" kindref="compound">tizgmusic</ref><sp/>();</highlight></codeline>
<codeline lineno="53"><highlight class="normal"></highlight></codeline>
<codeline lineno="54"><highlight class="normal"><sp/><sp/></highlight><highlight class="keywordtype">int</highlight><highlight class="normal"><sp/>init<sp/>();</highlight></codeline>
<codeline lineno="55"><highlight class="normal"><sp/><sp/></highlight><highlight class="keywordtype">int</highlight><highlight class="normal"><sp/>start<sp/>();</highlight></codeline>
<codeline lineno="56"><highlight class="normal"><sp/><sp/></highlight><highlight class="keywordtype">void</highlight><highlight class="normal"><sp/>stop<sp/>();</highlight></codeline>
<codeline lineno="57"><highlight class="normal"><sp/><sp/></highlight><highlight class="keywordtype">void</highlight><highlight class="normal"><sp/>deinit<sp/>();</highlight></codeline>
<codeline lineno="58"><highlight class="normal"></highlight></codeline>
<codeline lineno="59"><highlight class="normal"><sp/><sp/></highlight><highlight class="keywordtype">int</highlight><highlight class="normal"><sp/>play_tracks<sp/>(</highlight><highlight class="keyword">const</highlight><highlight class="normal"><sp/>std::string<sp/>&amp;<ref refid="structtracks" kindref="compound">tracks</ref>,<sp/></highlight><highlight class="keyword">const</highlight><highlight class="normal"><sp/></highlight><highlight class="keywordtype">bool</highlight><highlight class="normal"><sp/>a_unlimited_search);</highlight></codeline>
<codeline lineno="60"><highlight class="normal"><sp/><sp/></highlight><highlight class="keywordtype">int</highlight><highlight class="normal"><sp/>play_album<sp/>(</highlight><highlight class="keyword">const</highlight><highlight class="normal"><sp/>std::string<sp/>&amp;album,<sp/></highlight><highlight class="keyword">const</highlight><highlight class="normal"><sp/></highlight><highlight class="keywordtype">bool</highlight><highlight class="normal"><sp/>a_unlimited_search);</highlight></codeline>
<codeline lineno="61"><highlight class="normal"><sp/><sp/></highlight><highlight class="keywordtype">int</highlight><highlight class="normal"><sp/>play_artist<sp/>(</highlight><highlight class="keyword">const</highlight><highlight class="normal"><sp/>std::string<sp/>&amp;artist,<sp/></highlight><highlight class="keyword">const</highlight><highlight class="normal"><sp/></highlight><highlight class="keywordtype">bool</highlight><highlight class="normal"><sp/>a_unlimited_search);</highlight></codeline>
<codeline lineno="62"><highlight class="normal"><sp/><sp/></highlight><highlight class="keywordtype">int</highlight><highlight class="normal"><sp/>play_playlist<sp/>(</highlight><highlight class="keyword">const</highlight><highlight class="normal"><sp/>std::string<sp/>&amp;playlist,<sp/></highlight><highlight class="keyword">const</highlight><highlight class="normal"><sp/></highlight><highlight class="keywordtype">bool</highlight><highlight class="normal"><sp/>a_unlimited_search);</highlight></codeline>
<codeline lineno="63"><highlight class="normal"><sp/><sp/></highlight><highlight class="keywordtype">int</highlight><highlight class="normal"><sp/>play_station<sp/>(</highlight><highlight class="keyword">const</highlight><highlight class="normal"><sp/>std::string<sp/>&amp;station);</highlight></codeline>
<codeline lineno="64"><highlight class="normal"><sp/><sp/></highlight><highlight class="keywordtype">int</highlight><highlight class="normal"><sp/>play_genre<sp/>(</highlight><highlight class="keyword">const</highlight><highlight class="normal"><sp/>std::string<sp/>&amp;genre);</highlight></codeline>
<codeline lineno="65"><highlight class="normal"><sp/><sp/></highlight><highlight class="keywordtype">int</highlight><highlight class="normal"><sp/>play_situation<sp/>(</highlight><highlight class="keyword">const</highlight><highlight class="normal"><sp/>std::string<sp/>&amp;situation);</highlight></codeline>
<codeline lineno="66"><highlight class="normal"><sp/><sp/></highlight><highlight class="keywordtype">int</highlight><highlight class="normal"><sp/>play_podcast<sp/>(</highlight><highlight class="keyword">const</highlight><highlight class="normal"><sp/>std::string<sp/>&amp;podcast);</highlight></codeline>
<codeline lineno="67"><highlight class="normal"><sp/><sp/></highlight><highlight class="keywordtype">int</highlight><highlight class="normal"><sp/>play_promoted_tracks<sp/>();</highlight></codeline>
<codeline lineno="68"><highlight class="normal"></highlight></codeline>
<codeline lineno="69"><highlight class="normal"><sp/><sp/></highlight><highlight class="keywordtype">void</highlight><highlight class="normal"><sp/>clear_queue<sp/>();</highlight></codeline>
<codeline lineno="70"><highlight class="normal"><sp/><sp/></highlight><highlight class="keywordtype">void</highlight><highlight class="normal"><sp/>set_playback_mode<sp/>(</highlight><highlight class="keyword">const</highlight><highlight class="normal"><sp/><ref refid="classtizgmusic_1a3fa374708e5479083ca92f1e35fb8f82" kindref="member">playback_mode</ref><sp/>mode);</highlight></codeline>
<codeline lineno="71"><highlight class="normal"></highlight></codeline>
<codeline lineno="72"><highlight class="normal"><sp/><sp/></highlight><highlight class="keyword">const</highlight><highlight class="normal"><sp/></highlight><highlight class="keywordtype">char</highlight><highlight class="normal"><sp/>*<sp/>get_next_url<sp/>();</highlight></codeline>
<codeline lineno="73"><highlight class="normal"><sp/><sp/></highlight><highlight class="keyword">const</highlight><highlight class="normal"><sp/></highlight><highlight class="keywordtype">char</highlight><highlight class="normal"><sp/>*<sp/>get_prev_url<sp/>();</highlight></codeline>
<codeline lineno="74"><highlight class="normal"><sp/><sp/></highlight><highlight class="keyword">const</highlight><highlight class="normal"><sp/></highlight><highlight class="keywordtype">char</highlight><highlight class="normal"><sp/>*<sp/>get_current_song_artist<sp/>();</highlight></codeline>
<codeline lineno="75"><highlight class="normal"><sp/><sp/></highlight><highlight class="keyword">const</highlight><highlight class="normal"><sp/></highlight><highlight class="keywordtype">char</highlight><highlight class="normal"><sp/>*<sp/>get_current_song_title<sp/>();</highlight></codeline>
<codeline lineno="76"><highlight class="normal"><sp/><sp/></highlight><highlight class="keyword">const</highlight><highlight class="normal"><sp/></highlight><highlight class="keywordtype">char</highlight><highlight class="normal"><sp/>*<sp/>get_current_song_album<sp/>();</highlight></codeline>
<codeline lineno="77"><highlight class="normal"><sp/><sp/></highlight><highlight class="keyword">const</highlight><highlight class="normal"><sp/></highlight><highlight class="keywordtype">char</highlight><highlight class="normal"><sp/>*<sp/>get_current_song_duration<sp/>();</highlight></codeline>
<codeline lineno="78"><highlight class="normal"><sp/><sp/></highlight><highlight class="keyword">const</highlight><highlight class="normal"><sp/></highlight><highlight class="keywordtype">char</highlight><highlight class="normal"><sp/>*<sp/>get_current_song_track_number<sp/>();</highlight></codeline>
<codeline lineno="79"><highlight class="normal"><sp/><sp/></highlight><highlight class="keyword">const</highlight><highlight class="normal"><sp/></highlight><highlight class="keywordtype">char</highlight><highlight class="normal"><sp/>*<sp/>get_current_song_tracks_in_album<sp/>();</highlight></codeline>
<codeline lineno="80"><highlight class="normal"><sp/><sp/></highlight><highlight class="keyword">const</highlight><highlight class="normal"><sp/></highlight><highlight class="keywordtype">char</highlight><highlight class="normal"><sp/>*<sp/>get_current_song_year<sp/>();</highlight></codeline>
<codeline lineno="81"><highlight class="normal"><sp/><sp/></highlight><highlight class="keyword">const</highlight><highlight class="normal"><sp/></highlight><highlight class="keywordtype">char</highlight><highlight class="normal"><sp/>*<sp/>get_current_song_genre<sp/>();</highlight></codeline>
<codeline lineno="82"><highlight class="normal"><sp/><sp/></highlight><highlight class="keyword">const</highlight><highlight class="normal"><sp/></highlight><highlight class="keywordtype">char</highlight><highlight class="normal"><sp/>*<sp/>get_current_song_album_art<sp/>();</highlight></codeline>
<codeline lineno="83"><highlight class="normal"></highlight></codeline>
<codeline lineno="84"><highlight class="normal"></highlight><highlight class="keyword">private</highlight><highlight class="normal">:</highlight></codeline>
<codeline lineno="85"><highlight class="normal"><sp/><sp/></highlight><highlight class="keywordtype">int</highlight><highlight class="normal"><sp/>get_current_song<sp/>();</highlight></codeline>
<codeline lineno="86"><highlight class="normal"></highlight></codeline>
<codeline lineno="87"><highlight class="normal"></highlight><highlight class="keyword">private</highlight><highlight class="normal">:</highlight></codeline>
<codeline lineno="88"><highlight class="normal"><sp/><sp/>std::string<sp/>user_;</highlight></codeline>
<codeline lineno="89"><highlight class="normal"><sp/><sp/>std::string<sp/>pass_;</highlight></codeline>
<codeline lineno="90"><highlight class="normal"><sp/><sp/>std::string<sp/>device_id_;</highlight></codeline>
<codeline lineno="91"><highlight class="normal"><sp/><sp/>std::string<sp/>current_url_;</highlight></codeline>
<codeline lineno="92"><highlight class="normal"><sp/><sp/>std::string<sp/>current_artist_;</highlight></codeline>
<codeline lineno="93"><highlight class="normal"><sp/><sp/>std::string<sp/>current_title_;</highlight></codeline>
<codeline lineno="94"><highlight class="normal"><sp/><sp/>std::string<sp/>current_album_;</highlight></codeline>
<codeline lineno="95"><highlight class="normal"><sp/><sp/>std::string<sp/>current_duration_;</highlight></codeline>
<codeline lineno="96"><highlight class="normal"><sp/><sp/>std::string<sp/>current_track_num_;</highlight></codeline>
<codeline lineno="97"><highlight class="normal"><sp/><sp/>std::string<sp/>current_song_tracks_total_;</highlight></codeline>
<codeline lineno="98"><highlight class="normal"><sp/><sp/>std::string<sp/>current_song_year_;</highlight></codeline>
<codeline lineno="99"><highlight class="normal"><sp/><sp/>std::string<sp/>current_song_genre_;</highlight></codeline>
<codeline lineno="100"><highlight class="normal"><sp/><sp/>std::string<sp/>current_song_album_art_;</highlight></codeline>
<codeline lineno="101"><highlight class="normal"><sp/><sp/>boost::python::object<sp/>py_main_;</highlight></codeline>
<codeline lineno="102"><highlight class="normal"><sp/><sp/>boost::python::object<sp/>py_global_;</highlight></codeline>
<codeline lineno="103"><highlight class="normal"><sp/><sp/>boost::python::object<sp/>py_gm_proxy_;</highlight></codeline>
<codeline lineno="104"><highlight class="normal">};</highlight></codeline>
<codeline lineno="105"><highlight class="normal"></highlight></codeline>
<codeline lineno="106"><highlight class="normal"></highlight><highlight class="preprocessor">#endif<sp/><sp/>//<sp/>TIZGMUSIC_HPP</highlight></codeline>
    </programlisting>
    <location file="/home/joni/work/tizonia-master/clients/gmusic/libtizgmusic/src/tizgmusic.hpp"/>
  </compounddef>
</doxygen>
