<?xml version='1.0' encoding='UTF-8' standalone='no'?>
<doxygen xmlns:xsi="http://www.w3.org/2001/XMLSchema-instance" xsi:noNamespaceSchemaLocation="compound.xsd" version="1.8.11">
  <compounddef id="tizidle_8c" kind="file" language="C++">
    <compoundname>tizidle.c</compoundname>
    <includes refid="tizidle_8h" local="yes">tizidle.h</includes>
    <includes refid="tizstate_8h" local="yes">tizstate.h</includes>
    <includes refid="tizstate__decls_8h" local="yes">tizstate_decls.h</includes>
    <includes refid="tizscheduler_8h" local="yes">tizscheduler.h</includes>
    <includes refid="tizfsm_8h" local="yes">tizfsm.h</includes>
    <includes refid="tizkernel_8h" local="yes">tizkernel.h</includes>
    <includes refid="tizport_8h" local="yes">tizport.h</includes>
    <includes refid="tizport-macros_8h" local="yes">tizport-macros.h</includes>
    <includes refid="tizplatform_8h" local="yes">tizplatform.h</includes>
    <includes local="no">assert.h</includes>
    <incdepgraph>
      <node id="1750">
        <label>stdbool.h</label>
      </node>
      <node id="1714">
        <label>stdarg.h</label>
      </node>
      <node id="1764">
        <label>assert.h</label>
      </node>
      <node id="1761">
        <label>tizport.h</label>
        <link refid="tizport_8h_source"/>
        <childnode refid="1710" relation="include">
        </childnode>
        <childnode refid="1729" relation="include">
        </childnode>
        <childnode refid="1731" relation="include">
        </childnode>
        <childnode refid="1711" relation="include">
        </childnode>
        <childnode refid="1730" relation="include">
        </childnode>
        <childnode refid="1713" relation="include">
        </childnode>
        <childnode refid="1762" relation="include">
        </childnode>
      </node>
      <node id="1744">
        <label>tizbuffer.h</label>
        <link refid="tizbuffer_8h_source"/>
        <childnode refid="1711" relation="include">
        </childnode>
        <childnode refid="1713" relation="include">
        </childnode>
      </node>
      <node id="1747">
        <label>tizuuid.h</label>
        <link refid="tizuuid_8h_source"/>
        <childnode refid="1713" relation="include">
        </childnode>
      </node>
      <node id="1763">
        <label>tizport-macros.h</label>
        <link refid="tizport-macros_8h_source"/>
        <childnode refid="1761" relation="include">
        </childnode>
      </node>
      <node id="1722">
        <label>tizexecuting.h</label>
        <link refid="tizexecuting_8h_source"/>
      </node>
      <node id="1746">
        <label>tizthread.h</label>
        <link refid="tizthread_8h_source"/>
        <childnode refid="1711" relation="include">
        </childnode>
        <childnode refid="1713" relation="include">
        </childnode>
        <childnode refid="1740" relation="include">
        </childnode>
      </node>
      <node id="1743">
        <label>stdint.h</label>
      </node>
      <node id="1709">
        <label>tizstate.h</label>
        <link refid="tizstate_8h_source"/>
        <childnode refid="1710" relation="include">
        </childnode>
        <childnode refid="1717" relation="include">
        </childnode>
        <childnode refid="1718" relation="include">
        </childnode>
        <childnode refid="1719" relation="include">
        </childnode>
        <childnode refid="1708" relation="include">
        </childnode>
        <childnode refid="1720" relation="include">
        </childnode>
        <childnode refid="1721" relation="include">
        </childnode>
        <childnode refid="1722" relation="include">
        </childnode>
        <childnode refid="1723" relation="include">
        </childnode>
        <childnode refid="1724" relation="include">
        </childnode>
        <childnode refid="1725" relation="include">
        </childnode>
      </node>
      <node id="1711">
        <label>OMX_Core.h</label>
      </node>
      <node id="1718">
        <label>tizloadedtoidle.h</label>
        <link refid="tizloadedtoidle_8h_source"/>
      </node>
      <node id="1731">
        <label>tizplatform.h</label>
        <link refid="tizplatform_8h_source"/>
        <childnode refid="1732" relation="include">
        </childnode>
        <childnode refid="1737" relation="include">
        </childnode>
        <childnode refid="1735" relation="include">
        </childnode>
        <childnode refid="1739" relation="include">
        </childnode>
        <childnode refid="1741" relation="include">
        </childnode>
        <childnode refid="1744" relation="include">
        </childnode>
        <childnode refid="1745" relation="include">
        </childnode>
        <childnode refid="1740" relation="include">
        </childnode>
        <childnode refid="1746" relation="include">
        </childnode>
        <childnode refid="1747" relation="include">
        </childnode>
        <childnode refid="1733" relation="include">
        </childnode>
        <childnode refid="1748" relation="include">
        </childnode>
        <childnode refid="1742" relation="include">
        </childnode>
        <childnode refid="1749" relation="include">
        </childnode>
        <childnode refid="1751" relation="include">
        </childnode>
        <childnode refid="1752" relation="include">
        </childnode>
        <childnode refid="1753" relation="include">
        </childnode>
        <childnode refid="1754" relation="include">
        </childnode>
        <childnode refid="1755" relation="include">
        </childnode>
        <childnode refid="1756" relation="include">
        </childnode>
      </node>
      <node id="1728">
        <label>tizobject_decls.h</label>
        <link refid="tizobject__decls_8h_source"/>
        <childnode refid="1715" relation="include">
        </childnode>
        <childnode refid="1714" relation="include">
        </childnode>
      </node>
      <node id="1723">
        <label>tizexecutingtoidle.h</label>
        <link refid="tizexecutingtoidle_8h_source"/>
      </node>
      <node id="1727">
        <label>tizapi_decls.h</label>
        <link refid="tizapi__decls_8h_source"/>
        <childnode refid="1728" relation="include">
        </childnode>
      </node>
      <node id="1712">
        <label>tizobject.h</label>
        <link refid="tizobject_8h_source"/>
        <childnode refid="1713" relation="include">
        </childnode>
        <childnode refid="1714" relation="include">
        </childnode>
        <childnode refid="1715" relation="include">
        </childnode>
        <childnode refid="1716" relation="include">
        </childnode>
      </node>
      <node id="1730">
        <label>OMX_Component.h</label>
      </node>
      <node id="1742">
        <label>tizsoa.h</label>
        <link refid="tizsoa_8h_source"/>
        <childnode refid="1715" relation="include">
        </childnode>
        <childnode refid="1743" relation="include">
        </childnode>
        <childnode refid="1713" relation="include">
        </childnode>
        <childnode refid="1711" relation="include">
        </childnode>
      </node>
      <node id="1732">
        <label>tizmacros.h</label>
        <link refid="tizmacros_8h_source"/>
        <childnode refid="1733" relation="include">
        </childnode>
        <childnode refid="1715" relation="include">
        </childnode>
      </node>
      <node id="1758">
        <label>tizservant.h</label>
        <link refid="tizservant_8h_source"/>
        <childnode refid="1711" relation="include">
        </childnode>
        <childnode refid="1731" relation="include">
        </childnode>
        <childnode refid="1729" relation="include">
        </childnode>
        <childnode refid="1710" relation="include">
        </childnode>
      </node>
      <node id="1715">
        <label>stddef.h</label>
      </node>
      <node id="1762">
        <label>limits.h</label>
      </node>
      <node id="1754">
        <label>tizprintf.h</label>
        <link refid="tizprintf_8h_source"/>
      </node>
      <node id="1717">
        <label>tizloaded.h</label>
        <link refid="tizloaded_8h_source"/>
      </node>
      <node id="1721">
        <label>tizidletoexecuting.h</label>
        <link refid="tizidletoexecuting_8h_source"/>
      </node>
      <node id="1726">
        <label>tizstate_decls.h</label>
        <link refid="tizstate__decls_8h_source"/>
        <childnode refid="1727" relation="include">
        </childnode>
      </node>
      <node id="1739">
        <label>tizqueue.h</label>
        <link refid="tizqueue_8h_source"/>
        <childnode refid="1711" relation="include">
        </childnode>
        <childnode refid="1713" relation="include">
        </childnode>
        <childnode refid="1740" relation="include">
        </childnode>
      </node>
      <node id="1738">
        <label>log4c.h</label>
      </node>
      <node id="1736">
        <label>sys/types.h</label>
      </node>
      <node id="1735">
        <label>tizmem.h</label>
        <link refid="tizmem_8h_source"/>
        <childnode refid="1736" relation="include">
        </childnode>
        <childnode refid="1713" relation="include">
        </childnode>
      </node>
      <node id="1748">
        <label>tizrc.h</label>
        <link refid="tizrc_8h_source"/>
        <childnode refid="1711" relation="include">
        </childnode>
        <childnode refid="1713" relation="include">
        </childnode>
      </node>
      <node id="1741">
        <label>tizpqueue.h</label>
        <link refid="tizpqueue_8h_source"/>
        <childnode refid="1711" relation="include">
        </childnode>
        <childnode refid="1713" relation="include">
        </childnode>
        <childnode refid="1742" relation="include">
        </childnode>
      </node>
      <node id="1724">
        <label>tizpause.h</label>
        <link refid="tizpause_8h_source"/>
      </node>
      <node id="1710">
        <label>tizapi.h</label>
        <link refid="tizapi_8h_source"/>
        <childnode refid="1711" relation="include">
        </childnode>
        <childnode refid="1712" relation="include">
        </childnode>
      </node>
      <node id="1713">
        <label>OMX_Types.h</label>
      </node>
      <node id="1725">
        <label>tizpausetoidle.h</label>
        <link refid="tizpausetoidle_8h_source"/>
      </node>
      <node id="1740">
        <label>tizsync.h</label>
        <link refid="tizsync_8h_source"/>
        <childnode refid="1711" relation="include">
        </childnode>
        <childnode refid="1713" relation="include">
        </childnode>
      </node>
      <node id="1737">
        <label>tizlog.h</label>
        <link refid="tizlog_8h_source"/>
        <childnode refid="1738" relation="include">
        </childnode>
      </node>
      <node id="1707">
        <label>/home/joni/work/tizonia-master/libtizonia/src/tizidle.c</label>
        <link refid="tizidle.c"/>
        <childnode refid="1708" relation="include">
        </childnode>
        <childnode refid="1709" relation="include">
        </childnode>
        <childnode refid="1726" relation="include">
        </childnode>
        <childnode refid="1729" relation="include">
        </childnode>
        <childnode refid="1757" relation="include">
        </childnode>
        <childnode refid="1759" relation="include">
        </childnode>
        <childnode refid="1761" relation="include">
        </childnode>
        <childnode refid="1763" relation="include">
        </childnode>
        <childnode refid="1731" relation="include">
        </childnode>
        <childnode refid="1764" relation="include">
        </childnode>
      </node>
      <node id="1751">
        <label>tizhttp.h</label>
        <link refid="tizhttp_8h_source"/>
        <childnode refid="1711" relation="include">
        </childnode>
        <childnode refid="1713" relation="include">
        </childnode>
      </node>
      <node id="1708">
        <label>tizidle.h</label>
        <link refid="tizidle_8h_source"/>
      </node>
      <node id="1745">
        <label>tizvector.h</label>
        <link refid="tizvector_8h_source"/>
        <childnode refid="1711" relation="include">
        </childnode>
        <childnode refid="1713" relation="include">
        </childnode>
      </node>
      <node id="1756">
        <label>tizurltransfer.h</label>
        <link refid="tizurltransfer_8h_source"/>
        <childnode refid="1730" relation="include">
        </childnode>
      </node>
      <node id="1755">
        <label>tizshufflelst.h</label>
        <link refid="tizshufflelst_8h_source"/>
        <childnode refid="1711" relation="include">
        </childnode>
        <childnode refid="1713" relation="include">
        </childnode>
      </node>
      <node id="1733">
        <label>tizomxutils.h</label>
        <link refid="tizomxutils_8h_source"/>
        <childnode refid="1713" relation="include">
        </childnode>
        <childnode refid="1730" relation="include">
        </childnode>
        <childnode refid="1734" relation="include">
        </childnode>
        <childnode refid="1711" relation="include">
        </childnode>
        <childnode refid="1735" relation="include">
        </childnode>
      </node>
      <node id="1719">
        <label>tizwaitforresources.h</label>
        <link refid="tizwaitforresources_8h_source"/>
      </node>
      <node id="1720">
        <label>tizidletoloaded.h</label>
        <link refid="tizidletoloaded_8h_source"/>
      </node>
      <node id="1760">
        <label>tizutils.h</label>
        <link refid="tizutils_8h_source"/>
        <childnode refid="1713" relation="include">
        </childnode>
        <childnode refid="1711" relation="include">
        </childnode>
        <childnode refid="1757" relation="include">
        </childnode>
      </node>
      <node id="1729">
        <label>tizscheduler.h</label>
        <link refid="tizscheduler_8h_source"/>
        <childnode refid="1711" relation="include">
        </childnode>
        <childnode refid="1713" relation="include">
        </childnode>
        <childnode refid="1730" relation="include">
        </childnode>
        <childnode refid="1731" relation="include">
        </childnode>
      </node>
      <node id="1757">
        <label>tizfsm.h</label>
        <link refid="tizfsm_8h_source"/>
        <childnode refid="1758" relation="include">
        </childnode>
      </node>
      <node id="1759">
        <label>tizkernel.h</label>
        <link refid="tizkernel_8h_source"/>
        <childnode refid="1711" relation="include">
        </childnode>
        <childnode refid="1730" relation="include">
        </childnode>
        <childnode refid="1760" relation="include">
        </childnode>
      </node>
      <node id="1752">
        <label>tizmap.h</label>
        <link refid="tizmap_8h_source"/>
        <childnode refid="1750" relation="include">
        </childnode>
        <childnode refid="1711" relation="include">
        </childnode>
        <childnode refid="1713" relation="include">
        </childnode>
        <childnode refid="1742" relation="include">
        </childnode>
      </node>
      <node id="1749">
        <label>tizev.h</label>
        <link refid="tizev_8h_source"/>
        <childnode refid="1750" relation="include">
        </childnode>
        <childnode refid="1743" relation="include">
        </childnode>
        <childnode refid="1711" relation="include">
        </childnode>
        <childnode refid="1713" relation="include">
        </childnode>
      </node>
      <node id="1716">
        <label>stdio.h</label>
      </node>
      <node id="1753">
        <label>tizlimits.h</label>
        <link refid="tizlimits_8h_source"/>
      </node>
      <node id="1734">
        <label>OMX_Audio.h</label>
      </node>
    </incdepgraph>
      <sectiondef kind="func">
      <memberdef kind="function" id="tizidle_8c_1ac00ba7060387052e0c67c8f1761aa687" prot="public" static="yes" const="no" explicit="no" inline="no" virt="non-virtual">
        <type>void *</type>
        <definition>static void* idle_ctor</definition>
        <argsstring>(void *ap_obj, va_list *app)</argsstring>
        <name>idle_ctor</name>
        <param>
          <type>void *</type>
          <declname>ap_obj</declname>
        </param>
        <param>
          <type>va_list *</type>
          <declname>app</declname>
        </param>
        <briefdescription>
        </briefdescription>
        <detaileddescription>
        </detaileddescription>
        <inbodydescription>
        </inbodydescription>
        <location file="/home/joni/work/tizonia-master/libtizonia/src/tizidle.c" line="52" column="1" bodyfile="/home/joni/work/tizonia-master/libtizonia/src/tizidle.c" bodystart="52" bodyend="56"/>
      </memberdef>
      <memberdef kind="function" id="tizidle_8c_1a4efc374aeebcf7fa3b36d9444e32f1b2" prot="public" static="yes" const="no" explicit="no" inline="no" virt="non-virtual">
        <type>void *</type>
        <definition>static void* idle_dtor</definition>
        <argsstring>(void *ap_obj)</argsstring>
        <name>idle_dtor</name>
        <param>
          <type>void *</type>
          <declname>ap_obj</declname>
        </param>
        <briefdescription>
        </briefdescription>
        <detaileddescription>
        </detaileddescription>
        <inbodydescription>
        </inbodydescription>
        <location file="/home/joni/work/tizonia-master/libtizonia/src/tizidle.c" line="59" column="1" bodyfile="/home/joni/work/tizonia-master/libtizonia/src/tizidle.c" bodystart="59" bodyend="62"/>
      </memberdef>
      <memberdef kind="function" id="tizidle_8c_1a35c1998731bb5d9086430e910b9b19c2" prot="public" static="yes" const="no" explicit="no" inline="no" virt="non-virtual">
        <type>OMX_ERRORTYPE</type>
        <definition>static OMX_ERRORTYPE idle_SetParameter</definition>
        <argsstring>(const void *ap_obj, OMX_HANDLETYPE ap_hdl, OMX_INDEXTYPE a_index, OMX_PTR a_struct)</argsstring>
        <name>idle_SetParameter</name>
        <param>
          <type>const void *</type>
          <declname>ap_obj</declname>
        </param>
        <param>
          <type>OMX_HANDLETYPE</type>
          <declname>ap_hdl</declname>
        </param>
        <param>
          <type>OMX_INDEXTYPE</type>
          <declname>a_index</declname>
        </param>
        <param>
          <type>OMX_PTR</type>
          <declname>a_struct</declname>
        </param>
        <briefdescription>
        </briefdescription>
        <detaileddescription>
        </detaileddescription>
        <inbodydescription>
        </inbodydescription>
        <location file="/home/joni/work/tizonia-master/libtizonia/src/tizidle.c" line="65" column="1" bodyfile="/home/joni/work/tizonia-master/libtizonia/src/tizidle.c" bodystart="65" bodyend="102"/>
      </memberdef>
      <memberdef kind="function" id="tizidle_8c_1ac373b1f000bed9b8ab29d28a56d0a3e0" prot="public" static="yes" const="no" explicit="no" inline="no" virt="non-virtual">
        <type>OMX_ERRORTYPE</type>
        <definition>static OMX_ERRORTYPE idle_GetState</definition>
        <argsstring>(const void *ap_obj, OMX_HANDLETYPE ap_hdl, OMX_STATETYPE *ap_state)</argsstring>
        <name>idle_GetState</name>
        <param>
          <type>const void *</type>
          <declname>ap_obj</declname>
        </param>
        <param>
          <type>OMX_HANDLETYPE</type>
          <declname>ap_hdl</declname>
        </param>
        <param>
          <type>OMX_STATETYPE *</type>
          <declname>ap_state</declname>
        </param>
        <briefdescription>
        </briefdescription>
        <detaileddescription>
        </detaileddescription>
        <inbodydescription>
        </inbodydescription>
        <location file="/home/joni/work/tizonia-master/libtizonia/src/tizidle.c" line="105" column="1" bodyfile="/home/joni/work/tizonia-master/libtizonia/src/tizidle.c" bodystart="105" bodyend="111"/>
      </memberdef>
      <memberdef kind="function" id="tizidle_8c_1a2eb98959bc3814784cd1b16cc4a5321b" prot="public" static="yes" const="no" explicit="no" inline="no" virt="non-virtual">
        <type>OMX_ERRORTYPE</type>
        <definition>static OMX_ERRORTYPE idle_UseBuffer</definition>
        <argsstring>(const void *ap_obj, OMX_HANDLETYPE ap_hdl, OMX_BUFFERHEADERTYPE **app_buf_hdr, OMX_U32 a_port_index, OMX_PTR ap_app_private, OMX_U32 a_size_bytes, OMX_U8 *ap_buf)</argsstring>
        <name>idle_UseBuffer</name>
        <param>
          <type>const void *</type>
          <declname>ap_obj</declname>
        </param>
        <param>
          <type>OMX_HANDLETYPE</type>
          <declname>ap_hdl</declname>
        </param>
        <param>
          <type>OMX_BUFFERHEADERTYPE **</type>
          <declname>app_buf_hdr</declname>
        </param>
        <param>
          <type>OMX_U32</type>
          <declname>a_port_index</declname>
        </param>
        <param>
          <type>OMX_PTR</type>
          <declname>ap_app_private</declname>
        </param>
        <param>
          <type>OMX_U32</type>
          <declname>a_size_bytes</declname>
        </param>
        <param>
          <type>OMX_U8 *</type>
          <declname>ap_buf</declname>
        </param>
        <briefdescription>
        </briefdescription>
        <detaileddescription>
        </detaileddescription>
        <inbodydescription>
        </inbodydescription>
        <location file="/home/joni/work/tizonia-master/libtizonia/src/tizidle.c" line="114" column="1" bodyfile="/home/joni/work/tizonia-master/libtizonia/src/tizidle.c" bodystart="114" bodyend="119"/>
      </memberdef>
      <memberdef kind="function" id="tizidle_8c_1a5547cd4a4b87946e8ef8585c25bf19b2" prot="public" static="yes" const="no" explicit="no" inline="no" virt="non-virtual">
        <type>OMX_ERRORTYPE</type>
        <definition>static OMX_ERRORTYPE idle_EmptyThisBuffer</definition>
        <argsstring>(const void *ap_obj, OMX_HANDLETYPE ap_hdl, OMX_BUFFERHEADERTYPE *ap_hdr)</argsstring>
        <name>idle_EmptyThisBuffer</name>
        <param>
          <type>const void *</type>
          <declname>ap_obj</declname>
        </param>
        <param>
          <type>OMX_HANDLETYPE</type>
          <declname>ap_hdl</declname>
        </param>
        <param>
          <type>OMX_BUFFERHEADERTYPE *</type>
          <declname>ap_hdr</declname>
        </param>
        <briefdescription>
        </briefdescription>
        <detaileddescription>
        </detaileddescription>
        <inbodydescription>
        </inbodydescription>
        <location file="/home/joni/work/tizonia-master/libtizonia/src/tizidle.c" line="122" column="1" bodyfile="/home/joni/work/tizonia-master/libtizonia/src/tizidle.c" bodystart="122" bodyend="148"/>
      </memberdef>
      <memberdef kind="function" id="tizidle_8c_1ac8cdf1f260b43300cd7283b50c96712d" prot="public" static="yes" const="no" explicit="no" inline="no" virt="non-virtual">
        <type>OMX_ERRORTYPE</type>
        <definition>static OMX_ERRORTYPE idle_FillThisBuffer</definition>
        <argsstring>(const void *ap_obj, OMX_HANDLETYPE ap_hdl, OMX_BUFFERHEADERTYPE *ap_hdr)</argsstring>
        <name>idle_FillThisBuffer</name>
        <param>
          <type>const void *</type>
          <declname>ap_obj</declname>
        </param>
        <param>
          <type>OMX_HANDLETYPE</type>
          <declname>ap_hdl</declname>
        </param>
        <param>
          <type>OMX_BUFFERHEADERTYPE *</type>
          <declname>ap_hdr</declname>
        </param>
        <briefdescription>
        </briefdescription>
        <detaileddescription>
        </detaileddescription>
        <inbodydescription>
        </inbodydescription>
        <location file="/home/joni/work/tizonia-master/libtizonia/src/tizidle.c" line="151" column="1" bodyfile="/home/joni/work/tizonia-master/libtizonia/src/tizidle.c" bodystart="151" bodyend="171"/>
      </memberdef>
      <memberdef kind="function" id="tizidle_8c_1ac95c07e962a6904fcdd769c3eb07ba69" prot="public" static="yes" const="no" explicit="no" inline="no" virt="non-virtual">
        <type>OMX_ERRORTYPE</type>
        <definition>static OMX_ERRORTYPE idle_state_set</definition>
        <argsstring>(const void *ap_obj, OMX_HANDLETYPE ap_hdl, OMX_COMMANDTYPE a_cmd, OMX_U32 a_param1, OMX_PTR ap_cmd_data)</argsstring>
        <name>idle_state_set</name>
        <param>
          <type>const void *</type>
          <declname>ap_obj</declname>
        </param>
        <param>
          <type>OMX_HANDLETYPE</type>
          <declname>ap_hdl</declname>
        </param>
        <param>
          <type>OMX_COMMANDTYPE</type>
          <declname>a_cmd</declname>
        </param>
        <param>
          <type>OMX_U32</type>
          <declname>a_param1</declname>
        </param>
        <param>
          <type>OMX_PTR</type>
          <declname>ap_cmd_data</declname>
        </param>
        <briefdescription>
        </briefdescription>
        <detaileddescription>
        </detaileddescription>
        <inbodydescription>
        </inbodydescription>
        <location file="/home/joni/work/tizonia-master/libtizonia/src/tizidle.c" line="178" column="1" bodyfile="/home/joni/work/tizonia-master/libtizonia/src/tizidle.c" bodystart="178" bodyend="263"/>
      </memberdef>
      <memberdef kind="function" id="tizidle_8c_1ab9d381e904ab1d94e13788abdb8b9638" prot="public" static="yes" const="no" explicit="no" inline="no" virt="non-virtual">
        <type>void *</type>
        <definition>static void* idle_class_ctor</definition>
        <argsstring>(void *ap_obj, va_list *app)</argsstring>
        <name>idle_class_ctor</name>
        <param>
          <type>void *</type>
          <declname>ap_obj</declname>
        </param>
        <param>
          <type>va_list *</type>
          <declname>app</declname>
        </param>
        <briefdescription>
        </briefdescription>
        <detaileddescription>
        </detaileddescription>
        <inbodydescription>
        </inbodydescription>
        <location file="/home/joni/work/tizonia-master/libtizonia/src/tizidle.c" line="270" column="1" bodyfile="/home/joni/work/tizonia-master/libtizonia/src/tizidle.c" bodystart="270" bodyend="274"/>
      </memberdef>
      <memberdef kind="function" id="tizidle_8c_1ae61fa6d255608be6ce74c1724ef0558d" prot="public" static="no" const="no" explicit="no" inline="no" virt="non-virtual">
        <type>void *</type>
        <definition>void* tiz_idle_class_init</definition>
        <argsstring>(void *ap_tos, void *ap_hdl)</argsstring>
        <name>tiz_idle_class_init</name>
        <param>
          <type>void *</type>
          <declname>ap_tos</declname>
        </param>
        <param>
          <type>void *</type>
          <declname>ap_hdl</declname>
        </param>
        <briefdescription>
        </briefdescription>
        <detaileddescription>
        </detaileddescription>
        <inbodydescription>
        </inbodydescription>
        <location file="/home/joni/work/tizonia-master/libtizonia/src/tizidle.c" line="281" column="1" bodyfile="/home/joni/work/tizonia-master/libtizonia/src/tizidle.c" bodystart="281" bodyend="288"/>
      </memberdef>
      <memberdef kind="function" id="tizidle_8c_1a13cda57a114c7ba09bb1e6ec41dba9f5" prot="public" static="no" const="no" explicit="no" inline="no" virt="non-virtual">
        <type>void *</type>
        <definition>void* tiz_idle_init</definition>
        <argsstring>(void *ap_tos, void *ap_hdl)</argsstring>
        <name>tiz_idle_init</name>
        <param>
          <type>void *</type>
          <declname>ap_tos</declname>
        </param>
        <param>
          <type>void *</type>
          <declname>ap_hdl</declname>
        </param>
        <briefdescription>
        </briefdescription>
        <detaileddescription>
        </detaileddescription>
        <inbodydescription>
        </inbodydescription>
        <location file="/home/joni/work/tizonia-master/libtizonia/src/tizidle.c" line="291" column="1" bodyfile="/home/joni/work/tizonia-master/libtizonia/src/tizidle.c" bodystart="291" bodyend="304"/>
      </memberdef>
      </sectiondef>
    <briefdescription>
<para>Tizonia OpenMAX IL - Idle OMX IL state implementation. </para>    </briefdescription>
    <detaileddescription>
<para>Copyright (C) 2011-2018 Aratelia Limited - Juan A. Rubio</para><para>This file is part of Tizonia</para><para>Tizonia is free software: you can redistribute it and/or modify it under the terms of the GNU Lesser General Public License as published by the Free Software Foundation, either version 3 of the License, or (at your option) any later version.</para><para>Tizonia is distributed in the hope that it will be useful, but WITHOUT ANY WARRANTY; without even the implied warranty of MERCHANTABILITY or FITNESS FOR A PARTICULAR PURPOSE. See the GNU Lesser General Public License for more details.</para><para>You should have received a copy of the GNU Lesser General Public License along with Tizonia. If not, see <ulink url="http://www.gnu.org/licenses/">http://www.gnu.org/licenses/</ulink>.</para><para><simplesect kind="author"><para>Juan A. Rubio <ulink url="mailto:juan.rubio@aratelia.com">juan.rubio@aratelia.com</ulink> </para></simplesect>
</para>    </detaileddescription>
    <programlisting>
<codeline lineno="1"></codeline>
<codeline lineno="29"><highlight class="preprocessor">#ifdef<sp/>HAVE_CONFIG_H</highlight><highlight class="normal"></highlight></codeline>
<codeline lineno="30"><highlight class="normal"></highlight><highlight class="preprocessor">#include<sp/>&lt;config.h&gt;</highlight><highlight class="normal"></highlight></codeline>
<codeline lineno="31"><highlight class="normal"></highlight><highlight class="preprocessor">#endif</highlight><highlight class="normal"></highlight></codeline>
<codeline lineno="32"><highlight class="normal"></highlight></codeline>
<codeline lineno="33"><highlight class="normal"></highlight><highlight class="preprocessor">#include<sp/>&quot;tizidle.h&quot;</highlight><highlight class="normal"></highlight></codeline>
<codeline lineno="34"><highlight class="normal"></highlight><highlight class="preprocessor">#include<sp/>&quot;tizstate.h&quot;</highlight><highlight class="normal"></highlight></codeline>
<codeline lineno="35"><highlight class="normal"></highlight><highlight class="preprocessor">#include<sp/>&quot;tizstate_decls.h&quot;</highlight><highlight class="normal"></highlight></codeline>
<codeline lineno="36"><highlight class="normal"></highlight><highlight class="preprocessor">#include<sp/>&quot;tizscheduler.h&quot;</highlight><highlight class="normal"></highlight></codeline>
<codeline lineno="37"><highlight class="normal"></highlight><highlight class="preprocessor">#include<sp/>&quot;tizfsm.h&quot;</highlight><highlight class="normal"></highlight></codeline>
<codeline lineno="38"><highlight class="normal"></highlight><highlight class="preprocessor">#include<sp/>&quot;tizkernel.h&quot;</highlight><highlight class="normal"></highlight></codeline>
<codeline lineno="39"><highlight class="normal"></highlight><highlight class="preprocessor">#include<sp/>&quot;tizport.h&quot;</highlight><highlight class="normal"></highlight></codeline>
<codeline lineno="40"><highlight class="normal"></highlight><highlight class="preprocessor">#include<sp/>&quot;tizport-macros.h&quot;</highlight><highlight class="normal"></highlight></codeline>
<codeline lineno="41"><highlight class="normal"></highlight></codeline>
<codeline lineno="42"><highlight class="normal"></highlight><highlight class="preprocessor">#include<sp/>&quot;tizplatform.h&quot;</highlight><highlight class="normal"></highlight></codeline>
<codeline lineno="43"><highlight class="normal"></highlight></codeline>
<codeline lineno="44"><highlight class="normal"></highlight><highlight class="preprocessor">#include<sp/>&lt;assert.h&gt;</highlight><highlight class="normal"></highlight></codeline>
<codeline lineno="45"><highlight class="normal"></highlight></codeline>
<codeline lineno="46"><highlight class="normal"></highlight><highlight class="preprocessor">#ifdef<sp/>TIZ_LOG_CATEGORY_NAME</highlight><highlight class="normal"></highlight></codeline>
<codeline lineno="47"><highlight class="normal"></highlight><highlight class="preprocessor">#undef<sp/>TIZ_LOG_CATEGORY_NAME</highlight><highlight class="normal"></highlight></codeline>
<codeline lineno="48"><highlight class="normal"></highlight><highlight class="preprocessor">#define<sp/>TIZ_LOG_CATEGORY_NAME<sp/>&quot;tiz.tizonia.fsm.idle&quot;</highlight><highlight class="normal"></highlight></codeline>
<codeline lineno="49"><highlight class="normal"></highlight><highlight class="preprocessor">#endif</highlight><highlight class="normal"></highlight></codeline>
<codeline lineno="50"><highlight class="normal"></highlight></codeline>
<codeline lineno="51"><highlight class="normal"></highlight><highlight class="keyword">static</highlight><highlight class="normal"><sp/></highlight><highlight class="keywordtype">void</highlight><highlight class="normal"><sp/>*</highlight></codeline>
<codeline lineno="52"><highlight class="normal">idle_ctor<sp/>(</highlight><highlight class="keywordtype">void</highlight><highlight class="normal"><sp/>*<sp/>ap_obj,<sp/>va_list<sp/>*<sp/>app)</highlight></codeline>
<codeline lineno="53"><highlight class="normal">{</highlight></codeline>
<codeline lineno="54"><highlight class="normal"><sp/><sp/><ref refid="structtiz__idle" kindref="compound">tiz_idle_t</ref><sp/>*<sp/>p_obj<sp/>=<sp/>super_ctor<sp/>(typeOf<sp/>(ap_obj,<sp/></highlight><highlight class="stringliteral">&quot;tizidle&quot;</highlight><highlight class="normal">),<sp/>ap_obj,<sp/>app);</highlight></codeline>
<codeline lineno="55"><highlight class="normal"><sp/><sp/></highlight><highlight class="keywordflow">return</highlight><highlight class="normal"><sp/>p_obj;</highlight></codeline>
<codeline lineno="56"><highlight class="normal">}</highlight></codeline>
<codeline lineno="57"><highlight class="normal"></highlight></codeline>
<codeline lineno="58"><highlight class="normal"></highlight><highlight class="keyword">static</highlight><highlight class="normal"><sp/></highlight><highlight class="keywordtype">void</highlight><highlight class="normal"><sp/>*</highlight></codeline>
<codeline lineno="59"><highlight class="normal">idle_dtor<sp/>(</highlight><highlight class="keywordtype">void</highlight><highlight class="normal"><sp/>*<sp/>ap_obj)</highlight></codeline>
<codeline lineno="60"><highlight class="normal">{</highlight></codeline>
<codeline lineno="61"><highlight class="normal"><sp/><sp/></highlight><highlight class="keywordflow">return</highlight><highlight class="normal"><sp/>super_dtor<sp/>(typeOf<sp/>(ap_obj,<sp/></highlight><highlight class="stringliteral">&quot;tizidle&quot;</highlight><highlight class="normal">),<sp/>ap_obj);</highlight></codeline>
<codeline lineno="62"><highlight class="normal">}</highlight></codeline>
<codeline lineno="63"><highlight class="normal"></highlight></codeline>
<codeline lineno="64"><highlight class="normal"></highlight><highlight class="keyword">static</highlight><highlight class="normal"><sp/>OMX_ERRORTYPE</highlight></codeline>
<codeline lineno="65"><highlight class="normal">idle_SetParameter<sp/>(</highlight><highlight class="keyword">const</highlight><highlight class="normal"><sp/></highlight><highlight class="keywordtype">void</highlight><highlight class="normal"><sp/>*<sp/>ap_obj,<sp/>OMX_HANDLETYPE<sp/>ap_hdl,</highlight></codeline>
<codeline lineno="66"><highlight class="normal"><sp/><sp/><sp/><sp/><sp/><sp/><sp/><sp/><sp/><sp/><sp/><sp/><sp/><sp/><sp/><sp/><sp/><sp/><sp/>OMX_INDEXTYPE<sp/>a_index,<sp/>OMX_PTR<sp/>a_struct)</highlight></codeline>
<codeline lineno="67"><highlight class="normal">{</highlight></codeline>
<codeline lineno="68"><highlight class="normal"><sp/><sp/>OMX_ERRORTYPE<sp/>ret_val<sp/>=<sp/>OMX_ErrorNone;</highlight></codeline>
<codeline lineno="69"><highlight class="normal"><sp/><sp/></highlight><highlight class="keyword">const</highlight><highlight class="normal"><sp/></highlight><highlight class="keywordtype">void</highlight><highlight class="normal"><sp/>*<sp/>p_krn<sp/>=<sp/>NULL;</highlight></codeline>
<codeline lineno="70"><highlight class="normal"><sp/><sp/>OMX_PTR<sp/>p_port<sp/>=<sp/>NULL;</highlight></codeline>
<codeline lineno="71"><highlight class="normal"></highlight></codeline>
<codeline lineno="72"><highlight class="normal"><sp/><sp/>assert<sp/>(ap_obj);</highlight></codeline>
<codeline lineno="73"><highlight class="normal"><sp/><sp/>assert<sp/>(ap_hdl);</highlight></codeline>
<codeline lineno="74"><highlight class="normal"></highlight></codeline>
<codeline lineno="75"><highlight class="normal"><sp/><sp/>p_krn<sp/>=<sp/><ref refid="group__tizscheduler_1ga4c482ecc3baba5d46684bdbf9c48c86c" kindref="member">tiz_get_krn</ref><sp/>(ap_hdl);</highlight></codeline>
<codeline lineno="76"><highlight class="normal"></highlight></codeline>
<codeline lineno="77"><highlight class="normal"><sp/><sp/></highlight><highlight class="comment">/*<sp/>TODO:<sp/>Optimization:<sp/>find_managing_port<sp/>is<sp/>called<sp/>twice,<sp/>first<sp/>time<sp/>here,</highlight></codeline>
<codeline lineno="78"><highlight class="comment"><sp/><sp/><sp/>*<sp/>then<sp/>in<sp/>the<sp/>SetParameter<sp/>implementation<sp/>of<sp/>the<sp/>kernel<sp/>object.<sp/>*/</highlight><highlight class="normal"></highlight></codeline>
<codeline lineno="79"><highlight class="normal"><sp/><sp/></highlight><highlight class="keywordflow">if</highlight><highlight class="normal"><sp/>(OMX_ErrorNone<sp/>!=<sp/>(ret_val<sp/>=<sp/>tiz_krn_find_managing_port<sp/>(</highlight></codeline>
<codeline lineno="80"><highlight class="normal"><sp/><sp/><sp/><sp/><sp/><sp/><sp/><sp/><sp/><sp/><sp/><sp/><sp/><sp/><sp/><sp/><sp/><sp/><sp/><sp/><sp/><sp/><sp/><sp/><sp/><sp/>p_krn,<sp/>a_index,<sp/>a_struct,<sp/>&amp;p_port)))</highlight></codeline>
<codeline lineno="81"><highlight class="normal"><sp/><sp/><sp/><sp/>{</highlight></codeline>
<codeline lineno="82"><highlight class="normal"><sp/><sp/><sp/><sp/><sp/><sp/>TIZ_ERROR<sp/>(ap_hdl,<sp/></highlight><highlight class="stringliteral">&quot;[%s]<sp/>:<sp/>Cannot<sp/>retrieve<sp/>managing<sp/>port...&quot;</highlight><highlight class="normal">,</highlight></codeline>
<codeline lineno="83"><highlight class="normal"><sp/><sp/><sp/><sp/><sp/><sp/><sp/><sp/><sp/><sp/><sp/><sp/><sp/><sp/><sp/><sp/><sp/>tiz_err_to_str<sp/>(ret_val));</highlight></codeline>
<codeline lineno="84"><highlight class="normal"><sp/><sp/><sp/><sp/><sp/><sp/></highlight><highlight class="keywordflow">return</highlight><highlight class="normal"><sp/>ret_val;</highlight></codeline>
<codeline lineno="85"><highlight class="normal"><sp/><sp/><sp/><sp/>}</highlight></codeline>
<codeline lineno="86"><highlight class="normal"></highlight></codeline>
<codeline lineno="87"><highlight class="normal"><sp/><sp/>assert<sp/>(p_port);</highlight></codeline>
<codeline lineno="88"><highlight class="normal"></highlight></codeline>
<codeline lineno="89"><highlight class="normal"><sp/><sp/>TIZ_TRACE<sp/>(ap_hdl,<sp/></highlight><highlight class="stringliteral">&quot;SetParameter<sp/>:<sp/>ENABLED<sp/>[%d]&quot;</highlight><highlight class="normal">,</highlight></codeline>
<codeline lineno="90"><highlight class="normal"><sp/><sp/><sp/><sp/><sp/><sp/><sp/><sp/><sp/><sp/><sp/><sp/><sp/>TIZ_PORT_IS_ENABLED<sp/>(p_port)<sp/>?<sp/>1<sp/>:<sp/>0);</highlight></codeline>
<codeline lineno="91"><highlight class="normal"></highlight></codeline>
<codeline lineno="92"><highlight class="normal"><sp/><sp/></highlight><highlight class="keywordflow">if</highlight><highlight class="normal"><sp/>(TIZ_PORT_IS_CONFIG_PORT<sp/>(p_port)</highlight></codeline>
<codeline lineno="93"><highlight class="normal"><sp/><sp/><sp/><sp/><sp/><sp/>||<sp/>(!TIZ_PORT_IS_CONFIG_PORT<sp/>(p_port)<sp/>&amp;&amp;<sp/>TIZ_PORT_IS_ENABLED<sp/>(p_port)))</highlight></codeline>
<codeline lineno="94"><highlight class="normal"><sp/><sp/><sp/><sp/>{</highlight></codeline>
<codeline lineno="95"><highlight class="normal"><sp/><sp/><sp/><sp/><sp/><sp/>TIZ_ERROR<sp/>(ap_hdl,</highlight></codeline>
<codeline lineno="96"><highlight class="normal"><sp/><sp/><sp/><sp/><sp/><sp/><sp/><sp/><sp/><sp/><sp/><sp/><sp/><sp/><sp/><sp/><sp/></highlight><highlight class="stringliteral">&quot;[OMX_ErrorIncorrectStateOperation]<sp/>:<sp/>&quot;</highlight><highlight class="normal"></highlight></codeline>
<codeline lineno="97"><highlight class="normal"><sp/><sp/><sp/><sp/><sp/><sp/><sp/><sp/><sp/><sp/><sp/><sp/><sp/><sp/><sp/><sp/><sp/></highlight><highlight class="stringliteral">&quot;(SetParameter<sp/>received<sp/>in<sp/>Idle<sp/>state)...&quot;</highlight><highlight class="normal">);</highlight></codeline>
<codeline lineno="98"><highlight class="normal"><sp/><sp/><sp/><sp/><sp/><sp/></highlight><highlight class="keywordflow">return</highlight><highlight class="normal"><sp/>OMX_ErrorIncorrectStateOperation;</highlight></codeline>
<codeline lineno="99"><highlight class="normal"><sp/><sp/><sp/><sp/>}</highlight></codeline>
<codeline lineno="100"><highlight class="normal"></highlight></codeline>
<codeline lineno="101"><highlight class="normal"><sp/><sp/></highlight><highlight class="keywordflow">return</highlight><highlight class="normal"><sp/>tiz_api_SetParameter<sp/>(p_krn,<sp/>ap_hdl,<sp/>a_index,<sp/>a_struct);</highlight></codeline>
<codeline lineno="102"><highlight class="normal">}</highlight></codeline>
<codeline lineno="103"><highlight class="normal"></highlight></codeline>
<codeline lineno="104"><highlight class="normal"></highlight><highlight class="keyword">static</highlight><highlight class="normal"><sp/>OMX_ERRORTYPE</highlight></codeline>
<codeline lineno="105"><highlight class="normal">idle_GetState<sp/>(</highlight><highlight class="keyword">const</highlight><highlight class="normal"><sp/></highlight><highlight class="keywordtype">void</highlight><highlight class="normal"><sp/>*<sp/>ap_obj,<sp/>OMX_HANDLETYPE<sp/>ap_hdl,</highlight></codeline>
<codeline lineno="106"><highlight class="normal"><sp/><sp/><sp/><sp/><sp/><sp/><sp/><sp/><sp/><sp/><sp/><sp/><sp/><sp/><sp/>OMX_STATETYPE<sp/>*<sp/>ap_state)</highlight></codeline>
<codeline lineno="107"><highlight class="normal">{</highlight></codeline>
<codeline lineno="108"><highlight class="normal"><sp/><sp/>assert<sp/>(ap_state);</highlight></codeline>
<codeline lineno="109"><highlight class="normal"><sp/><sp/>*ap_state<sp/>=<sp/>OMX_StateIdle;</highlight></codeline>
<codeline lineno="110"><highlight class="normal"><sp/><sp/></highlight><highlight class="keywordflow">return</highlight><highlight class="normal"><sp/>OMX_ErrorNone;</highlight></codeline>
<codeline lineno="111"><highlight class="normal">}</highlight></codeline>
<codeline lineno="112"><highlight class="normal"></highlight></codeline>
<codeline lineno="113"><highlight class="normal"></highlight><highlight class="keyword">static</highlight><highlight class="normal"><sp/>OMX_ERRORTYPE</highlight></codeline>
<codeline lineno="114"><highlight class="normal">idle_UseBuffer<sp/>(</highlight><highlight class="keyword">const</highlight><highlight class="normal"><sp/></highlight><highlight class="keywordtype">void</highlight><highlight class="normal"><sp/>*<sp/>ap_obj,<sp/>OMX_HANDLETYPE<sp/>ap_hdl,</highlight></codeline>
<codeline lineno="115"><highlight class="normal"><sp/><sp/><sp/><sp/><sp/><sp/><sp/><sp/><sp/><sp/><sp/><sp/><sp/><sp/><sp/><sp/>OMX_BUFFERHEADERTYPE<sp/>**<sp/>app_buf_hdr,<sp/>OMX_U32<sp/>a_port_index,</highlight></codeline>
<codeline lineno="116"><highlight class="normal"><sp/><sp/><sp/><sp/><sp/><sp/><sp/><sp/><sp/><sp/><sp/><sp/><sp/><sp/><sp/><sp/>OMX_PTR<sp/>ap_app_private,<sp/>OMX_U32<sp/>a_size_bytes,<sp/>OMX_U8<sp/>*<sp/>ap_buf)</highlight></codeline>
<codeline lineno="117"><highlight class="normal">{</highlight></codeline>
<codeline lineno="118"><highlight class="normal"><sp/><sp/></highlight><highlight class="keywordflow">return</highlight><highlight class="normal"><sp/>OMX_ErrorNotImplemented;</highlight></codeline>
<codeline lineno="119"><highlight class="normal">}</highlight></codeline>
<codeline lineno="120"><highlight class="normal"></highlight></codeline>
<codeline lineno="121"><highlight class="normal"></highlight><highlight class="keyword">static</highlight><highlight class="normal"><sp/>OMX_ERRORTYPE</highlight></codeline>
<codeline lineno="122"><highlight class="normal">idle_EmptyThisBuffer<sp/>(</highlight><highlight class="keyword">const</highlight><highlight class="normal"><sp/></highlight><highlight class="keywordtype">void</highlight><highlight class="normal"><sp/>*<sp/>ap_obj,<sp/>OMX_HANDLETYPE<sp/>ap_hdl,</highlight></codeline>
<codeline lineno="123"><highlight class="normal"><sp/><sp/><sp/><sp/><sp/><sp/><sp/><sp/><sp/><sp/><sp/><sp/><sp/><sp/><sp/><sp/><sp/><sp/><sp/><sp/><sp/><sp/>OMX_BUFFERHEADERTYPE<sp/>*<sp/>ap_hdr)</highlight></codeline>
<codeline lineno="124"><highlight class="normal">{</highlight></codeline>
<codeline lineno="125"><highlight class="normal"><sp/><sp/>OMX_U32<sp/>pid<sp/>=<sp/>0;</highlight></codeline>
<codeline lineno="126"><highlight class="normal"><sp/><sp/></highlight><highlight class="keyword">const</highlight><highlight class="normal"><sp/></highlight><highlight class="keywordtype">void</highlight><highlight class="normal"><sp/>*<sp/>p_krn<sp/>=<sp/>NULL;</highlight></codeline>
<codeline lineno="127"><highlight class="normal"><sp/><sp/></highlight><highlight class="keyword">const</highlight><highlight class="normal"><sp/></highlight><highlight class="keywordtype">void</highlight><highlight class="normal"><sp/>*<sp/>p_port<sp/>=<sp/>NULL;</highlight></codeline>
<codeline lineno="128"><highlight class="normal"></highlight></codeline>
<codeline lineno="129"><highlight class="normal"><sp/><sp/>assert<sp/>(ap_obj);</highlight></codeline>
<codeline lineno="130"><highlight class="normal"><sp/><sp/>assert<sp/>(ap_hdl);</highlight></codeline>
<codeline lineno="131"><highlight class="normal"><sp/><sp/>assert<sp/>(ap_hdr);</highlight></codeline>
<codeline lineno="132"><highlight class="normal"></highlight></codeline>
<codeline lineno="133"><highlight class="normal"><sp/><sp/>pid<sp/>=<sp/>ap_hdr-&gt;nInputPortIndex;</highlight></codeline>
<codeline lineno="134"><highlight class="normal"><sp/><sp/>p_krn<sp/>=<sp/><ref refid="group__tizscheduler_1ga4c482ecc3baba5d46684bdbf9c48c86c" kindref="member">tiz_get_krn</ref><sp/>(ap_hdl);</highlight></codeline>
<codeline lineno="135"><highlight class="normal"><sp/><sp/>p_port<sp/>=<sp/>tiz_krn_get_port<sp/>(p_krn,<sp/>pid);</highlight></codeline>
<codeline lineno="136"><highlight class="normal"></highlight></codeline>
<codeline lineno="137"><highlight class="normal"><sp/><sp/></highlight><highlight class="comment">/*<sp/>TODO:<sp/>Review<sp/>whether<sp/>this<sp/>check<sp/>is<sp/>needed<sp/>here<sp/>or<sp/>not<sp/>*/</highlight><highlight class="normal"></highlight></codeline>
<codeline lineno="138"><highlight class="normal"></highlight></codeline>
<codeline lineno="139"><highlight class="normal"><sp/><sp/></highlight><highlight class="keywordflow">if</highlight><highlight class="normal"><sp/>(TIZ_PORT_IS_ENABLED<sp/>(p_port))</highlight></codeline>
<codeline lineno="140"><highlight class="normal"><sp/><sp/><sp/><sp/>{</highlight></codeline>
<codeline lineno="141"><highlight class="normal"><sp/><sp/><sp/><sp/><sp/><sp/>TIZ_ERROR<sp/>(ap_hdl,</highlight></codeline>
<codeline lineno="142"><highlight class="normal"><sp/><sp/><sp/><sp/><sp/><sp/><sp/><sp/><sp/><sp/><sp/><sp/><sp/><sp/><sp/><sp/><sp/></highlight><highlight class="stringliteral">&quot;[OMX_ErrorIncorrectStateOperation]<sp/>:<sp/>&quot;</highlight><highlight class="normal"></highlight></codeline>
<codeline lineno="143"><highlight class="normal"><sp/><sp/><sp/><sp/><sp/><sp/><sp/><sp/><sp/><sp/><sp/><sp/><sp/><sp/><sp/><sp/><sp/></highlight><highlight class="stringliteral">&quot;(ETB<sp/>received<sp/>in<sp/>Idle<sp/>state<sp/>on<sp/>an<sp/>enabled<sp/>port)...&quot;</highlight><highlight class="normal">);</highlight></codeline>
<codeline lineno="144"><highlight class="normal"><sp/><sp/><sp/><sp/><sp/><sp/></highlight><highlight class="keywordflow">return</highlight><highlight class="normal"><sp/>OMX_ErrorIncorrectStateOperation;</highlight></codeline>
<codeline lineno="145"><highlight class="normal"><sp/><sp/><sp/><sp/>}</highlight></codeline>
<codeline lineno="146"><highlight class="normal"></highlight></codeline>
<codeline lineno="147"><highlight class="normal"><sp/><sp/></highlight><highlight class="keywordflow">return</highlight><highlight class="normal"><sp/>tiz_api_EmptyThisBuffer<sp/>(p_krn,<sp/>ap_hdl,<sp/>ap_hdr);</highlight></codeline>
<codeline lineno="148"><highlight class="normal">}</highlight></codeline>
<codeline lineno="149"><highlight class="normal"></highlight></codeline>
<codeline lineno="150"><highlight class="normal"></highlight><highlight class="keyword">static</highlight><highlight class="normal"><sp/>OMX_ERRORTYPE</highlight></codeline>
<codeline lineno="151"><highlight class="normal">idle_FillThisBuffer<sp/>(</highlight><highlight class="keyword">const</highlight><highlight class="normal"><sp/></highlight><highlight class="keywordtype">void</highlight><highlight class="normal"><sp/>*<sp/>ap_obj,<sp/>OMX_HANDLETYPE<sp/>ap_hdl,</highlight></codeline>
<codeline lineno="152"><highlight class="normal"><sp/><sp/><sp/><sp/><sp/><sp/><sp/><sp/><sp/><sp/><sp/><sp/><sp/><sp/><sp/><sp/><sp/><sp/><sp/><sp/><sp/>OMX_BUFFERHEADERTYPE<sp/>*<sp/>ap_hdr)</highlight></codeline>
<codeline lineno="153"><highlight class="normal">{</highlight></codeline>
<codeline lineno="154"><highlight class="normal"></highlight></codeline>
<codeline lineno="155"><highlight class="normal"><sp/><sp/></highlight><highlight class="comment">/*<sp/>TODO:<sp/>Review<sp/>whether<sp/>this<sp/>check<sp/>is<sp/>needed<sp/>here<sp/>or<sp/>not<sp/>*/</highlight><highlight class="normal"></highlight></codeline>
<codeline lineno="156"><highlight class="normal"></highlight></codeline>
<codeline lineno="157"><highlight class="normal"><sp/><sp/></highlight><highlight class="comment">/*<sp/><sp/><sp/>const<sp/>tiz_idle_t<sp/>*p_obj<sp/>=<sp/>ap_obj;<sp/>*/</highlight><highlight class="normal"></highlight></codeline>
<codeline lineno="158"><highlight class="normal"><sp/><sp/></highlight><highlight class="comment">/*<sp/><sp/><sp/>const<sp/>OMX_U32<sp/>pid<sp/>=<sp/>ap_hdr-&gt;nOutputPortIndex;<sp/>*/</highlight><highlight class="normal"></highlight></codeline>
<codeline lineno="159"><highlight class="normal"><sp/><sp/></highlight><highlight class="keyword">const</highlight><highlight class="normal"><sp/></highlight><highlight class="keywordtype">void</highlight><highlight class="normal"><sp/>*<sp/>p_krn<sp/>=<sp/><ref refid="group__tizscheduler_1ga4c482ecc3baba5d46684bdbf9c48c86c" kindref="member">tiz_get_krn</ref><sp/>(ap_hdl);</highlight></codeline>
<codeline lineno="160"><highlight class="normal"><sp/><sp/></highlight><highlight class="comment">/*<sp/><sp/><sp/>const<sp/>void<sp/>*p_port<sp/>=<sp/>tiz_krn_get_port<sp/>(p_krn,<sp/>pid);<sp/>*/</highlight><highlight class="normal"></highlight></codeline>
<codeline lineno="161"><highlight class="normal"></highlight></codeline>
<codeline lineno="162"><highlight class="normal"><sp/><sp/></highlight><highlight class="comment">/*<sp/><sp/><sp/>if<sp/>(TIZ_PORT_IS_ENABLED(p_port))<sp/>*/</highlight><highlight class="normal"></highlight></codeline>
<codeline lineno="163"><highlight class="normal"><sp/><sp/></highlight><highlight class="comment">/*<sp/><sp/><sp/><sp/><sp/>{<sp/>*/</highlight><highlight class="normal"></highlight></codeline>
<codeline lineno="164"><highlight class="normal"><sp/><sp/></highlight><highlight class="comment">/*<sp/><sp/><sp/><sp/><sp/><sp/><sp/>TIZ_LOG(TIZ_PRIORITY_TRACE,<sp/>&quot;Incorrect<sp/>state<sp/>op<sp/>&quot;<sp/>*/</highlight><highlight class="normal"></highlight></codeline>
<codeline lineno="165"><highlight class="normal"><sp/><sp/></highlight><highlight class="comment">/*<sp/><sp/><sp/><sp/><sp/><sp/><sp/><sp/><sp/><sp/><sp/><sp/><sp/><sp/><sp/><sp/><sp/>&quot;(FTB<sp/>received<sp/>in<sp/>Idle<sp/>state<sp/>on<sp/>an<sp/>enabled<sp/>port)...&quot;);<sp/>*/</highlight><highlight class="normal"></highlight></codeline>
<codeline lineno="166"><highlight class="normal"><sp/><sp/></highlight><highlight class="comment">/*<sp/><sp/><sp/><sp/><sp/><sp/><sp/>return<sp/>OMX_ErrorIncorrectStateOperation;<sp/>*/</highlight><highlight class="normal"></highlight></codeline>
<codeline lineno="167"><highlight class="normal"><sp/><sp/></highlight><highlight class="comment">/*<sp/><sp/><sp/><sp/><sp/>}<sp/>*/</highlight><highlight class="normal"></highlight></codeline>
<codeline lineno="168"><highlight class="normal"></highlight></codeline>
<codeline lineno="169"><highlight class="normal"><sp/><sp/></highlight><highlight class="comment">/*<sp/>Delegate<sp/>to<sp/>the<sp/>kernel...<sp/>*/</highlight><highlight class="normal"></highlight></codeline>
<codeline lineno="170"><highlight class="normal"><sp/><sp/></highlight><highlight class="keywordflow">return</highlight><highlight class="normal"><sp/>tiz_api_FillThisBuffer<sp/>(p_krn,<sp/>ap_hdl,<sp/>ap_hdr);</highlight></codeline>
<codeline lineno="171"><highlight class="normal">}</highlight></codeline>
<codeline lineno="172"><highlight class="normal"></highlight></codeline>
<codeline lineno="173"><highlight class="normal"></highlight><highlight class="comment">/*</highlight></codeline>
<codeline lineno="174"><highlight class="comment"><sp/>*<sp/>from<sp/>tiz_state</highlight></codeline>
<codeline lineno="175"><highlight class="comment"><sp/>*/</highlight><highlight class="normal"></highlight></codeline>
<codeline lineno="176"><highlight class="normal"></highlight></codeline>
<codeline lineno="177"><highlight class="normal"></highlight><highlight class="keyword">static</highlight><highlight class="normal"><sp/>OMX_ERRORTYPE</highlight></codeline>
<codeline lineno="178"><highlight class="normal">idle_state_set<sp/>(</highlight><highlight class="keyword">const</highlight><highlight class="normal"><sp/></highlight><highlight class="keywordtype">void</highlight><highlight class="normal"><sp/>*<sp/>ap_obj,<sp/>OMX_HANDLETYPE<sp/>ap_hdl,</highlight></codeline>
<codeline lineno="179"><highlight class="normal"><sp/><sp/><sp/><sp/><sp/><sp/><sp/><sp/><sp/><sp/><sp/><sp/><sp/><sp/><sp/><sp/>OMX_COMMANDTYPE<sp/>a_cmd,<sp/>OMX_U32<sp/>a_param1,<sp/>OMX_PTR<sp/>ap_cmd_data)</highlight></codeline>
<codeline lineno="180"><highlight class="normal">{</highlight></codeline>
<codeline lineno="181"><highlight class="normal"><sp/><sp/>tiz_fsm_state_id_t<sp/>new_state<sp/>=<sp/>EStateMax;</highlight></codeline>
<codeline lineno="182"><highlight class="normal"><sp/><sp/>OMX_ERRORTYPE<sp/>rc<sp/>=<sp/>OMX_ErrorNone;</highlight></codeline>
<codeline lineno="183"><highlight class="normal"><sp/><sp/></highlight><highlight class="keywordtype">void</highlight><highlight class="normal"><sp/>*<sp/>p_krn<sp/>=<sp/>NULL;</highlight></codeline>
<codeline lineno="184"><highlight class="normal"></highlight></codeline>
<codeline lineno="185"><highlight class="normal"><sp/><sp/>assert<sp/>(ap_obj);</highlight></codeline>
<codeline lineno="186"><highlight class="normal"><sp/><sp/>assert<sp/>(ap_hdl);</highlight></codeline>
<codeline lineno="187"><highlight class="normal"><sp/><sp/>assert<sp/>(a_cmd<sp/>==<sp/>OMX_CommandStateSet);</highlight></codeline>
<codeline lineno="188"><highlight class="normal"></highlight></codeline>
<codeline lineno="189"><highlight class="normal"><sp/><sp/>TIZ_DEBUG<sp/>(ap_hdl,<sp/></highlight><highlight class="stringliteral">&quot;Requested<sp/>transition<sp/>to<sp/>state<sp/>[%s]...&quot;</highlight><highlight class="normal">,</highlight></codeline>
<codeline lineno="190"><highlight class="normal"><sp/><sp/><sp/><sp/><sp/><sp/><sp/><sp/><sp/><sp/><sp/><sp/><sp/>tiz_fsm_state_to_str<sp/>(a_param1));</highlight></codeline>
<codeline lineno="191"><highlight class="normal"></highlight></codeline>
<codeline lineno="192"><highlight class="normal"><sp/><sp/>p_krn<sp/>=<sp/><ref refid="group__tizscheduler_1ga4c482ecc3baba5d46684bdbf9c48c86c" kindref="member">tiz_get_krn</ref><sp/>(ap_hdl);</highlight></codeline>
<codeline lineno="193"><highlight class="normal"></highlight></codeline>
<codeline lineno="194"><highlight class="normal"><sp/><sp/></highlight><highlight class="comment">/*<sp/>Allowed<sp/>transitions<sp/>are<sp/>OMX_StateLoaded,<sp/>OMX_StateExecuting<sp/>*/</highlight><highlight class="normal"></highlight></codeline>
<codeline lineno="195"><highlight class="normal"><sp/><sp/></highlight><highlight class="comment">/*<sp/>and<sp/>OMX_StatePause.<sp/>*/</highlight><highlight class="normal"></highlight></codeline>
<codeline lineno="196"><highlight class="normal"><sp/><sp/></highlight><highlight class="keywordflow">switch</highlight><highlight class="normal"><sp/>(a_param1)</highlight></codeline>
<codeline lineno="197"><highlight class="normal"><sp/><sp/><sp/><sp/>{</highlight></codeline>
<codeline lineno="198"><highlight class="normal"><sp/><sp/><sp/><sp/><sp/><sp/></highlight><highlight class="keywordflow">case</highlight><highlight class="normal"><sp/>OMX_StateLoaded:</highlight></codeline>
<codeline lineno="199"><highlight class="normal"><sp/><sp/><sp/><sp/><sp/><sp/><sp/><sp/>{</highlight></codeline>
<codeline lineno="200"><highlight class="normal"><sp/><sp/><sp/><sp/><sp/><sp/><sp/><sp/><sp/><sp/>new_state<sp/>=<sp/>ESubStateIdleToLoaded;</highlight></codeline>
<codeline lineno="201"><highlight class="normal"><sp/><sp/><sp/><sp/><sp/><sp/><sp/><sp/>}</highlight></codeline>
<codeline lineno="202"><highlight class="normal"><sp/><sp/><sp/><sp/><sp/><sp/><sp/><sp/></highlight><highlight class="keywordflow">break</highlight><highlight class="normal">;</highlight></codeline>
<codeline lineno="203"><highlight class="normal"></highlight></codeline>
<codeline lineno="204"><highlight class="normal"><sp/><sp/><sp/><sp/><sp/><sp/></highlight><highlight class="keywordflow">case</highlight><highlight class="normal"><sp/>OMX_StateExecuting:</highlight></codeline>
<codeline lineno="205"><highlight class="normal"><sp/><sp/><sp/><sp/><sp/><sp/><sp/><sp/>{</highlight></codeline>
<codeline lineno="206"><highlight class="normal"><sp/><sp/><sp/><sp/><sp/><sp/><sp/><sp/><sp/><sp/></highlight><highlight class="keywordflow">if</highlight><highlight class="normal"><sp/>(TIZ_KRN_MAY_EXCHANGE_BUFFERS<sp/>(p_krn))</highlight></codeline>
<codeline lineno="207"><highlight class="normal"><sp/><sp/><sp/><sp/><sp/><sp/><sp/><sp/><sp/><sp/><sp/><sp/>{</highlight></codeline>
<codeline lineno="208"><highlight class="normal"><sp/><sp/><sp/><sp/><sp/><sp/><sp/><sp/><sp/><sp/><sp/><sp/><sp/><sp/></highlight><highlight class="comment">/*<sp/>Transition<sp/>directly<sp/>to<sp/>OMX_StateExecuting<sp/>*/</highlight><highlight class="normal"></highlight></codeline>
<codeline lineno="209"><highlight class="normal"><sp/><sp/><sp/><sp/><sp/><sp/><sp/><sp/><sp/><sp/><sp/><sp/><sp/><sp/>new_state<sp/>=<sp/>a_param1;</highlight></codeline>
<codeline lineno="210"><highlight class="normal"><sp/><sp/><sp/><sp/><sp/><sp/><sp/><sp/><sp/><sp/><sp/><sp/>}</highlight></codeline>
<codeline lineno="211"><highlight class="normal"><sp/><sp/><sp/><sp/><sp/><sp/><sp/><sp/><sp/><sp/></highlight><highlight class="keywordflow">else</highlight><highlight class="normal"></highlight></codeline>
<codeline lineno="212"><highlight class="normal"><sp/><sp/><sp/><sp/><sp/><sp/><sp/><sp/><sp/><sp/><sp/><sp/>{</highlight></codeline>
<codeline lineno="213"><highlight class="normal"><sp/><sp/><sp/><sp/><sp/><sp/><sp/><sp/><sp/><sp/><sp/><sp/><sp/><sp/></highlight><highlight class="comment">/*<sp/>Transition<sp/>to<sp/>the<sp/>transitional<sp/>state<sp/>*/</highlight><highlight class="normal"></highlight></codeline>
<codeline lineno="214"><highlight class="normal"><sp/><sp/><sp/><sp/><sp/><sp/><sp/><sp/><sp/><sp/><sp/><sp/><sp/><sp/>new_state<sp/>=<sp/>ESubStateIdleToExecuting;</highlight></codeline>
<codeline lineno="215"><highlight class="normal"><sp/><sp/><sp/><sp/><sp/><sp/><sp/><sp/><sp/><sp/><sp/><sp/>}</highlight></codeline>
<codeline lineno="216"><highlight class="normal"><sp/><sp/><sp/><sp/><sp/><sp/><sp/><sp/>}</highlight></codeline>
<codeline lineno="217"><highlight class="normal"><sp/><sp/><sp/><sp/><sp/><sp/><sp/><sp/></highlight><highlight class="keywordflow">break</highlight><highlight class="normal">;</highlight></codeline>
<codeline lineno="218"><highlight class="normal"></highlight></codeline>
<codeline lineno="219"><highlight class="normal"><sp/><sp/><sp/><sp/><sp/><sp/></highlight><highlight class="keywordflow">case</highlight><highlight class="normal"><sp/>OMX_StatePause:</highlight></codeline>
<codeline lineno="220"><highlight class="normal"><sp/><sp/><sp/><sp/><sp/><sp/><sp/><sp/>{</highlight></codeline>
<codeline lineno="221"><highlight class="normal"><sp/><sp/><sp/><sp/><sp/><sp/><sp/><sp/><sp/><sp/>new_state<sp/>=<sp/>a_param1;</highlight></codeline>
<codeline lineno="222"><highlight class="normal"><sp/><sp/><sp/><sp/><sp/><sp/><sp/><sp/>}</highlight></codeline>
<codeline lineno="223"><highlight class="normal"><sp/><sp/><sp/><sp/><sp/><sp/><sp/><sp/></highlight><highlight class="keywordflow">break</highlight><highlight class="normal">;</highlight></codeline>
<codeline lineno="224"><highlight class="normal"></highlight></codeline>
<codeline lineno="225"><highlight class="normal"><sp/><sp/><sp/><sp/><sp/><sp/></highlight><highlight class="keywordflow">case</highlight><highlight class="normal"><sp/>OMX_StateIdle:</highlight></codeline>
<codeline lineno="226"><highlight class="normal"><sp/><sp/><sp/><sp/><sp/><sp/><sp/><sp/>{</highlight></codeline>
<codeline lineno="227"><highlight class="normal"><sp/><sp/><sp/><sp/><sp/><sp/><sp/><sp/><sp/><sp/></highlight><highlight class="keywordflow">return</highlight><highlight class="normal"><sp/>OMX_ErrorSameState;</highlight></codeline>
<codeline lineno="228"><highlight class="normal"><sp/><sp/><sp/><sp/><sp/><sp/><sp/><sp/>}</highlight></codeline>
<codeline lineno="229"><highlight class="normal"></highlight></codeline>
<codeline lineno="230"><highlight class="normal"><sp/><sp/><sp/><sp/><sp/><sp/></highlight><highlight class="keywordflow">default</highlight><highlight class="normal">:</highlight></codeline>
<codeline lineno="231"><highlight class="normal"><sp/><sp/><sp/><sp/><sp/><sp/><sp/><sp/>{</highlight></codeline>
<codeline lineno="232"><highlight class="normal"><sp/><sp/><sp/><sp/><sp/><sp/><sp/><sp/><sp/><sp/>TIZ_ERROR<sp/>(ap_hdl,</highlight></codeline>
<codeline lineno="233"><highlight class="normal"><sp/><sp/><sp/><sp/><sp/><sp/><sp/><sp/><sp/><sp/><sp/><sp/><sp/><sp/><sp/><sp/><sp/><sp/><sp/><sp/><sp/></highlight><highlight class="stringliteral">&quot;[OMX_ErrorIncorrectStateTransition]<sp/>:<sp/>&quot;</highlight><highlight class="normal"></highlight></codeline>
<codeline lineno="234"><highlight class="normal"><sp/><sp/><sp/><sp/><sp/><sp/><sp/><sp/><sp/><sp/><sp/><sp/><sp/><sp/><sp/><sp/><sp/><sp/><sp/><sp/><sp/></highlight><highlight class="stringliteral">&quot;(OMX_StateLoaded<sp/>-&gt;<sp/>[%s]...)&quot;</highlight><highlight class="normal">,</highlight></codeline>
<codeline lineno="235"><highlight class="normal"><sp/><sp/><sp/><sp/><sp/><sp/><sp/><sp/><sp/><sp/><sp/><sp/><sp/><sp/><sp/><sp/><sp/><sp/><sp/><sp/><sp/>tiz_state_to_str<sp/>(a_param1));</highlight></codeline>
<codeline lineno="236"><highlight class="normal"><sp/><sp/><sp/><sp/><sp/><sp/><sp/><sp/><sp/><sp/></highlight><highlight class="keywordflow">return</highlight><highlight class="normal"><sp/>OMX_ErrorIncorrectStateTransition;</highlight></codeline>
<codeline lineno="237"><highlight class="normal"><sp/><sp/><sp/><sp/><sp/><sp/><sp/><sp/>}</highlight></codeline>
<codeline lineno="238"><highlight class="normal"><sp/><sp/><sp/><sp/>};</highlight></codeline>
<codeline lineno="239"><highlight class="normal"></highlight></codeline>
<codeline lineno="240"><highlight class="normal"><sp/><sp/></highlight><highlight class="keywordflow">if</highlight><highlight class="normal"><sp/>(ESubStateIdleToLoaded<sp/>==<sp/>new_state</highlight></codeline>
<codeline lineno="241"><highlight class="normal"><sp/><sp/><sp/><sp/><sp/><sp/>||<sp/>ESubStateIdleToExecuting<sp/>==<sp/>new_state)</highlight></codeline>
<codeline lineno="242"><highlight class="normal"><sp/><sp/><sp/><sp/>{</highlight></codeline>
<codeline lineno="243"><highlight class="normal"><sp/><sp/><sp/><sp/><sp/><sp/></highlight><highlight class="keywordflow">if</highlight><highlight class="normal"><sp/>(OMX_ErrorNone<sp/>!=<sp/>(rc<sp/>=<sp/>tiz_fsm_set_state<sp/>(<ref refid="group__tizscheduler_1ga8222359bb3bc764942ed48e077d6c9ee" kindref="member">tiz_get_fsm</ref><sp/>(ap_hdl),</highlight></codeline>
<codeline lineno="244"><highlight class="normal"><sp/><sp/><sp/><sp/><sp/><sp/><sp/><sp/><sp/><sp/><sp/><sp/><sp/><sp/><sp/><sp/><sp/><sp/><sp/><sp/><sp/><sp/><sp/><sp/><sp/><sp/><sp/><sp/><sp/><sp/><sp/><sp/><sp/><sp/><sp/><sp/><sp/><sp/><sp/><sp/><sp/><sp/><sp/><sp/><sp/><sp/><sp/><sp/><sp/><sp/><sp/><sp/>new_state,<sp/>EStateMax)))</highlight></codeline>
<codeline lineno="245"><highlight class="normal"><sp/><sp/><sp/><sp/><sp/><sp/><sp/><sp/>{</highlight></codeline>
<codeline lineno="246"><highlight class="normal"><sp/><sp/><sp/><sp/><sp/><sp/><sp/><sp/><sp/><sp/></highlight><highlight class="keywordflow">return</highlight><highlight class="normal"><sp/>rc;</highlight></codeline>
<codeline lineno="247"><highlight class="normal"><sp/><sp/><sp/><sp/><sp/><sp/><sp/><sp/>}</highlight></codeline>
<codeline lineno="248"><highlight class="normal"><sp/><sp/><sp/><sp/>}</highlight></codeline>
<codeline lineno="249"><highlight class="normal"></highlight></codeline>
<codeline lineno="250"><highlight class="normal"><sp/><sp/></highlight><highlight class="keywordflow">if</highlight><highlight class="normal"><sp/>(ESubStateIdleToExecuting<sp/>==<sp/>new_state)</highlight></codeline>
<codeline lineno="251"><highlight class="normal"><sp/><sp/><sp/><sp/>{</highlight></codeline>
<codeline lineno="252"><highlight class="normal"><sp/><sp/><sp/><sp/><sp/><sp/></highlight><highlight class="keywordflow">if</highlight><highlight class="normal"><sp/>(!TIZ_KRN_MAY_EXCHANGE_BUFFERS<sp/>(p_krn))</highlight></codeline>
<codeline lineno="253"><highlight class="normal"><sp/><sp/><sp/><sp/><sp/><sp/><sp/><sp/>{</highlight></codeline>
<codeline lineno="254"><highlight class="normal"><sp/><sp/><sp/><sp/><sp/><sp/><sp/><sp/><sp/><sp/>TIZ_DEBUG<sp/>(ap_hdl,</highlight></codeline>
<codeline lineno="255"><highlight class="normal"><sp/><sp/><sp/><sp/><sp/><sp/><sp/><sp/><sp/><sp/><sp/><sp/><sp/><sp/><sp/><sp/><sp/><sp/><sp/><sp/><sp/></highlight><highlight class="stringliteral">&quot;wait<sp/>until<sp/>all<sp/>the<sp/>tunneled<sp/>non-supplier<sp/>neighbours<sp/>have<sp/>&quot;</highlight><highlight class="normal"></highlight></codeline>
<codeline lineno="256"><highlight class="normal"><sp/><sp/><sp/><sp/><sp/><sp/><sp/><sp/><sp/><sp/><sp/><sp/><sp/><sp/><sp/><sp/><sp/><sp/><sp/><sp/><sp/></highlight><highlight class="stringliteral">&quot;reported<sp/>that<sp/>they<sp/>are<sp/>ready<sp/>to<sp/>exchange<sp/>buffers<sp/>...&quot;</highlight><highlight class="normal">);</highlight></codeline>
<codeline lineno="257"><highlight class="normal"><sp/><sp/><sp/><sp/><sp/><sp/><sp/><sp/><sp/><sp/></highlight><highlight class="keywordflow">return</highlight><highlight class="normal"><sp/>rc;</highlight></codeline>
<codeline lineno="258"><highlight class="normal"><sp/><sp/><sp/><sp/><sp/><sp/><sp/><sp/>}</highlight></codeline>
<codeline lineno="259"><highlight class="normal"><sp/><sp/><sp/><sp/>}</highlight></codeline>
<codeline lineno="260"><highlight class="normal"></highlight></codeline>
<codeline lineno="261"><highlight class="normal"><sp/><sp/></highlight><highlight class="keywordflow">return</highlight><highlight class="normal"><sp/>tiz_state_super_state_set<sp/>(typeOf<sp/>(ap_obj,<sp/></highlight><highlight class="stringliteral">&quot;tizidle&quot;</highlight><highlight class="normal">),<sp/>ap_obj,<sp/>ap_hdl,</highlight></codeline>
<codeline lineno="262"><highlight class="normal"><sp/><sp/><sp/><sp/><sp/><sp/><sp/><sp/><sp/><sp/><sp/><sp/><sp/><sp/><sp/><sp/><sp/><sp/><sp/><sp/><sp/><sp/><sp/><sp/><sp/><sp/><sp/><sp/><sp/><sp/><sp/><sp/><sp/><sp/><sp/><sp/>a_cmd,<sp/>a_param1,<sp/>ap_cmd_data);</highlight></codeline>
<codeline lineno="263"><highlight class="normal">}</highlight></codeline>
<codeline lineno="264"><highlight class="normal"></highlight></codeline>
<codeline lineno="265"><highlight class="normal"></highlight><highlight class="comment">/*</highlight></codeline>
<codeline lineno="266"><highlight class="comment"><sp/>*<sp/>idle_class</highlight></codeline>
<codeline lineno="267"><highlight class="comment"><sp/>*/</highlight><highlight class="normal"></highlight></codeline>
<codeline lineno="268"><highlight class="normal"></highlight></codeline>
<codeline lineno="269"><highlight class="normal"></highlight><highlight class="keyword">static</highlight><highlight class="normal"><sp/></highlight><highlight class="keywordtype">void</highlight><highlight class="normal"><sp/>*</highlight></codeline>
<codeline lineno="270"><highlight class="normal">idle_class_ctor<sp/>(</highlight><highlight class="keywordtype">void</highlight><highlight class="normal"><sp/>*<sp/>ap_obj,<sp/>va_list<sp/>*<sp/>app)</highlight></codeline>
<codeline lineno="271"><highlight class="normal">{</highlight></codeline>
<codeline lineno="272"><highlight class="normal"><sp/><sp/></highlight><highlight class="comment">/*<sp/>NOTE:<sp/>Class<sp/>methods<sp/>might<sp/>be<sp/>added<sp/>in<sp/>the<sp/>future.<sp/>None<sp/>for<sp/>now.<sp/>*/</highlight><highlight class="normal"></highlight></codeline>
<codeline lineno="273"><highlight class="normal"><sp/><sp/></highlight><highlight class="keywordflow">return</highlight><highlight class="normal"><sp/>super_ctor<sp/>(typeOf<sp/>(ap_obj,<sp/></highlight><highlight class="stringliteral">&quot;tizidle_class&quot;</highlight><highlight class="normal">),<sp/>ap_obj,<sp/>app);</highlight></codeline>
<codeline lineno="274"><highlight class="normal">}</highlight></codeline>
<codeline lineno="275"><highlight class="normal"></highlight></codeline>
<codeline lineno="276"><highlight class="normal"></highlight><highlight class="comment">/*</highlight></codeline>
<codeline lineno="277"><highlight class="comment"><sp/>*<sp/>initialization</highlight></codeline>
<codeline lineno="278"><highlight class="comment"><sp/>*/</highlight><highlight class="normal"></highlight></codeline>
<codeline lineno="279"><highlight class="normal"></highlight></codeline>
<codeline lineno="280"><highlight class="normal"></highlight><highlight class="keywordtype">void</highlight><highlight class="normal"><sp/>*</highlight></codeline>
<codeline lineno="281"><highlight class="normal">tiz_idle_class_init<sp/>(</highlight><highlight class="keywordtype">void</highlight><highlight class="normal"><sp/>*<sp/>ap_tos,<sp/></highlight><highlight class="keywordtype">void</highlight><highlight class="normal"><sp/>*<sp/>ap_hdl)</highlight></codeline>
<codeline lineno="282"><highlight class="normal">{</highlight></codeline>
<codeline lineno="283"><highlight class="normal"><sp/><sp/></highlight><highlight class="keywordtype">void</highlight><highlight class="normal"><sp/>*<sp/>tizstate<sp/>=<sp/><ref refid="group__tizscheduler_1gacf2f63dcdf377b97875517fb7fca9425" kindref="member">tiz_get_type</ref><sp/>(ap_hdl,<sp/></highlight><highlight class="stringliteral">&quot;tizstate&quot;</highlight><highlight class="normal">);</highlight></codeline>
<codeline lineno="284"><highlight class="normal"><sp/><sp/></highlight><highlight class="keywordtype">void</highlight><highlight class="normal"><sp/>*<sp/>tizidle_class<sp/>=<sp/>factory_new<sp/>(</highlight></codeline>
<codeline lineno="285"><highlight class="normal"><sp/><sp/><sp/><sp/>classOf<sp/>(tizstate),<sp/></highlight><highlight class="stringliteral">&quot;tizidle_class&quot;</highlight><highlight class="normal">,<sp/>classOf<sp/>(tizstate),</highlight></codeline>
<codeline lineno="286"><highlight class="normal"><sp/><sp/><sp/><sp/></highlight><highlight class="keyword">sizeof</highlight><highlight class="normal"><sp/>(<ref refid="structtiz__idle__class" kindref="compound">tiz_idle_class_t</ref>),<sp/>ap_tos,<sp/>ap_hdl,<sp/>ctor,<sp/>idle_class_ctor,<sp/>0);</highlight></codeline>
<codeline lineno="287"><highlight class="normal"><sp/><sp/></highlight><highlight class="keywordflow">return</highlight><highlight class="normal"><sp/>tizidle_class;</highlight></codeline>
<codeline lineno="288"><highlight class="normal">}</highlight></codeline>
<codeline lineno="289"><highlight class="normal"></highlight></codeline>
<codeline lineno="290"><highlight class="normal"></highlight><highlight class="keywordtype">void</highlight><highlight class="normal"><sp/>*</highlight></codeline>
<codeline lineno="291"><highlight class="normal">tiz_idle_init<sp/>(</highlight><highlight class="keywordtype">void</highlight><highlight class="normal"><sp/>*<sp/>ap_tos,<sp/></highlight><highlight class="keywordtype">void</highlight><highlight class="normal"><sp/>*<sp/>ap_hdl)</highlight></codeline>
<codeline lineno="292"><highlight class="normal">{</highlight></codeline>
<codeline lineno="293"><highlight class="normal"><sp/><sp/></highlight><highlight class="keywordtype">void</highlight><highlight class="normal"><sp/>*<sp/>tizstate<sp/>=<sp/><ref refid="group__tizscheduler_1gacf2f63dcdf377b97875517fb7fca9425" kindref="member">tiz_get_type</ref><sp/>(ap_hdl,<sp/></highlight><highlight class="stringliteral">&quot;tizstate&quot;</highlight><highlight class="normal">);</highlight></codeline>
<codeline lineno="294"><highlight class="normal"><sp/><sp/></highlight><highlight class="keywordtype">void</highlight><highlight class="normal"><sp/>*<sp/>tizidle_class<sp/>=<sp/><ref refid="group__tizscheduler_1gacf2f63dcdf377b97875517fb7fca9425" kindref="member">tiz_get_type</ref><sp/>(ap_hdl,<sp/></highlight><highlight class="stringliteral">&quot;tizidle_class&quot;</highlight><highlight class="normal">);</highlight></codeline>
<codeline lineno="295"><highlight class="normal"><sp/><sp/>TIZ_LOG_CLASS<sp/>(tizidle_class);</highlight></codeline>
<codeline lineno="296"><highlight class="normal"><sp/><sp/></highlight><highlight class="keywordtype">void</highlight><highlight class="normal"><sp/>*<sp/>tizidle<sp/>=<sp/>factory_new<sp/>(</highlight></codeline>
<codeline lineno="297"><highlight class="normal"><sp/><sp/><sp/><sp/>tizidle_class,<sp/></highlight><highlight class="stringliteral">&quot;tizidle&quot;</highlight><highlight class="normal">,<sp/>tizstate,<sp/></highlight><highlight class="keyword">sizeof</highlight><highlight class="normal"><sp/>(<ref refid="structtiz__idle" kindref="compound">tiz_idle_t</ref>),<sp/>ap_tos,<sp/>ap_hdl,</highlight></codeline>
<codeline lineno="298"><highlight class="normal"><sp/><sp/><sp/><sp/>ctor,<sp/>idle_ctor,<sp/>dtor,<sp/>idle_dtor,<sp/>tiz_api_SetParameter,<sp/>idle_SetParameter,</highlight></codeline>
<codeline lineno="299"><highlight class="normal"><sp/><sp/><sp/><sp/>tiz_api_GetState,<sp/>idle_GetState,<sp/>tiz_api_UseBuffer,<sp/>idle_UseBuffer,</highlight></codeline>
<codeline lineno="300"><highlight class="normal"><sp/><sp/><sp/><sp/>tiz_api_EmptyThisBuffer,<sp/>idle_EmptyThisBuffer,<sp/>tiz_api_FillThisBuffer,</highlight></codeline>
<codeline lineno="301"><highlight class="normal"><sp/><sp/><sp/><sp/>idle_FillThisBuffer,<sp/>tiz_state_state_set,<sp/>idle_state_set,<sp/>0);</highlight></codeline>
<codeline lineno="302"><highlight class="normal"></highlight></codeline>
<codeline lineno="303"><highlight class="normal"><sp/><sp/></highlight><highlight class="keywordflow">return</highlight><highlight class="normal"><sp/>tizidle;</highlight></codeline>
<codeline lineno="304"><highlight class="normal">}</highlight></codeline>
    </programlisting>
    <location file="/home/joni/work/tizonia-master/libtizonia/src/tizidle.c"/>
  </compounddef>
</doxygen>
