<?xml version='1.0' encoding='UTF-8' standalone='no'?>
<doxygen xmlns:xsi="http://www.w3.org/2001/XMLSchema-instance" xsi:noNamespaceSchemaLocation="compound.xsd" version="1.8.11">
  <compounddef id="tizidletoloaded_8c" kind="file" language="C++">
    <compoundname>tizidletoloaded.c</compoundname>
    <includes refid="tizidletoloaded_8h" local="yes">tizidletoloaded.h</includes>
    <includes refid="tizstate_8h" local="yes">tizstate.h</includes>
    <includes refid="tizstate__decls_8h" local="yes">tizstate_decls.h</includes>
    <includes refid="tizutils_8h" local="yes">tizutils.h</includes>
    <includes refid="tizplatform_8h" local="yes">tizplatform.h</includes>
    <includes local="no">assert.h</includes>
    <incdepgraph>
      <node id="1873">
        <label>stdbool.h</label>
      </node>
      <node id="1835">
        <label>stdarg.h</label>
      </node>
      <node id="1881">
        <label>assert.h</label>
      </node>
      <node id="1867">
        <label>tizbuffer.h</label>
        <link refid="tizbuffer_8h_source"/>
        <childnode refid="1832" relation="include">
        </childnode>
        <childnode refid="1834" relation="include">
        </childnode>
      </node>
      <node id="1870">
        <label>tizuuid.h</label>
        <link refid="tizuuid_8h_source"/>
        <childnode refid="1834" relation="include">
        </childnode>
      </node>
      <node id="1843">
        <label>tizexecuting.h</label>
        <link refid="tizexecuting_8h_source"/>
      </node>
      <node id="1869">
        <label>tizthread.h</label>
        <link refid="tizthread_8h_source"/>
        <childnode refid="1832" relation="include">
        </childnode>
        <childnode refid="1834" relation="include">
        </childnode>
        <childnode refid="1863" relation="include">
        </childnode>
      </node>
      <node id="1866">
        <label>stdint.h</label>
      </node>
      <node id="1830">
        <label>tizstate.h</label>
        <link refid="tizstate_8h_source"/>
        <childnode refid="1831" relation="include">
        </childnode>
        <childnode refid="1838" relation="include">
        </childnode>
        <childnode refid="1839" relation="include">
        </childnode>
        <childnode refid="1840" relation="include">
        </childnode>
        <childnode refid="1841" relation="include">
        </childnode>
        <childnode refid="1829" relation="include">
        </childnode>
        <childnode refid="1842" relation="include">
        </childnode>
        <childnode refid="1843" relation="include">
        </childnode>
        <childnode refid="1844" relation="include">
        </childnode>
        <childnode refid="1845" relation="include">
        </childnode>
        <childnode refid="1846" relation="include">
        </childnode>
      </node>
      <node id="1832">
        <label>OMX_Core.h</label>
      </node>
      <node id="1839">
        <label>tizloadedtoidle.h</label>
        <link refid="tizloadedtoidle_8h_source"/>
      </node>
      <node id="1853">
        <label>tizplatform.h</label>
        <link refid="tizplatform_8h_source"/>
        <childnode refid="1854" relation="include">
        </childnode>
        <childnode refid="1860" relation="include">
        </childnode>
        <childnode refid="1858" relation="include">
        </childnode>
        <childnode refid="1862" relation="include">
        </childnode>
        <childnode refid="1864" relation="include">
        </childnode>
        <childnode refid="1867" relation="include">
        </childnode>
        <childnode refid="1868" relation="include">
        </childnode>
        <childnode refid="1863" relation="include">
        </childnode>
        <childnode refid="1869" relation="include">
        </childnode>
        <childnode refid="1870" relation="include">
        </childnode>
        <childnode refid="1855" relation="include">
        </childnode>
        <childnode refid="1871" relation="include">
        </childnode>
        <childnode refid="1865" relation="include">
        </childnode>
        <childnode refid="1872" relation="include">
        </childnode>
        <childnode refid="1874" relation="include">
        </childnode>
        <childnode refid="1875" relation="include">
        </childnode>
        <childnode refid="1876" relation="include">
        </childnode>
        <childnode refid="1877" relation="include">
        </childnode>
        <childnode refid="1878" relation="include">
        </childnode>
        <childnode refid="1879" relation="include">
        </childnode>
      </node>
      <node id="1849">
        <label>tizobject_decls.h</label>
        <link refid="tizobject__decls_8h_source"/>
        <childnode refid="1836" relation="include">
        </childnode>
        <childnode refid="1835" relation="include">
        </childnode>
      </node>
      <node id="1844">
        <label>tizexecutingtoidle.h</label>
        <link refid="tizexecutingtoidle_8h_source"/>
      </node>
      <node id="1848">
        <label>tizapi_decls.h</label>
        <link refid="tizapi__decls_8h_source"/>
        <childnode refid="1849" relation="include">
        </childnode>
      </node>
      <node id="1833">
        <label>tizobject.h</label>
        <link refid="tizobject_8h_source"/>
        <childnode refid="1834" relation="include">
        </childnode>
        <childnode refid="1835" relation="include">
        </childnode>
        <childnode refid="1836" relation="include">
        </childnode>
        <childnode refid="1837" relation="include">
        </childnode>
      </node>
      <node id="1856">
        <label>OMX_Component.h</label>
      </node>
      <node id="1865">
        <label>tizsoa.h</label>
        <link refid="tizsoa_8h_source"/>
        <childnode refid="1836" relation="include">
        </childnode>
        <childnode refid="1866" relation="include">
        </childnode>
        <childnode refid="1834" relation="include">
        </childnode>
        <childnode refid="1832" relation="include">
        </childnode>
      </node>
      <node id="1854">
        <label>tizmacros.h</label>
        <link refid="tizmacros_8h_source"/>
        <childnode refid="1855" relation="include">
        </childnode>
        <childnode refid="1836" relation="include">
        </childnode>
      </node>
      <node id="1852">
        <label>tizservant.h</label>
        <link refid="tizservant_8h_source"/>
        <childnode refid="1832" relation="include">
        </childnode>
        <childnode refid="1853" relation="include">
        </childnode>
        <childnode refid="1880" relation="include">
        </childnode>
        <childnode refid="1831" relation="include">
        </childnode>
      </node>
      <node id="1836">
        <label>stddef.h</label>
      </node>
      <node id="1877">
        <label>tizprintf.h</label>
        <link refid="tizprintf_8h_source"/>
      </node>
      <node id="1838">
        <label>tizloaded.h</label>
        <link refid="tizloaded_8h_source"/>
      </node>
      <node id="1842">
        <label>tizidletoexecuting.h</label>
        <link refid="tizidletoexecuting_8h_source"/>
      </node>
      <node id="1847">
        <label>tizstate_decls.h</label>
        <link refid="tizstate__decls_8h_source"/>
        <childnode refid="1848" relation="include">
        </childnode>
      </node>
      <node id="1862">
        <label>tizqueue.h</label>
        <link refid="tizqueue_8h_source"/>
        <childnode refid="1832" relation="include">
        </childnode>
        <childnode refid="1834" relation="include">
        </childnode>
        <childnode refid="1863" relation="include">
        </childnode>
      </node>
      <node id="1861">
        <label>log4c.h</label>
      </node>
      <node id="1859">
        <label>sys/types.h</label>
      </node>
      <node id="1858">
        <label>tizmem.h</label>
        <link refid="tizmem_8h_source"/>
        <childnode refid="1859" relation="include">
        </childnode>
        <childnode refid="1834" relation="include">
        </childnode>
      </node>
      <node id="1871">
        <label>tizrc.h</label>
        <link refid="tizrc_8h_source"/>
        <childnode refid="1832" relation="include">
        </childnode>
        <childnode refid="1834" relation="include">
        </childnode>
      </node>
      <node id="1864">
        <label>tizpqueue.h</label>
        <link refid="tizpqueue_8h_source"/>
        <childnode refid="1832" relation="include">
        </childnode>
        <childnode refid="1834" relation="include">
        </childnode>
        <childnode refid="1865" relation="include">
        </childnode>
      </node>
      <node id="1845">
        <label>tizpause.h</label>
        <link refid="tizpause_8h_source"/>
      </node>
      <node id="1831">
        <label>tizapi.h</label>
        <link refid="tizapi_8h_source"/>
        <childnode refid="1832" relation="include">
        </childnode>
        <childnode refid="1833" relation="include">
        </childnode>
      </node>
      <node id="1834">
        <label>OMX_Types.h</label>
      </node>
      <node id="1846">
        <label>tizpausetoidle.h</label>
        <link refid="tizpausetoidle_8h_source"/>
      </node>
      <node id="1863">
        <label>tizsync.h</label>
        <link refid="tizsync_8h_source"/>
        <childnode refid="1832" relation="include">
        </childnode>
        <childnode refid="1834" relation="include">
        </childnode>
      </node>
      <node id="1860">
        <label>tizlog.h</label>
        <link refid="tizlog_8h_source"/>
        <childnode refid="1861" relation="include">
        </childnode>
      </node>
      <node id="1874">
        <label>tizhttp.h</label>
        <link refid="tizhttp_8h_source"/>
        <childnode refid="1832" relation="include">
        </childnode>
        <childnode refid="1834" relation="include">
        </childnode>
      </node>
      <node id="1841">
        <label>tizidle.h</label>
        <link refid="tizidle_8h_source"/>
      </node>
      <node id="1868">
        <label>tizvector.h</label>
        <link refid="tizvector_8h_source"/>
        <childnode refid="1832" relation="include">
        </childnode>
        <childnode refid="1834" relation="include">
        </childnode>
      </node>
      <node id="1879">
        <label>tizurltransfer.h</label>
        <link refid="tizurltransfer_8h_source"/>
        <childnode refid="1856" relation="include">
        </childnode>
      </node>
      <node id="1878">
        <label>tizshufflelst.h</label>
        <link refid="tizshufflelst_8h_source"/>
        <childnode refid="1832" relation="include">
        </childnode>
        <childnode refid="1834" relation="include">
        </childnode>
      </node>
      <node id="1855">
        <label>tizomxutils.h</label>
        <link refid="tizomxutils_8h_source"/>
        <childnode refid="1834" relation="include">
        </childnode>
        <childnode refid="1856" relation="include">
        </childnode>
        <childnode refid="1857" relation="include">
        </childnode>
        <childnode refid="1832" relation="include">
        </childnode>
        <childnode refid="1858" relation="include">
        </childnode>
      </node>
      <node id="1840">
        <label>tizwaitforresources.h</label>
        <link refid="tizwaitforresources_8h_source"/>
      </node>
      <node id="1828">
        <label>/home/joni/work/tizonia-master/libtizonia/src/tizidletoloaded.c</label>
        <link refid="tizidletoloaded.c"/>
        <childnode refid="1829" relation="include">
        </childnode>
        <childnode refid="1830" relation="include">
        </childnode>
        <childnode refid="1847" relation="include">
        </childnode>
        <childnode refid="1850" relation="include">
        </childnode>
        <childnode refid="1853" relation="include">
        </childnode>
        <childnode refid="1881" relation="include">
        </childnode>
      </node>
      <node id="1829">
        <label>tizidletoloaded.h</label>
        <link refid="tizidletoloaded_8h_source"/>
      </node>
      <node id="1850">
        <label>tizutils.h</label>
        <link refid="tizutils_8h_source"/>
        <childnode refid="1834" relation="include">
        </childnode>
        <childnode refid="1832" relation="include">
        </childnode>
        <childnode refid="1851" relation="include">
        </childnode>
      </node>
      <node id="1880">
        <label>tizscheduler.h</label>
        <link refid="tizscheduler_8h_source"/>
        <childnode refid="1832" relation="include">
        </childnode>
        <childnode refid="1834" relation="include">
        </childnode>
        <childnode refid="1856" relation="include">
        </childnode>
        <childnode refid="1853" relation="include">
        </childnode>
      </node>
      <node id="1851">
        <label>tizfsm.h</label>
        <link refid="tizfsm_8h_source"/>
        <childnode refid="1852" relation="include">
        </childnode>
      </node>
      <node id="1875">
        <label>tizmap.h</label>
        <link refid="tizmap_8h_source"/>
        <childnode refid="1873" relation="include">
        </childnode>
        <childnode refid="1832" relation="include">
        </childnode>
        <childnode refid="1834" relation="include">
        </childnode>
        <childnode refid="1865" relation="include">
        </childnode>
      </node>
      <node id="1872">
        <label>tizev.h</label>
        <link refid="tizev_8h_source"/>
        <childnode refid="1873" relation="include">
        </childnode>
        <childnode refid="1866" relation="include">
        </childnode>
        <childnode refid="1832" relation="include">
        </childnode>
        <childnode refid="1834" relation="include">
        </childnode>
      </node>
      <node id="1837">
        <label>stdio.h</label>
      </node>
      <node id="1876">
        <label>tizlimits.h</label>
        <link refid="tizlimits_8h_source"/>
      </node>
      <node id="1857">
        <label>OMX_Audio.h</label>
      </node>
    </incdepgraph>
      <sectiondef kind="func">
      <memberdef kind="function" id="tizidletoloaded_8c_1a9aa0c948acef7b03c5f80e3c96819d36" prot="public" static="yes" const="no" explicit="no" inline="no" virt="non-virtual">
        <type>void *</type>
        <definition>static void* idletoloaded_ctor</definition>
        <argsstring>(void *ap_obj, va_list *app)</argsstring>
        <name>idletoloaded_ctor</name>
        <param>
          <type>void *</type>
          <declname>ap_obj</declname>
        </param>
        <param>
          <type>va_list *</type>
          <declname>app</declname>
        </param>
        <briefdescription>
        </briefdescription>
        <detaileddescription>
        </detaileddescription>
        <inbodydescription>
        </inbodydescription>
        <location file="/home/joni/work/tizonia-master/libtizonia/src/tizidletoloaded.c" line="47" column="1" bodyfile="/home/joni/work/tizonia-master/libtizonia/src/tizidletoloaded.c" bodystart="47" bodyend="52"/>
      </memberdef>
      <memberdef kind="function" id="tizidletoloaded_8c_1aa4e901b6ee6ad8505ffb35f3970e2564" prot="public" static="yes" const="no" explicit="no" inline="no" virt="non-virtual">
        <type>void *</type>
        <definition>static void* idletoloaded_dtor</definition>
        <argsstring>(void *ap_obj)</argsstring>
        <name>idletoloaded_dtor</name>
        <param>
          <type>void *</type>
          <declname>ap_obj</declname>
        </param>
        <briefdescription>
        </briefdescription>
        <detaileddescription>
        </detaileddescription>
        <inbodydescription>
        </inbodydescription>
        <location file="/home/joni/work/tizonia-master/libtizonia/src/tizidletoloaded.c" line="55" column="1" bodyfile="/home/joni/work/tizonia-master/libtizonia/src/tizidletoloaded.c" bodystart="55" bodyend="58"/>
      </memberdef>
      <memberdef kind="function" id="tizidletoloaded_8c_1a1f6a98fa158d75050ee77226f5fa3f75" prot="public" static="yes" const="no" explicit="no" inline="no" virt="non-virtual">
        <type>OMX_ERRORTYPE</type>
        <definition>static OMX_ERRORTYPE idletoloaded_SetParameter</definition>
        <argsstring>(const void *ap_obj, OMX_HANDLETYPE ap_hdl, OMX_INDEXTYPE a_index, OMX_PTR ap_struct)</argsstring>
        <name>idletoloaded_SetParameter</name>
        <param>
          <type>const void *</type>
          <declname>ap_obj</declname>
        </param>
        <param>
          <type>OMX_HANDLETYPE</type>
          <declname>ap_hdl</declname>
        </param>
        <param>
          <type>OMX_INDEXTYPE</type>
          <declname>a_index</declname>
        </param>
        <param>
          <type>OMX_PTR</type>
          <declname>ap_struct</declname>
        </param>
        <briefdescription>
        </briefdescription>
        <detaileddescription>
        </detaileddescription>
        <inbodydescription>
        </inbodydescription>
        <location file="/home/joni/work/tizonia-master/libtizonia/src/tizidletoloaded.c" line="65" column="1" bodyfile="/home/joni/work/tizonia-master/libtizonia/src/tizidletoloaded.c" bodystart="65" bodyend="69"/>
      </memberdef>
      <memberdef kind="function" id="tizidletoloaded_8c_1aae412e1a7a06f3a259a8277dfbf6a10f" prot="public" static="yes" const="no" explicit="no" inline="no" virt="non-virtual">
        <type>OMX_ERRORTYPE</type>
        <definition>static OMX_ERRORTYPE idletoloaded_GetState</definition>
        <argsstring>(const void *ap_obj, OMX_HANDLETYPE ap_hdl, OMX_STATETYPE *ap_state)</argsstring>
        <name>idletoloaded_GetState</name>
        <param>
          <type>const void *</type>
          <declname>ap_obj</declname>
        </param>
        <param>
          <type>OMX_HANDLETYPE</type>
          <declname>ap_hdl</declname>
        </param>
        <param>
          <type>OMX_STATETYPE *</type>
          <declname>ap_state</declname>
        </param>
        <briefdescription>
        </briefdescription>
        <detaileddescription>
        </detaileddescription>
        <inbodydescription>
        </inbodydescription>
        <location file="/home/joni/work/tizonia-master/libtizonia/src/tizidletoloaded.c" line="72" column="1" bodyfile="/home/joni/work/tizonia-master/libtizonia/src/tizidletoloaded.c" bodystart="72" bodyend="77"/>
      </memberdef>
      <memberdef kind="function" id="tizidletoloaded_8c_1a1502f9f4ccc20d6f4ad6200a3c2b478b" prot="public" static="yes" const="no" explicit="no" inline="no" virt="non-virtual">
        <type>OMX_ERRORTYPE</type>
        <definition>static OMX_ERRORTYPE idletoloaded_UseBuffer</definition>
        <argsstring>(const void *ap_obj, OMX_HANDLETYPE ap_hdl, OMX_BUFFERHEADERTYPE **app_buf_hdr, OMX_U32 a_port_index, OMX_PTR ap_app_private, OMX_U32 a_size_bytes, OMX_U8 *ap_buf)</argsstring>
        <name>idletoloaded_UseBuffer</name>
        <param>
          <type>const void *</type>
          <declname>ap_obj</declname>
        </param>
        <param>
          <type>OMX_HANDLETYPE</type>
          <declname>ap_hdl</declname>
        </param>
        <param>
          <type>OMX_BUFFERHEADERTYPE **</type>
          <declname>app_buf_hdr</declname>
        </param>
        <param>
          <type>OMX_U32</type>
          <declname>a_port_index</declname>
        </param>
        <param>
          <type>OMX_PTR</type>
          <declname>ap_app_private</declname>
        </param>
        <param>
          <type>OMX_U32</type>
          <declname>a_size_bytes</declname>
        </param>
        <param>
          <type>OMX_U8 *</type>
          <declname>ap_buf</declname>
        </param>
        <briefdescription>
        </briefdescription>
        <detaileddescription>
        </detaileddescription>
        <inbodydescription>
        </inbodydescription>
        <location file="/home/joni/work/tizonia-master/libtizonia/src/tizidletoloaded.c" line="80" column="1" bodyfile="/home/joni/work/tizonia-master/libtizonia/src/tizidletoloaded.c" bodystart="80" bodyend="86"/>
      </memberdef>
      <memberdef kind="function" id="tizidletoloaded_8c_1aefd7adc991a4e218d816a93ca8b3fd06" prot="public" static="yes" const="no" explicit="no" inline="no" virt="non-virtual">
        <type>OMX_ERRORTYPE</type>
        <definition>static OMX_ERRORTYPE idletoloaded_AllocateBuffer</definition>
        <argsstring>(const void *ap_obj, OMX_HANDLETYPE ap_hdl, OMX_BUFFERHEADERTYPE **pap_buf, OMX_U32 a_port_index, OMX_PTR ap_app_private, OMX_U32 a_size_bytes)</argsstring>
        <name>idletoloaded_AllocateBuffer</name>
        <param>
          <type>const void *</type>
          <declname>ap_obj</declname>
        </param>
        <param>
          <type>OMX_HANDLETYPE</type>
          <declname>ap_hdl</declname>
        </param>
        <param>
          <type>OMX_BUFFERHEADERTYPE **</type>
          <declname>pap_buf</declname>
        </param>
        <param>
          <type>OMX_U32</type>
          <declname>a_port_index</declname>
        </param>
        <param>
          <type>OMX_PTR</type>
          <declname>ap_app_private</declname>
        </param>
        <param>
          <type>OMX_U32</type>
          <declname>a_size_bytes</declname>
        </param>
        <briefdescription>
        </briefdescription>
        <detaileddescription>
        </detaileddescription>
        <inbodydescription>
        </inbodydescription>
        <location file="/home/joni/work/tizonia-master/libtizonia/src/tizidletoloaded.c" line="89" column="1" bodyfile="/home/joni/work/tizonia-master/libtizonia/src/tizidletoloaded.c" bodystart="89" bodyend="95"/>
      </memberdef>
      <memberdef kind="function" id="tizidletoloaded_8c_1a85faf1c8feea751b66cf0cdc007a0e3f" prot="public" static="yes" const="no" explicit="no" inline="no" virt="non-virtual">
        <type>OMX_ERRORTYPE</type>
        <definition>static OMX_ERRORTYPE idletoloaded_FreeBuffer</definition>
        <argsstring>(const void *ap_obj, OMX_HANDLETYPE ap_hdl, OMX_U32 a_port_index, OMX_BUFFERHEADERTYPE *ap_buf)</argsstring>
        <name>idletoloaded_FreeBuffer</name>
        <param>
          <type>const void *</type>
          <declname>ap_obj</declname>
        </param>
        <param>
          <type>OMX_HANDLETYPE</type>
          <declname>ap_hdl</declname>
        </param>
        <param>
          <type>OMX_U32</type>
          <declname>a_port_index</declname>
        </param>
        <param>
          <type>OMX_BUFFERHEADERTYPE *</type>
          <declname>ap_buf</declname>
        </param>
        <briefdescription>
        </briefdescription>
        <detaileddescription>
        </detaileddescription>
        <inbodydescription>
        </inbodydescription>
        <location file="/home/joni/work/tizonia-master/libtizonia/src/tizidletoloaded.c" line="98" column="1" bodyfile="/home/joni/work/tizonia-master/libtizonia/src/tizidletoloaded.c" bodystart="98" bodyend="102"/>
      </memberdef>
      <memberdef kind="function" id="tizidletoloaded_8c_1a1d4e43b114ce9bbd51c40ff9fc4757fc" prot="public" static="yes" const="no" explicit="no" inline="no" virt="non-virtual">
        <type>OMX_ERRORTYPE</type>
        <definition>static OMX_ERRORTYPE idletoloaded_EmptyThisBuffer</definition>
        <argsstring>(const void *ap_obj, OMX_HANDLETYPE ap_hdl, OMX_BUFFERHEADERTYPE *ap_buf)</argsstring>
        <name>idletoloaded_EmptyThisBuffer</name>
        <param>
          <type>const void *</type>
          <declname>ap_obj</declname>
        </param>
        <param>
          <type>OMX_HANDLETYPE</type>
          <declname>ap_hdl</declname>
        </param>
        <param>
          <type>OMX_BUFFERHEADERTYPE *</type>
          <declname>ap_buf</declname>
        </param>
        <briefdescription>
        </briefdescription>
        <detaileddescription>
        </detaileddescription>
        <inbodydescription>
        </inbodydescription>
        <location file="/home/joni/work/tizonia-master/libtizonia/src/tizidletoloaded.c" line="105" column="1" bodyfile="/home/joni/work/tizonia-master/libtizonia/src/tizidletoloaded.c" bodystart="105" bodyend="109"/>
      </memberdef>
      <memberdef kind="function" id="tizidletoloaded_8c_1abf8b7b79e480e0f47674f952e26ee085" prot="public" static="yes" const="no" explicit="no" inline="no" virt="non-virtual">
        <type>OMX_ERRORTYPE</type>
        <definition>static OMX_ERRORTYPE idletoloaded_FillThisBuffer</definition>
        <argsstring>(const void *ap_obj, OMX_HANDLETYPE ap_hdl, OMX_BUFFERHEADERTYPE *ap_buf)</argsstring>
        <name>idletoloaded_FillThisBuffer</name>
        <param>
          <type>const void *</type>
          <declname>ap_obj</declname>
        </param>
        <param>
          <type>OMX_HANDLETYPE</type>
          <declname>ap_hdl</declname>
        </param>
        <param>
          <type>OMX_BUFFERHEADERTYPE *</type>
          <declname>ap_buf</declname>
        </param>
        <briefdescription>
        </briefdescription>
        <detaileddescription>
        </detaileddescription>
        <inbodydescription>
        </inbodydescription>
        <location file="/home/joni/work/tizonia-master/libtizonia/src/tizidletoloaded.c" line="112" column="1" bodyfile="/home/joni/work/tizonia-master/libtizonia/src/tizidletoloaded.c" bodystart="112" bodyend="116"/>
      </memberdef>
      <memberdef kind="function" id="tizidletoloaded_8c_1a455cbef523baa75c28d793bd219fcc41" prot="public" static="yes" const="no" explicit="no" inline="no" virt="non-virtual">
        <type>OMX_ERRORTYPE</type>
        <definition>static OMX_ERRORTYPE idletoloaded_trans_complete</definition>
        <argsstring>(const void *ap_obj, OMX_PTR ap_servant, OMX_STATETYPE a_new_state)</argsstring>
        <name>idletoloaded_trans_complete</name>
        <param>
          <type>const void *</type>
          <declname>ap_obj</declname>
        </param>
        <param>
          <type>OMX_PTR</type>
          <declname>ap_servant</declname>
        </param>
        <param>
          <type>OMX_STATETYPE</type>
          <declname>a_new_state</declname>
        </param>
        <briefdescription>
        </briefdescription>
        <detaileddescription>
        </detaileddescription>
        <inbodydescription>
        </inbodydescription>
        <location file="/home/joni/work/tizonia-master/libtizonia/src/tizidletoloaded.c" line="123" column="1" bodyfile="/home/joni/work/tizonia-master/libtizonia/src/tizidletoloaded.c" bodystart="123" bodyend="131"/>
      </memberdef>
      <memberdef kind="function" id="tizidletoloaded_8c_1acb7033f4d47a9b0facaa044336d1b270" prot="public" static="yes" const="no" explicit="no" inline="no" virt="non-virtual">
        <type>void *</type>
        <definition>static void* idletoloaded_class_ctor</definition>
        <argsstring>(void *ap_obj, va_list *app)</argsstring>
        <name>idletoloaded_class_ctor</name>
        <param>
          <type>void *</type>
          <declname>ap_obj</declname>
        </param>
        <param>
          <type>va_list *</type>
          <declname>app</declname>
        </param>
        <briefdescription>
        </briefdescription>
        <detaileddescription>
        </detaileddescription>
        <inbodydescription>
        </inbodydescription>
        <location file="/home/joni/work/tizonia-master/libtizonia/src/tizidletoloaded.c" line="138" column="1" bodyfile="/home/joni/work/tizonia-master/libtizonia/src/tizidletoloaded.c" bodystart="138" bodyend="142"/>
      </memberdef>
      <memberdef kind="function" id="tizidletoloaded_8c_1a80dd214e5f2c97c336608ae0b58f618d" prot="public" static="no" const="no" explicit="no" inline="no" virt="non-virtual">
        <type>void *</type>
        <definition>void* tiz_idletoloaded_class_init</definition>
        <argsstring>(void *ap_tos, void *ap_hdl)</argsstring>
        <name>tiz_idletoloaded_class_init</name>
        <param>
          <type>void *</type>
          <declname>ap_tos</declname>
        </param>
        <param>
          <type>void *</type>
          <declname>ap_hdl</declname>
        </param>
        <briefdescription>
        </briefdescription>
        <detaileddescription>
        </detaileddescription>
        <inbodydescription>
        </inbodydescription>
        <location file="/home/joni/work/tizonia-master/libtizonia/src/tizidletoloaded.c" line="149" column="1" bodyfile="/home/joni/work/tizonia-master/libtizonia/src/tizidletoloaded.c" bodystart="149" bodyend="157"/>
      </memberdef>
      <memberdef kind="function" id="tizidletoloaded_8c_1a621e5983161d48aa544fd8f6514a46b9" prot="public" static="no" const="no" explicit="no" inline="no" virt="non-virtual">
        <type>void *</type>
        <definition>void* tiz_idletoloaded_init</definition>
        <argsstring>(void *ap_tos, void *ap_hdl)</argsstring>
        <name>tiz_idletoloaded_init</name>
        <param>
          <type>void *</type>
          <declname>ap_tos</declname>
        </param>
        <param>
          <type>void *</type>
          <declname>ap_hdl</declname>
        </param>
        <briefdescription>
        </briefdescription>
        <detaileddescription>
        </detaileddescription>
        <inbodydescription>
        </inbodydescription>
        <location file="/home/joni/work/tizonia-master/libtizonia/src/tizidletoloaded.c" line="160" column="1" bodyfile="/home/joni/work/tizonia-master/libtizonia/src/tizidletoloaded.c" bodystart="160" bodyend="177"/>
      </memberdef>
      </sectiondef>
    <briefdescription>
<para>Tizonia OpenMAX IL - IdleToLoaded OMX IL substate implementation. </para>    </briefdescription>
    <detaileddescription>
<para>Copyright (C) 2011-2018 Aratelia Limited - Juan A. Rubio</para><para>This file is part of Tizonia</para><para>Tizonia is free software: you can redistribute it and/or modify it under the terms of the GNU Lesser General Public License as published by the Free Software Foundation, either version 3 of the License, or (at your option) any later version.</para><para>Tizonia is distributed in the hope that it will be useful, but WITHOUT ANY WARRANTY; without even the implied warranty of MERCHANTABILITY or FITNESS FOR A PARTICULAR PURPOSE. See the GNU Lesser General Public License for more details.</para><para>You should have received a copy of the GNU Lesser General Public License along with Tizonia. If not, see <ulink url="http://www.gnu.org/licenses/">http://www.gnu.org/licenses/</ulink>.</para><para><simplesect kind="author"><para>Juan A. Rubio <ulink url="mailto:juan.rubio@aratelia.com">juan.rubio@aratelia.com</ulink> </para></simplesect>
</para>    </detaileddescription>
    <programlisting>
<codeline lineno="1"></codeline>
<codeline lineno="29"><highlight class="preprocessor">#ifdef<sp/>HAVE_CONFIG_H</highlight><highlight class="normal"></highlight></codeline>
<codeline lineno="30"><highlight class="normal"></highlight><highlight class="preprocessor">#include<sp/>&lt;config.h&gt;</highlight><highlight class="normal"></highlight></codeline>
<codeline lineno="31"><highlight class="normal"></highlight><highlight class="preprocessor">#endif</highlight><highlight class="normal"></highlight></codeline>
<codeline lineno="32"><highlight class="normal"></highlight></codeline>
<codeline lineno="33"><highlight class="normal"></highlight><highlight class="preprocessor">#include<sp/>&quot;tizidletoloaded.h&quot;</highlight><highlight class="normal"></highlight></codeline>
<codeline lineno="34"><highlight class="normal"></highlight><highlight class="preprocessor">#include<sp/>&quot;tizstate.h&quot;</highlight><highlight class="normal"></highlight></codeline>
<codeline lineno="35"><highlight class="normal"></highlight><highlight class="preprocessor">#include<sp/>&quot;tizstate_decls.h&quot;</highlight><highlight class="normal"></highlight></codeline>
<codeline lineno="36"><highlight class="normal"></highlight><highlight class="preprocessor">#include<sp/>&quot;tizutils.h&quot;</highlight><highlight class="normal"></highlight></codeline>
<codeline lineno="37"><highlight class="normal"></highlight><highlight class="preprocessor">#include<sp/>&quot;tizplatform.h&quot;</highlight><highlight class="normal"></highlight></codeline>
<codeline lineno="38"><highlight class="normal"></highlight></codeline>
<codeline lineno="39"><highlight class="normal"></highlight><highlight class="preprocessor">#include<sp/>&lt;assert.h&gt;</highlight><highlight class="normal"></highlight></codeline>
<codeline lineno="40"><highlight class="normal"></highlight></codeline>
<codeline lineno="41"><highlight class="normal"></highlight><highlight class="preprocessor">#ifdef<sp/>TIZ_LOG_CATEGORY_NAME</highlight><highlight class="normal"></highlight></codeline>
<codeline lineno="42"><highlight class="normal"></highlight><highlight class="preprocessor">#undef<sp/>TIZ_LOG_CATEGORY_NAME</highlight><highlight class="normal"></highlight></codeline>
<codeline lineno="43"><highlight class="normal"></highlight><highlight class="preprocessor">#define<sp/>TIZ_LOG_CATEGORY_NAME<sp/>&quot;tiz.tizonia.fsm.idletoloaded&quot;</highlight><highlight class="normal"></highlight></codeline>
<codeline lineno="44"><highlight class="normal"></highlight><highlight class="preprocessor">#endif</highlight><highlight class="normal"></highlight></codeline>
<codeline lineno="45"><highlight class="normal"></highlight></codeline>
<codeline lineno="46"><highlight class="normal"></highlight><highlight class="keyword">static</highlight><highlight class="normal"><sp/></highlight><highlight class="keywordtype">void</highlight><highlight class="normal"><sp/>*</highlight></codeline>
<codeline lineno="47"><highlight class="normal">idletoloaded_ctor<sp/>(</highlight><highlight class="keywordtype">void</highlight><highlight class="normal"><sp/>*<sp/>ap_obj,<sp/>va_list<sp/>*<sp/>app)</highlight></codeline>
<codeline lineno="48"><highlight class="normal">{</highlight></codeline>
<codeline lineno="49"><highlight class="normal"><sp/><sp/><ref refid="structtiz__idletoloaded" kindref="compound">tiz_idletoloaded_t</ref><sp/>*<sp/>p_obj</highlight></codeline>
<codeline lineno="50"><highlight class="normal"><sp/><sp/><sp/><sp/>=<sp/>super_ctor<sp/>(typeOf<sp/>(ap_obj,<sp/></highlight><highlight class="stringliteral">&quot;tizidletoloaded&quot;</highlight><highlight class="normal">),<sp/>ap_obj,<sp/>app);</highlight></codeline>
<codeline lineno="51"><highlight class="normal"><sp/><sp/></highlight><highlight class="keywordflow">return</highlight><highlight class="normal"><sp/>p_obj;</highlight></codeline>
<codeline lineno="52"><highlight class="normal">}</highlight></codeline>
<codeline lineno="53"><highlight class="normal"></highlight></codeline>
<codeline lineno="54"><highlight class="normal"></highlight><highlight class="keyword">static</highlight><highlight class="normal"><sp/></highlight><highlight class="keywordtype">void</highlight><highlight class="normal"><sp/>*</highlight></codeline>
<codeline lineno="55"><highlight class="normal">idletoloaded_dtor<sp/>(</highlight><highlight class="keywordtype">void</highlight><highlight class="normal"><sp/>*<sp/>ap_obj)</highlight></codeline>
<codeline lineno="56"><highlight class="normal">{</highlight></codeline>
<codeline lineno="57"><highlight class="normal"><sp/><sp/></highlight><highlight class="keywordflow">return</highlight><highlight class="normal"><sp/>super_dtor<sp/>(typeOf<sp/>(ap_obj,<sp/></highlight><highlight class="stringliteral">&quot;tizidletoloaded&quot;</highlight><highlight class="normal">),<sp/>ap_obj);</highlight></codeline>
<codeline lineno="58"><highlight class="normal">}</highlight></codeline>
<codeline lineno="59"><highlight class="normal"></highlight></codeline>
<codeline lineno="60"><highlight class="normal"></highlight><highlight class="comment">/*</highlight></codeline>
<codeline lineno="61"><highlight class="comment"><sp/>*<sp/>from<sp/>tiz_api<sp/>class</highlight></codeline>
<codeline lineno="62"><highlight class="comment"><sp/>*/</highlight><highlight class="normal"></highlight></codeline>
<codeline lineno="63"><highlight class="normal"></highlight></codeline>
<codeline lineno="64"><highlight class="normal"></highlight><highlight class="keyword">static</highlight><highlight class="normal"><sp/>OMX_ERRORTYPE</highlight></codeline>
<codeline lineno="65"><highlight class="normal">idletoloaded_SetParameter<sp/>(</highlight><highlight class="keyword">const</highlight><highlight class="normal"><sp/></highlight><highlight class="keywordtype">void</highlight><highlight class="normal"><sp/>*<sp/>ap_obj,<sp/>OMX_HANDLETYPE<sp/>ap_hdl,</highlight></codeline>
<codeline lineno="66"><highlight class="normal"><sp/><sp/><sp/><sp/><sp/><sp/><sp/><sp/><sp/><sp/><sp/><sp/><sp/><sp/><sp/><sp/><sp/><sp/><sp/><sp/><sp/><sp/><sp/><sp/><sp/><sp/><sp/>OMX_INDEXTYPE<sp/>a_index,<sp/>OMX_PTR<sp/>ap_struct)</highlight></codeline>
<codeline lineno="67"><highlight class="normal">{</highlight></codeline>
<codeline lineno="68"><highlight class="normal"><sp/><sp/></highlight><highlight class="keywordflow">return</highlight><highlight class="normal"><sp/>OMX_ErrorNotImplemented;</highlight></codeline>
<codeline lineno="69"><highlight class="normal">}</highlight></codeline>
<codeline lineno="70"><highlight class="normal"></highlight></codeline>
<codeline lineno="71"><highlight class="normal"></highlight><highlight class="keyword">static</highlight><highlight class="normal"><sp/>OMX_ERRORTYPE</highlight></codeline>
<codeline lineno="72"><highlight class="normal">idletoloaded_GetState<sp/>(</highlight><highlight class="keyword">const</highlight><highlight class="normal"><sp/></highlight><highlight class="keywordtype">void</highlight><highlight class="normal"><sp/>*<sp/>ap_obj,<sp/>OMX_HANDLETYPE<sp/>ap_hdl,</highlight></codeline>
<codeline lineno="73"><highlight class="normal"><sp/><sp/><sp/><sp/><sp/><sp/><sp/><sp/><sp/><sp/><sp/><sp/><sp/><sp/><sp/><sp/><sp/><sp/><sp/><sp/><sp/><sp/><sp/>OMX_STATETYPE<sp/>*<sp/>ap_state)</highlight></codeline>
<codeline lineno="74"><highlight class="normal">{</highlight></codeline>
<codeline lineno="75"><highlight class="normal"><sp/><sp/>*ap_state<sp/>=<sp/>OMX_StateIdle;</highlight></codeline>
<codeline lineno="76"><highlight class="normal"><sp/><sp/></highlight><highlight class="keywordflow">return</highlight><highlight class="normal"><sp/>OMX_ErrorNone;</highlight></codeline>
<codeline lineno="77"><highlight class="normal">}</highlight></codeline>
<codeline lineno="78"><highlight class="normal"></highlight></codeline>
<codeline lineno="79"><highlight class="normal"></highlight><highlight class="keyword">static</highlight><highlight class="normal"><sp/>OMX_ERRORTYPE</highlight></codeline>
<codeline lineno="80"><highlight class="normal">idletoloaded_UseBuffer<sp/>(</highlight><highlight class="keyword">const</highlight><highlight class="normal"><sp/></highlight><highlight class="keywordtype">void</highlight><highlight class="normal"><sp/>*<sp/>ap_obj,<sp/>OMX_HANDLETYPE<sp/>ap_hdl,</highlight></codeline>
<codeline lineno="81"><highlight class="normal"><sp/><sp/><sp/><sp/><sp/><sp/><sp/><sp/><sp/><sp/><sp/><sp/><sp/><sp/><sp/><sp/><sp/><sp/><sp/><sp/><sp/><sp/><sp/><sp/>OMX_BUFFERHEADERTYPE<sp/>**<sp/>app_buf_hdr,</highlight></codeline>
<codeline lineno="82"><highlight class="normal"><sp/><sp/><sp/><sp/><sp/><sp/><sp/><sp/><sp/><sp/><sp/><sp/><sp/><sp/><sp/><sp/><sp/><sp/><sp/><sp/><sp/><sp/><sp/><sp/>OMX_U32<sp/>a_port_index,<sp/>OMX_PTR<sp/>ap_app_private,</highlight></codeline>
<codeline lineno="83"><highlight class="normal"><sp/><sp/><sp/><sp/><sp/><sp/><sp/><sp/><sp/><sp/><sp/><sp/><sp/><sp/><sp/><sp/><sp/><sp/><sp/><sp/><sp/><sp/><sp/><sp/>OMX_U32<sp/>a_size_bytes,<sp/>OMX_U8<sp/>*<sp/>ap_buf)</highlight></codeline>
<codeline lineno="84"><highlight class="normal">{</highlight></codeline>
<codeline lineno="85"><highlight class="normal"><sp/><sp/></highlight><highlight class="keywordflow">return</highlight><highlight class="normal"><sp/>OMX_ErrorNotImplemented;</highlight></codeline>
<codeline lineno="86"><highlight class="normal">}</highlight></codeline>
<codeline lineno="87"><highlight class="normal"></highlight></codeline>
<codeline lineno="88"><highlight class="normal"></highlight><highlight class="keyword">static</highlight><highlight class="normal"><sp/>OMX_ERRORTYPE</highlight></codeline>
<codeline lineno="89"><highlight class="normal">idletoloaded_AllocateBuffer<sp/>(</highlight><highlight class="keyword">const</highlight><highlight class="normal"><sp/></highlight><highlight class="keywordtype">void</highlight><highlight class="normal"><sp/>*<sp/>ap_obj,<sp/>OMX_HANDLETYPE<sp/>ap_hdl,</highlight></codeline>
<codeline lineno="90"><highlight class="normal"><sp/><sp/><sp/><sp/><sp/><sp/><sp/><sp/><sp/><sp/><sp/><sp/><sp/><sp/><sp/><sp/><sp/><sp/><sp/><sp/><sp/><sp/><sp/><sp/><sp/><sp/><sp/><sp/><sp/>OMX_BUFFERHEADERTYPE<sp/>**<sp/>pap_buf,</highlight></codeline>
<codeline lineno="91"><highlight class="normal"><sp/><sp/><sp/><sp/><sp/><sp/><sp/><sp/><sp/><sp/><sp/><sp/><sp/><sp/><sp/><sp/><sp/><sp/><sp/><sp/><sp/><sp/><sp/><sp/><sp/><sp/><sp/><sp/><sp/>OMX_U32<sp/>a_port_index,<sp/>OMX_PTR<sp/>ap_app_private,</highlight></codeline>
<codeline lineno="92"><highlight class="normal"><sp/><sp/><sp/><sp/><sp/><sp/><sp/><sp/><sp/><sp/><sp/><sp/><sp/><sp/><sp/><sp/><sp/><sp/><sp/><sp/><sp/><sp/><sp/><sp/><sp/><sp/><sp/><sp/><sp/>OMX_U32<sp/>a_size_bytes)</highlight></codeline>
<codeline lineno="93"><highlight class="normal">{</highlight></codeline>
<codeline lineno="94"><highlight class="normal"><sp/><sp/></highlight><highlight class="keywordflow">return</highlight><highlight class="normal"><sp/>OMX_ErrorNotImplemented;</highlight></codeline>
<codeline lineno="95"><highlight class="normal">}</highlight></codeline>
<codeline lineno="96"><highlight class="normal"></highlight></codeline>
<codeline lineno="97"><highlight class="normal"></highlight><highlight class="keyword">static</highlight><highlight class="normal"><sp/>OMX_ERRORTYPE</highlight></codeline>
<codeline lineno="98"><highlight class="normal">idletoloaded_FreeBuffer<sp/>(</highlight><highlight class="keyword">const</highlight><highlight class="normal"><sp/></highlight><highlight class="keywordtype">void</highlight><highlight class="normal"><sp/>*<sp/>ap_obj,<sp/>OMX_HANDLETYPE<sp/>ap_hdl,</highlight></codeline>
<codeline lineno="99"><highlight class="normal"><sp/><sp/><sp/><sp/><sp/><sp/><sp/><sp/><sp/><sp/><sp/><sp/><sp/><sp/><sp/><sp/><sp/><sp/><sp/><sp/><sp/><sp/><sp/><sp/><sp/>OMX_U32<sp/>a_port_index,<sp/>OMX_BUFFERHEADERTYPE<sp/>*<sp/>ap_buf)</highlight></codeline>
<codeline lineno="100"><highlight class="normal">{</highlight></codeline>
<codeline lineno="101"><highlight class="normal"><sp/><sp/></highlight><highlight class="keywordflow">return</highlight><highlight class="normal"><sp/>OMX_ErrorNotImplemented;</highlight></codeline>
<codeline lineno="102"><highlight class="normal">}</highlight></codeline>
<codeline lineno="103"><highlight class="normal"></highlight></codeline>
<codeline lineno="104"><highlight class="normal"></highlight><highlight class="keyword">static</highlight><highlight class="normal"><sp/>OMX_ERRORTYPE</highlight></codeline>
<codeline lineno="105"><highlight class="normal">idletoloaded_EmptyThisBuffer<sp/>(</highlight><highlight class="keyword">const</highlight><highlight class="normal"><sp/></highlight><highlight class="keywordtype">void</highlight><highlight class="normal"><sp/>*<sp/>ap_obj,<sp/>OMX_HANDLETYPE<sp/>ap_hdl,</highlight></codeline>
<codeline lineno="106"><highlight class="normal"><sp/><sp/><sp/><sp/><sp/><sp/><sp/><sp/><sp/><sp/><sp/><sp/><sp/><sp/><sp/><sp/><sp/><sp/><sp/><sp/><sp/><sp/><sp/><sp/><sp/><sp/><sp/><sp/><sp/><sp/>OMX_BUFFERHEADERTYPE<sp/>*<sp/>ap_buf)</highlight></codeline>
<codeline lineno="107"><highlight class="normal">{</highlight></codeline>
<codeline lineno="108"><highlight class="normal"><sp/><sp/></highlight><highlight class="keywordflow">return</highlight><highlight class="normal"><sp/>OMX_ErrorNotImplemented;</highlight></codeline>
<codeline lineno="109"><highlight class="normal">}</highlight></codeline>
<codeline lineno="110"><highlight class="normal"></highlight></codeline>
<codeline lineno="111"><highlight class="normal"></highlight><highlight class="keyword">static</highlight><highlight class="normal"><sp/>OMX_ERRORTYPE</highlight></codeline>
<codeline lineno="112"><highlight class="normal">idletoloaded_FillThisBuffer<sp/>(</highlight><highlight class="keyword">const</highlight><highlight class="normal"><sp/></highlight><highlight class="keywordtype">void</highlight><highlight class="normal"><sp/>*<sp/>ap_obj,<sp/>OMX_HANDLETYPE<sp/>ap_hdl,</highlight></codeline>
<codeline lineno="113"><highlight class="normal"><sp/><sp/><sp/><sp/><sp/><sp/><sp/><sp/><sp/><sp/><sp/><sp/><sp/><sp/><sp/><sp/><sp/><sp/><sp/><sp/><sp/><sp/><sp/><sp/><sp/><sp/><sp/><sp/><sp/>OMX_BUFFERHEADERTYPE<sp/>*<sp/>ap_buf)</highlight></codeline>
<codeline lineno="114"><highlight class="normal">{</highlight></codeline>
<codeline lineno="115"><highlight class="normal"><sp/><sp/></highlight><highlight class="keywordflow">return</highlight><highlight class="normal"><sp/>OMX_ErrorNotImplemented;</highlight></codeline>
<codeline lineno="116"><highlight class="normal">}</highlight></codeline>
<codeline lineno="117"><highlight class="normal"></highlight></codeline>
<codeline lineno="118"><highlight class="normal"></highlight><highlight class="comment">/*</highlight></codeline>
<codeline lineno="119"><highlight class="comment"><sp/>*<sp/>from<sp/>tiz_state<sp/>class</highlight></codeline>
<codeline lineno="120"><highlight class="comment"><sp/>*/</highlight><highlight class="normal"></highlight></codeline>
<codeline lineno="121"><highlight class="normal"></highlight></codeline>
<codeline lineno="122"><highlight class="normal"></highlight><highlight class="keyword">static</highlight><highlight class="normal"><sp/>OMX_ERRORTYPE</highlight></codeline>
<codeline lineno="123"><highlight class="normal">idletoloaded_trans_complete<sp/>(</highlight><highlight class="keyword">const</highlight><highlight class="normal"><sp/></highlight><highlight class="keywordtype">void</highlight><highlight class="normal"><sp/>*<sp/>ap_obj,<sp/>OMX_PTR<sp/>ap_servant,</highlight></codeline>
<codeline lineno="124"><highlight class="normal"><sp/><sp/><sp/><sp/><sp/><sp/><sp/><sp/><sp/><sp/><sp/><sp/><sp/><sp/><sp/><sp/><sp/><sp/><sp/><sp/><sp/><sp/><sp/><sp/><sp/><sp/><sp/><sp/><sp/>OMX_STATETYPE<sp/>a_new_state)</highlight></codeline>
<codeline lineno="125"><highlight class="normal">{</highlight></codeline>
<codeline lineno="126"><highlight class="normal"><sp/><sp/>TIZ_TRACE<sp/>(handleOf<sp/>(ap_servant),<sp/></highlight><highlight class="stringliteral">&quot;Trans<sp/>complete<sp/>to<sp/>state<sp/>[%s]...&quot;</highlight><highlight class="normal">,</highlight></codeline>
<codeline lineno="127"><highlight class="normal"><sp/><sp/><sp/><sp/><sp/><sp/><sp/><sp/><sp/><sp/><sp/><sp/><sp/>tiz_fsm_state_to_str<sp/>((tiz_fsm_state_id_t)<sp/>a_new_state));</highlight></codeline>
<codeline lineno="128"><highlight class="normal"><sp/><sp/>assert<sp/>(OMX_StateLoaded<sp/>==<sp/>a_new_state);</highlight></codeline>
<codeline lineno="129"><highlight class="normal"><sp/><sp/></highlight><highlight class="keywordflow">return</highlight><highlight class="normal"><sp/>tiz_state_super_trans_complete<sp/>(typeOf<sp/>(ap_obj,<sp/></highlight><highlight class="stringliteral">&quot;tizidletoloaded&quot;</highlight><highlight class="normal">),</highlight></codeline>
<codeline lineno="130"><highlight class="normal"><sp/><sp/><sp/><sp/><sp/><sp/><sp/><sp/><sp/><sp/><sp/><sp/><sp/><sp/><sp/><sp/><sp/><sp/><sp/><sp/><sp/><sp/><sp/><sp/><sp/><sp/><sp/><sp/><sp/><sp/><sp/><sp/><sp/><sp/><sp/><sp/><sp/><sp/><sp/><sp/><sp/>ap_obj,<sp/>ap_servant,<sp/>a_new_state);</highlight></codeline>
<codeline lineno="131"><highlight class="normal">}</highlight></codeline>
<codeline lineno="132"><highlight class="normal"></highlight></codeline>
<codeline lineno="133"><highlight class="normal"></highlight><highlight class="comment">/*</highlight></codeline>
<codeline lineno="134"><highlight class="comment"><sp/>*<sp/>idletoloaded_class</highlight></codeline>
<codeline lineno="135"><highlight class="comment"><sp/>*/</highlight><highlight class="normal"></highlight></codeline>
<codeline lineno="136"><highlight class="normal"></highlight></codeline>
<codeline lineno="137"><highlight class="normal"></highlight><highlight class="keyword">static</highlight><highlight class="normal"><sp/></highlight><highlight class="keywordtype">void</highlight><highlight class="normal"><sp/>*</highlight></codeline>
<codeline lineno="138"><highlight class="normal">idletoloaded_class_ctor<sp/>(</highlight><highlight class="keywordtype">void</highlight><highlight class="normal"><sp/>*<sp/>ap_obj,<sp/>va_list<sp/>*<sp/>app)</highlight></codeline>
<codeline lineno="139"><highlight class="normal">{</highlight></codeline>
<codeline lineno="140"><highlight class="normal"><sp/><sp/></highlight><highlight class="comment">/*<sp/>NOTE:<sp/>Class<sp/>methods<sp/>might<sp/>be<sp/>added<sp/>in<sp/>the<sp/>future.<sp/>None<sp/>for<sp/>now.<sp/>*/</highlight><highlight class="normal"></highlight></codeline>
<codeline lineno="141"><highlight class="normal"><sp/><sp/></highlight><highlight class="keywordflow">return</highlight><highlight class="normal"><sp/>super_ctor<sp/>(typeOf<sp/>(ap_obj,<sp/></highlight><highlight class="stringliteral">&quot;tizidletoloaded_class&quot;</highlight><highlight class="normal">),<sp/>ap_obj,<sp/>app);</highlight></codeline>
<codeline lineno="142"><highlight class="normal">}</highlight></codeline>
<codeline lineno="143"><highlight class="normal"></highlight></codeline>
<codeline lineno="144"><highlight class="normal"></highlight><highlight class="comment">/*</highlight></codeline>
<codeline lineno="145"><highlight class="comment"><sp/>*<sp/>initialization</highlight></codeline>
<codeline lineno="146"><highlight class="comment"><sp/>*/</highlight><highlight class="normal"></highlight></codeline>
<codeline lineno="147"><highlight class="normal"></highlight></codeline>
<codeline lineno="148"><highlight class="normal"></highlight><highlight class="keywordtype">void</highlight><highlight class="normal"><sp/>*</highlight></codeline>
<codeline lineno="149"><highlight class="normal">tiz_idletoloaded_class_init<sp/>(</highlight><highlight class="keywordtype">void</highlight><highlight class="normal"><sp/>*<sp/>ap_tos,<sp/></highlight><highlight class="keywordtype">void</highlight><highlight class="normal"><sp/>*<sp/>ap_hdl)</highlight></codeline>
<codeline lineno="150"><highlight class="normal">{</highlight></codeline>
<codeline lineno="151"><highlight class="normal"><sp/><sp/></highlight><highlight class="keywordtype">void</highlight><highlight class="normal"><sp/>*<sp/>tizidle<sp/>=<sp/><ref refid="group__tizscheduler_1gacf2f63dcdf377b97875517fb7fca9425" kindref="member">tiz_get_type</ref><sp/>(ap_hdl,<sp/></highlight><highlight class="stringliteral">&quot;tizidle&quot;</highlight><highlight class="normal">);</highlight></codeline>
<codeline lineno="152"><highlight class="normal"><sp/><sp/></highlight><highlight class="keywordtype">void</highlight><highlight class="normal"><sp/>*<sp/>tizidletoloaded_class</highlight></codeline>
<codeline lineno="153"><highlight class="normal"><sp/><sp/><sp/><sp/>=<sp/>factory_new<sp/>(classOf<sp/>(tizidle),<sp/></highlight><highlight class="stringliteral">&quot;tizidletoloaded_class&quot;</highlight><highlight class="normal">,</highlight></codeline>
<codeline lineno="154"><highlight class="normal"><sp/><sp/><sp/><sp/><sp/><sp/><sp/><sp/><sp/><sp/><sp/><sp/><sp/><sp/><sp/><sp/><sp/><sp/><sp/>classOf<sp/>(tizidle),<sp/></highlight><highlight class="keyword">sizeof</highlight><highlight class="normal"><sp/>(<ref refid="structtiz__idletoloaded__class" kindref="compound">tiz_idletoloaded_class_t</ref>),<sp/>ap_tos,</highlight></codeline>
<codeline lineno="155"><highlight class="normal"><sp/><sp/><sp/><sp/><sp/><sp/><sp/><sp/><sp/><sp/><sp/><sp/><sp/><sp/><sp/><sp/><sp/><sp/><sp/>ap_hdl,<sp/>ctor,<sp/>idletoloaded_class_ctor,<sp/>0);</highlight></codeline>
<codeline lineno="156"><highlight class="normal"><sp/><sp/></highlight><highlight class="keywordflow">return</highlight><highlight class="normal"><sp/>tizidletoloaded_class;</highlight></codeline>
<codeline lineno="157"><highlight class="normal">}</highlight></codeline>
<codeline lineno="158"><highlight class="normal"></highlight></codeline>
<codeline lineno="159"><highlight class="normal"></highlight><highlight class="keywordtype">void</highlight><highlight class="normal"><sp/>*</highlight></codeline>
<codeline lineno="160"><highlight class="normal">tiz_idletoloaded_init<sp/>(</highlight><highlight class="keywordtype">void</highlight><highlight class="normal"><sp/>*<sp/>ap_tos,<sp/></highlight><highlight class="keywordtype">void</highlight><highlight class="normal"><sp/>*<sp/>ap_hdl)</highlight></codeline>
<codeline lineno="161"><highlight class="normal">{</highlight></codeline>
<codeline lineno="162"><highlight class="normal"><sp/><sp/></highlight><highlight class="keywordtype">void</highlight><highlight class="normal"><sp/>*<sp/>tizidle<sp/>=<sp/><ref refid="group__tizscheduler_1gacf2f63dcdf377b97875517fb7fca9425" kindref="member">tiz_get_type</ref><sp/>(ap_hdl,<sp/></highlight><highlight class="stringliteral">&quot;tizidle&quot;</highlight><highlight class="normal">);</highlight></codeline>
<codeline lineno="163"><highlight class="normal"><sp/><sp/></highlight><highlight class="keywordtype">void</highlight><highlight class="normal"><sp/>*<sp/>tizidletoloaded_class<sp/>=<sp/><ref refid="group__tizscheduler_1gacf2f63dcdf377b97875517fb7fca9425" kindref="member">tiz_get_type</ref><sp/>(ap_hdl,<sp/></highlight><highlight class="stringliteral">&quot;tizidletoloaded_class&quot;</highlight><highlight class="normal">);</highlight></codeline>
<codeline lineno="164"><highlight class="normal"><sp/><sp/>TIZ_LOG_CLASS<sp/>(tizidletoloaded_class);</highlight></codeline>
<codeline lineno="165"><highlight class="normal"><sp/><sp/></highlight><highlight class="keywordtype">void</highlight><highlight class="normal"><sp/>*<sp/>tizidletoloaded<sp/>=<sp/>factory_new<sp/>(</highlight></codeline>
<codeline lineno="166"><highlight class="normal"><sp/><sp/><sp/><sp/>tizidletoloaded_class,<sp/></highlight><highlight class="stringliteral">&quot;tizidletoloaded&quot;</highlight><highlight class="normal">,<sp/>tizidle,</highlight></codeline>
<codeline lineno="167"><highlight class="normal"><sp/><sp/><sp/><sp/></highlight><highlight class="keyword">sizeof</highlight><highlight class="normal"><sp/>(<ref refid="structtiz__idletoloaded" kindref="compound">tiz_idletoloaded_t</ref>),<sp/>ap_tos,<sp/>ap_hdl,<sp/>ctor,<sp/>idletoloaded_ctor,<sp/>dtor,</highlight></codeline>
<codeline lineno="168"><highlight class="normal"><sp/><sp/><sp/><sp/>idletoloaded_dtor,<sp/>tiz_api_SetParameter,<sp/>idletoloaded_SetParameter,</highlight></codeline>
<codeline lineno="169"><highlight class="normal"><sp/><sp/><sp/><sp/>tiz_api_GetState,<sp/>idletoloaded_GetState,<sp/>tiz_api_UseBuffer,</highlight></codeline>
<codeline lineno="170"><highlight class="normal"><sp/><sp/><sp/><sp/>idletoloaded_UseBuffer,<sp/>tiz_api_AllocateBuffer,<sp/>idletoloaded_AllocateBuffer,</highlight></codeline>
<codeline lineno="171"><highlight class="normal"><sp/><sp/><sp/><sp/>tiz_api_FreeBuffer,<sp/>idletoloaded_FreeBuffer,<sp/>tiz_api_EmptyThisBuffer,</highlight></codeline>
<codeline lineno="172"><highlight class="normal"><sp/><sp/><sp/><sp/>idletoloaded_EmptyThisBuffer,<sp/>tiz_api_FillThisBuffer,</highlight></codeline>
<codeline lineno="173"><highlight class="normal"><sp/><sp/><sp/><sp/>idletoloaded_FillThisBuffer,<sp/>tiz_state_trans_complete,</highlight></codeline>
<codeline lineno="174"><highlight class="normal"><sp/><sp/><sp/><sp/>idletoloaded_trans_complete,<sp/>0);</highlight></codeline>
<codeline lineno="175"><highlight class="normal"></highlight></codeline>
<codeline lineno="176"><highlight class="normal"><sp/><sp/></highlight><highlight class="keywordflow">return</highlight><highlight class="normal"><sp/>tizidletoloaded;</highlight></codeline>
<codeline lineno="177"><highlight class="normal">}</highlight></codeline>
    </programlisting>
    <location file="/home/joni/work/tizonia-master/libtizonia/src/tizidletoloaded.c"/>
  </compounddef>
</doxygen>
