<?xml version='1.0' encoding='UTF-8' standalone='no'?>
<doxygen xmlns:xsi="http://www.w3.org/2001/XMLSchema-instance" xsi:noNamespaceSchemaLocation="compound.xsd" version="1.8.11">
  <compounddef id="tizimageport_8c" kind="file" language="C++">
    <compoundname>tizimageport.c</compoundname>
    <includes local="no">assert.h</includes>
    <includes refid="tizplatform_8h" local="no">tizplatform.h</includes>
    <includes refid="tizutils_8h" local="yes">tizutils.h</includes>
    <includes refid="tizimageport_8h" local="yes">tizimageport.h</includes>
    <includes refid="tizimageport__decls_8h" local="yes">tizimageport_decls.h</includes>
    <incdepgraph>
      <node id="1911">
        <label>stdbool.h</label>
      </node>
      <node id="1924">
        <label>stdarg.h</label>
      </node>
      <node id="1928">
        <label>tizport_decls.h</label>
        <link refid="tizport__decls_8h_source"/>
        <childnode refid="1929" relation="include">
        </childnode>
        <childnode refid="1931" relation="include">
        </childnode>
        <childnode refid="1918" relation="include">
        </childnode>
        <childnode refid="1892" relation="include">
        </childnode>
        <childnode refid="1933" relation="include">
        </childnode>
      </node>
      <node id="1929">
        <label>tizport.h</label>
        <link refid="tizport_8h_source"/>
        <childnode refid="1922" relation="include">
        </childnode>
        <childnode refid="1921" relation="include">
        </childnode>
        <childnode refid="1888" relation="include">
        </childnode>
        <childnode refid="1894" relation="include">
        </childnode>
        <childnode refid="1892" relation="include">
        </childnode>
        <childnode refid="1891" relation="include">
        </childnode>
        <childnode refid="1930" relation="include">
        </childnode>
      </node>
      <node id="1887">
        <label>assert.h</label>
      </node>
      <node id="1905">
        <label>tizbuffer.h</label>
        <link refid="tizbuffer_8h_source"/>
        <childnode refid="1894" relation="include">
        </childnode>
        <childnode refid="1891" relation="include">
        </childnode>
      </node>
      <node id="1908">
        <label>tizuuid.h</label>
        <link refid="tizuuid_8h_source"/>
        <childnode refid="1891" relation="include">
        </childnode>
      </node>
      <node id="1907">
        <label>tizthread.h</label>
        <link refid="tizthread_8h_source"/>
        <childnode refid="1894" relation="include">
        </childnode>
        <childnode refid="1891" relation="include">
        </childnode>
        <childnode refid="1901" relation="include">
        </childnode>
      </node>
      <node id="1904">
        <label>stdint.h</label>
      </node>
      <node id="1894">
        <label>OMX_Core.h</label>
      </node>
      <node id="1888">
        <label>tizplatform.h</label>
        <link refid="tizplatform_8h_source"/>
        <childnode refid="1889" relation="include">
        </childnode>
        <childnode refid="1898" relation="include">
        </childnode>
        <childnode refid="1895" relation="include">
        </childnode>
        <childnode refid="1900" relation="include">
        </childnode>
        <childnode refid="1902" relation="include">
        </childnode>
        <childnode refid="1905" relation="include">
        </childnode>
        <childnode refid="1906" relation="include">
        </childnode>
        <childnode refid="1901" relation="include">
        </childnode>
        <childnode refid="1907" relation="include">
        </childnode>
        <childnode refid="1908" relation="include">
        </childnode>
        <childnode refid="1890" relation="include">
        </childnode>
        <childnode refid="1909" relation="include">
        </childnode>
        <childnode refid="1903" relation="include">
        </childnode>
        <childnode refid="1910" relation="include">
        </childnode>
        <childnode refid="1912" relation="include">
        </childnode>
        <childnode refid="1913" relation="include">
        </childnode>
        <childnode refid="1914" relation="include">
        </childnode>
        <childnode refid="1915" relation="include">
        </childnode>
        <childnode refid="1916" relation="include">
        </childnode>
        <childnode refid="1917" relation="include">
        </childnode>
      </node>
      <node id="1932">
        <label>tizobject_decls.h</label>
        <link refid="tizobject__decls_8h_source"/>
        <childnode refid="1897" relation="include">
        </childnode>
        <childnode refid="1924" relation="include">
        </childnode>
      </node>
      <node id="1931">
        <label>tizapi_decls.h</label>
        <link refid="tizapi__decls_8h_source"/>
        <childnode refid="1932" relation="include">
        </childnode>
      </node>
      <node id="1923">
        <label>tizobject.h</label>
        <link refid="tizobject_8h_source"/>
        <childnode refid="1891" relation="include">
        </childnode>
        <childnode refid="1924" relation="include">
        </childnode>
        <childnode refid="1897" relation="include">
        </childnode>
        <childnode refid="1925" relation="include">
        </childnode>
      </node>
      <node id="1892">
        <label>OMX_Component.h</label>
      </node>
      <node id="1903">
        <label>tizsoa.h</label>
        <link refid="tizsoa_8h_source"/>
        <childnode refid="1897" relation="include">
        </childnode>
        <childnode refid="1904" relation="include">
        </childnode>
        <childnode refid="1891" relation="include">
        </childnode>
        <childnode refid="1894" relation="include">
        </childnode>
      </node>
      <node id="1889">
        <label>tizmacros.h</label>
        <link refid="tizmacros_8h_source"/>
        <childnode refid="1890" relation="include">
        </childnode>
        <childnode refid="1897" relation="include">
        </childnode>
      </node>
      <node id="1920">
        <label>tizservant.h</label>
        <link refid="tizservant_8h_source"/>
        <childnode refid="1894" relation="include">
        </childnode>
        <childnode refid="1888" relation="include">
        </childnode>
        <childnode refid="1921" relation="include">
        </childnode>
        <childnode refid="1922" relation="include">
        </childnode>
      </node>
      <node id="1897">
        <label>stddef.h</label>
      </node>
      <node id="1927">
        <label>tizimageport_decls.h</label>
        <link refid="tizimageport__decls_8h_source"/>
        <childnode refid="1928" relation="include">
        </childnode>
      </node>
      <node id="1930">
        <label>limits.h</label>
      </node>
      <node id="1915">
        <label>tizprintf.h</label>
        <link refid="tizprintf_8h_source"/>
      </node>
      <node id="1900">
        <label>tizqueue.h</label>
        <link refid="tizqueue_8h_source"/>
        <childnode refid="1894" relation="include">
        </childnode>
        <childnode refid="1891" relation="include">
        </childnode>
        <childnode refid="1901" relation="include">
        </childnode>
      </node>
      <node id="1899">
        <label>log4c.h</label>
      </node>
      <node id="1896">
        <label>sys/types.h</label>
      </node>
      <node id="1933">
        <label>OMX_TizoniaExt.h</label>
      </node>
      <node id="1895">
        <label>tizmem.h</label>
        <link refid="tizmem_8h_source"/>
        <childnode refid="1896" relation="include">
        </childnode>
        <childnode refid="1891" relation="include">
        </childnode>
      </node>
      <node id="1909">
        <label>tizrc.h</label>
        <link refid="tizrc_8h_source"/>
        <childnode refid="1894" relation="include">
        </childnode>
        <childnode refid="1891" relation="include">
        </childnode>
      </node>
      <node id="1902">
        <label>tizpqueue.h</label>
        <link refid="tizpqueue_8h_source"/>
        <childnode refid="1894" relation="include">
        </childnode>
        <childnode refid="1891" relation="include">
        </childnode>
        <childnode refid="1903" relation="include">
        </childnode>
      </node>
      <node id="1922">
        <label>tizapi.h</label>
        <link refid="tizapi_8h_source"/>
        <childnode refid="1894" relation="include">
        </childnode>
        <childnode refid="1923" relation="include">
        </childnode>
      </node>
      <node id="1891">
        <label>OMX_Types.h</label>
      </node>
      <node id="1901">
        <label>tizsync.h</label>
        <link refid="tizsync_8h_source"/>
        <childnode refid="1894" relation="include">
        </childnode>
        <childnode refid="1891" relation="include">
        </childnode>
      </node>
      <node id="1898">
        <label>tizlog.h</label>
        <link refid="tizlog_8h_source"/>
        <childnode refid="1899" relation="include">
        </childnode>
      </node>
      <node id="1912">
        <label>tizhttp.h</label>
        <link refid="tizhttp_8h_source"/>
        <childnode refid="1894" relation="include">
        </childnode>
        <childnode refid="1891" relation="include">
        </childnode>
      </node>
      <node id="1906">
        <label>tizvector.h</label>
        <link refid="tizvector_8h_source"/>
        <childnode refid="1894" relation="include">
        </childnode>
        <childnode refid="1891" relation="include">
        </childnode>
      </node>
      <node id="1917">
        <label>tizurltransfer.h</label>
        <link refid="tizurltransfer_8h_source"/>
        <childnode refid="1892" relation="include">
        </childnode>
      </node>
      <node id="1916">
        <label>tizshufflelst.h</label>
        <link refid="tizshufflelst_8h_source"/>
        <childnode refid="1894" relation="include">
        </childnode>
        <childnode refid="1891" relation="include">
        </childnode>
      </node>
      <node id="1890">
        <label>tizomxutils.h</label>
        <link refid="tizomxutils_8h_source"/>
        <childnode refid="1891" relation="include">
        </childnode>
        <childnode refid="1892" relation="include">
        </childnode>
        <childnode refid="1893" relation="include">
        </childnode>
        <childnode refid="1894" relation="include">
        </childnode>
        <childnode refid="1895" relation="include">
        </childnode>
      </node>
      <node id="1886">
        <label>/home/joni/work/tizonia-master/libtizonia/src/tizimageport.c</label>
        <link refid="tizimageport.c"/>
        <childnode refid="1887" relation="include">
        </childnode>
        <childnode refid="1888" relation="include">
        </childnode>
        <childnode refid="1918" relation="include">
        </childnode>
        <childnode refid="1926" relation="include">
        </childnode>
        <childnode refid="1927" relation="include">
        </childnode>
      </node>
      <node id="1926">
        <label>tizimageport.h</label>
        <link refid="tizimageport_8h_source"/>
      </node>
      <node id="1918">
        <label>tizutils.h</label>
        <link refid="tizutils_8h_source"/>
        <childnode refid="1891" relation="include">
        </childnode>
        <childnode refid="1894" relation="include">
        </childnode>
        <childnode refid="1919" relation="include">
        </childnode>
      </node>
      <node id="1921">
        <label>tizscheduler.h</label>
        <link refid="tizscheduler_8h_source"/>
        <childnode refid="1894" relation="include">
        </childnode>
        <childnode refid="1891" relation="include">
        </childnode>
        <childnode refid="1892" relation="include">
        </childnode>
        <childnode refid="1888" relation="include">
        </childnode>
      </node>
      <node id="1919">
        <label>tizfsm.h</label>
        <link refid="tizfsm_8h_source"/>
        <childnode refid="1920" relation="include">
        </childnode>
      </node>
      <node id="1913">
        <label>tizmap.h</label>
        <link refid="tizmap_8h_source"/>
        <childnode refid="1911" relation="include">
        </childnode>
        <childnode refid="1894" relation="include">
        </childnode>
        <childnode refid="1891" relation="include">
        </childnode>
        <childnode refid="1903" relation="include">
        </childnode>
      </node>
      <node id="1910">
        <label>tizev.h</label>
        <link refid="tizev_8h_source"/>
        <childnode refid="1911" relation="include">
        </childnode>
        <childnode refid="1904" relation="include">
        </childnode>
        <childnode refid="1894" relation="include">
        </childnode>
        <childnode refid="1891" relation="include">
        </childnode>
      </node>
      <node id="1925">
        <label>stdio.h</label>
      </node>
      <node id="1914">
        <label>tizlimits.h</label>
        <link refid="tizlimits_8h_source"/>
      </node>
      <node id="1893">
        <label>OMX_Audio.h</label>
      </node>
    </incdepgraph>
      <sectiondef kind="func">
      <memberdef kind="function" id="tizimageport_8c_1ad2f4c18d38628a61262cc46033ef7f81" prot="public" static="yes" const="no" explicit="no" inline="no" virt="non-virtual">
        <type>void *</type>
        <definition>static void* imageport_ctor</definition>
        <argsstring>(void *ap_obj, va_list *app)</argsstring>
        <name>imageport_ctor</name>
        <param>
          <type>void *</type>
          <declname>ap_obj</declname>
        </param>
        <param>
          <type>va_list *</type>
          <declname>app</declname>
        </param>
        <briefdescription>
        </briefdescription>
        <detaileddescription>
        </detaileddescription>
        <inbodydescription>
        </inbodydescription>
        <location file="/home/joni/work/tizonia-master/libtizonia/src/tizimageport.c" line="51" column="1" bodyfile="/home/joni/work/tizonia-master/libtizonia/src/tizimageport.c" bodystart="51" bodyend="110"/>
      </memberdef>
      <memberdef kind="function" id="tizimageport_8c_1af62229cf0a5f4eb22223dedd7f56959a" prot="public" static="yes" const="no" explicit="no" inline="no" virt="non-virtual">
        <type>void *</type>
        <definition>static void* imageport_dtor</definition>
        <argsstring>(void *ap_obj)</argsstring>
        <name>imageport_dtor</name>
        <param>
          <type>void *</type>
          <declname>ap_obj</declname>
        </param>
        <briefdescription>
        </briefdescription>
        <detaileddescription>
        </detaileddescription>
        <inbodydescription>
        </inbodydescription>
        <location file="/home/joni/work/tizonia-master/libtizonia/src/tizimageport.c" line="113" column="1" bodyfile="/home/joni/work/tizonia-master/libtizonia/src/tizimageport.c" bodystart="113" bodyend="125"/>
      </memberdef>
      <memberdef kind="function" id="tizimageport_8c_1a7a2bcaf9630fed04698108236ad27a87" prot="public" static="yes" const="no" explicit="no" inline="no" virt="non-virtual">
        <type>OMX_ERRORTYPE</type>
        <definition>static OMX_ERRORTYPE imageport_GetParameter</definition>
        <argsstring>(const void *ap_obj, OMX_HANDLETYPE ap_hdl, OMX_INDEXTYPE a_index, OMX_PTR ap_struct)</argsstring>
        <name>imageport_GetParameter</name>
        <param>
          <type>const void *</type>
          <declname>ap_obj</declname>
        </param>
        <param>
          <type>OMX_HANDLETYPE</type>
          <declname>ap_hdl</declname>
        </param>
        <param>
          <type>OMX_INDEXTYPE</type>
          <declname>a_index</declname>
        </param>
        <param>
          <type>OMX_PTR</type>
          <declname>ap_struct</declname>
        </param>
        <briefdescription>
        </briefdescription>
        <detaileddescription>
        </detaileddescription>
        <inbodydescription>
        </inbodydescription>
        <location file="/home/joni/work/tizonia-master/libtizonia/src/tizimageport.c" line="132" column="1" bodyfile="/home/joni/work/tizonia-master/libtizonia/src/tizimageport.c" bodystart="132" bodyend="190"/>
      </memberdef>
      <memberdef kind="function" id="tizimageport_8c_1aa5c96927eaccbeeecf52afeacb2c9e6e" prot="public" static="yes" const="no" explicit="no" inline="no" virt="non-virtual">
        <type>OMX_ERRORTYPE</type>
        <definition>static OMX_ERRORTYPE imageport_SetParameter</definition>
        <argsstring>(const void *ap_obj, OMX_HANDLETYPE ap_hdl, OMX_INDEXTYPE a_index, OMX_PTR ap_struct)</argsstring>
        <name>imageport_SetParameter</name>
        <param>
          <type>const void *</type>
          <declname>ap_obj</declname>
        </param>
        <param>
          <type>OMX_HANDLETYPE</type>
          <declname>ap_hdl</declname>
        </param>
        <param>
          <type>OMX_INDEXTYPE</type>
          <declname>a_index</declname>
        </param>
        <param>
          <type>OMX_PTR</type>
          <declname>ap_struct</declname>
        </param>
        <briefdescription>
        </briefdescription>
        <detaileddescription>
        </detaileddescription>
        <inbodydescription>
        </inbodydescription>
        <location file="/home/joni/work/tizonia-master/libtizonia/src/tizimageport.c" line="193" column="1" bodyfile="/home/joni/work/tizonia-master/libtizonia/src/tizimageport.c" bodystart="193" bodyend="277"/>
      </memberdef>
      <memberdef kind="function" id="tizimageport_8c_1a4515ad431ea82c04f74bb6d80ed993fb" prot="public" static="yes" const="no" explicit="no" inline="no" virt="non-virtual">
        <type>void *</type>
        <definition>static void* imageport_class_ctor</definition>
        <argsstring>(void *ap_obj, va_list *app)</argsstring>
        <name>imageport_class_ctor</name>
        <param>
          <type>void *</type>
          <declname>ap_obj</declname>
        </param>
        <param>
          <type>va_list *</type>
          <declname>app</declname>
        </param>
        <briefdescription>
        </briefdescription>
        <detaileddescription>
        </detaileddescription>
        <inbodydescription>
        </inbodydescription>
        <location file="/home/joni/work/tizonia-master/libtizonia/src/tizimageport.c" line="284" column="1" bodyfile="/home/joni/work/tizonia-master/libtizonia/src/tizimageport.c" bodystart="284" bodyend="288"/>
      </memberdef>
      <memberdef kind="function" id="tizimageport_8c_1ada401522f421d78136f513755a8cf544" prot="public" static="no" const="no" explicit="no" inline="no" virt="non-virtual">
        <type>void *</type>
        <definition>void* tiz_imageport_class_init</definition>
        <argsstring>(void *ap_tos, void *ap_hdl)</argsstring>
        <name>tiz_imageport_class_init</name>
        <param>
          <type>void *</type>
          <declname>ap_tos</declname>
        </param>
        <param>
          <type>void *</type>
          <declname>ap_hdl</declname>
        </param>
        <briefdescription>
        </briefdescription>
        <detaileddescription>
        </detaileddescription>
        <inbodydescription>
        </inbodydescription>
        <location file="/home/joni/work/tizonia-master/libtizonia/src/tizimageport.c" line="295" column="1" bodyfile="/home/joni/work/tizonia-master/libtizonia/src/tizimageport.c" bodystart="295" bodyend="309"/>
      </memberdef>
      <memberdef kind="function" id="tizimageport_8c_1a29dd3aaa2293f11f485312fe085acaab" prot="public" static="no" const="no" explicit="no" inline="no" virt="non-virtual">
        <type>void *</type>
        <definition>void* tiz_imageport_init</definition>
        <argsstring>(void *ap_tos, void *ap_hdl)</argsstring>
        <name>tiz_imageport_init</name>
        <param>
          <type>void *</type>
          <declname>ap_tos</declname>
        </param>
        <param>
          <type>void *</type>
          <declname>ap_hdl</declname>
        </param>
        <briefdescription>
        </briefdescription>
        <detaileddescription>
        </detaileddescription>
        <inbodydescription>
        </inbodydescription>
        <location file="/home/joni/work/tizonia-master/libtizonia/src/tizimageport.c" line="312" column="1" bodyfile="/home/joni/work/tizonia-master/libtizonia/src/tizimageport.c" bodystart="312" bodyend="334"/>
      </memberdef>
      </sectiondef>
    <briefdescription>
<para>Tizonia OpenMAX IL - imageport class implementation. </para>    </briefdescription>
    <detaileddescription>
<para>Copyright (C) 2011-2018 Aratelia Limited - Juan A. Rubio</para><para>This file is part of Tizonia</para><para>Tizonia is free software: you can redistribute it and/or modify it under the terms of the GNU Lesser General Public License as published by the Free Software Foundation, either version 3 of the License, or (at your option) any later version.</para><para>Tizonia is distributed in the hope that it will be useful, but WITHOUT ANY WARRANTY; without even the implied warranty of MERCHANTABILITY or FITNESS FOR A PARTICULAR PURPOSE. See the GNU Lesser General Public License for more details.</para><para>You should have received a copy of the GNU Lesser General Public License along with Tizonia. If not, see <ulink url="http://www.gnu.org/licenses/">http://www.gnu.org/licenses/</ulink>.</para><para><simplesect kind="author"><para>Juan A. Rubio <ulink url="mailto:juan.rubio@aratelia.com">juan.rubio@aratelia.com</ulink> </para></simplesect>
</para>    </detaileddescription>
    <programlisting>
<codeline lineno="1"></codeline>
<codeline lineno="29"><highlight class="preprocessor">#ifdef<sp/>HAVE_CONFIG_H</highlight><highlight class="normal"></highlight></codeline>
<codeline lineno="30"><highlight class="normal"></highlight><highlight class="preprocessor">#include<sp/>&lt;config.h&gt;</highlight><highlight class="normal"></highlight></codeline>
<codeline lineno="31"><highlight class="normal"></highlight><highlight class="preprocessor">#endif</highlight><highlight class="normal"></highlight></codeline>
<codeline lineno="32"><highlight class="normal"></highlight></codeline>
<codeline lineno="33"><highlight class="normal"></highlight><highlight class="preprocessor">#include<sp/>&lt;assert.h&gt;</highlight><highlight class="normal"></highlight></codeline>
<codeline lineno="34"><highlight class="normal"></highlight></codeline>
<codeline lineno="35"><highlight class="normal"></highlight><highlight class="preprocessor">#include<sp/>&lt;tizplatform.h&gt;</highlight><highlight class="normal"></highlight></codeline>
<codeline lineno="36"><highlight class="normal"></highlight></codeline>
<codeline lineno="37"><highlight class="normal"></highlight><highlight class="preprocessor">#include<sp/>&quot;tizutils.h&quot;</highlight><highlight class="normal"></highlight></codeline>
<codeline lineno="38"><highlight class="normal"></highlight><highlight class="preprocessor">#include<sp/>&quot;tizimageport.h&quot;</highlight><highlight class="normal"></highlight></codeline>
<codeline lineno="39"><highlight class="normal"></highlight><highlight class="preprocessor">#include<sp/>&quot;tizimageport_decls.h&quot;</highlight><highlight class="normal"></highlight></codeline>
<codeline lineno="40"><highlight class="normal"></highlight></codeline>
<codeline lineno="41"><highlight class="normal"></highlight><highlight class="preprocessor">#ifdef<sp/>TIZ_LOG_CATEGORY_NAME</highlight><highlight class="normal"></highlight></codeline>
<codeline lineno="42"><highlight class="normal"></highlight><highlight class="preprocessor">#undef<sp/>TIZ_LOG_CATEGORY_NAME</highlight><highlight class="normal"></highlight></codeline>
<codeline lineno="43"><highlight class="normal"></highlight><highlight class="preprocessor">#define<sp/>TIZ_LOG_CATEGORY_NAME<sp/>&quot;tiz.tizonia.imageport&quot;</highlight><highlight class="normal"></highlight></codeline>
<codeline lineno="44"><highlight class="normal"></highlight><highlight class="preprocessor">#endif</highlight><highlight class="normal"></highlight></codeline>
<codeline lineno="45"><highlight class="normal"></highlight></codeline>
<codeline lineno="46"><highlight class="normal"></highlight><highlight class="comment">/*</highlight></codeline>
<codeline lineno="47"><highlight class="comment"><sp/>*<sp/>tizimageport<sp/>class</highlight></codeline>
<codeline lineno="48"><highlight class="comment"><sp/>*/</highlight><highlight class="normal"></highlight></codeline>
<codeline lineno="49"><highlight class="normal"></highlight></codeline>
<codeline lineno="50"><highlight class="normal"></highlight><highlight class="keyword">static</highlight><highlight class="normal"><sp/></highlight><highlight class="keywordtype">void</highlight><highlight class="normal"><sp/>*</highlight></codeline>
<codeline lineno="51"><highlight class="normal">imageport_ctor<sp/>(</highlight><highlight class="keywordtype">void</highlight><highlight class="normal"><sp/>*<sp/>ap_obj,<sp/>va_list<sp/>*<sp/>app)</highlight></codeline>
<codeline lineno="52"><highlight class="normal">{</highlight></codeline>
<codeline lineno="53"><highlight class="normal"><sp/><sp/><ref refid="structtiz__imageport" kindref="compound">tiz_imageport_t</ref><sp/>*<sp/>p_obj</highlight></codeline>
<codeline lineno="54"><highlight class="normal"><sp/><sp/><sp/><sp/>=<sp/>super_ctor<sp/>(typeOf<sp/>(ap_obj,<sp/></highlight><highlight class="stringliteral">&quot;tizimageport&quot;</highlight><highlight class="normal">),<sp/>ap_obj,<sp/>app);</highlight></codeline>
<codeline lineno="55"><highlight class="normal"><sp/><sp/>OMX_IMAGE_PORTDEFINITIONTYPE<sp/>*<sp/>p_portdef<sp/>=<sp/>NULL;</highlight></codeline>
<codeline lineno="56"><highlight class="normal"><sp/><sp/>OMX_IMAGE_CODINGTYPE<sp/>*<sp/>p_encodings<sp/>=<sp/>NULL;</highlight></codeline>
<codeline lineno="57"><highlight class="normal"><sp/><sp/>OMX_COLOR_FORMATTYPE<sp/>*<sp/>p_formats<sp/>=<sp/>NULL;</highlight></codeline>
<codeline lineno="58"><highlight class="normal"><sp/><sp/>OMX_U32<sp/>i<sp/>=<sp/>0;</highlight></codeline>
<codeline lineno="59"><highlight class="normal"></highlight></codeline>
<codeline lineno="60"><highlight class="normal"><sp/><sp/>tiz_port_register_index<sp/>(p_obj,<sp/>OMX_IndexParamImagePortFormat);</highlight></codeline>
<codeline lineno="61"><highlight class="normal"></highlight></codeline>
<codeline lineno="62"><highlight class="normal"><sp/><sp/>tiz_vector_init<sp/>(&amp;(p_obj-&gt;p_image_encodings_),<sp/>sizeof<sp/>(OMX_IMAGE_CODINGTYPE));</highlight></codeline>
<codeline lineno="63"><highlight class="normal"><sp/><sp/>tiz_vector_init<sp/>(&amp;(p_obj-&gt;p_color_formats_),<sp/>sizeof<sp/>(OMX_COLOR_FORMATTYPE));</highlight></codeline>
<codeline lineno="64"><highlight class="normal"></highlight></codeline>
<codeline lineno="65"><highlight class="normal"><sp/><sp/></highlight><highlight class="comment">/*<sp/>Finalize<sp/>the<sp/>base&apos;s<sp/>port<sp/>definition<sp/>structure<sp/>*/</highlight><highlight class="normal"></highlight></codeline>
<codeline lineno="66"><highlight class="normal"><sp/><sp/></highlight><highlight class="keywordflow">if</highlight><highlight class="normal"><sp/>((p_portdef<sp/>=<sp/>va_arg<sp/>(*app,<sp/>OMX_IMAGE_PORTDEFINITIONTYPE<sp/>*)))</highlight></codeline>
<codeline lineno="67"><highlight class="normal"><sp/><sp/><sp/><sp/>{</highlight></codeline>
<codeline lineno="68"><highlight class="normal"><sp/><sp/><sp/><sp/><sp/><sp/><ref refid="structtiz__port" kindref="compound">tiz_port_t</ref><sp/>*<sp/>p_base<sp/>=<sp/>ap_obj;</highlight></codeline>
<codeline lineno="69"><highlight class="normal"><sp/><sp/><sp/><sp/><sp/><sp/>p_base-&gt;portdef_.format.image.pNativeRender<sp/>=<sp/>p_portdef-&gt;pNativeRender;</highlight></codeline>
<codeline lineno="70"><highlight class="normal"><sp/><sp/><sp/><sp/><sp/><sp/>p_base-&gt;portdef_.format.image.nFrameWidth<sp/>=<sp/>p_portdef-&gt;nFrameWidth;</highlight></codeline>
<codeline lineno="71"><highlight class="normal"><sp/><sp/><sp/><sp/><sp/><sp/>p_base-&gt;portdef_.format.image.nFrameHeight<sp/>=<sp/>p_portdef-&gt;nFrameHeight;</highlight></codeline>
<codeline lineno="72"><highlight class="normal"><sp/><sp/><sp/><sp/><sp/><sp/>p_base-&gt;portdef_.format.image.nStride<sp/>=<sp/>p_portdef-&gt;nStride;</highlight></codeline>
<codeline lineno="73"><highlight class="normal"><sp/><sp/><sp/><sp/><sp/><sp/>p_base-&gt;portdef_.format.image.nSliceHeight<sp/>=<sp/>p_portdef-&gt;nSliceHeight;</highlight></codeline>
<codeline lineno="74"><highlight class="normal"><sp/><sp/><sp/><sp/><sp/><sp/>p_base-&gt;portdef_.format.image.bFlagErrorConcealment</highlight></codeline>
<codeline lineno="75"><highlight class="normal"><sp/><sp/><sp/><sp/><sp/><sp/><sp/><sp/>=<sp/>p_portdef-&gt;bFlagErrorConcealment;</highlight></codeline>
<codeline lineno="76"><highlight class="normal"><sp/><sp/><sp/><sp/><sp/><sp/>p_base-&gt;portdef_.format.image.eCompressionFormat</highlight></codeline>
<codeline lineno="77"><highlight class="normal"><sp/><sp/><sp/><sp/><sp/><sp/><sp/><sp/>=<sp/>p_portdef-&gt;eCompressionFormat;</highlight></codeline>
<codeline lineno="78"><highlight class="normal"><sp/><sp/><sp/><sp/><sp/><sp/>p_base-&gt;portdef_.format.image.eColorFormat<sp/>=<sp/>p_portdef-&gt;eColorFormat;</highlight></codeline>
<codeline lineno="79"><highlight class="normal"><sp/><sp/><sp/><sp/><sp/><sp/>p_base-&gt;portdef_.format.image.pNativeWindow<sp/>=<sp/>p_portdef-&gt;pNativeWindow;</highlight></codeline>
<codeline lineno="80"><highlight class="normal"><sp/><sp/><sp/><sp/>}</highlight></codeline>
<codeline lineno="81"><highlight class="normal"></highlight></codeline>
<codeline lineno="82"><highlight class="normal"><sp/><sp/></highlight><highlight class="comment">/*<sp/>Initialize<sp/>the<sp/>OMX_IMAGE_PARAM_PORTFORMATTYPE<sp/>structure<sp/>*/</highlight><highlight class="normal"></highlight></codeline>
<codeline lineno="83"><highlight class="normal"><sp/><sp/>p_obj-&gt;port_format_.nSize<sp/>=<sp/></highlight><highlight class="keyword">sizeof</highlight><highlight class="normal"><sp/>(OMX_IMAGE_PARAM_PORTFORMATTYPE);</highlight></codeline>
<codeline lineno="84"><highlight class="normal"><sp/><sp/>p_obj-&gt;port_format_.nVersion.nVersion<sp/>=<sp/>OMX_VERSION;</highlight></codeline>
<codeline lineno="85"><highlight class="normal"><sp/><sp/>p_obj-&gt;port_format_.nIndex<sp/>=<sp/>0;</highlight></codeline>
<codeline lineno="86"><highlight class="normal"></highlight></codeline>
<codeline lineno="87"><highlight class="normal"><sp/><sp/></highlight><highlight class="keywordflow">if</highlight><highlight class="normal"><sp/>((p_encodings<sp/>=<sp/>va_arg<sp/>(*app,<sp/>OMX_IMAGE_CODINGTYPE<sp/>*)))</highlight></codeline>
<codeline lineno="88"><highlight class="normal"><sp/><sp/><sp/><sp/>{</highlight></codeline>
<codeline lineno="89"><highlight class="normal"><sp/><sp/><sp/><sp/><sp/><sp/></highlight><highlight class="keywordflow">while</highlight><highlight class="normal"><sp/>(OMX_IMAGE_CodingMax<sp/>!=<sp/>p_encodings[i])</highlight></codeline>
<codeline lineno="90"><highlight class="normal"><sp/><sp/><sp/><sp/><sp/><sp/><sp/><sp/>{</highlight></codeline>
<codeline lineno="91"><highlight class="normal"><sp/><sp/><sp/><sp/><sp/><sp/><sp/><sp/><sp/><sp/>tiz_vector_push_back<sp/>(p_obj-&gt;p_image_encodings_,<sp/>&amp;p_encodings[i++]);</highlight></codeline>
<codeline lineno="92"><highlight class="normal"><sp/><sp/><sp/><sp/><sp/><sp/><sp/><sp/>}</highlight></codeline>
<codeline lineno="93"><highlight class="normal"><sp/><sp/><sp/><sp/>}</highlight></codeline>
<codeline lineno="94"><highlight class="normal"></highlight></codeline>
<codeline lineno="95"><highlight class="normal"><sp/><sp/>i<sp/>=<sp/>0;</highlight></codeline>
<codeline lineno="96"><highlight class="normal"><sp/><sp/></highlight><highlight class="keywordflow">if</highlight><highlight class="normal"><sp/>((p_formats<sp/>=<sp/>va_arg<sp/>(*app,<sp/>OMX_COLOR_FORMATTYPE<sp/>*)))</highlight></codeline>
<codeline lineno="97"><highlight class="normal"><sp/><sp/><sp/><sp/>{</highlight></codeline>
<codeline lineno="98"><highlight class="normal"><sp/><sp/><sp/><sp/><sp/><sp/></highlight><highlight class="keywordflow">while</highlight><highlight class="normal"><sp/>(OMX_COLOR_FormatMax<sp/>!=<sp/>p_formats[i])</highlight></codeline>
<codeline lineno="99"><highlight class="normal"><sp/><sp/><sp/><sp/><sp/><sp/><sp/><sp/>{</highlight></codeline>
<codeline lineno="100"><highlight class="normal"><sp/><sp/><sp/><sp/><sp/><sp/><sp/><sp/><sp/><sp/>tiz_vector_push_back<sp/>(p_obj-&gt;p_color_formats_,<sp/>&amp;p_formats[i++]);</highlight></codeline>
<codeline lineno="101"><highlight class="normal"><sp/><sp/><sp/><sp/><sp/><sp/><sp/><sp/>}</highlight></codeline>
<codeline lineno="102"><highlight class="normal"><sp/><sp/><sp/><sp/>}</highlight></codeline>
<codeline lineno="103"><highlight class="normal"></highlight></codeline>
<codeline lineno="104"><highlight class="normal"><sp/><sp/>p_obj-&gt;port_format_.eCompressionFormat</highlight></codeline>
<codeline lineno="105"><highlight class="normal"><sp/><sp/><sp/><sp/>=<sp/>p_encodings<sp/>?<sp/>p_encodings[0]<sp/>:<sp/>OMX_IMAGE_CodingUnused;</highlight></codeline>
<codeline lineno="106"><highlight class="normal"><sp/><sp/>p_obj-&gt;port_format_.eColorFormat</highlight></codeline>
<codeline lineno="107"><highlight class="normal"><sp/><sp/><sp/><sp/>=<sp/>p_formats<sp/>?<sp/>p_formats[0]<sp/>:<sp/>OMX_COLOR_FormatUnused;</highlight></codeline>
<codeline lineno="108"><highlight class="normal"></highlight></codeline>
<codeline lineno="109"><highlight class="normal"><sp/><sp/></highlight><highlight class="keywordflow">return</highlight><highlight class="normal"><sp/>p_obj;</highlight></codeline>
<codeline lineno="110"><highlight class="normal">}</highlight></codeline>
<codeline lineno="111"><highlight class="normal"></highlight></codeline>
<codeline lineno="112"><highlight class="normal"></highlight><highlight class="keyword">static</highlight><highlight class="normal"><sp/></highlight><highlight class="keywordtype">void</highlight><highlight class="normal"><sp/>*</highlight></codeline>
<codeline lineno="113"><highlight class="normal">imageport_dtor<sp/>(</highlight><highlight class="keywordtype">void</highlight><highlight class="normal"><sp/>*<sp/>ap_obj)</highlight></codeline>
<codeline lineno="114"><highlight class="normal">{</highlight></codeline>
<codeline lineno="115"><highlight class="normal"><sp/><sp/><ref refid="structtiz__imageport" kindref="compound">tiz_imageport_t</ref><sp/>*<sp/>p_obj<sp/>=<sp/>ap_obj;</highlight></codeline>
<codeline lineno="116"><highlight class="normal"><sp/><sp/>assert<sp/>(p_obj);</highlight></codeline>
<codeline lineno="117"><highlight class="normal"></highlight></codeline>
<codeline lineno="118"><highlight class="normal"><sp/><sp/>tiz_vector_clear<sp/>(p_obj-&gt;p_image_encodings_);</highlight></codeline>
<codeline lineno="119"><highlight class="normal"><sp/><sp/>tiz_vector_destroy<sp/>(p_obj-&gt;p_image_encodings_);</highlight></codeline>
<codeline lineno="120"><highlight class="normal"></highlight></codeline>
<codeline lineno="121"><highlight class="normal"><sp/><sp/>tiz_vector_clear<sp/>(p_obj-&gt;p_color_formats_);</highlight></codeline>
<codeline lineno="122"><highlight class="normal"><sp/><sp/>tiz_vector_destroy<sp/>(p_obj-&gt;p_color_formats_);</highlight></codeline>
<codeline lineno="123"><highlight class="normal"></highlight></codeline>
<codeline lineno="124"><highlight class="normal"><sp/><sp/></highlight><highlight class="keywordflow">return</highlight><highlight class="normal"><sp/>super_dtor<sp/>(typeOf<sp/>(ap_obj,<sp/></highlight><highlight class="stringliteral">&quot;tizimageport&quot;</highlight><highlight class="normal">),<sp/>ap_obj);</highlight></codeline>
<codeline lineno="125"><highlight class="normal">}</highlight></codeline>
<codeline lineno="126"><highlight class="normal"></highlight></codeline>
<codeline lineno="127"><highlight class="normal"></highlight><highlight class="comment">/*</highlight></codeline>
<codeline lineno="128"><highlight class="comment"><sp/>*<sp/>from<sp/>tiz_api</highlight></codeline>
<codeline lineno="129"><highlight class="comment"><sp/>*/</highlight><highlight class="normal"></highlight></codeline>
<codeline lineno="130"><highlight class="normal"></highlight></codeline>
<codeline lineno="131"><highlight class="normal"></highlight><highlight class="keyword">static</highlight><highlight class="normal"><sp/>OMX_ERRORTYPE</highlight></codeline>
<codeline lineno="132"><highlight class="normal">imageport_GetParameter<sp/>(</highlight><highlight class="keyword">const</highlight><highlight class="normal"><sp/></highlight><highlight class="keywordtype">void</highlight><highlight class="normal"><sp/>*<sp/>ap_obj,<sp/>OMX_HANDLETYPE<sp/>ap_hdl,</highlight></codeline>
<codeline lineno="133"><highlight class="normal"><sp/><sp/><sp/><sp/><sp/><sp/><sp/><sp/><sp/><sp/><sp/><sp/><sp/><sp/><sp/><sp/><sp/><sp/><sp/><sp/><sp/><sp/><sp/><sp/>OMX_INDEXTYPE<sp/>a_index,<sp/>OMX_PTR<sp/>ap_struct)</highlight></codeline>
<codeline lineno="134"><highlight class="normal">{</highlight></codeline>
<codeline lineno="135"><highlight class="normal"><sp/><sp/></highlight><highlight class="keyword">const</highlight><highlight class="normal"><sp/><ref refid="structtiz__imageport" kindref="compound">tiz_imageport_t</ref><sp/>*<sp/>p_obj<sp/>=<sp/>ap_obj;</highlight></codeline>
<codeline lineno="136"><highlight class="normal"></highlight></codeline>
<codeline lineno="137"><highlight class="normal"><sp/><sp/>TIZ_TRACE<sp/>(ap_hdl,<sp/></highlight><highlight class="stringliteral">&quot;PORT<sp/>[%d]<sp/>GetParameter<sp/>[%s]...&quot;</highlight><highlight class="normal">,<sp/>tiz_port_index<sp/>(ap_obj),</highlight></codeline>
<codeline lineno="138"><highlight class="normal"><sp/><sp/><sp/><sp/><sp/><sp/><sp/><sp/><sp/><sp/><sp/><sp/><sp/>tiz_idx_to_str<sp/>(a_index));</highlight></codeline>
<codeline lineno="139"><highlight class="normal"><sp/><sp/>assert<sp/>(p_obj);</highlight></codeline>
<codeline lineno="140"><highlight class="normal"></highlight></codeline>
<codeline lineno="141"><highlight class="normal"><sp/><sp/></highlight><highlight class="keywordflow">switch</highlight><highlight class="normal"><sp/>(a_index)</highlight></codeline>
<codeline lineno="142"><highlight class="normal"><sp/><sp/><sp/><sp/>{</highlight></codeline>
<codeline lineno="143"><highlight class="normal"><sp/><sp/><sp/><sp/><sp/><sp/></highlight><highlight class="keywordflow">case</highlight><highlight class="normal"><sp/>OMX_IndexParamImagePortFormat:</highlight></codeline>
<codeline lineno="144"><highlight class="normal"><sp/><sp/><sp/><sp/><sp/><sp/><sp/><sp/>{</highlight></codeline>
<codeline lineno="145"><highlight class="normal"><sp/><sp/><sp/><sp/><sp/><sp/><sp/><sp/><sp/><sp/>OMX_IMAGE_PARAM_PORTFORMATTYPE<sp/>*<sp/>p_pft<sp/>=<sp/>ap_struct;</highlight></codeline>
<codeline lineno="146"><highlight class="normal"><sp/><sp/><sp/><sp/><sp/><sp/><sp/><sp/><sp/><sp/>OMX_IMAGE_CODINGTYPE<sp/>*<sp/>p_encoding<sp/>=<sp/>NULL;</highlight></codeline>
<codeline lineno="147"><highlight class="normal"><sp/><sp/><sp/><sp/><sp/><sp/><sp/><sp/><sp/><sp/>OMX_COLOR_FORMATTYPE<sp/>*<sp/>p_format<sp/>=<sp/>NULL;</highlight></codeline>
<codeline lineno="148"><highlight class="normal"></highlight></codeline>
<codeline lineno="149"><highlight class="normal"><sp/><sp/><sp/><sp/><sp/><sp/><sp/><sp/><sp/><sp/></highlight><highlight class="keywordflow">if</highlight><highlight class="normal"><sp/>(OMX_IMAGE_CodingUnused<sp/>==<sp/>p_obj-&gt;port_format_.eCompressionFormat)</highlight></codeline>
<codeline lineno="150"><highlight class="normal"><sp/><sp/><sp/><sp/><sp/><sp/><sp/><sp/><sp/><sp/><sp/><sp/>{</highlight></codeline>
<codeline lineno="151"><highlight class="normal"><sp/><sp/><sp/><sp/><sp/><sp/><sp/><sp/><sp/><sp/><sp/><sp/><sp/><sp/></highlight><highlight class="keywordflow">if</highlight><highlight class="normal"><sp/>(p_pft-&gt;nIndex<sp/>&gt;=<sp/>tiz_vector_length<sp/>(p_obj-&gt;p_color_formats_))</highlight></codeline>
<codeline lineno="152"><highlight class="normal"><sp/><sp/><sp/><sp/><sp/><sp/><sp/><sp/><sp/><sp/><sp/><sp/><sp/><sp/><sp/><sp/>{</highlight></codeline>
<codeline lineno="153"><highlight class="normal"><sp/><sp/><sp/><sp/><sp/><sp/><sp/><sp/><sp/><sp/><sp/><sp/><sp/><sp/><sp/><sp/><sp/><sp/></highlight><highlight class="keywordflow">return</highlight><highlight class="normal"><sp/>OMX_ErrorNoMore;</highlight></codeline>
<codeline lineno="154"><highlight class="normal"><sp/><sp/><sp/><sp/><sp/><sp/><sp/><sp/><sp/><sp/><sp/><sp/><sp/><sp/><sp/><sp/>}</highlight></codeline>
<codeline lineno="155"><highlight class="normal"></highlight></codeline>
<codeline lineno="156"><highlight class="normal"><sp/><sp/><sp/><sp/><sp/><sp/><sp/><sp/><sp/><sp/><sp/><sp/><sp/><sp/>p_format<sp/>=<sp/>tiz_vector_at<sp/>(p_obj-&gt;p_color_formats_,<sp/>p_pft-&gt;nIndex);</highlight></codeline>
<codeline lineno="157"><highlight class="normal"><sp/><sp/><sp/><sp/><sp/><sp/><sp/><sp/><sp/><sp/><sp/><sp/><sp/><sp/>assert<sp/>(p_format);</highlight></codeline>
<codeline lineno="158"><highlight class="normal"><sp/><sp/><sp/><sp/><sp/><sp/><sp/><sp/><sp/><sp/><sp/><sp/><sp/><sp/>p_pft-&gt;eCompressionFormat<sp/>=<sp/>OMX_IMAGE_CodingUnused;</highlight></codeline>
<codeline lineno="159"><highlight class="normal"><sp/><sp/><sp/><sp/><sp/><sp/><sp/><sp/><sp/><sp/><sp/><sp/><sp/><sp/>p_pft-&gt;eColorFormat<sp/>=<sp/>*p_format;</highlight></codeline>
<codeline lineno="160"><highlight class="normal"></highlight></codeline>
<codeline lineno="161"><highlight class="normal"><sp/><sp/><sp/><sp/><sp/><sp/><sp/><sp/><sp/><sp/><sp/><sp/><sp/><sp/>TIZ_TRACE<sp/>(ap_hdl,<sp/></highlight><highlight class="stringliteral">&quot;ColorFormat<sp/>[%x]...&quot;</highlight><highlight class="normal">,<sp/>*p_format);</highlight></codeline>
<codeline lineno="162"><highlight class="normal"><sp/><sp/><sp/><sp/><sp/><sp/><sp/><sp/><sp/><sp/><sp/><sp/>}</highlight></codeline>
<codeline lineno="163"><highlight class="normal"><sp/><sp/><sp/><sp/><sp/><sp/><sp/><sp/><sp/><sp/></highlight><highlight class="keywordflow">else</highlight><highlight class="normal"></highlight></codeline>
<codeline lineno="164"><highlight class="normal"><sp/><sp/><sp/><sp/><sp/><sp/><sp/><sp/><sp/><sp/><sp/><sp/>{</highlight></codeline>
<codeline lineno="165"><highlight class="normal"><sp/><sp/><sp/><sp/><sp/><sp/><sp/><sp/><sp/><sp/><sp/><sp/><sp/><sp/></highlight><highlight class="keywordflow">if</highlight><highlight class="normal"><sp/>(p_pft-&gt;nIndex</highlight></codeline>
<codeline lineno="166"><highlight class="normal"><sp/><sp/><sp/><sp/><sp/><sp/><sp/><sp/><sp/><sp/><sp/><sp/><sp/><sp/><sp/><sp/><sp/><sp/>&gt;=<sp/>tiz_vector_length<sp/>(p_obj-&gt;p_image_encodings_))</highlight></codeline>
<codeline lineno="167"><highlight class="normal"><sp/><sp/><sp/><sp/><sp/><sp/><sp/><sp/><sp/><sp/><sp/><sp/><sp/><sp/><sp/><sp/>{</highlight></codeline>
<codeline lineno="168"><highlight class="normal"><sp/><sp/><sp/><sp/><sp/><sp/><sp/><sp/><sp/><sp/><sp/><sp/><sp/><sp/><sp/><sp/><sp/><sp/></highlight><highlight class="keywordflow">return</highlight><highlight class="normal"><sp/>OMX_ErrorNoMore;</highlight></codeline>
<codeline lineno="169"><highlight class="normal"><sp/><sp/><sp/><sp/><sp/><sp/><sp/><sp/><sp/><sp/><sp/><sp/><sp/><sp/><sp/><sp/>}</highlight></codeline>
<codeline lineno="170"><highlight class="normal"></highlight></codeline>
<codeline lineno="171"><highlight class="normal"><sp/><sp/><sp/><sp/><sp/><sp/><sp/><sp/><sp/><sp/><sp/><sp/><sp/><sp/>p_encoding</highlight></codeline>
<codeline lineno="172"><highlight class="normal"><sp/><sp/><sp/><sp/><sp/><sp/><sp/><sp/><sp/><sp/><sp/><sp/><sp/><sp/><sp/><sp/>=<sp/>tiz_vector_at<sp/>(p_obj-&gt;p_image_encodings_,<sp/>p_pft-&gt;nIndex);</highlight></codeline>
<codeline lineno="173"><highlight class="normal"><sp/><sp/><sp/><sp/><sp/><sp/><sp/><sp/><sp/><sp/><sp/><sp/><sp/><sp/>assert<sp/>(p_encoding);</highlight></codeline>
<codeline lineno="174"><highlight class="normal"><sp/><sp/><sp/><sp/><sp/><sp/><sp/><sp/><sp/><sp/><sp/><sp/><sp/><sp/>p_pft-&gt;eCompressionFormat<sp/>=<sp/>*p_encoding;</highlight></codeline>
<codeline lineno="175"><highlight class="normal"></highlight></codeline>
<codeline lineno="176"><highlight class="normal"><sp/><sp/><sp/><sp/><sp/><sp/><sp/><sp/><sp/><sp/><sp/><sp/><sp/><sp/>TIZ_TRACE<sp/>(ap_hdl,<sp/></highlight><highlight class="stringliteral">&quot;CompressionFormat<sp/>[%x]<sp/>&quot;</highlight><highlight class="normal">,<sp/>*p_encoding);</highlight></codeline>
<codeline lineno="177"><highlight class="normal"><sp/><sp/><sp/><sp/><sp/><sp/><sp/><sp/><sp/><sp/><sp/><sp/>}</highlight></codeline>
<codeline lineno="178"><highlight class="normal"><sp/><sp/><sp/><sp/><sp/><sp/><sp/><sp/>}</highlight></codeline>
<codeline lineno="179"><highlight class="normal"><sp/><sp/><sp/><sp/><sp/><sp/><sp/><sp/></highlight><highlight class="keywordflow">break</highlight><highlight class="normal">;</highlight></codeline>
<codeline lineno="180"><highlight class="normal"></highlight></codeline>
<codeline lineno="181"><highlight class="normal"><sp/><sp/><sp/><sp/><sp/><sp/></highlight><highlight class="keywordflow">default</highlight><highlight class="normal">:</highlight></codeline>
<codeline lineno="182"><highlight class="normal"><sp/><sp/><sp/><sp/><sp/><sp/><sp/><sp/>{</highlight></codeline>
<codeline lineno="183"><highlight class="normal"><sp/><sp/><sp/><sp/><sp/><sp/><sp/><sp/><sp/><sp/></highlight><highlight class="comment">/*<sp/>Try<sp/>the<sp/>parent&apos;s<sp/>indexes<sp/>*/</highlight><highlight class="normal"></highlight></codeline>
<codeline lineno="184"><highlight class="normal"><sp/><sp/><sp/><sp/><sp/><sp/><sp/><sp/><sp/><sp/></highlight><highlight class="keywordflow">return</highlight><highlight class="normal"><sp/>super_GetParameter<sp/>(typeOf<sp/>(ap_obj,<sp/></highlight><highlight class="stringliteral">&quot;tizimageport&quot;</highlight><highlight class="normal">),<sp/>ap_obj,</highlight></codeline>
<codeline lineno="185"><highlight class="normal"><sp/><sp/><sp/><sp/><sp/><sp/><sp/><sp/><sp/><sp/><sp/><sp/><sp/><sp/><sp/><sp/><sp/><sp/><sp/><sp/><sp/><sp/><sp/><sp/><sp/><sp/><sp/><sp/><sp/><sp/><sp/><sp/><sp/><sp/><sp/><sp/><sp/>ap_hdl,<sp/>a_index,<sp/>ap_struct);</highlight></codeline>
<codeline lineno="186"><highlight class="normal"><sp/><sp/><sp/><sp/><sp/><sp/><sp/><sp/>}</highlight></codeline>
<codeline lineno="187"><highlight class="normal"><sp/><sp/><sp/><sp/>};</highlight></codeline>
<codeline lineno="188"><highlight class="normal"></highlight></codeline>
<codeline lineno="189"><highlight class="normal"><sp/><sp/></highlight><highlight class="keywordflow">return</highlight><highlight class="normal"><sp/>OMX_ErrorNone;</highlight></codeline>
<codeline lineno="190"><highlight class="normal">}</highlight></codeline>
<codeline lineno="191"><highlight class="normal"></highlight></codeline>
<codeline lineno="192"><highlight class="normal"></highlight><highlight class="keyword">static</highlight><highlight class="normal"><sp/>OMX_ERRORTYPE</highlight></codeline>
<codeline lineno="193"><highlight class="normal">imageport_SetParameter<sp/>(</highlight><highlight class="keyword">const</highlight><highlight class="normal"><sp/></highlight><highlight class="keywordtype">void</highlight><highlight class="normal"><sp/>*<sp/>ap_obj,<sp/>OMX_HANDLETYPE<sp/>ap_hdl,</highlight></codeline>
<codeline lineno="194"><highlight class="normal"><sp/><sp/><sp/><sp/><sp/><sp/><sp/><sp/><sp/><sp/><sp/><sp/><sp/><sp/><sp/><sp/><sp/><sp/><sp/><sp/><sp/><sp/><sp/><sp/>OMX_INDEXTYPE<sp/>a_index,<sp/>OMX_PTR<sp/>ap_struct)</highlight></codeline>
<codeline lineno="195"><highlight class="normal">{</highlight></codeline>
<codeline lineno="196"><highlight class="normal"><sp/><sp/><ref refid="structtiz__imageport" kindref="compound">tiz_imageport_t</ref><sp/>*<sp/>p_obj<sp/>=<sp/>(<ref refid="structtiz__imageport" kindref="compound">tiz_imageport_t</ref><sp/>*)<sp/>ap_obj;</highlight></codeline>
<codeline lineno="197"><highlight class="normal"></highlight></codeline>
<codeline lineno="198"><highlight class="normal"><sp/><sp/>TIZ_TRACE<sp/>(ap_hdl,<sp/></highlight><highlight class="stringliteral">&quot;PORT<sp/>[%d]<sp/>SetParameter<sp/>[%s]...&quot;</highlight><highlight class="normal">,<sp/>tiz_port_index<sp/>(ap_obj),</highlight></codeline>
<codeline lineno="199"><highlight class="normal"><sp/><sp/><sp/><sp/><sp/><sp/><sp/><sp/><sp/><sp/><sp/><sp/><sp/>tiz_idx_to_str<sp/>(a_index));</highlight></codeline>
<codeline lineno="200"><highlight class="normal"><sp/><sp/>assert<sp/>(p_obj);</highlight></codeline>
<codeline lineno="201"><highlight class="normal"></highlight></codeline>
<codeline lineno="202"><highlight class="normal"><sp/><sp/></highlight><highlight class="keywordflow">switch</highlight><highlight class="normal"><sp/>(a_index)</highlight></codeline>
<codeline lineno="203"><highlight class="normal"><sp/><sp/><sp/><sp/>{</highlight></codeline>
<codeline lineno="204"><highlight class="normal"><sp/><sp/><sp/><sp/><sp/><sp/></highlight><highlight class="keywordflow">case</highlight><highlight class="normal"><sp/>OMX_IndexParamImagePortFormat:</highlight></codeline>
<codeline lineno="205"><highlight class="normal"><sp/><sp/><sp/><sp/><sp/><sp/><sp/><sp/>{</highlight></codeline>
<codeline lineno="206"><highlight class="normal"></highlight></codeline>
<codeline lineno="207"><highlight class="normal"><sp/><sp/><sp/><sp/><sp/><sp/><sp/><sp/><sp/><sp/></highlight><highlight class="keyword">const</highlight><highlight class="normal"><sp/>OMX_IMAGE_PARAM_PORTFORMATTYPE<sp/>*<sp/>p_image_format</highlight></codeline>
<codeline lineno="208"><highlight class="normal"><sp/><sp/><sp/><sp/><sp/><sp/><sp/><sp/><sp/><sp/><sp/><sp/>=<sp/>(OMX_IMAGE_PARAM_PORTFORMATTYPE<sp/>*)<sp/>ap_struct;</highlight></codeline>
<codeline lineno="209"><highlight class="normal"><sp/><sp/><sp/><sp/><sp/><sp/><sp/><sp/><sp/><sp/>OMX_IMAGE_CODINGTYPE<sp/>encoding<sp/>=<sp/>p_image_format-&gt;eCompressionFormat;</highlight></codeline>
<codeline lineno="210"><highlight class="normal"><sp/><sp/><sp/><sp/><sp/><sp/><sp/><sp/><sp/><sp/>OMX_COLOR_FORMATTYPE<sp/>format<sp/>=<sp/>p_image_format-&gt;eColorFormat;</highlight></codeline>
<codeline lineno="211"><highlight class="normal"></highlight></codeline>
<codeline lineno="212"><highlight class="normal"><sp/><sp/><sp/><sp/><sp/><sp/><sp/><sp/><sp/><sp/></highlight><highlight class="keywordflow">if</highlight><highlight class="normal"><sp/>(OMX_IMAGE_CodingUnused<sp/>==<sp/>p_obj-&gt;port_format_.eCompressionFormat)</highlight></codeline>
<codeline lineno="213"><highlight class="normal"><sp/><sp/><sp/><sp/><sp/><sp/><sp/><sp/><sp/><sp/><sp/><sp/>{</highlight></codeline>
<codeline lineno="214"><highlight class="normal"><sp/><sp/><sp/><sp/><sp/><sp/><sp/><sp/><sp/><sp/><sp/><sp/><sp/><sp/></highlight><highlight class="keywordflow">if</highlight><highlight class="normal"><sp/>(OMX_COLOR_FormatUnused<sp/>==<sp/>p_image_format-&gt;eColorFormat)</highlight></codeline>
<codeline lineno="215"><highlight class="normal"><sp/><sp/><sp/><sp/><sp/><sp/><sp/><sp/><sp/><sp/><sp/><sp/><sp/><sp/><sp/><sp/>{</highlight></codeline>
<codeline lineno="216"><highlight class="normal"><sp/><sp/><sp/><sp/><sp/><sp/><sp/><sp/><sp/><sp/><sp/><sp/><sp/><sp/><sp/><sp/><sp/><sp/></highlight><highlight class="comment">/*<sp/>Both<sp/>Compression<sp/>Format<sp/>and<sp/>Color<sp/>can<sp/>not<sp/>be<sp/>Unused<sp/>at<sp/>the</highlight></codeline>
<codeline lineno="217"><highlight class="comment"><sp/><sp/><sp/><sp/><sp/><sp/><sp/><sp/><sp/><sp/><sp/><sp/><sp/><sp/><sp/><sp/><sp/>*<sp/>same<sp/>time.<sp/>*/</highlight><highlight class="normal"></highlight></codeline>
<codeline lineno="218"><highlight class="normal"><sp/><sp/><sp/><sp/><sp/><sp/><sp/><sp/><sp/><sp/><sp/><sp/><sp/><sp/><sp/><sp/><sp/><sp/></highlight><highlight class="keywordflow">return</highlight><highlight class="normal"><sp/>OMX_ErrorBadParameter;</highlight></codeline>
<codeline lineno="219"><highlight class="normal"><sp/><sp/><sp/><sp/><sp/><sp/><sp/><sp/><sp/><sp/><sp/><sp/><sp/><sp/><sp/><sp/>}</highlight></codeline>
<codeline lineno="220"><highlight class="normal"></highlight></codeline>
<codeline lineno="221"><highlight class="normal"><sp/><sp/><sp/><sp/><sp/><sp/><sp/><sp/><sp/><sp/><sp/><sp/><sp/><sp/></highlight><highlight class="keywordflow">if</highlight><highlight class="normal"><sp/>(encoding<sp/>&gt;=<sp/>OMX_IMAGE_CodingMax)</highlight></codeline>
<codeline lineno="222"><highlight class="normal"><sp/><sp/><sp/><sp/><sp/><sp/><sp/><sp/><sp/><sp/><sp/><sp/><sp/><sp/><sp/><sp/>{</highlight></codeline>
<codeline lineno="223"><highlight class="normal"><sp/><sp/><sp/><sp/><sp/><sp/><sp/><sp/><sp/><sp/><sp/><sp/><sp/><sp/><sp/><sp/><sp/><sp/>TIZ_ERROR<sp/>(ap_hdl,</highlight></codeline>
<codeline lineno="224"><highlight class="normal"><sp/><sp/><sp/><sp/><sp/><sp/><sp/><sp/><sp/><sp/><sp/><sp/><sp/><sp/><sp/><sp/><sp/><sp/><sp/><sp/><sp/><sp/><sp/><sp/><sp/><sp/><sp/><sp/><sp/></highlight><highlight class="stringliteral">&quot;[OMX_ErrorBadParameter]<sp/>:<sp/>&quot;</highlight><highlight class="normal"></highlight></codeline>
<codeline lineno="225"><highlight class="normal"><sp/><sp/><sp/><sp/><sp/><sp/><sp/><sp/><sp/><sp/><sp/><sp/><sp/><sp/><sp/><sp/><sp/><sp/><sp/><sp/><sp/><sp/><sp/><sp/><sp/><sp/><sp/><sp/><sp/></highlight><highlight class="stringliteral">&quot;(Bad<sp/>compression<sp/>format<sp/>[0x%08x]...)&quot;</highlight><highlight class="normal">,</highlight></codeline>
<codeline lineno="226"><highlight class="normal"><sp/><sp/><sp/><sp/><sp/><sp/><sp/><sp/><sp/><sp/><sp/><sp/><sp/><sp/><sp/><sp/><sp/><sp/><sp/><sp/><sp/><sp/><sp/><sp/><sp/><sp/><sp/><sp/><sp/>encoding);</highlight></codeline>
<codeline lineno="227"><highlight class="normal"><sp/><sp/><sp/><sp/><sp/><sp/><sp/><sp/><sp/><sp/><sp/><sp/><sp/><sp/><sp/><sp/><sp/><sp/></highlight><highlight class="keywordflow">return</highlight><highlight class="normal"><sp/>OMX_ErrorBadParameter;</highlight></codeline>
<codeline lineno="228"><highlight class="normal"><sp/><sp/><sp/><sp/><sp/><sp/><sp/><sp/><sp/><sp/><sp/><sp/><sp/><sp/><sp/><sp/>}</highlight></codeline>
<codeline lineno="229"><highlight class="normal"></highlight></codeline>
<codeline lineno="230"><highlight class="normal"><sp/><sp/><sp/><sp/><sp/><sp/><sp/><sp/><sp/><sp/><sp/><sp/><sp/><sp/></highlight><highlight class="keywordflow">if</highlight><highlight class="normal"><sp/>(!tiz_vector_find<sp/>(p_obj-&gt;p_color_formats_,<sp/>&amp;format))</highlight></codeline>
<codeline lineno="231"><highlight class="normal"><sp/><sp/><sp/><sp/><sp/><sp/><sp/><sp/><sp/><sp/><sp/><sp/><sp/><sp/><sp/><sp/>{</highlight></codeline>
<codeline lineno="232"><highlight class="normal"><sp/><sp/><sp/><sp/><sp/><sp/><sp/><sp/><sp/><sp/><sp/><sp/><sp/><sp/><sp/><sp/><sp/><sp/>TIZ_ERROR<sp/>(ap_hdl,</highlight></codeline>
<codeline lineno="233"><highlight class="normal"><sp/><sp/><sp/><sp/><sp/><sp/><sp/><sp/><sp/><sp/><sp/><sp/><sp/><sp/><sp/><sp/><sp/><sp/><sp/><sp/><sp/><sp/><sp/><sp/><sp/><sp/><sp/><sp/><sp/></highlight><highlight class="stringliteral">&quot;[OMX_ErrorUnsupportedSetting]<sp/>:<sp/>&quot;</highlight><highlight class="normal"></highlight></codeline>
<codeline lineno="234"><highlight class="normal"><sp/><sp/><sp/><sp/><sp/><sp/><sp/><sp/><sp/><sp/><sp/><sp/><sp/><sp/><sp/><sp/><sp/><sp/><sp/><sp/><sp/><sp/><sp/><sp/><sp/><sp/><sp/><sp/><sp/></highlight><highlight class="stringliteral">&quot;(Color<sp/>format<sp/>not<sp/>supported<sp/>[0x%08x]...)&quot;</highlight><highlight class="normal">,</highlight></codeline>
<codeline lineno="235"><highlight class="normal"><sp/><sp/><sp/><sp/><sp/><sp/><sp/><sp/><sp/><sp/><sp/><sp/><sp/><sp/><sp/><sp/><sp/><sp/><sp/><sp/><sp/><sp/><sp/><sp/><sp/><sp/><sp/><sp/><sp/>format);</highlight></codeline>
<codeline lineno="236"><highlight class="normal"><sp/><sp/><sp/><sp/><sp/><sp/><sp/><sp/><sp/><sp/><sp/><sp/><sp/><sp/><sp/><sp/><sp/><sp/></highlight><highlight class="keywordflow">return</highlight><highlight class="normal"><sp/>OMX_ErrorUnsupportedSetting;</highlight></codeline>
<codeline lineno="237"><highlight class="normal"><sp/><sp/><sp/><sp/><sp/><sp/><sp/><sp/><sp/><sp/><sp/><sp/><sp/><sp/><sp/><sp/>}</highlight></codeline>
<codeline lineno="238"><highlight class="normal"></highlight></codeline>
<codeline lineno="239"><highlight class="normal"><sp/><sp/><sp/><sp/><sp/><sp/><sp/><sp/><sp/><sp/><sp/><sp/><sp/><sp/>p_obj-&gt;port_format_.eColorFormat<sp/>=<sp/>format;</highlight></codeline>
<codeline lineno="240"><highlight class="normal"><sp/><sp/><sp/><sp/><sp/><sp/><sp/><sp/><sp/><sp/><sp/><sp/><sp/><sp/>TIZ_TRACE<sp/>(ap_hdl,</highlight></codeline>
<codeline lineno="241"><highlight class="normal"><sp/><sp/><sp/><sp/><sp/><sp/><sp/><sp/><sp/><sp/><sp/><sp/><sp/><sp/><sp/><sp/><sp/><sp/><sp/><sp/><sp/><sp/><sp/><sp/><sp/></highlight><highlight class="stringliteral">&quot;Set<sp/>new<sp/>color<sp/>format<sp/>&quot;</highlight><highlight class="normal"></highlight></codeline>
<codeline lineno="242"><highlight class="normal"><sp/><sp/><sp/><sp/><sp/><sp/><sp/><sp/><sp/><sp/><sp/><sp/><sp/><sp/><sp/><sp/><sp/><sp/><sp/><sp/><sp/><sp/><sp/><sp/><sp/></highlight><highlight class="stringliteral">&quot;[0x%08x]...&quot;</highlight><highlight class="normal">,</highlight></codeline>
<codeline lineno="243"><highlight class="normal"><sp/><sp/><sp/><sp/><sp/><sp/><sp/><sp/><sp/><sp/><sp/><sp/><sp/><sp/><sp/><sp/><sp/><sp/><sp/><sp/><sp/><sp/><sp/><sp/><sp/>format);</highlight></codeline>
<codeline lineno="244"><highlight class="normal"><sp/><sp/><sp/><sp/><sp/><sp/><sp/><sp/><sp/><sp/><sp/><sp/>}</highlight></codeline>
<codeline lineno="245"><highlight class="normal"><sp/><sp/><sp/><sp/><sp/><sp/><sp/><sp/><sp/><sp/></highlight><highlight class="keywordflow">else</highlight><highlight class="normal"></highlight></codeline>
<codeline lineno="246"><highlight class="normal"><sp/><sp/><sp/><sp/><sp/><sp/><sp/><sp/><sp/><sp/><sp/><sp/>{</highlight></codeline>
<codeline lineno="247"><highlight class="normal"><sp/><sp/><sp/><sp/><sp/><sp/><sp/><sp/><sp/><sp/><sp/><sp/><sp/><sp/></highlight><highlight class="keywordflow">if</highlight><highlight class="normal"><sp/>(OMX_COLOR_FormatUnused<sp/>!=<sp/>p_image_format-&gt;eColorFormat)</highlight></codeline>
<codeline lineno="248"><highlight class="normal"><sp/><sp/><sp/><sp/><sp/><sp/><sp/><sp/><sp/><sp/><sp/><sp/><sp/><sp/><sp/><sp/>{</highlight></codeline>
<codeline lineno="249"><highlight class="normal"><sp/><sp/><sp/><sp/><sp/><sp/><sp/><sp/><sp/><sp/><sp/><sp/><sp/><sp/><sp/><sp/><sp/><sp/></highlight><highlight class="keywordflow">return</highlight><highlight class="normal"><sp/>OMX_ErrorBadParameter;</highlight></codeline>
<codeline lineno="250"><highlight class="normal"><sp/><sp/><sp/><sp/><sp/><sp/><sp/><sp/><sp/><sp/><sp/><sp/><sp/><sp/><sp/><sp/>}</highlight></codeline>
<codeline lineno="251"><highlight class="normal"></highlight></codeline>
<codeline lineno="252"><highlight class="normal"><sp/><sp/><sp/><sp/><sp/><sp/><sp/><sp/><sp/><sp/><sp/><sp/><sp/><sp/></highlight><highlight class="keywordflow">if</highlight><highlight class="normal"><sp/>(!tiz_vector_find<sp/>(p_obj-&gt;p_image_encodings_,<sp/>&amp;encoding))</highlight></codeline>
<codeline lineno="253"><highlight class="normal"><sp/><sp/><sp/><sp/><sp/><sp/><sp/><sp/><sp/><sp/><sp/><sp/><sp/><sp/><sp/><sp/>{</highlight></codeline>
<codeline lineno="254"><highlight class="normal"><sp/><sp/><sp/><sp/><sp/><sp/><sp/><sp/><sp/><sp/><sp/><sp/><sp/><sp/><sp/><sp/><sp/><sp/></highlight><highlight class="keywordflow">return</highlight><highlight class="normal"><sp/>OMX_ErrorUnsupportedSetting;</highlight></codeline>
<codeline lineno="255"><highlight class="normal"><sp/><sp/><sp/><sp/><sp/><sp/><sp/><sp/><sp/><sp/><sp/><sp/><sp/><sp/><sp/><sp/>}</highlight></codeline>
<codeline lineno="256"><highlight class="normal"><sp/><sp/><sp/><sp/><sp/><sp/><sp/><sp/><sp/><sp/><sp/><sp/><sp/><sp/></highlight><highlight class="keywordflow">else</highlight><highlight class="normal"></highlight></codeline>
<codeline lineno="257"><highlight class="normal"><sp/><sp/><sp/><sp/><sp/><sp/><sp/><sp/><sp/><sp/><sp/><sp/><sp/><sp/><sp/><sp/>{</highlight></codeline>
<codeline lineno="258"><highlight class="normal"><sp/><sp/><sp/><sp/><sp/><sp/><sp/><sp/><sp/><sp/><sp/><sp/><sp/><sp/><sp/><sp/><sp/><sp/>p_obj-&gt;port_format_.eCompressionFormat<sp/>=<sp/>encoding;</highlight></codeline>
<codeline lineno="259"><highlight class="normal"><sp/><sp/><sp/><sp/><sp/><sp/><sp/><sp/><sp/><sp/><sp/><sp/><sp/><sp/><sp/><sp/><sp/><sp/>TIZ_TRACE<sp/>(ap_hdl,</highlight></codeline>
<codeline lineno="260"><highlight class="normal"><sp/><sp/><sp/><sp/><sp/><sp/><sp/><sp/><sp/><sp/><sp/><sp/><sp/><sp/><sp/><sp/><sp/><sp/><sp/><sp/><sp/><sp/><sp/><sp/><sp/><sp/><sp/><sp/><sp/></highlight><highlight class="stringliteral">&quot;Set<sp/>new<sp/>image<sp/>encoding<sp/>&quot;</highlight><highlight class="normal"></highlight></codeline>
<codeline lineno="261"><highlight class="normal"><sp/><sp/><sp/><sp/><sp/><sp/><sp/><sp/><sp/><sp/><sp/><sp/><sp/><sp/><sp/><sp/><sp/><sp/><sp/><sp/><sp/><sp/><sp/><sp/><sp/><sp/><sp/><sp/><sp/></highlight><highlight class="stringliteral">&quot;[0x%08x]...&quot;</highlight><highlight class="normal">,</highlight></codeline>
<codeline lineno="262"><highlight class="normal"><sp/><sp/><sp/><sp/><sp/><sp/><sp/><sp/><sp/><sp/><sp/><sp/><sp/><sp/><sp/><sp/><sp/><sp/><sp/><sp/><sp/><sp/><sp/><sp/><sp/><sp/><sp/><sp/><sp/>encoding);</highlight></codeline>
<codeline lineno="263"><highlight class="normal"><sp/><sp/><sp/><sp/><sp/><sp/><sp/><sp/><sp/><sp/><sp/><sp/><sp/><sp/><sp/><sp/>}</highlight></codeline>
<codeline lineno="264"><highlight class="normal"><sp/><sp/><sp/><sp/><sp/><sp/><sp/><sp/><sp/><sp/><sp/><sp/>}</highlight></codeline>
<codeline lineno="265"><highlight class="normal"><sp/><sp/><sp/><sp/><sp/><sp/><sp/><sp/>}</highlight></codeline>
<codeline lineno="266"><highlight class="normal"><sp/><sp/><sp/><sp/><sp/><sp/><sp/><sp/></highlight><highlight class="keywordflow">break</highlight><highlight class="normal">;</highlight></codeline>
<codeline lineno="267"><highlight class="normal"></highlight></codeline>
<codeline lineno="268"><highlight class="normal"><sp/><sp/><sp/><sp/><sp/><sp/></highlight><highlight class="keywordflow">default</highlight><highlight class="normal">:</highlight></codeline>
<codeline lineno="269"><highlight class="normal"><sp/><sp/><sp/><sp/><sp/><sp/><sp/><sp/>{</highlight></codeline>
<codeline lineno="270"><highlight class="normal"><sp/><sp/><sp/><sp/><sp/><sp/><sp/><sp/><sp/><sp/></highlight><highlight class="comment">/*<sp/>Try<sp/>the<sp/>parent&apos;s<sp/>indexes<sp/>*/</highlight><highlight class="normal"></highlight></codeline>
<codeline lineno="271"><highlight class="normal"><sp/><sp/><sp/><sp/><sp/><sp/><sp/><sp/><sp/><sp/></highlight><highlight class="keywordflow">return</highlight><highlight class="normal"><sp/>super_SetParameter<sp/>(typeOf<sp/>(ap_obj,<sp/></highlight><highlight class="stringliteral">&quot;tizimageport&quot;</highlight><highlight class="normal">),<sp/>ap_obj,</highlight></codeline>
<codeline lineno="272"><highlight class="normal"><sp/><sp/><sp/><sp/><sp/><sp/><sp/><sp/><sp/><sp/><sp/><sp/><sp/><sp/><sp/><sp/><sp/><sp/><sp/><sp/><sp/><sp/><sp/><sp/><sp/><sp/><sp/><sp/><sp/><sp/><sp/><sp/><sp/><sp/><sp/><sp/><sp/>ap_hdl,<sp/>a_index,<sp/>ap_struct);</highlight></codeline>
<codeline lineno="273"><highlight class="normal"><sp/><sp/><sp/><sp/><sp/><sp/><sp/><sp/>}</highlight></codeline>
<codeline lineno="274"><highlight class="normal"><sp/><sp/><sp/><sp/>};</highlight></codeline>
<codeline lineno="275"><highlight class="normal"></highlight></codeline>
<codeline lineno="276"><highlight class="normal"><sp/><sp/></highlight><highlight class="keywordflow">return</highlight><highlight class="normal"><sp/>OMX_ErrorNone;</highlight></codeline>
<codeline lineno="277"><highlight class="normal">}</highlight></codeline>
<codeline lineno="278"><highlight class="normal"></highlight></codeline>
<codeline lineno="279"><highlight class="normal"></highlight><highlight class="comment">/*</highlight></codeline>
<codeline lineno="280"><highlight class="comment"><sp/>*<sp/>tizimageport_class</highlight></codeline>
<codeline lineno="281"><highlight class="comment"><sp/>*/</highlight><highlight class="normal"></highlight></codeline>
<codeline lineno="282"><highlight class="normal"></highlight></codeline>
<codeline lineno="283"><highlight class="normal"></highlight><highlight class="keyword">static</highlight><highlight class="normal"><sp/></highlight><highlight class="keywordtype">void</highlight><highlight class="normal"><sp/>*</highlight></codeline>
<codeline lineno="284"><highlight class="normal">imageport_class_ctor<sp/>(</highlight><highlight class="keywordtype">void</highlight><highlight class="normal"><sp/>*<sp/>ap_obj,<sp/>va_list<sp/>*<sp/>app)</highlight></codeline>
<codeline lineno="285"><highlight class="normal">{</highlight></codeline>
<codeline lineno="286"><highlight class="normal"><sp/><sp/></highlight><highlight class="comment">/*<sp/>NOTE:<sp/>Class<sp/>methods<sp/>might<sp/>be<sp/>added<sp/>in<sp/>the<sp/>future.<sp/>None<sp/>for<sp/>now.<sp/>*/</highlight><highlight class="normal"></highlight></codeline>
<codeline lineno="287"><highlight class="normal"><sp/><sp/></highlight><highlight class="keywordflow">return</highlight><highlight class="normal"><sp/>super_ctor<sp/>(typeOf<sp/>(ap_obj,<sp/></highlight><highlight class="stringliteral">&quot;tizimageport_class&quot;</highlight><highlight class="normal">),<sp/>ap_obj,<sp/>app);</highlight></codeline>
<codeline lineno="288"><highlight class="normal">}</highlight></codeline>
<codeline lineno="289"><highlight class="normal"></highlight></codeline>
<codeline lineno="290"><highlight class="normal"></highlight><highlight class="comment">/*</highlight></codeline>
<codeline lineno="291"><highlight class="comment"><sp/>*<sp/>initialization</highlight></codeline>
<codeline lineno="292"><highlight class="comment"><sp/>*/</highlight><highlight class="normal"></highlight></codeline>
<codeline lineno="293"><highlight class="normal"></highlight></codeline>
<codeline lineno="294"><highlight class="normal"></highlight><highlight class="keywordtype">void</highlight><highlight class="normal"><sp/>*</highlight></codeline>
<codeline lineno="295"><highlight class="normal">tiz_imageport_class_init<sp/>(</highlight><highlight class="keywordtype">void</highlight><highlight class="normal"><sp/>*<sp/>ap_tos,<sp/></highlight><highlight class="keywordtype">void</highlight><highlight class="normal"><sp/>*<sp/>ap_hdl)</highlight></codeline>
<codeline lineno="296"><highlight class="normal">{</highlight></codeline>
<codeline lineno="297"><highlight class="normal"><sp/><sp/></highlight><highlight class="keywordtype">void</highlight><highlight class="normal"><sp/>*<sp/>tizport<sp/>=<sp/><ref refid="group__tizscheduler_1gacf2f63dcdf377b97875517fb7fca9425" kindref="member">tiz_get_type</ref><sp/>(ap_hdl,<sp/></highlight><highlight class="stringliteral">&quot;tizport&quot;</highlight><highlight class="normal">);</highlight></codeline>
<codeline lineno="298"><highlight class="normal"><sp/><sp/></highlight><highlight class="keywordtype">void</highlight><highlight class="normal"><sp/>*<sp/>tizimageport_class<sp/>=<sp/>factory_new</highlight></codeline>
<codeline lineno="299"><highlight class="normal"><sp/><sp/><sp/><sp/></highlight><highlight class="comment">/*<sp/>TIZ_CLASS_COMMENT:<sp/>class<sp/>type,<sp/>class<sp/>name,<sp/>parent,<sp/>size<sp/>*/</highlight><highlight class="normal"></highlight></codeline>
<codeline lineno="300"><highlight class="normal"><sp/><sp/><sp/><sp/>(classOf<sp/>(tizport),<sp/></highlight><highlight class="stringliteral">&quot;tizimageport_class&quot;</highlight><highlight class="normal">,<sp/>classOf<sp/>(tizport),</highlight></codeline>
<codeline lineno="301"><highlight class="normal"><sp/><sp/><sp/><sp/><sp/></highlight><highlight class="keyword">sizeof</highlight><highlight class="normal"><sp/>(<ref refid="structtiz__imageport__class" kindref="compound">tiz_imageport_class_t</ref>),</highlight></codeline>
<codeline lineno="302"><highlight class="normal"><sp/><sp/><sp/><sp/><sp/></highlight><highlight class="comment">/*<sp/>TIZ_CLASS_COMMENT:<sp/>*/</highlight><highlight class="normal"></highlight></codeline>
<codeline lineno="303"><highlight class="normal"><sp/><sp/><sp/><sp/><sp/>ap_tos,<sp/>ap_hdl,</highlight></codeline>
<codeline lineno="304"><highlight class="normal"><sp/><sp/><sp/><sp/><sp/></highlight><highlight class="comment">/*<sp/>TIZ_CLASS_COMMENT:<sp/>class<sp/>constructor<sp/>*/</highlight><highlight class="normal"></highlight></codeline>
<codeline lineno="305"><highlight class="normal"><sp/><sp/><sp/><sp/><sp/>ctor,<sp/>imageport_class_ctor,</highlight></codeline>
<codeline lineno="306"><highlight class="normal"><sp/><sp/><sp/><sp/><sp/></highlight><highlight class="comment">/*<sp/>TIZ_CLASS_COMMENT:<sp/>stop<sp/>value*/</highlight><highlight class="normal"></highlight></codeline>
<codeline lineno="307"><highlight class="normal"><sp/><sp/><sp/><sp/><sp/>0);</highlight></codeline>
<codeline lineno="308"><highlight class="normal"><sp/><sp/></highlight><highlight class="keywordflow">return</highlight><highlight class="normal"><sp/>tizimageport_class;</highlight></codeline>
<codeline lineno="309"><highlight class="normal">}</highlight></codeline>
<codeline lineno="310"><highlight class="normal"></highlight></codeline>
<codeline lineno="311"><highlight class="normal"></highlight><highlight class="keywordtype">void</highlight><highlight class="normal"><sp/>*</highlight></codeline>
<codeline lineno="312"><highlight class="normal">tiz_imageport_init<sp/>(</highlight><highlight class="keywordtype">void</highlight><highlight class="normal"><sp/>*<sp/>ap_tos,<sp/></highlight><highlight class="keywordtype">void</highlight><highlight class="normal"><sp/>*<sp/>ap_hdl)</highlight></codeline>
<codeline lineno="313"><highlight class="normal">{</highlight></codeline>
<codeline lineno="314"><highlight class="normal"><sp/><sp/></highlight><highlight class="keywordtype">void</highlight><highlight class="normal"><sp/>*<sp/>tizport<sp/>=<sp/><ref refid="group__tizscheduler_1gacf2f63dcdf377b97875517fb7fca9425" kindref="member">tiz_get_type</ref><sp/>(ap_hdl,<sp/></highlight><highlight class="stringliteral">&quot;tizport&quot;</highlight><highlight class="normal">);</highlight></codeline>
<codeline lineno="315"><highlight class="normal"><sp/><sp/></highlight><highlight class="keywordtype">void</highlight><highlight class="normal"><sp/>*<sp/>tizimageport_class<sp/>=<sp/><ref refid="group__tizscheduler_1gacf2f63dcdf377b97875517fb7fca9425" kindref="member">tiz_get_type</ref><sp/>(ap_hdl,<sp/></highlight><highlight class="stringliteral">&quot;tizimageport_class&quot;</highlight><highlight class="normal">);</highlight></codeline>
<codeline lineno="316"><highlight class="normal"><sp/><sp/>TIZ_LOG_CLASS<sp/>(tizimageport_class);</highlight></codeline>
<codeline lineno="317"><highlight class="normal"><sp/><sp/></highlight><highlight class="keywordtype">void</highlight><highlight class="normal"><sp/>*<sp/>tizimageport<sp/>=<sp/>factory_new</highlight></codeline>
<codeline lineno="318"><highlight class="normal"><sp/><sp/><sp/><sp/></highlight><highlight class="comment">/*<sp/>TIZ_CLASS_COMMENT:<sp/>class<sp/>type,<sp/>class<sp/>name,<sp/>parent,<sp/>size<sp/>*/</highlight><highlight class="normal"></highlight></codeline>
<codeline lineno="319"><highlight class="normal"><sp/><sp/><sp/><sp/>(tizimageport_class,<sp/></highlight><highlight class="stringliteral">&quot;tizimageport&quot;</highlight><highlight class="normal">,<sp/>tizport,<sp/></highlight><highlight class="keyword">sizeof</highlight><highlight class="normal"><sp/>(<ref refid="structtiz__imageport" kindref="compound">tiz_imageport_t</ref>),</highlight></codeline>
<codeline lineno="320"><highlight class="normal"><sp/><sp/><sp/><sp/><sp/></highlight><highlight class="comment">/*<sp/>TIZ_CLASS_COMMENT:<sp/>*/</highlight><highlight class="normal"></highlight></codeline>
<codeline lineno="321"><highlight class="normal"><sp/><sp/><sp/><sp/><sp/>ap_tos,<sp/>ap_hdl,</highlight></codeline>
<codeline lineno="322"><highlight class="normal"><sp/><sp/><sp/><sp/><sp/></highlight><highlight class="comment">/*<sp/>TIZ_CLASS_COMMENT:<sp/>class<sp/>constructor<sp/>*/</highlight><highlight class="normal"></highlight></codeline>
<codeline lineno="323"><highlight class="normal"><sp/><sp/><sp/><sp/><sp/>ctor,<sp/>imageport_ctor,</highlight></codeline>
<codeline lineno="324"><highlight class="normal"><sp/><sp/><sp/><sp/><sp/></highlight><highlight class="comment">/*<sp/>TIZ_CLASS_COMMENT:<sp/>class<sp/>destructor<sp/>*/</highlight><highlight class="normal"></highlight></codeline>
<codeline lineno="325"><highlight class="normal"><sp/><sp/><sp/><sp/><sp/>dtor,<sp/>imageport_dtor,</highlight></codeline>
<codeline lineno="326"><highlight class="normal"><sp/><sp/><sp/><sp/><sp/></highlight><highlight class="comment">/*<sp/>TIZ_CLASS_COMMENT:<sp/>*/</highlight><highlight class="normal"></highlight></codeline>
<codeline lineno="327"><highlight class="normal"><sp/><sp/><sp/><sp/><sp/>tiz_api_GetParameter,<sp/>imageport_GetParameter,</highlight></codeline>
<codeline lineno="328"><highlight class="normal"><sp/><sp/><sp/><sp/><sp/></highlight><highlight class="comment">/*<sp/>TIZ_CLASS_COMMENT:<sp/>*/</highlight><highlight class="normal"></highlight></codeline>
<codeline lineno="329"><highlight class="normal"><sp/><sp/><sp/><sp/><sp/>tiz_api_SetParameter,<sp/>imageport_SetParameter,</highlight></codeline>
<codeline lineno="330"><highlight class="normal"><sp/><sp/><sp/><sp/><sp/></highlight><highlight class="comment">/*<sp/>TIZ_CLASS_COMMENT:<sp/>stop<sp/>value*/</highlight><highlight class="normal"></highlight></codeline>
<codeline lineno="331"><highlight class="normal"><sp/><sp/><sp/><sp/><sp/>0);</highlight></codeline>
<codeline lineno="332"><highlight class="normal"></highlight></codeline>
<codeline lineno="333"><highlight class="normal"><sp/><sp/></highlight><highlight class="keywordflow">return</highlight><highlight class="normal"><sp/>tizimageport;</highlight></codeline>
<codeline lineno="334"><highlight class="normal">}</highlight></codeline>
    </programlisting>
    <location file="/home/joni/work/tizonia-master/libtizonia/src/tizimageport.c"/>
  </compounddef>
</doxygen>
