<?xml version='1.0' encoding='UTF-8' standalone='no'?>
<doxygen xmlns:xsi="http://www.w3.org/2001/XMLSchema-instance" xsi:noNamespaceSchemaLocation="compound.xsd" version="1.8.11">
  <compounddef id="tizivrport_8c" kind="file" language="C++">
    <compoundname>tizivrport.c</compoundname>
    <includes local="no">assert.h</includes>
    <includes refid="tizplatform_8h" local="no">tizplatform.h</includes>
    <includes refid="tizutils_8h" local="yes">tizutils.h</includes>
    <includes refid="tizivrport_8h" local="yes">tizivrport.h</includes>
    <includes refid="tizivrport__decls_8h" local="yes">tizivrport_decls.h</includes>
    <incdepgraph>
      <node id="2008">
        <label>stdbool.h</label>
      </node>
      <node id="2021">
        <label>stdarg.h</label>
      </node>
      <node id="2026">
        <label>tizport_decls.h</label>
        <link refid="tizport__decls_8h_source"/>
        <childnode refid="2027" relation="include">
        </childnode>
        <childnode refid="2029" relation="include">
        </childnode>
        <childnode refid="2015" relation="include">
        </childnode>
        <childnode refid="1989" relation="include">
        </childnode>
        <childnode refid="2031" relation="include">
        </childnode>
      </node>
      <node id="2027">
        <label>tizport.h</label>
        <link refid="tizport_8h_source"/>
        <childnode refid="2019" relation="include">
        </childnode>
        <childnode refid="2018" relation="include">
        </childnode>
        <childnode refid="1985" relation="include">
        </childnode>
        <childnode refid="1991" relation="include">
        </childnode>
        <childnode refid="1989" relation="include">
        </childnode>
        <childnode refid="1988" relation="include">
        </childnode>
        <childnode refid="2028" relation="include">
        </childnode>
      </node>
      <node id="1984">
        <label>assert.h</label>
      </node>
      <node id="2002">
        <label>tizbuffer.h</label>
        <link refid="tizbuffer_8h_source"/>
        <childnode refid="1991" relation="include">
        </childnode>
        <childnode refid="1988" relation="include">
        </childnode>
      </node>
      <node id="2005">
        <label>tizuuid.h</label>
        <link refid="tizuuid_8h_source"/>
        <childnode refid="1988" relation="include">
        </childnode>
      </node>
      <node id="2004">
        <label>tizthread.h</label>
        <link refid="tizthread_8h_source"/>
        <childnode refid="1991" relation="include">
        </childnode>
        <childnode refid="1988" relation="include">
        </childnode>
        <childnode refid="1998" relation="include">
        </childnode>
      </node>
      <node id="2001">
        <label>stdint.h</label>
      </node>
      <node id="1991">
        <label>OMX_Core.h</label>
      </node>
      <node id="1985">
        <label>tizplatform.h</label>
        <link refid="tizplatform_8h_source"/>
        <childnode refid="1986" relation="include">
        </childnode>
        <childnode refid="1995" relation="include">
        </childnode>
        <childnode refid="1992" relation="include">
        </childnode>
        <childnode refid="1997" relation="include">
        </childnode>
        <childnode refid="1999" relation="include">
        </childnode>
        <childnode refid="2002" relation="include">
        </childnode>
        <childnode refid="2003" relation="include">
        </childnode>
        <childnode refid="1998" relation="include">
        </childnode>
        <childnode refid="2004" relation="include">
        </childnode>
        <childnode refid="2005" relation="include">
        </childnode>
        <childnode refid="1987" relation="include">
        </childnode>
        <childnode refid="2006" relation="include">
        </childnode>
        <childnode refid="2000" relation="include">
        </childnode>
        <childnode refid="2007" relation="include">
        </childnode>
        <childnode refid="2009" relation="include">
        </childnode>
        <childnode refid="2010" relation="include">
        </childnode>
        <childnode refid="2011" relation="include">
        </childnode>
        <childnode refid="2012" relation="include">
        </childnode>
        <childnode refid="2013" relation="include">
        </childnode>
        <childnode refid="2014" relation="include">
        </childnode>
      </node>
      <node id="2030">
        <label>tizobject_decls.h</label>
        <link refid="tizobject__decls_8h_source"/>
        <childnode refid="1994" relation="include">
        </childnode>
        <childnode refid="2021" relation="include">
        </childnode>
      </node>
      <node id="2029">
        <label>tizapi_decls.h</label>
        <link refid="tizapi__decls_8h_source"/>
        <childnode refid="2030" relation="include">
        </childnode>
      </node>
      <node id="2020">
        <label>tizobject.h</label>
        <link refid="tizobject_8h_source"/>
        <childnode refid="1988" relation="include">
        </childnode>
        <childnode refid="2021" relation="include">
        </childnode>
        <childnode refid="1994" relation="include">
        </childnode>
        <childnode refid="2022" relation="include">
        </childnode>
      </node>
      <node id="1989">
        <label>OMX_Component.h</label>
      </node>
      <node id="2000">
        <label>tizsoa.h</label>
        <link refid="tizsoa_8h_source"/>
        <childnode refid="1994" relation="include">
        </childnode>
        <childnode refid="2001" relation="include">
        </childnode>
        <childnode refid="1988" relation="include">
        </childnode>
        <childnode refid="1991" relation="include">
        </childnode>
      </node>
      <node id="1986">
        <label>tizmacros.h</label>
        <link refid="tizmacros_8h_source"/>
        <childnode refid="1987" relation="include">
        </childnode>
        <childnode refid="1994" relation="include">
        </childnode>
      </node>
      <node id="2017">
        <label>tizservant.h</label>
        <link refid="tizservant_8h_source"/>
        <childnode refid="1991" relation="include">
        </childnode>
        <childnode refid="1985" relation="include">
        </childnode>
        <childnode refid="2018" relation="include">
        </childnode>
        <childnode refid="2019" relation="include">
        </childnode>
      </node>
      <node id="1994">
        <label>stddef.h</label>
      </node>
      <node id="2028">
        <label>limits.h</label>
      </node>
      <node id="2012">
        <label>tizprintf.h</label>
        <link refid="tizprintf_8h_source"/>
      </node>
      <node id="1997">
        <label>tizqueue.h</label>
        <link refid="tizqueue_8h_source"/>
        <childnode refid="1991" relation="include">
        </childnode>
        <childnode refid="1988" relation="include">
        </childnode>
        <childnode refid="1998" relation="include">
        </childnode>
      </node>
      <node id="1996">
        <label>log4c.h</label>
      </node>
      <node id="1993">
        <label>sys/types.h</label>
      </node>
      <node id="2031">
        <label>OMX_TizoniaExt.h</label>
      </node>
      <node id="1992">
        <label>tizmem.h</label>
        <link refid="tizmem_8h_source"/>
        <childnode refid="1993" relation="include">
        </childnode>
        <childnode refid="1988" relation="include">
        </childnode>
      </node>
      <node id="2006">
        <label>tizrc.h</label>
        <link refid="tizrc_8h_source"/>
        <childnode refid="1991" relation="include">
        </childnode>
        <childnode refid="1988" relation="include">
        </childnode>
      </node>
      <node id="1999">
        <label>tizpqueue.h</label>
        <link refid="tizpqueue_8h_source"/>
        <childnode refid="1991" relation="include">
        </childnode>
        <childnode refid="1988" relation="include">
        </childnode>
        <childnode refid="2000" relation="include">
        </childnode>
      </node>
      <node id="2025">
        <label>tizvideoport_decls.h</label>
        <link refid="tizvideoport__decls_8h_source"/>
        <childnode refid="2026" relation="include">
        </childnode>
      </node>
      <node id="2019">
        <label>tizapi.h</label>
        <link refid="tizapi_8h_source"/>
        <childnode refid="1991" relation="include">
        </childnode>
        <childnode refid="2020" relation="include">
        </childnode>
      </node>
      <node id="1988">
        <label>OMX_Types.h</label>
      </node>
      <node id="1998">
        <label>tizsync.h</label>
        <link refid="tizsync_8h_source"/>
        <childnode refid="1991" relation="include">
        </childnode>
        <childnode refid="1988" relation="include">
        </childnode>
      </node>
      <node id="1995">
        <label>tizlog.h</label>
        <link refid="tizlog_8h_source"/>
        <childnode refid="1996" relation="include">
        </childnode>
      </node>
      <node id="2009">
        <label>tizhttp.h</label>
        <link refid="tizhttp_8h_source"/>
        <childnode refid="1991" relation="include">
        </childnode>
        <childnode refid="1988" relation="include">
        </childnode>
      </node>
      <node id="2003">
        <label>tizvector.h</label>
        <link refid="tizvector_8h_source"/>
        <childnode refid="1991" relation="include">
        </childnode>
        <childnode refid="1988" relation="include">
        </childnode>
      </node>
      <node id="2014">
        <label>tizurltransfer.h</label>
        <link refid="tizurltransfer_8h_source"/>
        <childnode refid="1989" relation="include">
        </childnode>
      </node>
      <node id="2024">
        <label>tizivrport_decls.h</label>
        <link refid="tizivrport__decls_8h_source"/>
        <childnode refid="2025" relation="include">
        </childnode>
      </node>
      <node id="2013">
        <label>tizshufflelst.h</label>
        <link refid="tizshufflelst_8h_source"/>
        <childnode refid="1991" relation="include">
        </childnode>
        <childnode refid="1988" relation="include">
        </childnode>
      </node>
      <node id="1987">
        <label>tizomxutils.h</label>
        <link refid="tizomxutils_8h_source"/>
        <childnode refid="1988" relation="include">
        </childnode>
        <childnode refid="1989" relation="include">
        </childnode>
        <childnode refid="1990" relation="include">
        </childnode>
        <childnode refid="1991" relation="include">
        </childnode>
        <childnode refid="1992" relation="include">
        </childnode>
      </node>
      <node id="1983">
        <label>/home/joni/work/tizonia-master/libtizonia/src/tizivrport.c</label>
        <link refid="tizivrport.c"/>
        <childnode refid="1984" relation="include">
        </childnode>
        <childnode refid="1985" relation="include">
        </childnode>
        <childnode refid="2015" relation="include">
        </childnode>
        <childnode refid="2023" relation="include">
        </childnode>
        <childnode refid="2024" relation="include">
        </childnode>
      </node>
      <node id="2015">
        <label>tizutils.h</label>
        <link refid="tizutils_8h_source"/>
        <childnode refid="1988" relation="include">
        </childnode>
        <childnode refid="1991" relation="include">
        </childnode>
        <childnode refid="2016" relation="include">
        </childnode>
      </node>
      <node id="2023">
        <label>tizivrport.h</label>
        <link refid="tizivrport_8h_source"/>
      </node>
      <node id="2018">
        <label>tizscheduler.h</label>
        <link refid="tizscheduler_8h_source"/>
        <childnode refid="1991" relation="include">
        </childnode>
        <childnode refid="1988" relation="include">
        </childnode>
        <childnode refid="1989" relation="include">
        </childnode>
        <childnode refid="1985" relation="include">
        </childnode>
      </node>
      <node id="2016">
        <label>tizfsm.h</label>
        <link refid="tizfsm_8h_source"/>
        <childnode refid="2017" relation="include">
        </childnode>
      </node>
      <node id="2010">
        <label>tizmap.h</label>
        <link refid="tizmap_8h_source"/>
        <childnode refid="2008" relation="include">
        </childnode>
        <childnode refid="1991" relation="include">
        </childnode>
        <childnode refid="1988" relation="include">
        </childnode>
        <childnode refid="2000" relation="include">
        </childnode>
      </node>
      <node id="2007">
        <label>tizev.h</label>
        <link refid="tizev_8h_source"/>
        <childnode refid="2008" relation="include">
        </childnode>
        <childnode refid="2001" relation="include">
        </childnode>
        <childnode refid="1991" relation="include">
        </childnode>
        <childnode refid="1988" relation="include">
        </childnode>
      </node>
      <node id="2022">
        <label>stdio.h</label>
      </node>
      <node id="2011">
        <label>tizlimits.h</label>
        <link refid="tizlimits_8h_source"/>
      </node>
      <node id="1990">
        <label>OMX_Audio.h</label>
      </node>
    </incdepgraph>
      <sectiondef kind="func">
      <memberdef kind="function" id="tizivrport_8c_1a1b0e5e948ea3eaa82c66174d467ab246" prot="public" static="yes" const="no" explicit="no" inline="no" virt="non-virtual">
        <type>void *</type>
        <definition>static void* ivrport_ctor</definition>
        <argsstring>(void *ap_obj, va_list *app)</argsstring>
        <name>ivrport_ctor</name>
        <param>
          <type>void *</type>
          <declname>ap_obj</declname>
        </param>
        <param>
          <type>va_list *</type>
          <declname>app</declname>
        </param>
        <briefdescription>
        </briefdescription>
        <detaileddescription>
        </detaileddescription>
        <inbodydescription>
        </inbodydescription>
        <location file="/home/joni/work/tizonia-master/libtizonia/src/tizivrport.c" line="51" column="1" bodyfile="/home/joni/work/tizonia-master/libtizonia/src/tizivrport.c" bodystart="51" bodyend="98"/>
      </memberdef>
      <memberdef kind="function" id="tizivrport_8c_1a42ba02561f31cc34cef2ab40e4aece14" prot="public" static="yes" const="no" explicit="no" inline="no" virt="non-virtual">
        <type>void *</type>
        <definition>static void* ivrport_dtor</definition>
        <argsstring>(void *ap_obj)</argsstring>
        <name>ivrport_dtor</name>
        <param>
          <type>void *</type>
          <declname>ap_obj</declname>
        </param>
        <briefdescription>
        </briefdescription>
        <detaileddescription>
        </detaileddescription>
        <inbodydescription>
        </inbodydescription>
        <location file="/home/joni/work/tizonia-master/libtizonia/src/tizivrport.c" line="101" column="1" bodyfile="/home/joni/work/tizonia-master/libtizonia/src/tizivrport.c" bodystart="101" bodyend="104"/>
      </memberdef>
      <memberdef kind="function" id="tizivrport_8c_1a8383f89fdd183a161bf61395343ad019" prot="public" static="yes" const="no" explicit="no" inline="no" virt="non-virtual">
        <type>OMX_ERRORTYPE</type>
        <definition>static OMX_ERRORTYPE ivrport_GetConfig</definition>
        <argsstring>(const void *ap_obj, OMX_HANDLETYPE ap_hdl, OMX_INDEXTYPE a_index, OMX_PTR ap_struct)</argsstring>
        <name>ivrport_GetConfig</name>
        <param>
          <type>const void *</type>
          <declname>ap_obj</declname>
        </param>
        <param>
          <type>OMX_HANDLETYPE</type>
          <declname>ap_hdl</declname>
        </param>
        <param>
          <type>OMX_INDEXTYPE</type>
          <declname>a_index</declname>
        </param>
        <param>
          <type>OMX_PTR</type>
          <declname>ap_struct</declname>
        </param>
        <briefdescription>
        </briefdescription>
        <detaileddescription>
        </detaileddescription>
        <inbodydescription>
        </inbodydescription>
        <location file="/home/joni/work/tizonia-master/libtizonia/src/tizivrport.c" line="111" column="1" bodyfile="/home/joni/work/tizonia-master/libtizonia/src/tizivrport.c" bodystart="111" bodyend="170"/>
      </memberdef>
      <memberdef kind="function" id="tizivrport_8c_1afe65dc3761802e8b7f2e0a2e1a0d5057" prot="public" static="yes" const="no" explicit="no" inline="no" virt="non-virtual">
        <type>OMX_ERRORTYPE</type>
        <definition>static OMX_ERRORTYPE ivrport_SetConfig</definition>
        <argsstring>(const void *ap_obj, OMX_HANDLETYPE ap_hdl, OMX_INDEXTYPE a_index, OMX_PTR ap_struct)</argsstring>
        <name>ivrport_SetConfig</name>
        <param>
          <type>const void *</type>
          <declname>ap_obj</declname>
        </param>
        <param>
          <type>OMX_HANDLETYPE</type>
          <declname>ap_hdl</declname>
        </param>
        <param>
          <type>OMX_INDEXTYPE</type>
          <declname>a_index</declname>
        </param>
        <param>
          <type>OMX_PTR</type>
          <declname>ap_struct</declname>
        </param>
        <briefdescription>
        </briefdescription>
        <detaileddescription>
        </detaileddescription>
        <inbodydescription>
        </inbodydescription>
        <location file="/home/joni/work/tizonia-master/libtizonia/src/tizivrport.c" line="173" column="1" bodyfile="/home/joni/work/tizonia-master/libtizonia/src/tizivrport.c" bodystart="173" bodyend="236"/>
      </memberdef>
      <memberdef kind="function" id="tizivrport_8c_1a16805743c67ebcfa08640ace98175594" prot="public" static="yes" const="no" explicit="no" inline="no" virt="non-virtual">
        <type>bool</type>
        <definition>static bool ivrport_check_tunnel_compat</definition>
        <argsstring>(const void *ap_obj, OMX_PARAM_PORTDEFINITIONTYPE *ap_this_def, OMX_PARAM_PORTDEFINITIONTYPE *ap_other_def)</argsstring>
        <name>ivrport_check_tunnel_compat</name>
        <param>
          <type>const void *</type>
          <declname>ap_obj</declname>
        </param>
        <param>
          <type>OMX_PARAM_PORTDEFINITIONTYPE *</type>
          <declname>ap_this_def</declname>
        </param>
        <param>
          <type>OMX_PARAM_PORTDEFINITIONTYPE *</type>
          <declname>ap_other_def</declname>
        </param>
        <briefdescription>
        </briefdescription>
        <detaileddescription>
        </detaileddescription>
        <inbodydescription>
        </inbodydescription>
        <location file="/home/joni/work/tizonia-master/libtizonia/src/tizivrport.c" line="239" column="1" bodyfile="/home/joni/work/tizonia-master/libtizonia/src/tizivrport.c" bodystart="239" bodyend="263"/>
      </memberdef>
      <memberdef kind="function" id="tizivrport_8c_1a7eddd348d48be3a75d2aee1fa56756de" prot="public" static="yes" const="no" explicit="no" inline="no" virt="non-virtual">
        <type>void *</type>
        <definition>static void* ivrport_class_ctor</definition>
        <argsstring>(void *ap_obj, va_list *app)</argsstring>
        <name>ivrport_class_ctor</name>
        <param>
          <type>void *</type>
          <declname>ap_obj</declname>
        </param>
        <param>
          <type>va_list *</type>
          <declname>app</declname>
        </param>
        <briefdescription>
        </briefdescription>
        <detaileddescription>
        </detaileddescription>
        <inbodydescription>
        </inbodydescription>
        <location file="/home/joni/work/tizonia-master/libtizonia/src/tizivrport.c" line="270" column="1" bodyfile="/home/joni/work/tizonia-master/libtizonia/src/tizivrport.c" bodystart="270" bodyend="274"/>
      </memberdef>
      <memberdef kind="function" id="tizivrport_8c_1a10d1f72be6a606dfc30ac9201b178ac3" prot="public" static="no" const="no" explicit="no" inline="no" virt="non-virtual">
        <type>void *</type>
        <definition>void* tiz_ivrport_class_init</definition>
        <argsstring>(void *ap_tos, void *ap_hdl)</argsstring>
        <name>tiz_ivrport_class_init</name>
        <param>
          <type>void *</type>
          <declname>ap_tos</declname>
        </param>
        <param>
          <type>void *</type>
          <declname>ap_hdl</declname>
        </param>
        <briefdescription>
        </briefdescription>
        <detaileddescription>
        </detaileddescription>
        <inbodydescription>
        </inbodydescription>
        <location file="/home/joni/work/tizonia-master/libtizonia/src/tizivrport.c" line="281" column="1" bodyfile="/home/joni/work/tizonia-master/libtizonia/src/tizivrport.c" bodystart="281" bodyend="295"/>
      </memberdef>
      <memberdef kind="function" id="tizivrport_8c_1ab4f16d5deb5214a0f66ae15a3a6e421d" prot="public" static="no" const="no" explicit="no" inline="no" virt="non-virtual">
        <type>void *</type>
        <definition>void* tiz_ivrport_init</definition>
        <argsstring>(void *ap_tos, void *ap_hdl)</argsstring>
        <name>tiz_ivrport_init</name>
        <param>
          <type>void *</type>
          <declname>ap_tos</declname>
        </param>
        <param>
          <type>void *</type>
          <declname>ap_hdl</declname>
        </param>
        <briefdescription>
        </briefdescription>
        <detaileddescription>
        </detaileddescription>
        <inbodydescription>
        </inbodydescription>
        <location file="/home/joni/work/tizonia-master/libtizonia/src/tizivrport.c" line="298" column="1" bodyfile="/home/joni/work/tizonia-master/libtizonia/src/tizivrport.c" bodystart="298" bodyend="322"/>
      </memberdef>
      </sectiondef>
    <briefdescription>
<para>i/v renderer port class implementation </para>    </briefdescription>
    <detaileddescription>
<para>Copyright (C) 2011-2018 Aratelia Limited - Juan A. Rubio</para><para>This file is part of Tizonia</para><para>Tizonia is free software: you can redistribute it and/or modify it under the terms of the GNU Lesser General Public License as published by the Free Software Foundation, either version 3 of the License, or (at your option) any later version.</para><para>Tizonia is distributed in the hope that it will be useful, but WITHOUT ANY WARRANTY; without even the implied warranty of MERCHANTABILITY or FITNESS FOR A PARTICULAR PURPOSE. See the GNU Lesser General Public License for more details.</para><para>You should have received a copy of the GNU Lesser General Public License along with Tizonia. If not, see <ulink url="http://www.gnu.org/licenses/">http://www.gnu.org/licenses/</ulink>.</para><para><simplesect kind="author"><para>Juan A. Rubio <ulink url="mailto:juan.rubio@aratelia.com">juan.rubio@aratelia.com</ulink> </para></simplesect>
</para>    </detaileddescription>
    <programlisting>
<codeline lineno="1"></codeline>
<codeline lineno="29"><highlight class="preprocessor">#ifdef<sp/>HAVE_CONFIG_H</highlight><highlight class="normal"></highlight></codeline>
<codeline lineno="30"><highlight class="normal"></highlight><highlight class="preprocessor">#include<sp/>&lt;config.h&gt;</highlight><highlight class="normal"></highlight></codeline>
<codeline lineno="31"><highlight class="normal"></highlight><highlight class="preprocessor">#endif</highlight><highlight class="normal"></highlight></codeline>
<codeline lineno="32"><highlight class="normal"></highlight></codeline>
<codeline lineno="33"><highlight class="normal"></highlight><highlight class="preprocessor">#include<sp/>&lt;assert.h&gt;</highlight><highlight class="normal"></highlight></codeline>
<codeline lineno="34"><highlight class="normal"></highlight></codeline>
<codeline lineno="35"><highlight class="normal"></highlight><highlight class="preprocessor">#include<sp/>&lt;tizplatform.h&gt;</highlight><highlight class="normal"></highlight></codeline>
<codeline lineno="36"><highlight class="normal"></highlight></codeline>
<codeline lineno="37"><highlight class="normal"></highlight><highlight class="preprocessor">#include<sp/>&quot;tizutils.h&quot;</highlight><highlight class="normal"></highlight></codeline>
<codeline lineno="38"><highlight class="normal"></highlight><highlight class="preprocessor">#include<sp/>&quot;tizivrport.h&quot;</highlight><highlight class="normal"></highlight></codeline>
<codeline lineno="39"><highlight class="normal"></highlight><highlight class="preprocessor">#include<sp/>&quot;tizivrport_decls.h&quot;</highlight><highlight class="normal"></highlight></codeline>
<codeline lineno="40"><highlight class="normal"></highlight></codeline>
<codeline lineno="41"><highlight class="normal"></highlight><highlight class="preprocessor">#ifdef<sp/>TIZ_LOG_CATEGORY_NAME</highlight><highlight class="normal"></highlight></codeline>
<codeline lineno="42"><highlight class="normal"></highlight><highlight class="preprocessor">#undef<sp/>TIZ_LOG_CATEGORY_NAME</highlight><highlight class="normal"></highlight></codeline>
<codeline lineno="43"><highlight class="normal"></highlight><highlight class="preprocessor">#define<sp/>TIZ_LOG_CATEGORY_NAME<sp/>&quot;tiz.tizonia.ivrport&quot;</highlight><highlight class="normal"></highlight></codeline>
<codeline lineno="44"><highlight class="normal"></highlight><highlight class="preprocessor">#endif</highlight><highlight class="normal"></highlight></codeline>
<codeline lineno="45"><highlight class="normal"></highlight></codeline>
<codeline lineno="46"><highlight class="normal"></highlight><highlight class="comment">/*</highlight></codeline>
<codeline lineno="47"><highlight class="comment"><sp/>*<sp/>tizivrport<sp/>class</highlight></codeline>
<codeline lineno="48"><highlight class="comment"><sp/>*/</highlight><highlight class="normal"></highlight></codeline>
<codeline lineno="49"><highlight class="normal"></highlight></codeline>
<codeline lineno="50"><highlight class="normal"></highlight><highlight class="keyword">static</highlight><highlight class="normal"><sp/></highlight><highlight class="keywordtype">void</highlight><highlight class="normal"><sp/>*</highlight></codeline>
<codeline lineno="51"><highlight class="normal">ivrport_ctor<sp/>(</highlight><highlight class="keywordtype">void</highlight><highlight class="normal"><sp/>*<sp/>ap_obj,<sp/>va_list<sp/>*<sp/>app)</highlight></codeline>
<codeline lineno="52"><highlight class="normal">{</highlight></codeline>
<codeline lineno="53"><highlight class="normal"><sp/><sp/><ref refid="structtiz__ivrport" kindref="compound">tiz_ivrport_t</ref><sp/>*<sp/>p_obj</highlight></codeline>
<codeline lineno="54"><highlight class="normal"><sp/><sp/><sp/><sp/>=<sp/>super_ctor<sp/>(typeOf<sp/>(ap_obj,<sp/></highlight><highlight class="stringliteral">&quot;tizivrport&quot;</highlight><highlight class="normal">),<sp/>ap_obj,<sp/>app);</highlight></codeline>
<codeline lineno="55"><highlight class="normal"><sp/><sp/><ref refid="structtiz__port" kindref="compound">tiz_port_t</ref><sp/>*<sp/>p_base<sp/>=<sp/>ap_obj;</highlight></codeline>
<codeline lineno="56"><highlight class="normal"></highlight></codeline>
<codeline lineno="57"><highlight class="normal"><sp/><sp/>tiz_port_register_index<sp/>(p_obj,<sp/>OMX_IndexConfigCommonRotate);</highlight></codeline>
<codeline lineno="58"><highlight class="normal"><sp/><sp/>tiz_port_register_index<sp/>(p_obj,<sp/>OMX_IndexConfigCommonMirror);</highlight></codeline>
<codeline lineno="59"><highlight class="normal"><sp/><sp/>tiz_port_register_index<sp/>(p_obj,<sp/>OMX_IndexConfigCommonScale);</highlight></codeline>
<codeline lineno="60"><highlight class="normal"><sp/><sp/>tiz_port_register_index<sp/>(p_obj,<sp/>OMX_IndexConfigCommonInputCrop);</highlight></codeline>
<codeline lineno="61"><highlight class="normal"><sp/><sp/>tiz_port_register_index<sp/>(p_obj,<sp/>OMX_IndexConfigTimeRenderingDelay);</highlight></codeline>
<codeline lineno="62"><highlight class="normal"></highlight></codeline>
<codeline lineno="63"><highlight class="normal"><sp/><sp/></highlight><highlight class="comment">/*<sp/>Initialize<sp/>the<sp/>OMX_CONFIG_ROTATIONTYPE<sp/>structure<sp/>*/</highlight><highlight class="normal"></highlight></codeline>
<codeline lineno="64"><highlight class="normal"><sp/><sp/>p_obj-&gt;crotate_.nSize<sp/>=<sp/></highlight><highlight class="keyword">sizeof</highlight><highlight class="normal"><sp/>(OMX_CONFIG_ROTATIONTYPE);</highlight></codeline>
<codeline lineno="65"><highlight class="normal"><sp/><sp/>p_obj-&gt;crotate_.nVersion.nVersion<sp/>=<sp/>OMX_VERSION;</highlight></codeline>
<codeline lineno="66"><highlight class="normal"><sp/><sp/>p_obj-&gt;crotate_.nPortIndex<sp/>=<sp/>p_base-&gt;portdef_.nPortIndex;</highlight></codeline>
<codeline lineno="67"><highlight class="normal"><sp/><sp/>p_obj-&gt;crotate_.nRotation<sp/>=<sp/>0;</highlight></codeline>
<codeline lineno="68"><highlight class="normal"></highlight></codeline>
<codeline lineno="69"><highlight class="normal"><sp/><sp/></highlight><highlight class="comment">/*<sp/>Initialize<sp/>the<sp/>OMX_CONFIG_MIRRORTYPE<sp/>structure<sp/>*/</highlight><highlight class="normal"></highlight></codeline>
<codeline lineno="70"><highlight class="normal"><sp/><sp/>p_obj-&gt;cmirror_.nSize<sp/>=<sp/></highlight><highlight class="keyword">sizeof</highlight><highlight class="normal"><sp/>(OMX_CONFIG_MIRRORTYPE);</highlight></codeline>
<codeline lineno="71"><highlight class="normal"><sp/><sp/>p_obj-&gt;cmirror_.nVersion.nVersion<sp/>=<sp/>OMX_VERSION;</highlight></codeline>
<codeline lineno="72"><highlight class="normal"><sp/><sp/>p_obj-&gt;cmirror_.nPortIndex<sp/>=<sp/>p_base-&gt;portdef_.nPortIndex;</highlight></codeline>
<codeline lineno="73"><highlight class="normal"><sp/><sp/>p_obj-&gt;cmirror_.eMirror<sp/>=<sp/>OMX_MirrorNone;</highlight></codeline>
<codeline lineno="74"><highlight class="normal"></highlight></codeline>
<codeline lineno="75"><highlight class="normal"><sp/><sp/></highlight><highlight class="comment">/*<sp/>Initialize<sp/>the<sp/>OMX_CONFIG_SCALEFACTORTYPE<sp/>structure<sp/>*/</highlight><highlight class="normal"></highlight></codeline>
<codeline lineno="76"><highlight class="normal"><sp/><sp/>p_obj-&gt;cscale_.nSize<sp/>=<sp/></highlight><highlight class="keyword">sizeof</highlight><highlight class="normal"><sp/>(OMX_CONFIG_SCALEFACTORTYPE);</highlight></codeline>
<codeline lineno="77"><highlight class="normal"><sp/><sp/>p_obj-&gt;cscale_.nVersion.nVersion<sp/>=<sp/>OMX_VERSION;</highlight></codeline>
<codeline lineno="78"><highlight class="normal"><sp/><sp/>p_obj-&gt;cscale_.nPortIndex<sp/>=<sp/>p_base-&gt;portdef_.nPortIndex;</highlight></codeline>
<codeline lineno="79"><highlight class="normal"><sp/><sp/>p_obj-&gt;cscale_.xWidth<sp/>=<sp/>1;</highlight></codeline>
<codeline lineno="80"><highlight class="normal"><sp/><sp/>p_obj-&gt;cscale_.xHeight<sp/>=<sp/>1;</highlight></codeline>
<codeline lineno="81"><highlight class="normal"></highlight></codeline>
<codeline lineno="82"><highlight class="normal"><sp/><sp/></highlight><highlight class="comment">/*<sp/>Initialize<sp/>the<sp/>OMX_CONFIG_RECTTYPE<sp/>structure<sp/>*/</highlight><highlight class="normal"></highlight></codeline>
<codeline lineno="83"><highlight class="normal"><sp/><sp/>p_obj-&gt;cincrop_.nSize<sp/>=<sp/></highlight><highlight class="keyword">sizeof</highlight><highlight class="normal"><sp/>(OMX_CONFIG_RECTTYPE);</highlight></codeline>
<codeline lineno="84"><highlight class="normal"><sp/><sp/>p_obj-&gt;cincrop_.nVersion.nVersion<sp/>=<sp/>OMX_VERSION;</highlight></codeline>
<codeline lineno="85"><highlight class="normal"><sp/><sp/>p_obj-&gt;cincrop_.nPortIndex<sp/>=<sp/>p_base-&gt;portdef_.nPortIndex;</highlight></codeline>
<codeline lineno="86"><highlight class="normal"><sp/><sp/>p_obj-&gt;cincrop_.nLeft<sp/>=<sp/>0;</highlight></codeline>
<codeline lineno="87"><highlight class="normal"><sp/><sp/>p_obj-&gt;cincrop_.nTop<sp/>=<sp/>0;</highlight></codeline>
<codeline lineno="88"><highlight class="normal"><sp/><sp/>p_obj-&gt;cincrop_.nWidth<sp/>=<sp/>0;</highlight></codeline>
<codeline lineno="89"><highlight class="normal"><sp/><sp/>p_obj-&gt;cincrop_.nHeight<sp/>=<sp/>0;</highlight></codeline>
<codeline lineno="90"><highlight class="normal"></highlight></codeline>
<codeline lineno="91"><highlight class="normal"><sp/><sp/></highlight><highlight class="comment">/*<sp/>Initialize<sp/>the<sp/>OMX_TIME_CONFIG_RENDERINGDELAYTYPE<sp/>structure<sp/>*/</highlight><highlight class="normal"></highlight></codeline>
<codeline lineno="92"><highlight class="normal"><sp/><sp/>p_obj-&gt;crendelay_.nSize<sp/>=<sp/></highlight><highlight class="keyword">sizeof</highlight><highlight class="normal"><sp/>(OMX_TIME_CONFIG_RENDERINGDELAYTYPE);</highlight></codeline>
<codeline lineno="93"><highlight class="normal"><sp/><sp/>p_obj-&gt;crendelay_.nVersion.nVersion<sp/>=<sp/>OMX_VERSION;</highlight></codeline>
<codeline lineno="94"><highlight class="normal"><sp/><sp/>p_obj-&gt;crendelay_.nPortIndex<sp/>=<sp/>p_base-&gt;portdef_.nPortIndex;</highlight></codeline>
<codeline lineno="95"><highlight class="normal"><sp/><sp/>p_obj-&gt;crendelay_.nRenderingDelay<sp/>=<sp/>0;</highlight></codeline>
<codeline lineno="96"><highlight class="normal"></highlight></codeline>
<codeline lineno="97"><highlight class="normal"><sp/><sp/></highlight><highlight class="keywordflow">return</highlight><highlight class="normal"><sp/>p_obj;</highlight></codeline>
<codeline lineno="98"><highlight class="normal">}</highlight></codeline>
<codeline lineno="99"><highlight class="normal"></highlight></codeline>
<codeline lineno="100"><highlight class="normal"></highlight><highlight class="keyword">static</highlight><highlight class="normal"><sp/></highlight><highlight class="keywordtype">void</highlight><highlight class="normal"><sp/>*</highlight></codeline>
<codeline lineno="101"><highlight class="normal">ivrport_dtor<sp/>(</highlight><highlight class="keywordtype">void</highlight><highlight class="normal"><sp/>*<sp/>ap_obj)</highlight></codeline>
<codeline lineno="102"><highlight class="normal">{</highlight></codeline>
<codeline lineno="103"><highlight class="normal"><sp/><sp/></highlight><highlight class="keywordflow">return</highlight><highlight class="normal"><sp/>super_dtor<sp/>(typeOf<sp/>(ap_obj,<sp/></highlight><highlight class="stringliteral">&quot;tizivrport&quot;</highlight><highlight class="normal">),<sp/>ap_obj);</highlight></codeline>
<codeline lineno="104"><highlight class="normal">}</highlight></codeline>
<codeline lineno="105"><highlight class="normal"></highlight></codeline>
<codeline lineno="106"><highlight class="normal"></highlight><highlight class="comment">/*</highlight></codeline>
<codeline lineno="107"><highlight class="comment"><sp/>*<sp/>from<sp/>tiz_api</highlight></codeline>
<codeline lineno="108"><highlight class="comment"><sp/>*/</highlight><highlight class="normal"></highlight></codeline>
<codeline lineno="109"><highlight class="normal"></highlight></codeline>
<codeline lineno="110"><highlight class="normal"></highlight><highlight class="keyword">static</highlight><highlight class="normal"><sp/>OMX_ERRORTYPE</highlight></codeline>
<codeline lineno="111"><highlight class="normal">ivrport_GetConfig<sp/>(</highlight><highlight class="keyword">const</highlight><highlight class="normal"><sp/></highlight><highlight class="keywordtype">void</highlight><highlight class="normal"><sp/>*<sp/>ap_obj,<sp/>OMX_HANDLETYPE<sp/>ap_hdl,</highlight></codeline>
<codeline lineno="112"><highlight class="normal"><sp/><sp/><sp/><sp/><sp/><sp/><sp/><sp/><sp/><sp/><sp/><sp/><sp/><sp/><sp/><sp/><sp/><sp/><sp/>OMX_INDEXTYPE<sp/>a_index,<sp/>OMX_PTR<sp/>ap_struct)</highlight></codeline>
<codeline lineno="113"><highlight class="normal">{</highlight></codeline>
<codeline lineno="114"><highlight class="normal"><sp/><sp/></highlight><highlight class="keyword">const</highlight><highlight class="normal"><sp/><ref refid="structtiz__ivrport" kindref="compound">tiz_ivrport_t</ref><sp/>*<sp/>p_obj<sp/>=<sp/>ap_obj;</highlight></codeline>
<codeline lineno="115"><highlight class="normal"></highlight></codeline>
<codeline lineno="116"><highlight class="normal"><sp/><sp/>TIZ_TRACE<sp/>(handleOf<sp/>(ap_obj),<sp/></highlight><highlight class="stringliteral">&quot;PORT<sp/>[%d]<sp/>GetConfig<sp/>[%s]&quot;</highlight><highlight class="normal">,</highlight></codeline>
<codeline lineno="117"><highlight class="normal"><sp/><sp/><sp/><sp/><sp/><sp/><sp/><sp/><sp/><sp/><sp/><sp/><sp/>tiz_port_index<sp/>(ap_obj),<sp/>tiz_idx_to_str<sp/>(a_index));</highlight></codeline>
<codeline lineno="118"><highlight class="normal"><sp/><sp/>assert<sp/>(ap_obj);</highlight></codeline>
<codeline lineno="119"><highlight class="normal"></highlight></codeline>
<codeline lineno="120"><highlight class="normal"><sp/><sp/></highlight><highlight class="keywordflow">switch</highlight><highlight class="normal"><sp/>(a_index)</highlight></codeline>
<codeline lineno="121"><highlight class="normal"><sp/><sp/><sp/><sp/>{</highlight></codeline>
<codeline lineno="122"><highlight class="normal"><sp/><sp/><sp/><sp/><sp/><sp/></highlight><highlight class="keywordflow">case</highlight><highlight class="normal"><sp/>OMX_IndexConfigCommonRotate:</highlight></codeline>
<codeline lineno="123"><highlight class="normal"><sp/><sp/><sp/><sp/><sp/><sp/><sp/><sp/>{</highlight></codeline>
<codeline lineno="124"><highlight class="normal"><sp/><sp/><sp/><sp/><sp/><sp/><sp/><sp/><sp/><sp/>OMX_CONFIG_ROTATIONTYPE<sp/>*<sp/>p_crotate</highlight></codeline>
<codeline lineno="125"><highlight class="normal"><sp/><sp/><sp/><sp/><sp/><sp/><sp/><sp/><sp/><sp/><sp/><sp/>=<sp/>(OMX_CONFIG_ROTATIONTYPE<sp/>*)<sp/>ap_struct;</highlight></codeline>
<codeline lineno="126"><highlight class="normal"><sp/><sp/><sp/><sp/><sp/><sp/><sp/><sp/><sp/><sp/>*p_crotate<sp/>=<sp/>p_obj-&gt;crotate_;</highlight></codeline>
<codeline lineno="127"><highlight class="normal"><sp/><sp/><sp/><sp/><sp/><sp/><sp/><sp/>}</highlight></codeline>
<codeline lineno="128"><highlight class="normal"><sp/><sp/><sp/><sp/><sp/><sp/><sp/><sp/></highlight><highlight class="keywordflow">break</highlight><highlight class="normal">;</highlight></codeline>
<codeline lineno="129"><highlight class="normal"></highlight></codeline>
<codeline lineno="130"><highlight class="normal"><sp/><sp/><sp/><sp/><sp/><sp/></highlight><highlight class="keywordflow">case</highlight><highlight class="normal"><sp/>OMX_IndexConfigCommonMirror:</highlight></codeline>
<codeline lineno="131"><highlight class="normal"><sp/><sp/><sp/><sp/><sp/><sp/><sp/><sp/>{</highlight></codeline>
<codeline lineno="132"><highlight class="normal"><sp/><sp/><sp/><sp/><sp/><sp/><sp/><sp/><sp/><sp/>OMX_CONFIG_MIRRORTYPE<sp/>*<sp/>p_cmirror</highlight></codeline>
<codeline lineno="133"><highlight class="normal"><sp/><sp/><sp/><sp/><sp/><sp/><sp/><sp/><sp/><sp/><sp/><sp/>=<sp/>(OMX_CONFIG_MIRRORTYPE<sp/>*)<sp/>ap_struct;</highlight></codeline>
<codeline lineno="134"><highlight class="normal"><sp/><sp/><sp/><sp/><sp/><sp/><sp/><sp/><sp/><sp/>*p_cmirror<sp/>=<sp/>p_obj-&gt;cmirror_;</highlight></codeline>
<codeline lineno="135"><highlight class="normal"><sp/><sp/><sp/><sp/><sp/><sp/><sp/><sp/>}</highlight></codeline>
<codeline lineno="136"><highlight class="normal"><sp/><sp/><sp/><sp/><sp/><sp/><sp/><sp/></highlight><highlight class="keywordflow">break</highlight><highlight class="normal">;</highlight></codeline>
<codeline lineno="137"><highlight class="normal"></highlight></codeline>
<codeline lineno="138"><highlight class="normal"><sp/><sp/><sp/><sp/><sp/><sp/></highlight><highlight class="keywordflow">case</highlight><highlight class="normal"><sp/>OMX_IndexConfigCommonScale:</highlight></codeline>
<codeline lineno="139"><highlight class="normal"><sp/><sp/><sp/><sp/><sp/><sp/><sp/><sp/>{</highlight></codeline>
<codeline lineno="140"><highlight class="normal"><sp/><sp/><sp/><sp/><sp/><sp/><sp/><sp/><sp/><sp/>OMX_CONFIG_SCALEFACTORTYPE<sp/>*<sp/>p_cscale</highlight></codeline>
<codeline lineno="141"><highlight class="normal"><sp/><sp/><sp/><sp/><sp/><sp/><sp/><sp/><sp/><sp/><sp/><sp/>=<sp/>(OMX_CONFIG_SCALEFACTORTYPE<sp/>*)<sp/>ap_struct;</highlight></codeline>
<codeline lineno="142"><highlight class="normal"><sp/><sp/><sp/><sp/><sp/><sp/><sp/><sp/><sp/><sp/>*p_cscale<sp/>=<sp/>p_obj-&gt;cscale_;</highlight></codeline>
<codeline lineno="143"><highlight class="normal"><sp/><sp/><sp/><sp/><sp/><sp/><sp/><sp/>}</highlight></codeline>
<codeline lineno="144"><highlight class="normal"><sp/><sp/><sp/><sp/><sp/><sp/><sp/><sp/></highlight><highlight class="keywordflow">break</highlight><highlight class="normal">;</highlight></codeline>
<codeline lineno="145"><highlight class="normal"></highlight></codeline>
<codeline lineno="146"><highlight class="normal"><sp/><sp/><sp/><sp/><sp/><sp/></highlight><highlight class="keywordflow">case</highlight><highlight class="normal"><sp/>OMX_IndexConfigCommonInputCrop:</highlight></codeline>
<codeline lineno="147"><highlight class="normal"><sp/><sp/><sp/><sp/><sp/><sp/><sp/><sp/>{</highlight></codeline>
<codeline lineno="148"><highlight class="normal"><sp/><sp/><sp/><sp/><sp/><sp/><sp/><sp/><sp/><sp/>OMX_CONFIG_RECTTYPE<sp/>*<sp/>p_cincrop<sp/>=<sp/>(OMX_CONFIG_RECTTYPE<sp/>*)<sp/>ap_struct;</highlight></codeline>
<codeline lineno="149"><highlight class="normal"><sp/><sp/><sp/><sp/><sp/><sp/><sp/><sp/><sp/><sp/>*p_cincrop<sp/>=<sp/>p_obj-&gt;cincrop_;</highlight></codeline>
<codeline lineno="150"><highlight class="normal"><sp/><sp/><sp/><sp/><sp/><sp/><sp/><sp/>}</highlight></codeline>
<codeline lineno="151"><highlight class="normal"><sp/><sp/><sp/><sp/><sp/><sp/><sp/><sp/></highlight><highlight class="keywordflow">break</highlight><highlight class="normal">;</highlight></codeline>
<codeline lineno="152"><highlight class="normal"></highlight></codeline>
<codeline lineno="153"><highlight class="normal"><sp/><sp/><sp/><sp/><sp/><sp/></highlight><highlight class="keywordflow">case</highlight><highlight class="normal"><sp/>OMX_IndexConfigTimeRenderingDelay:</highlight></codeline>
<codeline lineno="154"><highlight class="normal"><sp/><sp/><sp/><sp/><sp/><sp/><sp/><sp/>{</highlight></codeline>
<codeline lineno="155"><highlight class="normal"><sp/><sp/><sp/><sp/><sp/><sp/><sp/><sp/><sp/><sp/>OMX_TIME_CONFIG_RENDERINGDELAYTYPE<sp/>*<sp/>p_crendelay</highlight></codeline>
<codeline lineno="156"><highlight class="normal"><sp/><sp/><sp/><sp/><sp/><sp/><sp/><sp/><sp/><sp/><sp/><sp/>=<sp/>(OMX_TIME_CONFIG_RENDERINGDELAYTYPE<sp/>*)<sp/>ap_struct;</highlight></codeline>
<codeline lineno="157"><highlight class="normal"><sp/><sp/><sp/><sp/><sp/><sp/><sp/><sp/><sp/><sp/>*p_crendelay<sp/>=<sp/>p_obj-&gt;crendelay_;</highlight></codeline>
<codeline lineno="158"><highlight class="normal"><sp/><sp/><sp/><sp/><sp/><sp/><sp/><sp/>}</highlight></codeline>
<codeline lineno="159"><highlight class="normal"><sp/><sp/><sp/><sp/><sp/><sp/><sp/><sp/></highlight><highlight class="keywordflow">break</highlight><highlight class="normal">;</highlight></codeline>
<codeline lineno="160"><highlight class="normal"></highlight></codeline>
<codeline lineno="161"><highlight class="normal"><sp/><sp/><sp/><sp/><sp/><sp/></highlight><highlight class="keywordflow">default</highlight><highlight class="normal">:</highlight></codeline>
<codeline lineno="162"><highlight class="normal"><sp/><sp/><sp/><sp/><sp/><sp/><sp/><sp/>{</highlight></codeline>
<codeline lineno="163"><highlight class="normal"><sp/><sp/><sp/><sp/><sp/><sp/><sp/><sp/><sp/><sp/></highlight><highlight class="comment">/*<sp/>Try<sp/>the<sp/>parent&apos;s<sp/>indexes<sp/>*/</highlight><highlight class="normal"></highlight></codeline>
<codeline lineno="164"><highlight class="normal"><sp/><sp/><sp/><sp/><sp/><sp/><sp/><sp/><sp/><sp/></highlight><highlight class="keywordflow">return</highlight><highlight class="normal"><sp/>super_GetConfig<sp/>(typeOf<sp/>(ap_obj,<sp/></highlight><highlight class="stringliteral">&quot;tizivrport&quot;</highlight><highlight class="normal">),<sp/>ap_obj,<sp/>ap_hdl,</highlight></codeline>
<codeline lineno="165"><highlight class="normal"><sp/><sp/><sp/><sp/><sp/><sp/><sp/><sp/><sp/><sp/><sp/><sp/><sp/><sp/><sp/><sp/><sp/><sp/><sp/><sp/><sp/><sp/><sp/><sp/><sp/><sp/><sp/><sp/><sp/><sp/><sp/><sp/><sp/><sp/>a_index,<sp/>ap_struct);</highlight></codeline>
<codeline lineno="166"><highlight class="normal"><sp/><sp/><sp/><sp/><sp/><sp/><sp/><sp/>}</highlight></codeline>
<codeline lineno="167"><highlight class="normal"><sp/><sp/><sp/><sp/>};</highlight></codeline>
<codeline lineno="168"><highlight class="normal"></highlight></codeline>
<codeline lineno="169"><highlight class="normal"><sp/><sp/></highlight><highlight class="keywordflow">return</highlight><highlight class="normal"><sp/>OMX_ErrorNone;</highlight></codeline>
<codeline lineno="170"><highlight class="normal">}</highlight></codeline>
<codeline lineno="171"><highlight class="normal"></highlight></codeline>
<codeline lineno="172"><highlight class="normal"></highlight><highlight class="keyword">static</highlight><highlight class="normal"><sp/>OMX_ERRORTYPE</highlight></codeline>
<codeline lineno="173"><highlight class="normal">ivrport_SetConfig<sp/>(</highlight><highlight class="keyword">const</highlight><highlight class="normal"><sp/></highlight><highlight class="keywordtype">void</highlight><highlight class="normal"><sp/>*<sp/>ap_obj,<sp/>OMX_HANDLETYPE<sp/>ap_hdl,</highlight></codeline>
<codeline lineno="174"><highlight class="normal"><sp/><sp/><sp/><sp/><sp/><sp/><sp/><sp/><sp/><sp/><sp/><sp/><sp/><sp/><sp/><sp/><sp/><sp/><sp/>OMX_INDEXTYPE<sp/>a_index,<sp/>OMX_PTR<sp/>ap_struct)</highlight></codeline>
<codeline lineno="175"><highlight class="normal">{</highlight></codeline>
<codeline lineno="176"><highlight class="normal"><sp/><sp/><ref refid="structtiz__ivrport" kindref="compound">tiz_ivrport_t</ref><sp/>*<sp/>p_obj<sp/>=<sp/>(<ref refid="structtiz__ivrport" kindref="compound">tiz_ivrport_t</ref><sp/>*)<sp/>ap_obj;</highlight></codeline>
<codeline lineno="177"><highlight class="normal"></highlight></codeline>
<codeline lineno="178"><highlight class="normal"><sp/><sp/>TIZ_TRACE<sp/>(handleOf<sp/>(ap_obj),<sp/></highlight><highlight class="stringliteral">&quot;PORT<sp/>[%d]<sp/>SetConfig<sp/>[%s]&quot;</highlight><highlight class="normal">,</highlight></codeline>
<codeline lineno="179"><highlight class="normal"><sp/><sp/><sp/><sp/><sp/><sp/><sp/><sp/><sp/><sp/><sp/><sp/><sp/>tiz_port_index<sp/>(ap_obj),<sp/>tiz_idx_to_str<sp/>(a_index));</highlight></codeline>
<codeline lineno="180"><highlight class="normal"><sp/><sp/>assert<sp/>(ap_obj);</highlight></codeline>
<codeline lineno="181"><highlight class="normal"></highlight></codeline>
<codeline lineno="182"><highlight class="normal"><sp/><sp/></highlight><highlight class="keywordflow">switch</highlight><highlight class="normal"><sp/>(a_index)</highlight></codeline>
<codeline lineno="183"><highlight class="normal"><sp/><sp/><sp/><sp/>{</highlight></codeline>
<codeline lineno="184"><highlight class="normal"><sp/><sp/><sp/><sp/><sp/><sp/></highlight><highlight class="keywordflow">case</highlight><highlight class="normal"><sp/>OMX_IndexConfigCommonRotate:</highlight></codeline>
<codeline lineno="185"><highlight class="normal"><sp/><sp/><sp/><sp/><sp/><sp/><sp/><sp/>{</highlight></codeline>
<codeline lineno="186"><highlight class="normal"><sp/><sp/><sp/><sp/><sp/><sp/><sp/><sp/><sp/><sp/>OMX_CONFIG_ROTATIONTYPE<sp/>*<sp/>p_crotate</highlight></codeline>
<codeline lineno="187"><highlight class="normal"><sp/><sp/><sp/><sp/><sp/><sp/><sp/><sp/><sp/><sp/><sp/><sp/>=<sp/>(OMX_CONFIG_ROTATIONTYPE<sp/>*)<sp/>ap_struct;</highlight></codeline>
<codeline lineno="188"><highlight class="normal"><sp/><sp/><sp/><sp/><sp/><sp/><sp/><sp/><sp/><sp/>p_obj-&gt;crotate_.nRotation<sp/>=<sp/>p_crotate-&gt;nRotation;</highlight></codeline>
<codeline lineno="189"><highlight class="normal"><sp/><sp/><sp/><sp/><sp/><sp/><sp/><sp/>}</highlight></codeline>
<codeline lineno="190"><highlight class="normal"><sp/><sp/><sp/><sp/><sp/><sp/><sp/><sp/></highlight><highlight class="keywordflow">break</highlight><highlight class="normal">;</highlight></codeline>
<codeline lineno="191"><highlight class="normal"></highlight></codeline>
<codeline lineno="192"><highlight class="normal"><sp/><sp/><sp/><sp/><sp/><sp/></highlight><highlight class="keywordflow">case</highlight><highlight class="normal"><sp/>OMX_IndexConfigCommonMirror:</highlight></codeline>
<codeline lineno="193"><highlight class="normal"><sp/><sp/><sp/><sp/><sp/><sp/><sp/><sp/>{</highlight></codeline>
<codeline lineno="194"><highlight class="normal"><sp/><sp/><sp/><sp/><sp/><sp/><sp/><sp/><sp/><sp/>OMX_CONFIG_MIRRORTYPE<sp/>*<sp/>p_cmirror</highlight></codeline>
<codeline lineno="195"><highlight class="normal"><sp/><sp/><sp/><sp/><sp/><sp/><sp/><sp/><sp/><sp/><sp/><sp/>=<sp/>(OMX_CONFIG_MIRRORTYPE<sp/>*)<sp/>ap_struct;</highlight></codeline>
<codeline lineno="196"><highlight class="normal"><sp/><sp/><sp/><sp/><sp/><sp/><sp/><sp/><sp/><sp/>p_obj-&gt;cmirror_.eMirror<sp/>=<sp/>p_cmirror-&gt;eMirror;</highlight></codeline>
<codeline lineno="197"><highlight class="normal"><sp/><sp/><sp/><sp/><sp/><sp/><sp/><sp/>}</highlight></codeline>
<codeline lineno="198"><highlight class="normal"><sp/><sp/><sp/><sp/><sp/><sp/><sp/><sp/></highlight><highlight class="keywordflow">break</highlight><highlight class="normal">;</highlight></codeline>
<codeline lineno="199"><highlight class="normal"></highlight></codeline>
<codeline lineno="200"><highlight class="normal"><sp/><sp/><sp/><sp/><sp/><sp/></highlight><highlight class="keywordflow">case</highlight><highlight class="normal"><sp/>OMX_IndexConfigCommonScale:</highlight></codeline>
<codeline lineno="201"><highlight class="normal"><sp/><sp/><sp/><sp/><sp/><sp/><sp/><sp/>{</highlight></codeline>
<codeline lineno="202"><highlight class="normal"><sp/><sp/><sp/><sp/><sp/><sp/><sp/><sp/><sp/><sp/>OMX_CONFIG_SCALEFACTORTYPE<sp/>*<sp/>p_cscale</highlight></codeline>
<codeline lineno="203"><highlight class="normal"><sp/><sp/><sp/><sp/><sp/><sp/><sp/><sp/><sp/><sp/><sp/><sp/>=<sp/>(OMX_CONFIG_SCALEFACTORTYPE<sp/>*)<sp/>ap_struct;</highlight></codeline>
<codeline lineno="204"><highlight class="normal"><sp/><sp/><sp/><sp/><sp/><sp/><sp/><sp/><sp/><sp/>p_obj-&gt;cscale_.xWidth<sp/>=<sp/>p_cscale-&gt;xWidth;</highlight></codeline>
<codeline lineno="205"><highlight class="normal"><sp/><sp/><sp/><sp/><sp/><sp/><sp/><sp/><sp/><sp/>p_obj-&gt;cscale_.xHeight<sp/>=<sp/>p_cscale-&gt;xHeight;</highlight></codeline>
<codeline lineno="206"><highlight class="normal"><sp/><sp/><sp/><sp/><sp/><sp/><sp/><sp/>}</highlight></codeline>
<codeline lineno="207"><highlight class="normal"><sp/><sp/><sp/><sp/><sp/><sp/><sp/><sp/></highlight><highlight class="keywordflow">break</highlight><highlight class="normal">;</highlight></codeline>
<codeline lineno="208"><highlight class="normal"></highlight></codeline>
<codeline lineno="209"><highlight class="normal"><sp/><sp/><sp/><sp/><sp/><sp/></highlight><highlight class="keywordflow">case</highlight><highlight class="normal"><sp/>OMX_IndexConfigCommonInputCrop:</highlight></codeline>
<codeline lineno="210"><highlight class="normal"><sp/><sp/><sp/><sp/><sp/><sp/><sp/><sp/>{</highlight></codeline>
<codeline lineno="211"><highlight class="normal"><sp/><sp/><sp/><sp/><sp/><sp/><sp/><sp/><sp/><sp/>OMX_CONFIG_RECTTYPE<sp/>*<sp/>p_cincrop<sp/>=<sp/>(OMX_CONFIG_RECTTYPE<sp/>*)<sp/>ap_struct;</highlight></codeline>
<codeline lineno="212"><highlight class="normal"><sp/><sp/><sp/><sp/><sp/><sp/><sp/><sp/><sp/><sp/>p_obj-&gt;cincrop_.nLeft<sp/>=<sp/>p_cincrop-&gt;nLeft;</highlight></codeline>
<codeline lineno="213"><highlight class="normal"><sp/><sp/><sp/><sp/><sp/><sp/><sp/><sp/><sp/><sp/>p_obj-&gt;cincrop_.nTop<sp/>=<sp/>p_cincrop-&gt;nTop;</highlight></codeline>
<codeline lineno="214"><highlight class="normal"><sp/><sp/><sp/><sp/><sp/><sp/><sp/><sp/><sp/><sp/>p_obj-&gt;cincrop_.nWidth<sp/>=<sp/>p_cincrop-&gt;nWidth;</highlight></codeline>
<codeline lineno="215"><highlight class="normal"><sp/><sp/><sp/><sp/><sp/><sp/><sp/><sp/><sp/><sp/>p_obj-&gt;cincrop_.nHeight<sp/>=<sp/>p_cincrop-&gt;nHeight;</highlight></codeline>
<codeline lineno="216"><highlight class="normal"><sp/><sp/><sp/><sp/><sp/><sp/><sp/><sp/>}</highlight></codeline>
<codeline lineno="217"><highlight class="normal"><sp/><sp/><sp/><sp/><sp/><sp/><sp/><sp/></highlight><highlight class="keywordflow">break</highlight><highlight class="normal">;</highlight></codeline>
<codeline lineno="218"><highlight class="normal"></highlight></codeline>
<codeline lineno="219"><highlight class="normal"><sp/><sp/><sp/><sp/><sp/><sp/></highlight><highlight class="keywordflow">case</highlight><highlight class="normal"><sp/>OMX_IndexConfigTimeRenderingDelay:</highlight></codeline>
<codeline lineno="220"><highlight class="normal"><sp/><sp/><sp/><sp/><sp/><sp/><sp/><sp/>{</highlight></codeline>
<codeline lineno="221"><highlight class="normal"><sp/><sp/><sp/><sp/><sp/><sp/><sp/><sp/><sp/><sp/></highlight><highlight class="comment">/*<sp/>This<sp/>is<sp/>a<sp/>read-only<sp/>index.<sp/>Simply<sp/>ignore<sp/>it.<sp/>*/</highlight><highlight class="normal"></highlight></codeline>
<codeline lineno="222"><highlight class="normal"><sp/><sp/><sp/><sp/><sp/><sp/><sp/><sp/><sp/><sp/>TIZ_NOTICE<sp/>(ap_hdl,<sp/></highlight><highlight class="stringliteral">&quot;Ignoring<sp/>read-only<sp/>index<sp/>[%s]<sp/>&quot;</highlight><highlight class="normal">,</highlight></codeline>
<codeline lineno="223"><highlight class="normal"><sp/><sp/><sp/><sp/><sp/><sp/><sp/><sp/><sp/><sp/><sp/><sp/><sp/><sp/><sp/><sp/><sp/><sp/><sp/><sp/><sp/><sp/>tiz_idx_to_str<sp/>(a_index));</highlight></codeline>
<codeline lineno="224"><highlight class="normal"><sp/><sp/><sp/><sp/><sp/><sp/><sp/><sp/>}</highlight></codeline>
<codeline lineno="225"><highlight class="normal"><sp/><sp/><sp/><sp/><sp/><sp/><sp/><sp/></highlight><highlight class="keywordflow">break</highlight><highlight class="normal">;</highlight></codeline>
<codeline lineno="226"><highlight class="normal"></highlight></codeline>
<codeline lineno="227"><highlight class="normal"><sp/><sp/><sp/><sp/><sp/><sp/></highlight><highlight class="keywordflow">default</highlight><highlight class="normal">:</highlight></codeline>
<codeline lineno="228"><highlight class="normal"><sp/><sp/><sp/><sp/><sp/><sp/><sp/><sp/>{</highlight></codeline>
<codeline lineno="229"><highlight class="normal"><sp/><sp/><sp/><sp/><sp/><sp/><sp/><sp/><sp/><sp/></highlight><highlight class="comment">/*<sp/>Try<sp/>the<sp/>parent&apos;s<sp/>indexes<sp/>*/</highlight><highlight class="normal"></highlight></codeline>
<codeline lineno="230"><highlight class="normal"><sp/><sp/><sp/><sp/><sp/><sp/><sp/><sp/><sp/><sp/></highlight><highlight class="keywordflow">return</highlight><highlight class="normal"><sp/>super_SetConfig<sp/>(typeOf<sp/>(ap_obj,<sp/></highlight><highlight class="stringliteral">&quot;tizivrport&quot;</highlight><highlight class="normal">),<sp/>ap_obj,<sp/>ap_hdl,</highlight></codeline>
<codeline lineno="231"><highlight class="normal"><sp/><sp/><sp/><sp/><sp/><sp/><sp/><sp/><sp/><sp/><sp/><sp/><sp/><sp/><sp/><sp/><sp/><sp/><sp/><sp/><sp/><sp/><sp/><sp/><sp/><sp/><sp/><sp/><sp/><sp/><sp/><sp/><sp/><sp/>a_index,<sp/>ap_struct);</highlight></codeline>
<codeline lineno="232"><highlight class="normal"><sp/><sp/><sp/><sp/><sp/><sp/><sp/><sp/>}</highlight></codeline>
<codeline lineno="233"><highlight class="normal"><sp/><sp/><sp/><sp/>};</highlight></codeline>
<codeline lineno="234"><highlight class="normal"></highlight></codeline>
<codeline lineno="235"><highlight class="normal"><sp/><sp/></highlight><highlight class="keywordflow">return</highlight><highlight class="normal"><sp/>OMX_ErrorNone;</highlight></codeline>
<codeline lineno="236"><highlight class="normal">}</highlight></codeline>
<codeline lineno="237"><highlight class="normal"></highlight></codeline>
<codeline lineno="238"><highlight class="normal"></highlight><highlight class="keyword">static</highlight><highlight class="normal"><sp/></highlight><highlight class="keywordtype">bool</highlight><highlight class="normal"></highlight></codeline>
<codeline lineno="239"><highlight class="normal">ivrport_check_tunnel_compat<sp/>(</highlight><highlight class="keyword">const</highlight><highlight class="normal"><sp/></highlight><highlight class="keywordtype">void</highlight><highlight class="normal"><sp/>*<sp/>ap_obj,</highlight></codeline>
<codeline lineno="240"><highlight class="normal"><sp/><sp/><sp/><sp/><sp/><sp/><sp/><sp/><sp/><sp/><sp/><sp/><sp/><sp/><sp/><sp/><sp/><sp/><sp/><sp/><sp/><sp/><sp/><sp/><sp/><sp/><sp/><sp/><sp/>OMX_PARAM_PORTDEFINITIONTYPE<sp/>*<sp/>ap_this_def,</highlight></codeline>
<codeline lineno="241"><highlight class="normal"><sp/><sp/><sp/><sp/><sp/><sp/><sp/><sp/><sp/><sp/><sp/><sp/><sp/><sp/><sp/><sp/><sp/><sp/><sp/><sp/><sp/><sp/><sp/><sp/><sp/><sp/><sp/><sp/><sp/>OMX_PARAM_PORTDEFINITIONTYPE<sp/>*<sp/>ap_other_def)</highlight></codeline>
<codeline lineno="242"><highlight class="normal">{</highlight></codeline>
<codeline lineno="243"><highlight class="normal"><sp/><sp/><ref refid="structtiz__port" kindref="compound">tiz_port_t</ref><sp/>*<sp/>p_obj<sp/>=<sp/>(<ref refid="structtiz__port" kindref="compound">tiz_port_t</ref><sp/>*)<sp/>ap_obj;</highlight></codeline>
<codeline lineno="244"><highlight class="normal"></highlight></codeline>
<codeline lineno="245"><highlight class="normal"><sp/><sp/>assert<sp/>(ap_this_def);</highlight></codeline>
<codeline lineno="246"><highlight class="normal"><sp/><sp/>assert<sp/>(ap_other_def);</highlight></codeline>
<codeline lineno="247"><highlight class="normal"></highlight></codeline>
<codeline lineno="248"><highlight class="normal"><sp/><sp/></highlight><highlight class="keywordflow">if</highlight><highlight class="normal"><sp/>(ap_other_def-&gt;eDomain<sp/>!=<sp/>ap_this_def-&gt;eDomain)</highlight></codeline>
<codeline lineno="249"><highlight class="normal"><sp/><sp/><sp/><sp/>{</highlight></codeline>
<codeline lineno="250"><highlight class="normal"><sp/><sp/><sp/><sp/><sp/><sp/>TIZ_ERROR<sp/>(</highlight></codeline>
<codeline lineno="251"><highlight class="normal"><sp/><sp/><sp/><sp/><sp/><sp/><sp/><sp/>handleOf<sp/>(ap_obj),</highlight></codeline>
<codeline lineno="252"><highlight class="normal"><sp/><sp/><sp/><sp/><sp/><sp/><sp/><sp/></highlight><highlight class="stringliteral">&quot;PORT<sp/>[%d]<sp/>:<sp/>Video<sp/>domain<sp/>not<sp/>found,<sp/>instead<sp/>found<sp/>domain<sp/>[%d]&quot;</highlight><highlight class="normal">,</highlight></codeline>
<codeline lineno="253"><highlight class="normal"><sp/><sp/><sp/><sp/><sp/><sp/><sp/><sp/>p_obj-&gt;pid_,<sp/>ap_other_def-&gt;eDomain);</highlight></codeline>
<codeline lineno="254"><highlight class="normal"><sp/><sp/><sp/><sp/><sp/><sp/></highlight><highlight class="keywordflow">return</highlight><highlight class="normal"><sp/></highlight><highlight class="keyword">false</highlight><highlight class="normal">;</highlight></codeline>
<codeline lineno="255"><highlight class="normal"><sp/><sp/><sp/><sp/>}</highlight></codeline>
<codeline lineno="256"><highlight class="normal"></highlight></codeline>
<codeline lineno="257"><highlight class="normal"><sp/><sp/></highlight><highlight class="comment">/*<sp/>TODO<sp/>:<sp/>Review<sp/>these<sp/>compatibility<sp/>checks<sp/>*/</highlight><highlight class="normal"></highlight></codeline>
<codeline lineno="258"><highlight class="normal"></highlight></codeline>
<codeline lineno="259"><highlight class="normal"><sp/><sp/>TIZ_TRACE<sp/>(handleOf<sp/>(ap_obj),<sp/></highlight><highlight class="stringliteral">&quot;PORT<sp/>[%d]<sp/>check_tunnel_compat<sp/>[OK]&quot;</highlight><highlight class="normal">,</highlight></codeline>
<codeline lineno="260"><highlight class="normal"><sp/><sp/><sp/><sp/><sp/><sp/><sp/><sp/><sp/><sp/><sp/><sp/><sp/>p_obj-&gt;pid_);</highlight></codeline>
<codeline lineno="261"><highlight class="normal"></highlight></codeline>
<codeline lineno="262"><highlight class="normal"><sp/><sp/></highlight><highlight class="keywordflow">return</highlight><highlight class="normal"><sp/></highlight><highlight class="keyword">true</highlight><highlight class="normal">;</highlight></codeline>
<codeline lineno="263"><highlight class="normal">}</highlight></codeline>
<codeline lineno="264"><highlight class="normal"></highlight></codeline>
<codeline lineno="265"><highlight class="normal"></highlight><highlight class="comment">/*</highlight></codeline>
<codeline lineno="266"><highlight class="comment"><sp/>*<sp/>tizivrport_class</highlight></codeline>
<codeline lineno="267"><highlight class="comment"><sp/>*/</highlight><highlight class="normal"></highlight></codeline>
<codeline lineno="268"><highlight class="normal"></highlight></codeline>
<codeline lineno="269"><highlight class="normal"></highlight><highlight class="keyword">static</highlight><highlight class="normal"><sp/></highlight><highlight class="keywordtype">void</highlight><highlight class="normal"><sp/>*</highlight></codeline>
<codeline lineno="270"><highlight class="normal">ivrport_class_ctor<sp/>(</highlight><highlight class="keywordtype">void</highlight><highlight class="normal"><sp/>*<sp/>ap_obj,<sp/>va_list<sp/>*<sp/>app)</highlight></codeline>
<codeline lineno="271"><highlight class="normal">{</highlight></codeline>
<codeline lineno="272"><highlight class="normal"><sp/><sp/></highlight><highlight class="comment">/*<sp/>NOTE:<sp/>Class<sp/>methods<sp/>might<sp/>be<sp/>added<sp/>in<sp/>the<sp/>future.<sp/>None<sp/>for<sp/>now.<sp/>*/</highlight><highlight class="normal"></highlight></codeline>
<codeline lineno="273"><highlight class="normal"><sp/><sp/></highlight><highlight class="keywordflow">return</highlight><highlight class="normal"><sp/>super_ctor<sp/>(typeOf<sp/>(ap_obj,<sp/></highlight><highlight class="stringliteral">&quot;tizivrport_class&quot;</highlight><highlight class="normal">),<sp/>ap_obj,<sp/>app);</highlight></codeline>
<codeline lineno="274"><highlight class="normal">}</highlight></codeline>
<codeline lineno="275"><highlight class="normal"></highlight></codeline>
<codeline lineno="276"><highlight class="normal"></highlight><highlight class="comment">/*</highlight></codeline>
<codeline lineno="277"><highlight class="comment"><sp/>*<sp/>initialization</highlight></codeline>
<codeline lineno="278"><highlight class="comment"><sp/>*/</highlight><highlight class="normal"></highlight></codeline>
<codeline lineno="279"><highlight class="normal"></highlight></codeline>
<codeline lineno="280"><highlight class="normal"></highlight><highlight class="keywordtype">void</highlight><highlight class="normal"><sp/>*</highlight></codeline>
<codeline lineno="281"><highlight class="normal">tiz_ivrport_class_init<sp/>(</highlight><highlight class="keywordtype">void</highlight><highlight class="normal"><sp/>*<sp/>ap_tos,<sp/></highlight><highlight class="keywordtype">void</highlight><highlight class="normal"><sp/>*<sp/>ap_hdl)</highlight></codeline>
<codeline lineno="282"><highlight class="normal">{</highlight></codeline>
<codeline lineno="283"><highlight class="normal"><sp/><sp/></highlight><highlight class="keywordtype">void</highlight><highlight class="normal"><sp/>*<sp/>tizvideoport<sp/>=<sp/><ref refid="group__tizscheduler_1gacf2f63dcdf377b97875517fb7fca9425" kindref="member">tiz_get_type</ref><sp/>(ap_hdl,<sp/></highlight><highlight class="stringliteral">&quot;tizvideoport&quot;</highlight><highlight class="normal">);</highlight></codeline>
<codeline lineno="284"><highlight class="normal"><sp/><sp/></highlight><highlight class="keywordtype">void</highlight><highlight class="normal"><sp/>*<sp/>tizivrport_class<sp/>=<sp/>factory_new</highlight></codeline>
<codeline lineno="285"><highlight class="normal"><sp/><sp/><sp/><sp/></highlight><highlight class="comment">/*<sp/>TIZ_CLASS_COMMENT:<sp/>class<sp/>type,<sp/>class<sp/>name,<sp/>parent,<sp/>size<sp/>*/</highlight><highlight class="normal"></highlight></codeline>
<codeline lineno="286"><highlight class="normal"><sp/><sp/><sp/><sp/>(classOf<sp/>(tizvideoport),<sp/></highlight><highlight class="stringliteral">&quot;tizivrport_class&quot;</highlight><highlight class="normal">,<sp/>classOf<sp/>(tizvideoport),</highlight></codeline>
<codeline lineno="287"><highlight class="normal"><sp/><sp/><sp/><sp/><sp/></highlight><highlight class="keyword">sizeof</highlight><highlight class="normal"><sp/>(<ref refid="structtiz__ivrport__class" kindref="compound">tiz_ivrport_class_t</ref>),</highlight></codeline>
<codeline lineno="288"><highlight class="normal"><sp/><sp/><sp/><sp/><sp/></highlight><highlight class="comment">/*<sp/>TIZ_CLASS_COMMENT:<sp/>*/</highlight><highlight class="normal"></highlight></codeline>
<codeline lineno="289"><highlight class="normal"><sp/><sp/><sp/><sp/><sp/>ap_tos,<sp/>ap_hdl,</highlight></codeline>
<codeline lineno="290"><highlight class="normal"><sp/><sp/><sp/><sp/><sp/></highlight><highlight class="comment">/*<sp/>TIZ_CLASS_COMMENT:<sp/>class<sp/>constructor<sp/>*/</highlight><highlight class="normal"></highlight></codeline>
<codeline lineno="291"><highlight class="normal"><sp/><sp/><sp/><sp/><sp/>ctor,<sp/>ivrport_class_ctor,</highlight></codeline>
<codeline lineno="292"><highlight class="normal"><sp/><sp/><sp/><sp/><sp/></highlight><highlight class="comment">/*<sp/>TIZ_CLASS_COMMENT:<sp/>stop<sp/>value*/</highlight><highlight class="normal"></highlight></codeline>
<codeline lineno="293"><highlight class="normal"><sp/><sp/><sp/><sp/><sp/>0);</highlight></codeline>
<codeline lineno="294"><highlight class="normal"><sp/><sp/></highlight><highlight class="keywordflow">return</highlight><highlight class="normal"><sp/>tizivrport_class;</highlight></codeline>
<codeline lineno="295"><highlight class="normal">}</highlight></codeline>
<codeline lineno="296"><highlight class="normal"></highlight></codeline>
<codeline lineno="297"><highlight class="normal"></highlight><highlight class="keywordtype">void</highlight><highlight class="normal"><sp/>*</highlight></codeline>
<codeline lineno="298"><highlight class="normal">tiz_ivrport_init<sp/>(</highlight><highlight class="keywordtype">void</highlight><highlight class="normal"><sp/>*<sp/>ap_tos,<sp/></highlight><highlight class="keywordtype">void</highlight><highlight class="normal"><sp/>*<sp/>ap_hdl)</highlight></codeline>
<codeline lineno="299"><highlight class="normal">{</highlight></codeline>
<codeline lineno="300"><highlight class="normal"><sp/><sp/></highlight><highlight class="keywordtype">void</highlight><highlight class="normal"><sp/>*<sp/>tizvideoport<sp/>=<sp/><ref refid="group__tizscheduler_1gacf2f63dcdf377b97875517fb7fca9425" kindref="member">tiz_get_type</ref><sp/>(ap_hdl,<sp/></highlight><highlight class="stringliteral">&quot;tizvideoport&quot;</highlight><highlight class="normal">);</highlight></codeline>
<codeline lineno="301"><highlight class="normal"><sp/><sp/></highlight><highlight class="keywordtype">void</highlight><highlight class="normal"><sp/>*<sp/>tizivrport_class<sp/>=<sp/><ref refid="group__tizscheduler_1gacf2f63dcdf377b97875517fb7fca9425" kindref="member">tiz_get_type</ref><sp/>(ap_hdl,<sp/></highlight><highlight class="stringliteral">&quot;tizivrport_class&quot;</highlight><highlight class="normal">);</highlight></codeline>
<codeline lineno="302"><highlight class="normal"><sp/><sp/>TIZ_LOG_CLASS<sp/>(tizivrport_class);</highlight></codeline>
<codeline lineno="303"><highlight class="normal"><sp/><sp/></highlight><highlight class="keywordtype">void</highlight><highlight class="normal"><sp/>*<sp/>tizivrport<sp/>=<sp/>factory_new</highlight></codeline>
<codeline lineno="304"><highlight class="normal"><sp/><sp/><sp/><sp/></highlight><highlight class="comment">/*<sp/>TIZ_CLASS_COMMENT:<sp/>class<sp/>type,<sp/>class<sp/>name,<sp/>parent,<sp/>size<sp/>*/</highlight><highlight class="normal"></highlight></codeline>
<codeline lineno="305"><highlight class="normal"><sp/><sp/><sp/><sp/>(tizivrport_class,<sp/></highlight><highlight class="stringliteral">&quot;tizivrport&quot;</highlight><highlight class="normal">,<sp/>tizvideoport,<sp/></highlight><highlight class="keyword">sizeof</highlight><highlight class="normal"><sp/>(<ref refid="structtiz__ivrport" kindref="compound">tiz_ivrport_t</ref>),</highlight></codeline>
<codeline lineno="306"><highlight class="normal"><sp/><sp/><sp/><sp/><sp/></highlight><highlight class="comment">/*<sp/>TIZ_CLASS_COMMENT:<sp/>*/</highlight><highlight class="normal"></highlight></codeline>
<codeline lineno="307"><highlight class="normal"><sp/><sp/><sp/><sp/><sp/>ap_tos,<sp/>ap_hdl,</highlight></codeline>
<codeline lineno="308"><highlight class="normal"><sp/><sp/><sp/><sp/><sp/></highlight><highlight class="comment">/*<sp/>TIZ_CLASS_COMMENT:<sp/>class<sp/>constructor<sp/>*/</highlight><highlight class="normal"></highlight></codeline>
<codeline lineno="309"><highlight class="normal"><sp/><sp/><sp/><sp/><sp/>ctor,<sp/>ivrport_ctor,</highlight></codeline>
<codeline lineno="310"><highlight class="normal"><sp/><sp/><sp/><sp/><sp/></highlight><highlight class="comment">/*<sp/>TIZ_CLASS_COMMENT:<sp/>class<sp/>destructor<sp/>*/</highlight><highlight class="normal"></highlight></codeline>
<codeline lineno="311"><highlight class="normal"><sp/><sp/><sp/><sp/><sp/>dtor,<sp/>ivrport_dtor,</highlight></codeline>
<codeline lineno="312"><highlight class="normal"><sp/><sp/><sp/><sp/><sp/></highlight><highlight class="comment">/*<sp/>TIZ_CLASS_COMMENT:<sp/>*/</highlight><highlight class="normal"></highlight></codeline>
<codeline lineno="313"><highlight class="normal"><sp/><sp/><sp/><sp/><sp/>tiz_api_GetConfig,<sp/>ivrport_GetConfig,</highlight></codeline>
<codeline lineno="314"><highlight class="normal"><sp/><sp/><sp/><sp/><sp/></highlight><highlight class="comment">/*<sp/>TIZ_CLASS_COMMENT:<sp/>*/</highlight><highlight class="normal"></highlight></codeline>
<codeline lineno="315"><highlight class="normal"><sp/><sp/><sp/><sp/><sp/>tiz_api_SetConfig,<sp/>ivrport_SetConfig,</highlight></codeline>
<codeline lineno="316"><highlight class="normal"><sp/><sp/><sp/><sp/><sp/></highlight><highlight class="comment">/*<sp/>TIZ_CLASS_COMMENT:<sp/>*/</highlight><highlight class="normal"></highlight></codeline>
<codeline lineno="317"><highlight class="normal"><sp/><sp/><sp/><sp/><sp/>tiz_port_check_tunnel_compat,<sp/>ivrport_check_tunnel_compat,</highlight></codeline>
<codeline lineno="318"><highlight class="normal"><sp/><sp/><sp/><sp/><sp/></highlight><highlight class="comment">/*<sp/>TIZ_CLASS_COMMENT:<sp/>stop<sp/>value*/</highlight><highlight class="normal"></highlight></codeline>
<codeline lineno="319"><highlight class="normal"><sp/><sp/><sp/><sp/><sp/>0);</highlight></codeline>
<codeline lineno="320"><highlight class="normal"></highlight></codeline>
<codeline lineno="321"><highlight class="normal"><sp/><sp/></highlight><highlight class="keywordflow">return</highlight><highlight class="normal"><sp/>tizivrport;</highlight></codeline>
<codeline lineno="322"><highlight class="normal">}</highlight></codeline>
    </programlisting>
    <location file="/home/joni/work/tizonia-master/libtizonia/src/tizivrport.c"/>
  </compounddef>
</doxygen>
