<?xml version='1.0' encoding='UTF-8' standalone='no'?>
<doxygen xmlns:xsi="http://www.w3.org/2001/XMLSchema-instance" xsi:noNamespaceSchemaLocation="compound.xsd" version="1.8.11">
  <compounddef id="tizotherport__decls_8h" kind="file" language="C++">
    <compoundname>tizotherport_decls.h</compoundname>
    <includes refid="tizport__decls_8h" local="yes">tizport_decls.h</includes>
    <includedby refid="tizotherport_8c" local="yes">/home/joni/work/tizonia-master/libtizonia/src/tizotherport.c</includedby>
    <incdepgraph>
      <node id="3225">
        <label>stdbool.h</label>
      </node>
      <node id="3201">
        <label>stdarg.h</label>
      </node>
      <node id="3195">
        <label>tizport_decls.h</label>
        <link refid="tizport__decls_8h_source"/>
        <childnode refid="3196" relation="include">
        </childnode>
        <childnode refid="3233" relation="include">
        </childnode>
        <childnode refid="3235" relation="include">
        </childnode>
        <childnode refid="3205" relation="include">
        </childnode>
        <childnode refid="3238" relation="include">
        </childnode>
      </node>
      <node id="3196">
        <label>tizport.h</label>
        <link refid="tizport_8h_source"/>
        <childnode refid="3197" relation="include">
        </childnode>
        <childnode refid="3204" relation="include">
        </childnode>
        <childnode refid="3206" relation="include">
        </childnode>
        <childnode refid="3198" relation="include">
        </childnode>
        <childnode refid="3205" relation="include">
        </childnode>
        <childnode refid="3200" relation="include">
        </childnode>
        <childnode refid="3232" relation="include">
        </childnode>
      </node>
      <node id="3219">
        <label>tizbuffer.h</label>
        <link refid="tizbuffer_8h_source"/>
        <childnode refid="3198" relation="include">
        </childnode>
        <childnode refid="3200" relation="include">
        </childnode>
      </node>
      <node id="3222">
        <label>tizuuid.h</label>
        <link refid="tizuuid_8h_source"/>
        <childnode refid="3200" relation="include">
        </childnode>
      </node>
      <node id="3221">
        <label>tizthread.h</label>
        <link refid="tizthread_8h_source"/>
        <childnode refid="3198" relation="include">
        </childnode>
        <childnode refid="3200" relation="include">
        </childnode>
        <childnode refid="3215" relation="include">
        </childnode>
      </node>
      <node id="3218">
        <label>stdint.h</label>
      </node>
      <node id="3198">
        <label>OMX_Core.h</label>
      </node>
      <node id="3206">
        <label>tizplatform.h</label>
        <link refid="tizplatform_8h_source"/>
        <childnode refid="3207" relation="include">
        </childnode>
        <childnode refid="3212" relation="include">
        </childnode>
        <childnode refid="3210" relation="include">
        </childnode>
        <childnode refid="3214" relation="include">
        </childnode>
        <childnode refid="3216" relation="include">
        </childnode>
        <childnode refid="3219" relation="include">
        </childnode>
        <childnode refid="3220" relation="include">
        </childnode>
        <childnode refid="3215" relation="include">
        </childnode>
        <childnode refid="3221" relation="include">
        </childnode>
        <childnode refid="3222" relation="include">
        </childnode>
        <childnode refid="3208" relation="include">
        </childnode>
        <childnode refid="3223" relation="include">
        </childnode>
        <childnode refid="3217" relation="include">
        </childnode>
        <childnode refid="3224" relation="include">
        </childnode>
        <childnode refid="3226" relation="include">
        </childnode>
        <childnode refid="3227" relation="include">
        </childnode>
        <childnode refid="3228" relation="include">
        </childnode>
        <childnode refid="3229" relation="include">
        </childnode>
        <childnode refid="3230" relation="include">
        </childnode>
        <childnode refid="3231" relation="include">
        </childnode>
      </node>
      <node id="3234">
        <label>tizobject_decls.h</label>
        <link refid="tizobject__decls_8h_source"/>
        <childnode refid="3202" relation="include">
        </childnode>
        <childnode refid="3201" relation="include">
        </childnode>
      </node>
      <node id="3233">
        <label>tizapi_decls.h</label>
        <link refid="tizapi__decls_8h_source"/>
        <childnode refid="3234" relation="include">
        </childnode>
      </node>
      <node id="3199">
        <label>tizobject.h</label>
        <link refid="tizobject_8h_source"/>
        <childnode refid="3200" relation="include">
        </childnode>
        <childnode refid="3201" relation="include">
        </childnode>
        <childnode refid="3202" relation="include">
        </childnode>
        <childnode refid="3203" relation="include">
        </childnode>
      </node>
      <node id="3205">
        <label>OMX_Component.h</label>
      </node>
      <node id="3217">
        <label>tizsoa.h</label>
        <link refid="tizsoa_8h_source"/>
        <childnode refid="3202" relation="include">
        </childnode>
        <childnode refid="3218" relation="include">
        </childnode>
        <childnode refid="3200" relation="include">
        </childnode>
        <childnode refid="3198" relation="include">
        </childnode>
      </node>
      <node id="3194">
        <label>/home/joni/work/tizonia-master/libtizonia/src/tizotherport_decls.h</label>
        <link refid="tizotherport_decls.h"/>
        <childnode refid="3195" relation="include">
        </childnode>
      </node>
      <node id="3207">
        <label>tizmacros.h</label>
        <link refid="tizmacros_8h_source"/>
        <childnode refid="3208" relation="include">
        </childnode>
        <childnode refid="3202" relation="include">
        </childnode>
      </node>
      <node id="3237">
        <label>tizservant.h</label>
        <link refid="tizservant_8h_source"/>
        <childnode refid="3198" relation="include">
        </childnode>
        <childnode refid="3206" relation="include">
        </childnode>
        <childnode refid="3204" relation="include">
        </childnode>
        <childnode refid="3197" relation="include">
        </childnode>
      </node>
      <node id="3202">
        <label>stddef.h</label>
      </node>
      <node id="3232">
        <label>limits.h</label>
      </node>
      <node id="3229">
        <label>tizprintf.h</label>
        <link refid="tizprintf_8h_source"/>
      </node>
      <node id="3214">
        <label>tizqueue.h</label>
        <link refid="tizqueue_8h_source"/>
        <childnode refid="3198" relation="include">
        </childnode>
        <childnode refid="3200" relation="include">
        </childnode>
        <childnode refid="3215" relation="include">
        </childnode>
      </node>
      <node id="3213">
        <label>log4c.h</label>
      </node>
      <node id="3211">
        <label>sys/types.h</label>
      </node>
      <node id="3238">
        <label>OMX_TizoniaExt.h</label>
      </node>
      <node id="3210">
        <label>tizmem.h</label>
        <link refid="tizmem_8h_source"/>
        <childnode refid="3211" relation="include">
        </childnode>
        <childnode refid="3200" relation="include">
        </childnode>
      </node>
      <node id="3223">
        <label>tizrc.h</label>
        <link refid="tizrc_8h_source"/>
        <childnode refid="3198" relation="include">
        </childnode>
        <childnode refid="3200" relation="include">
        </childnode>
      </node>
      <node id="3216">
        <label>tizpqueue.h</label>
        <link refid="tizpqueue_8h_source"/>
        <childnode refid="3198" relation="include">
        </childnode>
        <childnode refid="3200" relation="include">
        </childnode>
        <childnode refid="3217" relation="include">
        </childnode>
      </node>
      <node id="3197">
        <label>tizapi.h</label>
        <link refid="tizapi_8h_source"/>
        <childnode refid="3198" relation="include">
        </childnode>
        <childnode refid="3199" relation="include">
        </childnode>
      </node>
      <node id="3200">
        <label>OMX_Types.h</label>
      </node>
      <node id="3215">
        <label>tizsync.h</label>
        <link refid="tizsync_8h_source"/>
        <childnode refid="3198" relation="include">
        </childnode>
        <childnode refid="3200" relation="include">
        </childnode>
      </node>
      <node id="3212">
        <label>tizlog.h</label>
        <link refid="tizlog_8h_source"/>
        <childnode refid="3213" relation="include">
        </childnode>
      </node>
      <node id="3226">
        <label>tizhttp.h</label>
        <link refid="tizhttp_8h_source"/>
        <childnode refid="3198" relation="include">
        </childnode>
        <childnode refid="3200" relation="include">
        </childnode>
      </node>
      <node id="3220">
        <label>tizvector.h</label>
        <link refid="tizvector_8h_source"/>
        <childnode refid="3198" relation="include">
        </childnode>
        <childnode refid="3200" relation="include">
        </childnode>
      </node>
      <node id="3231">
        <label>tizurltransfer.h</label>
        <link refid="tizurltransfer_8h_source"/>
        <childnode refid="3205" relation="include">
        </childnode>
      </node>
      <node id="3230">
        <label>tizshufflelst.h</label>
        <link refid="tizshufflelst_8h_source"/>
        <childnode refid="3198" relation="include">
        </childnode>
        <childnode refid="3200" relation="include">
        </childnode>
      </node>
      <node id="3208">
        <label>tizomxutils.h</label>
        <link refid="tizomxutils_8h_source"/>
        <childnode refid="3200" relation="include">
        </childnode>
        <childnode refid="3205" relation="include">
        </childnode>
        <childnode refid="3209" relation="include">
        </childnode>
        <childnode refid="3198" relation="include">
        </childnode>
        <childnode refid="3210" relation="include">
        </childnode>
      </node>
      <node id="3235">
        <label>tizutils.h</label>
        <link refid="tizutils_8h_source"/>
        <childnode refid="3200" relation="include">
        </childnode>
        <childnode refid="3198" relation="include">
        </childnode>
        <childnode refid="3236" relation="include">
        </childnode>
      </node>
      <node id="3204">
        <label>tizscheduler.h</label>
        <link refid="tizscheduler_8h_source"/>
        <childnode refid="3198" relation="include">
        </childnode>
        <childnode refid="3200" relation="include">
        </childnode>
        <childnode refid="3205" relation="include">
        </childnode>
        <childnode refid="3206" relation="include">
        </childnode>
      </node>
      <node id="3236">
        <label>tizfsm.h</label>
        <link refid="tizfsm_8h_source"/>
        <childnode refid="3237" relation="include">
        </childnode>
      </node>
      <node id="3227">
        <label>tizmap.h</label>
        <link refid="tizmap_8h_source"/>
        <childnode refid="3225" relation="include">
        </childnode>
        <childnode refid="3198" relation="include">
        </childnode>
        <childnode refid="3200" relation="include">
        </childnode>
        <childnode refid="3217" relation="include">
        </childnode>
      </node>
      <node id="3224">
        <label>tizev.h</label>
        <link refid="tizev_8h_source"/>
        <childnode refid="3225" relation="include">
        </childnode>
        <childnode refid="3218" relation="include">
        </childnode>
        <childnode refid="3198" relation="include">
        </childnode>
        <childnode refid="3200" relation="include">
        </childnode>
      </node>
      <node id="3203">
        <label>stdio.h</label>
      </node>
      <node id="3228">
        <label>tizlimits.h</label>
        <link refid="tizlimits_8h_source"/>
      </node>
      <node id="3209">
        <label>OMX_Audio.h</label>
      </node>
    </incdepgraph>
    <innerclass refid="structtiz__otherport" prot="public">tiz_otherport</innerclass>
    <innerclass refid="structtiz__otherport__class" prot="public">tiz_otherport_class</innerclass>
      <sectiondef kind="typedef">
      <memberdef kind="typedef" id="tizotherport__decls_8h_1af959d32910febd0be530b0a4b6bd6625" prot="public" static="no">
        <type>struct <ref refid="structtiz__otherport" kindref="compound">tiz_otherport</ref></type>
        <definition>typedef struct tiz_otherport tiz_otherport_t</definition>
        <argsstring></argsstring>
        <name>tiz_otherport_t</name>
        <briefdescription>
        </briefdescription>
        <detaileddescription>
        </detaileddescription>
        <inbodydescription>
        </inbodydescription>
        <location file="/home/joni/work/tizonia-master/libtizonia/src/tizotherport_decls.h" line="39" column="1" bodyfile="/home/joni/work/tizonia-master/libtizonia/src/tizotherport_decls.h" bodystart="38" bodyend="-1"/>
      </memberdef>
      <memberdef kind="typedef" id="tizotherport__decls_8h_1a8d322df480508672fc5f198ffae6bea6" prot="public" static="no">
        <type>struct <ref refid="structtiz__otherport__class" kindref="compound">tiz_otherport_class</ref></type>
        <definition>typedef struct tiz_otherport_class tiz_otherport_class_t</definition>
        <argsstring></argsstring>
        <name>tiz_otherport_class_t</name>
        <briefdescription>
        </briefdescription>
        <detaileddescription>
        </detaileddescription>
        <inbodydescription>
        </inbodydescription>
        <location file="/home/joni/work/tizonia-master/libtizonia/src/tizotherport_decls.h" line="39" column="1" bodyfile="/home/joni/work/tizonia-master/libtizonia/src/tizotherport_decls.h" bodystart="47" bodyend="-1"/>
      </memberdef>
      </sectiondef>
    <briefdescription>
<para>Tizonia OpenMAX IL - otherport class declarations. </para>    </briefdescription>
    <detaileddescription>
<para>Copyright (C) 2011-2018 Aratelia Limited - Juan A. Rubio</para><para>This file is part of Tizonia</para><para>Tizonia is free software: you can redistribute it and/or modify it under the terms of the GNU Lesser General Public License as published by the Free Software Foundation, either version 3 of the License, or (at your option) any later version.</para><para>Tizonia is distributed in the hope that it will be useful, but WITHOUT ANY WARRANTY; without even the implied warranty of MERCHANTABILITY or FITNESS FOR A PARTICULAR PURPOSE. See the GNU Lesser General Public License for more details.</para><para>You should have received a copy of the GNU Lesser General Public License along with Tizonia. If not, see <ulink url="http://www.gnu.org/licenses/">http://www.gnu.org/licenses/</ulink>.</para><para><simplesect kind="author"><para>Juan A. Rubio <ulink url="mailto:juan.rubio@aratelia.com">juan.rubio@aratelia.com</ulink> </para></simplesect>
</para>    </detaileddescription>
    <programlisting>
<codeline lineno="1"></codeline>
<codeline lineno="29"><highlight class="preprocessor">#ifndef<sp/>TIZOTHERPORT_DECLS_H</highlight><highlight class="normal"></highlight></codeline>
<codeline lineno="30"><highlight class="normal"></highlight><highlight class="preprocessor">#define<sp/>TIZOTHERPORT_DECLS_H</highlight><highlight class="normal"></highlight></codeline>
<codeline lineno="31"><highlight class="normal"></highlight></codeline>
<codeline lineno="32"><highlight class="normal"></highlight><highlight class="preprocessor">#ifdef<sp/>__cplusplus</highlight><highlight class="normal"></highlight></codeline>
<codeline lineno="33"><highlight class="normal"></highlight><highlight class="keyword">extern</highlight><highlight class="normal"><sp/></highlight><highlight class="stringliteral">&quot;C&quot;</highlight><highlight class="normal"><sp/>{</highlight></codeline>
<codeline lineno="34"><highlight class="normal"></highlight><highlight class="preprocessor">#endif</highlight><highlight class="normal"></highlight></codeline>
<codeline lineno="35"><highlight class="normal"></highlight></codeline>
<codeline lineno="36"><highlight class="normal"></highlight><highlight class="preprocessor">#include<sp/>&quot;tizport_decls.h&quot;</highlight><highlight class="normal"></highlight></codeline>
<codeline lineno="37"><highlight class="normal"></highlight></codeline>
<codeline lineno="38"><highlight class="normal"></highlight><highlight class="keyword">typedef</highlight><highlight class="normal"><sp/></highlight><highlight class="keyword">struct<sp/></highlight><highlight class="normal"><ref refid="structtiz__otherport" kindref="compound">tiz_otherport</ref><sp/><ref refid="structtiz__otherport" kindref="compound">tiz_otherport_t</ref>;</highlight></codeline>
<codeline lineno="39" refid="structtiz__otherport" refkind="compound"><highlight class="normal"></highlight><highlight class="keyword">struct<sp/></highlight><highlight class="normal"><ref refid="structtiz__otherport" kindref="compound">tiz_otherport</ref></highlight></codeline>
<codeline lineno="40"><highlight class="normal">{</highlight></codeline>
<codeline lineno="41"><highlight class="normal"><sp/><sp/></highlight><highlight class="comment">/*<sp/>Object<sp/>*/</highlight><highlight class="normal"></highlight></codeline>
<codeline lineno="42"><highlight class="normal"><sp/><sp/></highlight><highlight class="keyword">const</highlight><highlight class="normal"><sp/><ref refid="structtiz__port" kindref="compound">tiz_port_t</ref><sp/>_;</highlight></codeline>
<codeline lineno="43"><highlight class="normal"><sp/><sp/>OMX_OTHER_PARAM_PORTFORMATTYPE<sp/>port_format_;</highlight></codeline>
<codeline lineno="44"><highlight class="normal"><sp/><sp/><ref refid="structtiz__vector" kindref="compound">tiz_vector_t</ref><sp/>*<sp/>p_formats_;</highlight></codeline>
<codeline lineno="45"><highlight class="normal">};</highlight></codeline>
<codeline lineno="46"><highlight class="normal"></highlight></codeline>
<codeline lineno="47"><highlight class="normal"></highlight><highlight class="keyword">typedef</highlight><highlight class="normal"><sp/></highlight><highlight class="keyword">struct<sp/></highlight><highlight class="normal"><ref refid="structtiz__otherport__class" kindref="compound">tiz_otherport_class</ref><sp/>tiz_otherport_class_t;</highlight></codeline>
<codeline lineno="48" refid="structtiz__otherport__class" refkind="compound"><highlight class="normal"></highlight><highlight class="keyword">struct<sp/></highlight><highlight class="normal"><ref refid="structtiz__otherport__class" kindref="compound">tiz_otherport_class</ref></highlight></codeline>
<codeline lineno="49"><highlight class="normal">{</highlight></codeline>
<codeline lineno="50"><highlight class="normal"><sp/><sp/></highlight><highlight class="comment">/*<sp/>Class<sp/>*/</highlight><highlight class="normal"></highlight></codeline>
<codeline lineno="51"><highlight class="normal"><sp/><sp/></highlight><highlight class="keyword">const</highlight><highlight class="normal"><sp/><ref refid="structtiz__port__class" kindref="compound">tiz_port_class_t</ref><sp/>_;</highlight></codeline>
<codeline lineno="52"><highlight class="normal"><sp/><sp/></highlight><highlight class="comment">/*<sp/>NOTE:<sp/>Class<sp/>methods<sp/>might<sp/>be<sp/>added<sp/>in<sp/>the<sp/>future<sp/>*/</highlight><highlight class="normal"></highlight></codeline>
<codeline lineno="53"><highlight class="normal">};</highlight></codeline>
<codeline lineno="54"><highlight class="normal"></highlight></codeline>
<codeline lineno="55"><highlight class="normal"></highlight><highlight class="preprocessor">#ifdef<sp/>__cplusplus</highlight><highlight class="normal"></highlight></codeline>
<codeline lineno="56"><highlight class="normal">}</highlight></codeline>
<codeline lineno="57"><highlight class="normal"></highlight><highlight class="preprocessor">#endif</highlight><highlight class="normal"></highlight></codeline>
<codeline lineno="58"><highlight class="normal"></highlight></codeline>
<codeline lineno="59"><highlight class="normal"></highlight><highlight class="preprocessor">#endif<sp/></highlight><highlight class="comment">/*<sp/>TIZOTHERPORT_DECLS_H<sp/>*/</highlight><highlight class="preprocessor"></highlight></codeline>
    </programlisting>
    <location file="/home/joni/work/tizonia-master/libtizonia/src/tizotherport_decls.h"/>
  </compounddef>
</doxygen>
