<?xml version='1.0' encoding='UTF-8' standalone='no'?>
<doxygen xmlns:xsi="http://www.w3.org/2001/XMLSchema-instance" xsi:noNamespaceSchemaLocation="compound.xsd" version="1.8.11">
  <compounddef id="tizprintf_8c" kind="file" language="C++">
    <compoundname>tizprintf.c</compoundname>
    <includes local="no">stdio.h</includes>
    <includes local="no">stdlib.h</includes>
    <includes local="no">stdarg.h</includes>
    <includes local="no">string.h</includes>
    <includes local="no">assert.h</includes>
    <includes local="no">sys/types.h</includes>
    <includes local="no">sys/stat.h</includes>
    <includes local="no">unistd.h</includes>
    <includes local="no">sys/syscall.h</includes>
    <includes local="no">time.h</includes>
    <includes local="no">alloca.h</includes>
    <includes refid="tizprintf_8h" local="yes">tizprintf.h</includes>
    <incdepgraph>
      <node id="6697">
        <label>sys/stat.h</label>
      </node>
      <node id="6693">
        <label>stdarg.h</label>
      </node>
      <node id="6695">
        <label>assert.h</label>
      </node>
      <node id="6692">
        <label>stdlib.h</label>
      </node>
      <node id="6701">
        <label>alloca.h</label>
      </node>
      <node id="6690">
        <label>/home/joni/work/tizonia-master/libtizplatform/src/tizprintf.c</label>
        <link refid="tizprintf.c"/>
        <childnode refid="6691" relation="include">
        </childnode>
        <childnode refid="6692" relation="include">
        </childnode>
        <childnode refid="6693" relation="include">
        </childnode>
        <childnode refid="6694" relation="include">
        </childnode>
        <childnode refid="6695" relation="include">
        </childnode>
        <childnode refid="6696" relation="include">
        </childnode>
        <childnode refid="6697" relation="include">
        </childnode>
        <childnode refid="6698" relation="include">
        </childnode>
        <childnode refid="6699" relation="include">
        </childnode>
        <childnode refid="6700" relation="include">
        </childnode>
        <childnode refid="6701" relation="include">
        </childnode>
        <childnode refid="6702" relation="include">
        </childnode>
      </node>
      <node id="6702">
        <label>tizprintf.h</label>
        <link refid="tizprintf_8h_source"/>
      </node>
      <node id="6696">
        <label>sys/types.h</label>
      </node>
      <node id="6694">
        <label>string.h</label>
      </node>
      <node id="6698">
        <label>unistd.h</label>
      </node>
      <node id="6700">
        <label>time.h</label>
      </node>
      <node id="6699">
        <label>sys/syscall.h</label>
      </node>
      <node id="6691">
        <label>stdio.h</label>
      </node>
    </incdepgraph>
      <sectiondef kind="func">
      <memberdef kind="function" id="tizprintf_8c_1abd256947fff5f7e4bc90f8094c626682" prot="public" static="no" const="no" explicit="no" inline="no" virt="non-virtual">
        <type>void</type>
        <definition>void tiz_printf</definition>
        <argsstring>(const char *ap_color, const char *ap_file, int a_line, const char *ap_func, const char *ap_format,...)</argsstring>
        <name>tiz_printf</name>
        <param>
          <type>const char *</type>
          <declname>ap_color</declname>
        </param>
        <param>
          <type>const char *</type>
          <declname>ap_file</declname>
        </param>
        <param>
          <type>int</type>
          <declname>a_line</declname>
        </param>
        <param>
          <type>const char *</type>
          <declname>ap_func</declname>
        </param>
        <param>
          <type>const char *</type>
          <declname>ap_format</declname>
        </param>
        <param>
          <type>...</type>
        </param>
        <briefdescription>
        </briefdescription>
        <detaileddescription>
        </detaileddescription>
        <inbodydescription>
        </inbodydescription>
        <location file="/home/joni/work/tizonia-master/libtizplatform/src/tizprintf.c" line="48" column="1" bodyfile="/home/joni/work/tizonia-master/libtizplatform/src/tizprintf.c" bodystart="48" bodyend="70"/>
      </memberdef>
      </sectiondef>
    <briefdescription>
    </briefdescription>
    <detaileddescription>
    </detaileddescription>
    <programlisting>
<codeline lineno="1"></codeline>
<codeline lineno="29"><highlight class="preprocessor">#ifdef<sp/>HAVE_CONFIG_H</highlight><highlight class="normal"></highlight></codeline>
<codeline lineno="30"><highlight class="normal"></highlight><highlight class="preprocessor">#include<sp/>&lt;config.h&gt;</highlight><highlight class="normal"></highlight></codeline>
<codeline lineno="31"><highlight class="normal"></highlight><highlight class="preprocessor">#endif</highlight><highlight class="normal"></highlight></codeline>
<codeline lineno="32"><highlight class="normal"></highlight></codeline>
<codeline lineno="33"><highlight class="normal"></highlight><highlight class="preprocessor">#include<sp/>&lt;stdio.h&gt;</highlight><highlight class="normal"></highlight></codeline>
<codeline lineno="34"><highlight class="normal"></highlight><highlight class="preprocessor">#include<sp/>&lt;stdlib.h&gt;</highlight><highlight class="normal"></highlight></codeline>
<codeline lineno="35"><highlight class="normal"></highlight><highlight class="preprocessor">#include<sp/>&lt;stdarg.h&gt;</highlight><highlight class="normal"></highlight></codeline>
<codeline lineno="36"><highlight class="normal"></highlight><highlight class="preprocessor">#include<sp/>&lt;string.h&gt;</highlight><highlight class="normal"></highlight></codeline>
<codeline lineno="37"><highlight class="normal"></highlight><highlight class="preprocessor">#include<sp/>&lt;assert.h&gt;</highlight><highlight class="normal"></highlight></codeline>
<codeline lineno="38"><highlight class="normal"></highlight><highlight class="preprocessor">#include<sp/>&lt;sys/types.h&gt;</highlight><highlight class="normal"></highlight></codeline>
<codeline lineno="39"><highlight class="normal"></highlight><highlight class="preprocessor">#include<sp/>&lt;sys/stat.h&gt;</highlight><highlight class="normal"></highlight></codeline>
<codeline lineno="40"><highlight class="normal"></highlight><highlight class="preprocessor">#include<sp/>&lt;unistd.h&gt;</highlight><highlight class="normal"></highlight></codeline>
<codeline lineno="41"><highlight class="normal"></highlight><highlight class="preprocessor">#include<sp/>&lt;sys/syscall.h&gt;</highlight><highlight class="normal"></highlight></codeline>
<codeline lineno="42"><highlight class="normal"></highlight><highlight class="preprocessor">#include<sp/>&lt;time.h&gt;</highlight><highlight class="normal"></highlight></codeline>
<codeline lineno="43"><highlight class="normal"></highlight><highlight class="preprocessor">#include<sp/>&lt;alloca.h&gt;</highlight><highlight class="normal"></highlight></codeline>
<codeline lineno="44"><highlight class="normal"></highlight></codeline>
<codeline lineno="45"><highlight class="normal"></highlight><highlight class="preprocessor">#include<sp/>&quot;tizprintf.h&quot;</highlight><highlight class="normal"></highlight></codeline>
<codeline lineno="46"><highlight class="normal"></highlight></codeline>
<codeline lineno="47"><highlight class="normal"></highlight><highlight class="keywordtype">void</highlight><highlight class="normal"></highlight></codeline>
<codeline lineno="48"><highlight class="normal">tiz_printf<sp/>(</highlight><highlight class="keyword">const</highlight><highlight class="normal"><sp/></highlight><highlight class="keywordtype">char</highlight><highlight class="normal"><sp/>*<sp/>ap_color,<sp/></highlight><highlight class="keyword">const</highlight><highlight class="normal"><sp/></highlight><highlight class="keywordtype">char</highlight><highlight class="normal"><sp/>*<sp/>ap_file,<sp/></highlight><highlight class="keywordtype">int</highlight><highlight class="normal"><sp/>a_line,</highlight></codeline>
<codeline lineno="49"><highlight class="normal"><sp/><sp/><sp/><sp/><sp/><sp/><sp/><sp/><sp/><sp/><sp/><sp/></highlight><highlight class="keyword">const</highlight><highlight class="normal"><sp/></highlight><highlight class="keywordtype">char</highlight><highlight class="normal"><sp/>*<sp/>ap_func,<sp/></highlight><highlight class="keyword">const</highlight><highlight class="normal"><sp/></highlight><highlight class="keywordtype">char</highlight><highlight class="normal"><sp/>*<sp/>ap_format,<sp/>...)</highlight></codeline>
<codeline lineno="50"><highlight class="normal">{</highlight></codeline>
<codeline lineno="51"><highlight class="normal"><sp/><sp/></highlight><highlight class="keywordtype">size_t</highlight><highlight class="normal"><sp/>size<sp/>=<sp/>256;</highlight></codeline>
<codeline lineno="52"><highlight class="normal"><sp/><sp/></highlight><highlight class="keywordtype">char</highlight><highlight class="normal"><sp/>*<sp/>buffer<sp/>=<sp/>alloca<sp/>(size);</highlight></codeline>
<codeline lineno="53"><highlight class="normal"><sp/><sp/>va_list<sp/>va;</highlight></codeline>
<codeline lineno="54"><highlight class="normal"><sp/><sp/>va_start<sp/>(va,<sp/>ap_format);</highlight></codeline>
<codeline lineno="55"><highlight class="normal"><sp/><sp/>vsnprintf<sp/>(buffer,<sp/>size,<sp/>ap_format,<sp/>va);</highlight></codeline>
<codeline lineno="56"><highlight class="normal"><sp/><sp/>va_end<sp/>(va);</highlight></codeline>
<codeline lineno="57"><highlight class="normal"><sp/><sp/></highlight><highlight class="keywordflow">if</highlight><highlight class="normal"><sp/>(ap_file<sp/>&amp;&amp;<sp/>ap_func)</highlight></codeline>
<codeline lineno="58"><highlight class="normal"><sp/><sp/><sp/><sp/>{</highlight></codeline>
<codeline lineno="59"><highlight class="normal"><sp/><sp/><sp/><sp/><sp/><sp/></highlight><highlight class="keyword">const</highlight><highlight class="normal"><sp/></highlight><highlight class="keywordtype">char</highlight><highlight class="normal"><sp/>*<sp/>p_env<sp/>=<sp/>getenv<sp/>(</highlight><highlight class="stringliteral">&quot;TIZONIA_DEBUG_COLOR_TRACE&quot;</highlight><highlight class="normal">);</highlight></codeline>
<codeline lineno="60"><highlight class="normal"><sp/><sp/><sp/><sp/><sp/><sp/></highlight><highlight class="keywordflow">if</highlight><highlight class="normal"><sp/>(p_env<sp/>&amp;&amp;<sp/>strncmp<sp/>(p_env,<sp/></highlight><highlight class="stringliteral">&quot;1&quot;</highlight><highlight class="normal">,<sp/>2)<sp/>==<sp/>0)</highlight></codeline>
<codeline lineno="61"><highlight class="normal"><sp/><sp/><sp/><sp/><sp/><sp/><sp/><sp/>{</highlight></codeline>
<codeline lineno="62"><highlight class="normal"><sp/><sp/><sp/><sp/><sp/><sp/><sp/><sp/><sp/><sp/>fprintf<sp/>(stderr,<sp/></highlight><highlight class="stringliteral">&quot;%s[%s:%s:%d]<sp/>---<sp/>%s%s\n&quot;</highlight><highlight class="normal">,<sp/>ap_color,<sp/>ap_file,</highlight></codeline>
<codeline lineno="63"><highlight class="normal"><sp/><sp/><sp/><sp/><sp/><sp/><sp/><sp/><sp/><sp/><sp/><sp/><sp/><sp/><sp/><sp/><sp/><sp/><sp/>ap_func,<sp/>a_line,<sp/>buffer,<sp/>KNRM);</highlight></codeline>
<codeline lineno="64"><highlight class="normal"><sp/><sp/><sp/><sp/><sp/><sp/><sp/><sp/>}</highlight></codeline>
<codeline lineno="65"><highlight class="normal"><sp/><sp/><sp/><sp/>}</highlight></codeline>
<codeline lineno="66"><highlight class="normal"><sp/><sp/></highlight><highlight class="keywordflow">else</highlight><highlight class="normal"></highlight></codeline>
<codeline lineno="67"><highlight class="normal"><sp/><sp/><sp/><sp/>{</highlight></codeline>
<codeline lineno="68"><highlight class="normal"><sp/><sp/><sp/><sp/><sp/><sp/>fprintf<sp/>(stderr,<sp/></highlight><highlight class="stringliteral">&quot;%s%s%s&quot;</highlight><highlight class="normal">,<sp/>ap_color,<sp/>buffer,<sp/>KNRM);</highlight></codeline>
<codeline lineno="69"><highlight class="normal"><sp/><sp/><sp/><sp/>}</highlight></codeline>
<codeline lineno="70"><highlight class="normal">}</highlight></codeline>
    </programlisting>
    <location file="/home/joni/work/tizonia-master/libtizplatform/src/tizprintf.c"/>
  </compounddef>
</doxygen>
