<?xml version='1.0' encoding='UTF-8' standalone='no'?>
<doxygen xmlns:xsi="http://www.w3.org/2001/XMLSchema-instance" xsi:noNamespaceSchemaLocation="compound.xsd" version="1.8.11">
  <compounddef id="tizport__decls_8h" kind="file" language="C++">
    <compoundname>tizport_decls.h</compoundname>
    <includes refid="tizport_8h" local="yes">tizport.h</includes>
    <includes refid="tizapi__decls_8h" local="yes">tizapi_decls.h</includes>
    <includes refid="tizutils_8h" local="yes">tizutils.h</includes>
    <includes local="yes">OMX_Component.h</includes>
    <includes local="yes">OMX_TizoniaExt.h</includes>
    <includedby refid="tizaudioport__decls_8h" local="yes">/home/joni/work/tizonia-master/libtizonia/src/tizaudioport_decls.h</includedby>
    <includedby refid="tizvideoport__decls_8h" local="yes">/home/joni/work/tizonia-master/libtizonia/src/tizvideoport_decls.h</includedby>
    <includedby refid="tizbinaryport__decls_8h" local="yes">/home/joni/work/tizonia-master/libtizonia/src/tizbinaryport_decls.h</includedby>
    <includedby refid="tizconfigport__decls_8h" local="yes">/home/joni/work/tizonia-master/libtizonia/src/tizconfigport_decls.h</includedby>
    <includedby refid="tizdemuxerport__decls_8h" local="yes">/home/joni/work/tizonia-master/libtizonia/src/tizdemuxerport_decls.h</includedby>
    <includedby refid="tizfilterprc_8c" local="no">/home/joni/work/tizonia-master/libtizonia/src/tizfilterprc.c</includedby>
    <includedby refid="tizimageport__decls_8h" local="yes">/home/joni/work/tizonia-master/libtizonia/src/tizimageport_decls.h</includedby>
    <includedby refid="tizmuxerport__decls_8h" local="yes">/home/joni/work/tizonia-master/libtizonia/src/tizmuxerport_decls.h</includedby>
    <includedby refid="tizoggport__decls_8h" local="no">/home/joni/work/tizonia-master/libtizonia/src/tizoggport_decls.h</includedby>
    <includedby refid="tizotherport__decls_8h" local="yes">/home/joni/work/tizonia-master/libtizonia/src/tizotherport_decls.h</includedby>
    <includedby refid="tizport_8c" local="yes">/home/joni/work/tizonia-master/libtizonia/src/tizport.c</includedby>
    <includedby refid="tizwebmport__decls_8h" local="no">/home/joni/work/tizonia-master/libtizonia/src/tizwebmport_decls.h</includedby>
    <includedby refid="cc__prc_8c" local="no">/home/joni/work/tizonia-master/plugins/chromecast_renderer/src/cc_prc.c</includedby>
    <includedby refid="vp8d_8c" local="no">/home/joni/work/tizonia-master/plugins/vp8_decoder/src/vp8d.c</includedby>
    <incdepgraph>
      <node id="3657">
        <label>stdbool.h</label>
      </node>
      <node id="3633">
        <label>stdarg.h</label>
      </node>
      <node id="3627">
        <label>/home/joni/work/tizonia-master/libtizonia/src/tizport_decls.h</label>
        <link refid="tizport_decls.h"/>
        <childnode refid="3628" relation="include">
        </childnode>
        <childnode refid="3665" relation="include">
        </childnode>
        <childnode refid="3667" relation="include">
        </childnode>
        <childnode refid="3637" relation="include">
        </childnode>
        <childnode refid="3670" relation="include">
        </childnode>
      </node>
      <node id="3628">
        <label>tizport.h</label>
        <link refid="tizport_8h_source"/>
        <childnode refid="3629" relation="include">
        </childnode>
        <childnode refid="3636" relation="include">
        </childnode>
        <childnode refid="3638" relation="include">
        </childnode>
        <childnode refid="3630" relation="include">
        </childnode>
        <childnode refid="3637" relation="include">
        </childnode>
        <childnode refid="3632" relation="include">
        </childnode>
        <childnode refid="3664" relation="include">
        </childnode>
      </node>
      <node id="3651">
        <label>tizbuffer.h</label>
        <link refid="tizbuffer_8h_source"/>
        <childnode refid="3630" relation="include">
        </childnode>
        <childnode refid="3632" relation="include">
        </childnode>
      </node>
      <node id="3654">
        <label>tizuuid.h</label>
        <link refid="tizuuid_8h_source"/>
        <childnode refid="3632" relation="include">
        </childnode>
      </node>
      <node id="3653">
        <label>tizthread.h</label>
        <link refid="tizthread_8h_source"/>
        <childnode refid="3630" relation="include">
        </childnode>
        <childnode refid="3632" relation="include">
        </childnode>
        <childnode refid="3647" relation="include">
        </childnode>
      </node>
      <node id="3650">
        <label>stdint.h</label>
      </node>
      <node id="3630">
        <label>OMX_Core.h</label>
      </node>
      <node id="3638">
        <label>tizplatform.h</label>
        <link refid="tizplatform_8h_source"/>
        <childnode refid="3639" relation="include">
        </childnode>
        <childnode refid="3644" relation="include">
        </childnode>
        <childnode refid="3642" relation="include">
        </childnode>
        <childnode refid="3646" relation="include">
        </childnode>
        <childnode refid="3648" relation="include">
        </childnode>
        <childnode refid="3651" relation="include">
        </childnode>
        <childnode refid="3652" relation="include">
        </childnode>
        <childnode refid="3647" relation="include">
        </childnode>
        <childnode refid="3653" relation="include">
        </childnode>
        <childnode refid="3654" relation="include">
        </childnode>
        <childnode refid="3640" relation="include">
        </childnode>
        <childnode refid="3655" relation="include">
        </childnode>
        <childnode refid="3649" relation="include">
        </childnode>
        <childnode refid="3656" relation="include">
        </childnode>
        <childnode refid="3658" relation="include">
        </childnode>
        <childnode refid="3659" relation="include">
        </childnode>
        <childnode refid="3660" relation="include">
        </childnode>
        <childnode refid="3661" relation="include">
        </childnode>
        <childnode refid="3662" relation="include">
        </childnode>
        <childnode refid="3663" relation="include">
        </childnode>
      </node>
      <node id="3666">
        <label>tizobject_decls.h</label>
        <link refid="tizobject__decls_8h_source"/>
        <childnode refid="3634" relation="include">
        </childnode>
        <childnode refid="3633" relation="include">
        </childnode>
      </node>
      <node id="3665">
        <label>tizapi_decls.h</label>
        <link refid="tizapi__decls_8h_source"/>
        <childnode refid="3666" relation="include">
        </childnode>
      </node>
      <node id="3631">
        <label>tizobject.h</label>
        <link refid="tizobject_8h_source"/>
        <childnode refid="3632" relation="include">
        </childnode>
        <childnode refid="3633" relation="include">
        </childnode>
        <childnode refid="3634" relation="include">
        </childnode>
        <childnode refid="3635" relation="include">
        </childnode>
      </node>
      <node id="3637">
        <label>OMX_Component.h</label>
      </node>
      <node id="3649">
        <label>tizsoa.h</label>
        <link refid="tizsoa_8h_source"/>
        <childnode refid="3634" relation="include">
        </childnode>
        <childnode refid="3650" relation="include">
        </childnode>
        <childnode refid="3632" relation="include">
        </childnode>
        <childnode refid="3630" relation="include">
        </childnode>
      </node>
      <node id="3639">
        <label>tizmacros.h</label>
        <link refid="tizmacros_8h_source"/>
        <childnode refid="3640" relation="include">
        </childnode>
        <childnode refid="3634" relation="include">
        </childnode>
      </node>
      <node id="3669">
        <label>tizservant.h</label>
        <link refid="tizservant_8h_source"/>
        <childnode refid="3630" relation="include">
        </childnode>
        <childnode refid="3638" relation="include">
        </childnode>
        <childnode refid="3636" relation="include">
        </childnode>
        <childnode refid="3629" relation="include">
        </childnode>
      </node>
      <node id="3634">
        <label>stddef.h</label>
      </node>
      <node id="3664">
        <label>limits.h</label>
      </node>
      <node id="3661">
        <label>tizprintf.h</label>
        <link refid="tizprintf_8h_source"/>
      </node>
      <node id="3646">
        <label>tizqueue.h</label>
        <link refid="tizqueue_8h_source"/>
        <childnode refid="3630" relation="include">
        </childnode>
        <childnode refid="3632" relation="include">
        </childnode>
        <childnode refid="3647" relation="include">
        </childnode>
      </node>
      <node id="3645">
        <label>log4c.h</label>
      </node>
      <node id="3643">
        <label>sys/types.h</label>
      </node>
      <node id="3670">
        <label>OMX_TizoniaExt.h</label>
      </node>
      <node id="3642">
        <label>tizmem.h</label>
        <link refid="tizmem_8h_source"/>
        <childnode refid="3643" relation="include">
        </childnode>
        <childnode refid="3632" relation="include">
        </childnode>
      </node>
      <node id="3655">
        <label>tizrc.h</label>
        <link refid="tizrc_8h_source"/>
        <childnode refid="3630" relation="include">
        </childnode>
        <childnode refid="3632" relation="include">
        </childnode>
      </node>
      <node id="3648">
        <label>tizpqueue.h</label>
        <link refid="tizpqueue_8h_source"/>
        <childnode refid="3630" relation="include">
        </childnode>
        <childnode refid="3632" relation="include">
        </childnode>
        <childnode refid="3649" relation="include">
        </childnode>
      </node>
      <node id="3629">
        <label>tizapi.h</label>
        <link refid="tizapi_8h_source"/>
        <childnode refid="3630" relation="include">
        </childnode>
        <childnode refid="3631" relation="include">
        </childnode>
      </node>
      <node id="3632">
        <label>OMX_Types.h</label>
      </node>
      <node id="3647">
        <label>tizsync.h</label>
        <link refid="tizsync_8h_source"/>
        <childnode refid="3630" relation="include">
        </childnode>
        <childnode refid="3632" relation="include">
        </childnode>
      </node>
      <node id="3644">
        <label>tizlog.h</label>
        <link refid="tizlog_8h_source"/>
        <childnode refid="3645" relation="include">
        </childnode>
      </node>
      <node id="3658">
        <label>tizhttp.h</label>
        <link refid="tizhttp_8h_source"/>
        <childnode refid="3630" relation="include">
        </childnode>
        <childnode refid="3632" relation="include">
        </childnode>
      </node>
      <node id="3652">
        <label>tizvector.h</label>
        <link refid="tizvector_8h_source"/>
        <childnode refid="3630" relation="include">
        </childnode>
        <childnode refid="3632" relation="include">
        </childnode>
      </node>
      <node id="3663">
        <label>tizurltransfer.h</label>
        <link refid="tizurltransfer_8h_source"/>
        <childnode refid="3637" relation="include">
        </childnode>
      </node>
      <node id="3662">
        <label>tizshufflelst.h</label>
        <link refid="tizshufflelst_8h_source"/>
        <childnode refid="3630" relation="include">
        </childnode>
        <childnode refid="3632" relation="include">
        </childnode>
      </node>
      <node id="3640">
        <label>tizomxutils.h</label>
        <link refid="tizomxutils_8h_source"/>
        <childnode refid="3632" relation="include">
        </childnode>
        <childnode refid="3637" relation="include">
        </childnode>
        <childnode refid="3641" relation="include">
        </childnode>
        <childnode refid="3630" relation="include">
        </childnode>
        <childnode refid="3642" relation="include">
        </childnode>
      </node>
      <node id="3667">
        <label>tizutils.h</label>
        <link refid="tizutils_8h_source"/>
        <childnode refid="3632" relation="include">
        </childnode>
        <childnode refid="3630" relation="include">
        </childnode>
        <childnode refid="3668" relation="include">
        </childnode>
      </node>
      <node id="3636">
        <label>tizscheduler.h</label>
        <link refid="tizscheduler_8h_source"/>
        <childnode refid="3630" relation="include">
        </childnode>
        <childnode refid="3632" relation="include">
        </childnode>
        <childnode refid="3637" relation="include">
        </childnode>
        <childnode refid="3638" relation="include">
        </childnode>
      </node>
      <node id="3668">
        <label>tizfsm.h</label>
        <link refid="tizfsm_8h_source"/>
        <childnode refid="3669" relation="include">
        </childnode>
      </node>
      <node id="3659">
        <label>tizmap.h</label>
        <link refid="tizmap_8h_source"/>
        <childnode refid="3657" relation="include">
        </childnode>
        <childnode refid="3630" relation="include">
        </childnode>
        <childnode refid="3632" relation="include">
        </childnode>
        <childnode refid="3649" relation="include">
        </childnode>
      </node>
      <node id="3656">
        <label>tizev.h</label>
        <link refid="tizev_8h_source"/>
        <childnode refid="3657" relation="include">
        </childnode>
        <childnode refid="3650" relation="include">
        </childnode>
        <childnode refid="3630" relation="include">
        </childnode>
        <childnode refid="3632" relation="include">
        </childnode>
      </node>
      <node id="3635">
        <label>stdio.h</label>
      </node>
      <node id="3660">
        <label>tizlimits.h</label>
        <link refid="tizlimits_8h_source"/>
      </node>
      <node id="3641">
        <label>OMX_Audio.h</label>
      </node>
    </incdepgraph>
    <invincdepgraph>
      <node id="3709">
        <label>/home/joni/work/tizonia-master/libtizonia/src/tizwebmport_decls.h</label>
        <link refid="tizwebmport__decls_8h_source"/>
      </node>
      <node id="3694">
        <label>/home/joni/work/tizonia-master/plugins/chromecast_renderer/src/cc_plexcfgport_decls.h</label>
        <link refid="cc__plexcfgport__decls_8h_source"/>
      </node>
      <node id="3671">
        <label>/home/joni/work/tizonia-master/libtizonia/src/tizport_decls.h</label>
        <link refid="tizport_decls.h"/>
        <childnode refid="3672" relation="include">
        </childnode>
        <childnode refid="3682" relation="include">
        </childnode>
        <childnode refid="3687" relation="include">
        </childnode>
        <childnode refid="3688" relation="include">
        </childnode>
        <childnode refid="3704" relation="include">
        </childnode>
        <childnode refid="3705" relation="include">
        </childnode>
        <childnode refid="3706" relation="include">
        </childnode>
        <childnode refid="3707" relation="include">
        </childnode>
        <childnode refid="3708" relation="include">
        </childnode>
        <childnode refid="3709" relation="include">
        </childnode>
      </node>
      <node id="3679">
        <label>/home/joni/work/tizonia-master/libtizonia/src/tizpcmport_decls.h</label>
        <link refid="tizpcmport__decls_8h_source"/>
      </node>
      <node id="3683">
        <label>/home/joni/work/tizonia-master/libtizonia/src/tizavcport_decls.h</label>
        <link refid="tizavcport__decls_8h_source"/>
      </node>
      <node id="3695">
        <label>/home/joni/work/tizonia-master/plugins/chromecast_renderer/src/cc_scloudcfgport_decls.h</label>
        <link refid="cc__scloudcfgport__decls_8h_source"/>
      </node>
      <node id="3686">
        <label>/home/joni/work/tizonia-master/plugins/vp8_decoder/src/vp8dinport_decls.h</label>
        <link refid="vp8dinport__decls_8h_source"/>
      </node>
      <node id="3691">
        <label>/home/joni/work/tizonia-master/plugins/chromecast_renderer/src/cc_cfgport_decls.h</label>
        <link refid="cc__cfgport__decls_8h_source"/>
        <childnode refid="3692" relation="include">
        </childnode>
        <childnode refid="3693" relation="include">
        </childnode>
        <childnode refid="3694" relation="include">
        </childnode>
        <childnode refid="3695" relation="include">
        </childnode>
        <childnode refid="3696" relation="include">
        </childnode>
      </node>
      <node id="3676">
        <label>/home/joni/work/tizonia-master/libtizonia/src/tizmp3port_decls.h</label>
        <link refid="tizmp3port__decls_8h_source"/>
        <childnode refid="3677" relation="include">
        </childnode>
      </node>
      <node id="3697">
        <label>/home/joni/work/tizonia-master/plugins/http_renderer/src/httprcfgport_decls.h</label>
        <link refid="httprcfgport__decls_8h_source"/>
      </node>
      <node id="3708">
        <label>/home/joni/work/tizonia-master/libtizonia/src/tizotherport_decls.h</label>
        <link refid="tizotherport__decls_8h_source"/>
      </node>
      <node id="3692">
        <label>/home/joni/work/tizonia-master/plugins/chromecast_renderer/src/cc_dirblecfgport_decls.h</label>
        <link refid="cc__dirblecfgport__decls_8h_source"/>
      </node>
      <node id="3704">
        <label>/home/joni/work/tizonia-master/libtizonia/src/tizdemuxerport_decls.h</label>
        <link refid="tizdemuxerport__decls_8h_source"/>
      </node>
      <node id="3705">
        <label>/home/joni/work/tizonia-master/libtizonia/src/tizimageport_decls.h</label>
        <link refid="tizimageport__decls_8h_source"/>
      </node>
      <node id="3672">
        <label>/home/joni/work/tizonia-master/libtizonia/src/tizaudioport_decls.h</label>
        <link refid="tizaudioport__decls_8h_source"/>
        <childnode refid="3673" relation="include">
        </childnode>
        <childnode refid="3674" relation="include">
        </childnode>
        <childnode refid="3675" relation="include">
        </childnode>
        <childnode refid="3676" relation="include">
        </childnode>
        <childnode refid="3678" relation="include">
        </childnode>
        <childnode refid="3679" relation="include">
        </childnode>
        <childnode refid="3680" relation="include">
        </childnode>
        <childnode refid="3681" relation="include">
        </childnode>
      </node>
      <node id="3700">
        <label>/home/joni/work/tizonia-master/plugins/http_source/src/plexcfgport_decls.h</label>
        <link refid="plexcfgport__decls_8h_source"/>
      </node>
      <node id="3680">
        <label>/home/joni/work/tizonia-master/libtizonia/src/tizvorbisport_decls.h</label>
        <link refid="tizvorbisport__decls_8h_source"/>
      </node>
      <node id="3682">
        <label>/home/joni/work/tizonia-master/libtizonia/src/tizvideoport_decls.h</label>
        <link refid="tizvideoport__decls_8h_source"/>
        <childnode refid="3683" relation="include">
        </childnode>
        <childnode refid="3684" relation="include">
        </childnode>
        <childnode refid="3685" relation="include">
        </childnode>
      </node>
      <node id="3690">
        <label>/home/joni/work/tizonia-master/libtizonia/src/tizdemuxercfgport_decls.h</label>
        <link refid="tizdemuxercfgport__decls_8h_source"/>
      </node>
      <node id="3674">
        <label>/home/joni/work/tizonia-master/libtizonia/src/tizflacport_decls.h</label>
        <link refid="tizflacport__decls_8h_source"/>
      </node>
      <node id="3688">
        <label>/home/joni/work/tizonia-master/libtizonia/src/tizconfigport_decls.h</label>
        <link refid="tizconfigport__decls_8h_source"/>
        <childnode refid="3689" relation="include">
        </childnode>
        <childnode refid="3697" relation="include">
        </childnode>
        <childnode refid="3698" relation="include">
        </childnode>
        <childnode refid="3699" relation="include">
        </childnode>
        <childnode refid="3700" relation="include">
        </childnode>
        <childnode refid="3701" relation="include">
        </childnode>
        <childnode refid="3702" relation="include">
        </childnode>
        <childnode refid="3703" relation="include">
        </childnode>
      </node>
      <node id="3675">
        <label>/home/joni/work/tizonia-master/libtizonia/src/tizmp2port_decls.h</label>
        <link refid="tizmp2port__decls_8h_source"/>
      </node>
      <node id="3677">
        <label>/home/joni/work/tizonia-master/plugins/http_renderer/src/httprmp3port_decls.h</label>
        <link refid="httprmp3port__decls_8h_source"/>
      </node>
      <node id="3684">
        <label>/home/joni/work/tizonia-master/libtizonia/src/tizivrport_decls.h</label>
        <link refid="tizivrport__decls_8h_source"/>
      </node>
      <node id="3706">
        <label>/home/joni/work/tizonia-master/libtizonia/src/tizmuxerport_decls.h</label>
        <link refid="tizmuxerport__decls_8h_source"/>
      </node>
      <node id="3689">
        <label>/home/joni/work/tizonia-master/libtizonia/src/tizuricfgport_decls.h</label>
        <link refid="tizuricfgport__decls_8h_source"/>
        <childnode refid="3690" relation="include">
        </childnode>
        <childnode refid="3691" relation="include">
        </childnode>
      </node>
      <node id="3673">
        <label>/home/joni/work/tizonia-master/libtizonia/src/tizaacport_decls.h</label>
        <link refid="tizaacport__decls_8h_source"/>
      </node>
      <node id="3678">
        <label>/home/joni/work/tizonia-master/libtizonia/src/tizopusport_decls.h</label>
        <link refid="tizopusport__decls_8h_source"/>
      </node>
      <node id="3703">
        <label>/home/joni/work/tizonia-master/plugins/spotify_source/src/spfysrccfgport_decls.h</label>
        <link refid="spfysrccfgport__decls_8h_source"/>
      </node>
      <node id="3698">
        <label>/home/joni/work/tizonia-master/plugins/http_source/src/dirblecfgport_decls.h</label>
        <link refid="dirblecfgport__decls_8h_source"/>
      </node>
      <node id="3696">
        <label>/home/joni/work/tizonia-master/plugins/chromecast_renderer/src/cc_youtubecfgport_decls.h</label>
        <link refid="cc__youtubecfgport__decls_8h_source"/>
      </node>
      <node id="3693">
        <label>/home/joni/work/tizonia-master/plugins/chromecast_renderer/src/cc_gmusiccfgport_decls.h</label>
        <link refid="cc__gmusiccfgport__decls_8h_source"/>
      </node>
      <node id="3701">
        <label>/home/joni/work/tizonia-master/plugins/http_source/src/scloudcfgport_decls.h</label>
        <link refid="scloudcfgport__decls_8h_source"/>
      </node>
      <node id="3687">
        <label>/home/joni/work/tizonia-master/libtizonia/src/tizbinaryport_decls.h</label>
        <link refid="tizbinaryport__decls_8h_source"/>
      </node>
      <node id="3702">
        <label>/home/joni/work/tizonia-master/plugins/http_source/src/youtubecfgport_decls.h</label>
        <link refid="youtubecfgport__decls_8h_source"/>
      </node>
      <node id="3707">
        <label>/home/joni/work/tizonia-master/libtizonia/src/tizoggport_decls.h</label>
        <link refid="tizoggport__decls_8h_source"/>
      </node>
      <node id="3685">
        <label>/home/joni/work/tizonia-master/libtizonia/src/tizvp8port_decls.h</label>
        <link refid="tizvp8port__decls_8h_source"/>
        <childnode refid="3686" relation="include">
        </childnode>
      </node>
      <node id="3699">
        <label>/home/joni/work/tizonia-master/plugins/http_source/src/gmusiccfgport_decls.h</label>
        <link refid="gmusiccfgport__decls_8h_source"/>
      </node>
      <node id="3681">
        <label>/home/joni/work/tizonia-master/plugins/http_source/src/httpsrcport_decls.h</label>
        <link refid="httpsrcport__decls_8h_source"/>
      </node>
    </invincdepgraph>
    <innerclass refid="structtiz__port" prot="public">tiz_port</innerclass>
    <innerclass refid="structtiz__port__class" prot="public">tiz_port_class</innerclass>
      <sectiondef kind="typedef">
      <memberdef kind="typedef" id="tizport__decls_8h_1a269e1b442683762d6a9da76254cb6a21" prot="public" static="no">
        <type>struct <ref refid="structtiz__port" kindref="compound">tiz_port</ref></type>
        <definition>typedef struct tiz_port tiz_port_t</definition>
        <argsstring></argsstring>
        <name>tiz_port_t</name>
        <briefdescription>
        </briefdescription>
        <detaileddescription>
        </detaileddescription>
        <inbodydescription>
        </inbodydescription>
        <location file="/home/joni/work/tizonia-master/libtizonia/src/tizport_decls.h" line="83" column="1" bodyfile="/home/joni/work/tizonia-master/libtizonia/src/tizport_decls.h" bodystart="42" bodyend="-1"/>
      </memberdef>
      <memberdef kind="typedef" id="tizport__decls_8h_1afe0a6ba9f2c9170b8a7f11b1a15b92da" prot="public" static="no">
        <type>struct <ref refid="structtiz__port__class" kindref="compound">tiz_port_class</ref></type>
        <definition>typedef struct tiz_port_class tiz_port_class_t</definition>
        <argsstring></argsstring>
        <name>tiz_port_class_t</name>
        <briefdescription>
        </briefdescription>
        <detaileddescription>
        </detaileddescription>
        <inbodydescription>
        </inbodydescription>
        <location file="/home/joni/work/tizonia-master/libtizonia/src/tizport_decls.h" line="86" column="1" bodyfile="/home/joni/work/tizonia-master/libtizonia/src/tizport_decls.h" bodystart="92" bodyend="-1"/>
      </memberdef>
      </sectiondef>
      <sectiondef kind="func">
      <memberdef kind="function" id="tizport__decls_8h_1ab3fe3909505c60c0d34127ce5f1c7c8e" prot="public" static="no" const="no" explicit="no" inline="no" virt="non-virtual">
        <type>OMX_ERRORTYPE</type>
        <definition>OMX_ERRORTYPE tiz_port_super_register_index</definition>
        <argsstring>(const void *a_class, const void *ap_obj, OMX_INDEXTYPE a_index)</argsstring>
        <name>tiz_port_super_register_index</name>
        <param>
          <type>const void *</type>
          <declname>a_class</declname>
        </param>
        <param>
          <type>const void *</type>
          <declname>ap_obj</declname>
        </param>
        <param>
          <type>OMX_INDEXTYPE</type>
          <declname>a_index</declname>
        </param>
        <briefdescription>
        </briefdescription>
        <detaileddescription>
        </detaileddescription>
        <inbodydescription>
        </inbodydescription>
        <location file="/home/joni/work/tizonia-master/libtizonia/src/tizport_decls.h" line="66" column="1" bodyfile="/home/joni/work/tizonia-master/libtizonia/src/tizport.c" bodystart="1229" bodyend="1235"/>
      </memberdef>
      <memberdef kind="function" id="tizport__decls_8h_1aae05017ae122deb856b1ac5cbe623cdb" prot="public" static="no" const="no" explicit="no" inline="no" virt="non-virtual">
        <type>OMX_ERRORTYPE</type>
        <definition>OMX_ERRORTYPE tiz_port_super_find_index</definition>
        <argsstring>(const void *a_class, const void *ap_obj, OMX_INDEXTYPE a_index)</argsstring>
        <name>tiz_port_super_find_index</name>
        <param>
          <type>const void *</type>
          <declname>a_class</declname>
        </param>
        <param>
          <type>const void *</type>
          <declname>ap_obj</declname>
        </param>
        <param>
          <type>OMX_INDEXTYPE</type>
          <declname>a_index</declname>
        </param>
        <briefdescription>
        </briefdescription>
        <detaileddescription>
        </detaileddescription>
        <inbodydescription>
        </inbodydescription>
        <location file="/home/joni/work/tizonia-master/libtizonia/src/tizport_decls.h" line="70" column="1" bodyfile="/home/joni/work/tizonia-master/libtizonia/src/tizport.c" bodystart="1256" bodyend="1262"/>
      </memberdef>
      <memberdef kind="function" id="tizport__decls_8h_1afece0cb4073d6fad99bf761e9293b0fd" prot="public" static="no" const="no" explicit="no" inline="no" virt="non-virtual">
        <type>OMX_ERRORTYPE</type>
        <definition>OMX_ERRORTYPE tiz_port_super_populate</definition>
        <argsstring>(const void *a_class, const void *ap_obj)</argsstring>
        <name>tiz_port_super_populate</name>
        <param>
          <type>const void *</type>
          <declname>a_class</declname>
        </param>
        <param>
          <type>const void *</type>
          <declname>ap_obj</declname>
        </param>
        <briefdescription>
        </briefdescription>
        <detaileddescription>
        </detaileddescription>
        <inbodydescription>
        </inbodydescription>
        <location file="/home/joni/work/tizonia-master/libtizonia/src/tizport_decls.h" line="74" column="1" bodyfile="/home/joni/work/tizonia-master/libtizonia/src/tizport.c" bodystart="1775" bodyend="1780"/>
      </memberdef>
      <memberdef kind="function" id="tizport__decls_8h_1a3dcc803ab3e00b2023cb0c51799b8368" prot="public" static="no" const="no" explicit="no" inline="no" virt="non-virtual">
        <type>OMX_ERRORTYPE</type>
        <definition>OMX_ERRORTYPE tiz_port_super_depopulate</definition>
        <argsstring>(const void *a_class, const void *ap_obj)</argsstring>
        <name>tiz_port_super_depopulate</name>
        <param>
          <type>const void *</type>
          <declname>a_class</declname>
        </param>
        <param>
          <type>const void *</type>
          <declname>ap_obj</declname>
        </param>
        <briefdescription>
        </briefdescription>
        <detaileddescription>
        </detaileddescription>
        <inbodydescription>
        </inbodydescription>
        <location file="/home/joni/work/tizonia-master/libtizonia/src/tizport_decls.h" line="77" column="1" bodyfile="/home/joni/work/tizonia-master/libtizonia/src/tizport.c" bodystart="1843" bodyend="1848"/>
      </memberdef>
      <memberdef kind="function" id="tizport__decls_8h_1a17746342300a6c954c8df48d73510799" prot="public" static="no" const="no" explicit="no" inline="no" virt="non-virtual">
        <type>bool</type>
        <definition>bool tiz_port_super_check_tunnel_compat</definition>
        <argsstring>(const void *a_class, const void *ap_obj, OMX_PARAM_PORTDEFINITIONTYPE *ap_this_def, OMX_PARAM_PORTDEFINITIONTYPE *ap_other_def)</argsstring>
        <name>tiz_port_super_check_tunnel_compat</name>
        <param>
          <type>const void *</type>
          <declname>a_class</declname>
        </param>
        <param>
          <type>const void *</type>
          <declname>ap_obj</declname>
        </param>
        <param>
          <type>OMX_PARAM_PORTDEFINITIONTYPE *</type>
          <declname>ap_this_def</declname>
        </param>
        <param>
          <type>OMX_PARAM_PORTDEFINITIONTYPE *</type>
          <declname>ap_other_def</declname>
        </param>
        <briefdescription>
        </briefdescription>
        <detaileddescription>
        </detaileddescription>
        <inbodydescription>
        </inbodydescription>
        <location file="/home/joni/work/tizonia-master/libtizonia/src/tizport_decls.h" line="80" column="1" bodyfile="/home/joni/work/tizonia-master/libtizonia/src/tizport.c" bodystart="1870" bodyend="1877"/>
      </memberdef>
      <memberdef kind="function" id="tizport__decls_8h_1aa267dbb0e42262e47817af7a764c60c3" prot="public" static="no" const="no" explicit="no" inline="no" virt="non-virtual">
        <type>OMX_ERRORTYPE</type>
        <definition>OMX_ERRORTYPE tiz_port_super_apply_slaving_behaviour</definition>
        <argsstring>(void *a_class, void *ap_obj, void *ap_mos_port, const OMX_INDEXTYPE a_index, const OMX_PTR ap_struct, tiz_vector_t *ap_changed_idxs)</argsstring>
        <name>tiz_port_super_apply_slaving_behaviour</name>
        <param>
          <type>void *</type>
          <declname>a_class</declname>
        </param>
        <param>
          <type>void *</type>
          <declname>ap_obj</declname>
        </param>
        <param>
          <type>void *</type>
          <declname>ap_mos_port</declname>
        </param>
        <param>
          <type>const OMX_INDEXTYPE</type>
          <declname>a_index</declname>
        </param>
        <param>
          <type>const OMX_PTR</type>
          <declname>ap_struct</declname>
        </param>
        <param>
          <type><ref refid="structtiz__vector" kindref="compound">tiz_vector_t</ref> *</type>
          <declname>ap_changed_idxs</declname>
        </param>
        <briefdescription>
        </briefdescription>
        <detaileddescription>
        </detaileddescription>
        <inbodydescription>
        </inbodydescription>
        <location file="/home/joni/work/tizonia-master/libtizonia/src/tizport_decls.h" line="86" column="1" bodyfile="/home/joni/work/tizonia-master/libtizonia/src/tizport.c" bodystart="2187" bodyend="2197"/>
      </memberdef>
      </sectiondef>
    <briefdescription>
<para>Tizonia OpenMAX IL - port class declarations. </para>    </briefdescription>
    <detaileddescription>
<para>Copyright (C) 2011-2018 Aratelia Limited - Juan A. Rubio</para><para>This file is part of Tizonia</para><para>Tizonia is free software: you can redistribute it and/or modify it under the terms of the GNU Lesser General Public License as published by the Free Software Foundation, either version 3 of the License, or (at your option) any later version.</para><para>Tizonia is distributed in the hope that it will be useful, but WITHOUT ANY WARRANTY; without even the implied warranty of MERCHANTABILITY or FITNESS FOR A PARTICULAR PURPOSE. See the GNU Lesser General Public License for more details.</para><para>You should have received a copy of the GNU Lesser General Public License along with Tizonia. If not, see <ulink url="http://www.gnu.org/licenses/">http://www.gnu.org/licenses/</ulink>.</para><para><simplesect kind="author"><para>Juan A. Rubio <ulink url="mailto:juan.rubio@aratelia.com">juan.rubio@aratelia.com</ulink> </para></simplesect>
</para>    </detaileddescription>
    <programlisting>
<codeline lineno="1"></codeline>
<codeline lineno="29"><highlight class="preprocessor">#ifndef<sp/>TIZPORT_DECLS_H</highlight><highlight class="normal"></highlight></codeline>
<codeline lineno="30"><highlight class="normal"></highlight><highlight class="preprocessor">#define<sp/>TIZPORT_DECLS_H</highlight><highlight class="normal"></highlight></codeline>
<codeline lineno="31"><highlight class="normal"></highlight></codeline>
<codeline lineno="32"><highlight class="normal"></highlight><highlight class="preprocessor">#ifdef<sp/>__cplusplus</highlight><highlight class="normal"></highlight></codeline>
<codeline lineno="33"><highlight class="normal"></highlight><highlight class="keyword">extern</highlight><highlight class="normal"><sp/></highlight><highlight class="stringliteral">&quot;C&quot;</highlight><highlight class="normal"><sp/>{</highlight></codeline>
<codeline lineno="34"><highlight class="normal"></highlight><highlight class="preprocessor">#endif</highlight><highlight class="normal"></highlight></codeline>
<codeline lineno="35"><highlight class="normal"></highlight></codeline>
<codeline lineno="36"><highlight class="normal"></highlight><highlight class="preprocessor">#include<sp/>&quot;tizport.h&quot;</highlight><highlight class="normal"></highlight></codeline>
<codeline lineno="37"><highlight class="normal"></highlight><highlight class="preprocessor">#include<sp/>&quot;tizapi_decls.h&quot;</highlight><highlight class="normal"></highlight></codeline>
<codeline lineno="38"><highlight class="normal"></highlight><highlight class="preprocessor">#include<sp/>&quot;tizutils.h&quot;</highlight><highlight class="normal"></highlight></codeline>
<codeline lineno="39"><highlight class="normal"></highlight><highlight class="preprocessor">#include<sp/>&quot;OMX_Component.h&quot;</highlight><highlight class="normal"></highlight></codeline>
<codeline lineno="40"><highlight class="normal"></highlight><highlight class="preprocessor">#include<sp/>&quot;OMX_TizoniaExt.h&quot;</highlight><highlight class="normal"></highlight></codeline>
<codeline lineno="41"><highlight class="normal"></highlight></codeline>
<codeline lineno="42"><highlight class="normal"></highlight><highlight class="keyword">typedef</highlight><highlight class="normal"><sp/></highlight><highlight class="keyword">struct<sp/></highlight><highlight class="normal"><ref refid="structtiz__port" kindref="compound">tiz_port</ref><sp/><ref refid="structtiz__port" kindref="compound">tiz_port_t</ref>;</highlight></codeline>
<codeline lineno="43" refid="structtiz__port" refkind="compound"><highlight class="normal"></highlight><highlight class="keyword">struct<sp/></highlight><highlight class="normal"><ref refid="structtiz__port" kindref="compound">tiz_port</ref></highlight></codeline>
<codeline lineno="44"><highlight class="normal">{</highlight></codeline>
<codeline lineno="45"><highlight class="normal"><sp/><sp/></highlight><highlight class="comment">/*<sp/>Object<sp/>*/</highlight><highlight class="normal"></highlight></codeline>
<codeline lineno="46"><highlight class="normal"><sp/><sp/></highlight><highlight class="keyword">const</highlight><highlight class="normal"><sp/><ref refid="structtiz__api" kindref="compound">tiz_api_t</ref><sp/>_;</highlight></codeline>
<codeline lineno="47"><highlight class="normal"><sp/><sp/><ref refid="structtiz__vector" kindref="compound">tiz_vector_t</ref><sp/>*<sp/>p_indexes_;</highlight></codeline>
<codeline lineno="48"><highlight class="normal"><sp/><sp/><ref refid="structtiz__vector" kindref="compound">tiz_vector_t</ref><sp/>*<sp/>p_hdrs_info_;</highlight></codeline>
<codeline lineno="49"><highlight class="normal"><sp/><sp/><ref refid="structtiz__vector" kindref="compound">tiz_vector_t</ref><sp/>*<sp/>p_hdrs_;</highlight></codeline>
<codeline lineno="50"><highlight class="normal"><sp/><sp/><ref refid="structtiz__vector" kindref="compound">tiz_vector_t</ref><sp/>*<sp/>p_marks_;</highlight></codeline>
<codeline lineno="51"><highlight class="normal"><sp/><sp/>OMX_U32<sp/>pid_;</highlight></codeline>
<codeline lineno="52"><highlight class="normal"><sp/><sp/>OMX_U32<sp/>tpid_;</highlight></codeline>
<codeline lineno="53"><highlight class="normal"><sp/><sp/>OMX_S32<sp/>claimed_count_;</highlight></codeline>
<codeline lineno="54"><highlight class="normal"><sp/><sp/>OMX_HANDLETYPE<sp/>thdl_;</highlight></codeline>
<codeline lineno="55"><highlight class="normal"><sp/><sp/><ref refid="structtiz__port__options" kindref="compound">tiz_port_options_t</ref><sp/>opts_;</highlight></codeline>
<codeline lineno="56"><highlight class="normal"><sp/><sp/><ref refid="structtiz__pd__set" kindref="compound">tiz_pd_set_t</ref><sp/>flags_;</highlight></codeline>
<codeline lineno="57"><highlight class="normal"><sp/><sp/>OMX_PARAM_PORTDEFINITIONTYPE<sp/>portdef_;</highlight></codeline>
<codeline lineno="58"><highlight class="normal"><sp/><sp/>OMX_BOOL<sp/>contiguity_pref_;</highlight></codeline>
<codeline lineno="59"><highlight class="normal"><sp/><sp/>OMX_PARAM_BUFFERSUPPLIERTYPE<sp/>bufsupplier_;</highlight></codeline>
<codeline lineno="60"><highlight class="normal"><sp/><sp/>OMX_BOOL<sp/>announce_bufs_;</highlight></codeline>
<codeline lineno="61"><highlight class="normal"><sp/><sp/>OMX_CONFIG_TUNNELEDPORTSTATUSTYPE<sp/>peer_port_status_;</highlight></codeline>
<codeline lineno="62"><highlight class="normal"><sp/><sp/><ref refid="structtiz__eglimage__hook" kindref="compound">tiz_eglimage_hook_t</ref><sp/>eglimage_hook_;<sp/></highlight><highlight class="comment">/*<sp/>EGL<sp/>image<sp/>validation<sp/>hook<sp/>*/</highlight><highlight class="normal"></highlight></codeline>
<codeline lineno="63"><highlight class="normal">};</highlight></codeline>
<codeline lineno="64"><highlight class="normal"></highlight></codeline>
<codeline lineno="65"><highlight class="normal">OMX_ERRORTYPE</highlight></codeline>
<codeline lineno="66"><highlight class="normal">tiz_port_super_register_index<sp/>(</highlight><highlight class="keyword">const</highlight><highlight class="normal"><sp/></highlight><highlight class="keywordtype">void</highlight><highlight class="normal"><sp/>*<sp/>a_class,<sp/></highlight><highlight class="keyword">const</highlight><highlight class="normal"><sp/></highlight><highlight class="keywordtype">void</highlight><highlight class="normal"><sp/>*<sp/>ap_obj,</highlight></codeline>
<codeline lineno="67"><highlight class="normal"><sp/><sp/><sp/><sp/><sp/><sp/><sp/><sp/><sp/><sp/><sp/><sp/><sp/><sp/><sp/><sp/><sp/><sp/><sp/><sp/><sp/><sp/><sp/><sp/><sp/><sp/><sp/><sp/><sp/><sp/><sp/>OMX_INDEXTYPE<sp/>a_index);</highlight></codeline>
<codeline lineno="68"><highlight class="normal"></highlight></codeline>
<codeline lineno="69"><highlight class="normal">OMX_ERRORTYPE</highlight></codeline>
<codeline lineno="70"><highlight class="normal">tiz_port_super_find_index<sp/>(</highlight><highlight class="keyword">const</highlight><highlight class="normal"><sp/></highlight><highlight class="keywordtype">void</highlight><highlight class="normal"><sp/>*<sp/>a_class,<sp/></highlight><highlight class="keyword">const</highlight><highlight class="normal"><sp/></highlight><highlight class="keywordtype">void</highlight><highlight class="normal"><sp/>*<sp/>ap_obj,</highlight></codeline>
<codeline lineno="71"><highlight class="normal"><sp/><sp/><sp/><sp/><sp/><sp/><sp/><sp/><sp/><sp/><sp/><sp/><sp/><sp/><sp/><sp/><sp/><sp/><sp/><sp/><sp/><sp/><sp/><sp/><sp/><sp/><sp/>OMX_INDEXTYPE<sp/>a_index);</highlight></codeline>
<codeline lineno="72"><highlight class="normal"></highlight></codeline>
<codeline lineno="73"><highlight class="normal">OMX_ERRORTYPE</highlight></codeline>
<codeline lineno="74"><highlight class="normal">tiz_port_super_populate<sp/>(</highlight><highlight class="keyword">const</highlight><highlight class="normal"><sp/></highlight><highlight class="keywordtype">void</highlight><highlight class="normal"><sp/>*<sp/>a_class,<sp/></highlight><highlight class="keyword">const</highlight><highlight class="normal"><sp/></highlight><highlight class="keywordtype">void</highlight><highlight class="normal"><sp/>*<sp/>ap_obj);</highlight></codeline>
<codeline lineno="75"><highlight class="normal"></highlight></codeline>
<codeline lineno="76"><highlight class="normal">OMX_ERRORTYPE</highlight></codeline>
<codeline lineno="77"><highlight class="normal">tiz_port_super_depopulate<sp/>(</highlight><highlight class="keyword">const</highlight><highlight class="normal"><sp/></highlight><highlight class="keywordtype">void</highlight><highlight class="normal"><sp/>*<sp/>a_class,<sp/></highlight><highlight class="keyword">const</highlight><highlight class="normal"><sp/></highlight><highlight class="keywordtype">void</highlight><highlight class="normal"><sp/>*<sp/>ap_obj);</highlight></codeline>
<codeline lineno="78"><highlight class="normal"></highlight></codeline>
<codeline lineno="79"><highlight class="normal"></highlight><highlight class="keywordtype">bool</highlight><highlight class="normal"></highlight></codeline>
<codeline lineno="80"><highlight class="normal">tiz_port_super_check_tunnel_compat<sp/>(</highlight></codeline>
<codeline lineno="81"><highlight class="normal"><sp/><sp/></highlight><highlight class="keyword">const</highlight><highlight class="normal"><sp/></highlight><highlight class="keywordtype">void</highlight><highlight class="normal"><sp/>*<sp/>a_class,<sp/></highlight><highlight class="keyword">const</highlight><highlight class="normal"><sp/></highlight><highlight class="keywordtype">void</highlight><highlight class="normal"><sp/>*<sp/>ap_obj,</highlight></codeline>
<codeline lineno="82"><highlight class="normal"><sp/><sp/>OMX_PARAM_PORTDEFINITIONTYPE<sp/>*<sp/>ap_this_def,</highlight></codeline>
<codeline lineno="83"><highlight class="normal"><sp/><sp/>OMX_PARAM_PORTDEFINITIONTYPE<sp/>*<sp/>ap_other_def);</highlight></codeline>
<codeline lineno="84"><highlight class="normal"></highlight></codeline>
<codeline lineno="85"><highlight class="normal">OMX_ERRORTYPE</highlight></codeline>
<codeline lineno="86"><highlight class="normal">tiz_port_super_apply_slaving_behaviour<sp/>(</highlight><highlight class="keywordtype">void</highlight><highlight class="normal"><sp/>*<sp/>a_class,<sp/></highlight><highlight class="keywordtype">void</highlight><highlight class="normal"><sp/>*<sp/>ap_obj,</highlight></codeline>
<codeline lineno="87"><highlight class="normal"><sp/><sp/><sp/><sp/><sp/><sp/><sp/><sp/><sp/><sp/><sp/><sp/><sp/><sp/><sp/><sp/><sp/><sp/><sp/><sp/><sp/><sp/><sp/><sp/><sp/><sp/><sp/><sp/><sp/><sp/><sp/><sp/><sp/><sp/><sp/><sp/><sp/><sp/><sp/><sp/></highlight><highlight class="keywordtype">void</highlight><highlight class="normal"><sp/>*<sp/>ap_mos_port,</highlight></codeline>
<codeline lineno="88"><highlight class="normal"><sp/><sp/><sp/><sp/><sp/><sp/><sp/><sp/><sp/><sp/><sp/><sp/><sp/><sp/><sp/><sp/><sp/><sp/><sp/><sp/><sp/><sp/><sp/><sp/><sp/><sp/><sp/><sp/><sp/><sp/><sp/><sp/><sp/><sp/><sp/><sp/><sp/><sp/><sp/><sp/></highlight><highlight class="keyword">const</highlight><highlight class="normal"><sp/>OMX_INDEXTYPE<sp/>a_index,</highlight></codeline>
<codeline lineno="89"><highlight class="normal"><sp/><sp/><sp/><sp/><sp/><sp/><sp/><sp/><sp/><sp/><sp/><sp/><sp/><sp/><sp/><sp/><sp/><sp/><sp/><sp/><sp/><sp/><sp/><sp/><sp/><sp/><sp/><sp/><sp/><sp/><sp/><sp/><sp/><sp/><sp/><sp/><sp/><sp/><sp/><sp/></highlight><highlight class="keyword">const</highlight><highlight class="normal"><sp/>OMX_PTR<sp/>ap_struct,</highlight></codeline>
<codeline lineno="90"><highlight class="normal"><sp/><sp/><sp/><sp/><sp/><sp/><sp/><sp/><sp/><sp/><sp/><sp/><sp/><sp/><sp/><sp/><sp/><sp/><sp/><sp/><sp/><sp/><sp/><sp/><sp/><sp/><sp/><sp/><sp/><sp/><sp/><sp/><sp/><sp/><sp/><sp/><sp/><sp/><sp/><sp/><ref refid="structtiz__vector" kindref="compound">tiz_vector_t</ref><sp/>*<sp/>ap_changed_idxs);</highlight></codeline>
<codeline lineno="91"><highlight class="normal"></highlight></codeline>
<codeline lineno="92"><highlight class="normal"></highlight><highlight class="keyword">typedef</highlight><highlight class="normal"><sp/></highlight><highlight class="keyword">struct<sp/></highlight><highlight class="normal"><ref refid="structtiz__port__class" kindref="compound">tiz_port_class</ref><sp/>tiz_port_class_t;</highlight></codeline>
<codeline lineno="93" refid="structtiz__port__class" refkind="compound"><highlight class="normal"></highlight><highlight class="keyword">struct<sp/></highlight><highlight class="normal"><ref refid="structtiz__port__class" kindref="compound">tiz_port_class</ref></highlight></codeline>
<codeline lineno="94"><highlight class="normal">{</highlight></codeline>
<codeline lineno="95"><highlight class="normal"><sp/><sp/></highlight><highlight class="comment">/*<sp/>Class<sp/>*/</highlight><highlight class="normal"></highlight></codeline>
<codeline lineno="96"><highlight class="normal"><sp/><sp/></highlight><highlight class="keyword">const</highlight><highlight class="normal"><sp/><ref refid="structtiz__api__class" kindref="compound">tiz_api_class_t</ref><sp/>_;</highlight></codeline>
<codeline lineno="97"><highlight class="normal"><sp/><sp/>OMX_ERRORTYPE<sp/>(*register_index)<sp/>(</highlight><highlight class="keyword">const</highlight><highlight class="normal"><sp/></highlight><highlight class="keywordtype">void</highlight><highlight class="normal"><sp/>*<sp/>ap_obj,<sp/>OMX_INDEXTYPE<sp/>a_index);</highlight></codeline>
<codeline lineno="98"><highlight class="normal"><sp/><sp/>OMX_ERRORTYPE<sp/>(*find_index)<sp/>(</highlight><highlight class="keyword">const</highlight><highlight class="normal"><sp/></highlight><highlight class="keywordtype">void</highlight><highlight class="normal"><sp/>*<sp/>ap_obj,<sp/>OMX_INDEXTYPE<sp/>a_index);</highlight></codeline>
<codeline lineno="99"><highlight class="normal"><sp/><sp/>OMX_U32<sp/>(*index)<sp/>(</highlight><highlight class="keyword">const</highlight><highlight class="normal"><sp/></highlight><highlight class="keywordtype">void</highlight><highlight class="normal"><sp/>*<sp/>ap_obj);</highlight></codeline>
<codeline lineno="100"><highlight class="normal"><sp/><sp/>void<sp/>(*set_index)<sp/>(</highlight><highlight class="keywordtype">void</highlight><highlight class="normal"><sp/>*<sp/>ap_obj,<sp/>OMX_U32<sp/>a_pid);</highlight></codeline>
<codeline lineno="101"><highlight class="normal"><sp/><sp/>OMX_ERRORTYPE<sp/>(*set_portdef_format)</highlight></codeline>
<codeline lineno="102"><highlight class="normal"><sp/><sp/>(</highlight><highlight class="keywordtype">void</highlight><highlight class="normal"><sp/>*<sp/>ap_obj,<sp/></highlight><highlight class="keyword">const</highlight><highlight class="normal"><sp/>OMX_PARAM_PORTDEFINITIONTYPE<sp/>*<sp/>ap_pdef);</highlight></codeline>
<codeline lineno="103"><highlight class="normal"><sp/><sp/>OMX_S32<sp/>(*buffer_count)<sp/>(</highlight><highlight class="keyword">const</highlight><highlight class="normal"><sp/></highlight><highlight class="keywordtype">void</highlight><highlight class="normal"><sp/>*<sp/>ap_obj);</highlight></codeline>
<codeline lineno="104"><highlight class="normal"><sp/><sp/>OMX_DIRTYPE<sp/>(*dir)<sp/>(</highlight><highlight class="keyword">const</highlight><highlight class="normal"><sp/></highlight><highlight class="keywordtype">void</highlight><highlight class="normal"><sp/>*<sp/>ap_obj);</highlight></codeline>
<codeline lineno="105"><highlight class="normal"><sp/><sp/>OMX_PORTDOMAINTYPE<sp/>(*domain)<sp/>(</highlight><highlight class="keyword">const</highlight><highlight class="normal"><sp/></highlight><highlight class="keywordtype">void</highlight><highlight class="normal"><sp/>*<sp/>ap_obj);</highlight></codeline>
<codeline lineno="106"><highlight class="normal"><sp/><sp/>OMX_HANDLETYPE<sp/>(*get_tunnel_comp)<sp/>(</highlight><highlight class="keyword">const</highlight><highlight class="normal"><sp/></highlight><highlight class="keywordtype">void</highlight><highlight class="normal"><sp/>*<sp/>ap_obj);</highlight></codeline>
<codeline lineno="107"><highlight class="normal"><sp/><sp/>OMX_PTR<sp/>(*get_eglimage)</highlight></codeline>
<codeline lineno="108"><highlight class="normal"><sp/><sp/>(</highlight><highlight class="keyword">const</highlight><highlight class="normal"><sp/></highlight><highlight class="keywordtype">void</highlight><highlight class="normal"><sp/>*<sp/>ap_obj,<sp/></highlight><highlight class="keyword">const</highlight><highlight class="normal"><sp/>OMX_BUFFERHEADERTYPE<sp/>*<sp/>ap_hdr);</highlight></codeline>
<codeline lineno="109"><highlight class="normal"><sp/><sp/><ref refid="structtiz__vector" kindref="compound">tiz_vector_t</ref><sp/>*<sp/>(*get_hdrs_list)<sp/>(</highlight><highlight class="keywordtype">void</highlight><highlight class="normal"><sp/>*<sp/>ap_obj);</highlight></codeline>
<codeline lineno="110"><highlight class="normal"><sp/><sp/>bool<sp/>(*check_flags)<sp/>(</highlight><highlight class="keyword">const</highlight><highlight class="normal"><sp/></highlight><highlight class="keywordtype">void</highlight><highlight class="normal"><sp/>*<sp/>ap_obj,<sp/>OMX_U32<sp/>a_nflags,<sp/>va_list<sp/>*<sp/>app);</highlight></codeline>
<codeline lineno="111"><highlight class="normal"><sp/><sp/>void<sp/>(*set_flags)<sp/>(</highlight><highlight class="keyword">const</highlight><highlight class="normal"><sp/></highlight><highlight class="keywordtype">void</highlight><highlight class="normal"><sp/>*<sp/>ap_obj,<sp/>OMX_U32<sp/>a_nflags,<sp/>va_list<sp/>*<sp/>app);</highlight></codeline>
<codeline lineno="112"><highlight class="normal"><sp/><sp/>void<sp/>(*clear_flags)<sp/>(</highlight><highlight class="keyword">const</highlight><highlight class="normal"><sp/></highlight><highlight class="keywordtype">void</highlight><highlight class="normal"><sp/>*<sp/>ap_obj,<sp/>OMX_U32<sp/>a_nflags,<sp/>va_list<sp/>*<sp/>app);</highlight></codeline>
<codeline lineno="113"><highlight class="normal"><sp/><sp/>bool<sp/>(*check_tunneled_port_status)<sp/>(</highlight><highlight class="keyword">const</highlight><highlight class="normal"><sp/></highlight><highlight class="keywordtype">void</highlight><highlight class="normal"><sp/>*<sp/>ap_obj,</highlight></codeline>
<codeline lineno="114"><highlight class="normal"><sp/><sp/><sp/><sp/><sp/><sp/><sp/><sp/><sp/><sp/><sp/><sp/><sp/><sp/><sp/><sp/><sp/><sp/><sp/><sp/><sp/><sp/><sp/><sp/><sp/><sp/><sp/><sp/><sp/><sp/><sp/><sp/><sp/><sp/><sp/><sp/><sp/><sp/></highlight><highlight class="keyword">const</highlight><highlight class="normal"><sp/>OMX_U32<sp/>a_post_status);</highlight></codeline>
<codeline lineno="115"><highlight class="normal"><sp/><sp/>OMX_ERRORTYPE<sp/>(*populate)<sp/>(</highlight><highlight class="keyword">const</highlight><highlight class="normal"><sp/></highlight><highlight class="keywordtype">void</highlight><highlight class="normal"><sp/>*<sp/>ap_obj);</highlight></codeline>
<codeline lineno="116"><highlight class="normal"><sp/><sp/>OMX_ERRORTYPE<sp/>(*depopulate)<sp/>(</highlight><highlight class="keyword">const</highlight><highlight class="normal"><sp/></highlight><highlight class="keywordtype">void</highlight><highlight class="normal"><sp/>*<sp/>ap_obj);</highlight></codeline>
<codeline lineno="117"><highlight class="normal"><sp/><sp/>bool<sp/>(*check_tunnel_compat)<sp/>(</highlight><highlight class="keyword">const</highlight><highlight class="normal"><sp/></highlight><highlight class="keywordtype">void</highlight><highlight class="normal"><sp/>*<sp/>ap_obj,</highlight></codeline>
<codeline lineno="118"><highlight class="normal"><sp/><sp/><sp/><sp/><sp/><sp/><sp/><sp/><sp/><sp/><sp/><sp/><sp/><sp/><sp/><sp/><sp/><sp/><sp/><sp/><sp/><sp/><sp/><sp/><sp/><sp/><sp/><sp/><sp/><sp/><sp/>OMX_PARAM_PORTDEFINITIONTYPE<sp/>*<sp/>ap_this_def,</highlight></codeline>
<codeline lineno="119"><highlight class="normal"><sp/><sp/><sp/><sp/><sp/><sp/><sp/><sp/><sp/><sp/><sp/><sp/><sp/><sp/><sp/><sp/><sp/><sp/><sp/><sp/><sp/><sp/><sp/><sp/><sp/><sp/><sp/><sp/><sp/><sp/><sp/>OMX_PARAM_PORTDEFINITIONTYPE<sp/>*<sp/>ap_other_def);</highlight></codeline>
<codeline lineno="120"><highlight class="normal"><sp/><sp/>OMX_S32<sp/>(*update_claimed_count)<sp/>(</highlight><highlight class="keywordtype">void</highlight><highlight class="normal"><sp/>*<sp/>ap_obj,<sp/>OMX_S32<sp/>a_offset);</highlight></codeline>
<codeline lineno="121"><highlight class="normal"><sp/><sp/>OMX_ERRORTYPE<sp/>(*store_mark)</highlight></codeline>
<codeline lineno="122"><highlight class="normal"><sp/><sp/>(</highlight><highlight class="keywordtype">void</highlight><highlight class="normal"><sp/>*<sp/>ap_obj,<sp/></highlight><highlight class="keyword">const</highlight><highlight class="normal"><sp/>OMX_MARKTYPE<sp/>*<sp/>ap_mark_info,<sp/>OMX_BOOL<sp/>a_owned);</highlight></codeline>
<codeline lineno="123"><highlight class="normal"><sp/><sp/>OMX_ERRORTYPE<sp/>(*mark_buffer)<sp/>(</highlight><highlight class="keywordtype">void</highlight><highlight class="normal"><sp/>*<sp/>ap_obj,<sp/>OMX_BUFFERHEADERTYPE<sp/>*<sp/>ap_hdr);</highlight></codeline>
<codeline lineno="124"><highlight class="normal"><sp/><sp/>void<sp/>(*set_alloc_hooks)<sp/>(</highlight><highlight class="keywordtype">void</highlight><highlight class="normal"><sp/>*<sp/>ap_obj,</highlight></codeline>
<codeline lineno="125"><highlight class="normal"><sp/><sp/><sp/><sp/><sp/><sp/><sp/><sp/><sp/><sp/><sp/><sp/><sp/><sp/><sp/><sp/><sp/><sp/><sp/><sp/><sp/><sp/><sp/><sp/><sp/><sp/><sp/></highlight><highlight class="keyword">const</highlight><highlight class="normal"><sp/><ref refid="structtiz__alloc__hooks" kindref="compound">tiz_alloc_hooks_t</ref><sp/>*<sp/>ap_new_hooks,</highlight></codeline>
<codeline lineno="126"><highlight class="normal"><sp/><sp/><sp/><sp/><sp/><sp/><sp/><sp/><sp/><sp/><sp/><sp/><sp/><sp/><sp/><sp/><sp/><sp/><sp/><sp/><sp/><sp/><sp/><sp/><sp/><sp/><sp/><ref refid="structtiz__alloc__hooks" kindref="compound">tiz_alloc_hooks_t</ref><sp/>*<sp/>ap_old_hooks);</highlight></codeline>
<codeline lineno="127"><highlight class="normal"><sp/><sp/>void<sp/>(*set_eglimage_hook)<sp/>(</highlight><highlight class="keywordtype">void</highlight><highlight class="normal"><sp/>*<sp/>ap_obj,</highlight></codeline>
<codeline lineno="128"><highlight class="normal"><sp/><sp/><sp/><sp/><sp/><sp/><sp/><sp/><sp/><sp/><sp/><sp/><sp/><sp/><sp/><sp/><sp/><sp/><sp/><sp/><sp/><sp/><sp/><sp/><sp/><sp/><sp/><sp/><sp/></highlight><highlight class="keyword">const</highlight><highlight class="normal"><sp/><ref refid="structtiz__eglimage__hook" kindref="compound">tiz_eglimage_hook_t</ref><sp/>*<sp/>ap_hook);</highlight></codeline>
<codeline lineno="129"><highlight class="normal"><sp/><sp/>OMX_ERRORTYPE<sp/>(*populate_header)</highlight></codeline>
<codeline lineno="130"><highlight class="normal"><sp/><sp/>(</highlight><highlight class="keyword">const</highlight><highlight class="normal"><sp/></highlight><highlight class="keywordtype">void</highlight><highlight class="normal"><sp/>*<sp/>ap_obj,<sp/>OMX_BUFFERHEADERTYPE<sp/>*<sp/>ap_hdr);</highlight></codeline>
<codeline lineno="131"><highlight class="normal"><sp/><sp/>void<sp/>(*depopulate_header)<sp/>(</highlight><highlight class="keyword">const</highlight><highlight class="normal"><sp/></highlight><highlight class="keywordtype">void</highlight><highlight class="normal"><sp/>*<sp/>ap_obj,</highlight></codeline>
<codeline lineno="132"><highlight class="normal"><sp/><sp/><sp/><sp/><sp/><sp/><sp/><sp/><sp/><sp/><sp/><sp/><sp/><sp/><sp/><sp/><sp/><sp/><sp/><sp/><sp/><sp/><sp/><sp/><sp/><sp/><sp/><sp/><sp/>OMX_BUFFERHEADERTYPE<sp/>*<sp/>ap_hdr);</highlight></codeline>
<codeline lineno="133"><highlight class="normal"><sp/><sp/>bool<sp/>(*is_master_or_slave)<sp/>(</highlight><highlight class="keyword">const</highlight><highlight class="normal"><sp/></highlight><highlight class="keywordtype">void</highlight><highlight class="normal"><sp/>*<sp/>ap_obj,<sp/>OMX_U32<sp/>*<sp/>ap_mos_pid);</highlight></codeline>
<codeline lineno="134"><highlight class="normal"><sp/><sp/>OMX_ERRORTYPE<sp/>(*apply_slaving_behaviour)</highlight></codeline>
<codeline lineno="135"><highlight class="normal"><sp/><sp/>(</highlight><highlight class="keywordtype">void</highlight><highlight class="normal"><sp/>*<sp/>ap_obj,<sp/></highlight><highlight class="keywordtype">void</highlight><highlight class="normal"><sp/>*<sp/>ap_mos_port,<sp/></highlight><highlight class="keyword">const</highlight><highlight class="normal"><sp/>OMX_INDEXTYPE<sp/>a_index,</highlight></codeline>
<codeline lineno="136"><highlight class="normal"><sp/><sp/><sp/></highlight><highlight class="keyword">const</highlight><highlight class="normal"><sp/>OMX_PTR<sp/>ap_struct,<sp/><ref refid="structtiz__vector" kindref="compound">tiz_vector_t</ref><sp/>*<sp/>ap_changed_idxs);</highlight></codeline>
<codeline lineno="137"><highlight class="normal"><sp/><sp/>void<sp/>(*update_tunneled_status)<sp/>(</highlight><highlight class="keywordtype">void</highlight><highlight class="normal"><sp/>*<sp/>ap_obj,<sp/>OMX_U32<sp/>a_port_status);</highlight></codeline>
<codeline lineno="138"><highlight class="normal"><sp/><sp/>void<sp/>(*reset_tunneled_port_status_flag)<sp/>(</highlight><highlight class="keywordtype">void</highlight><highlight class="normal"><sp/>*<sp/>ap_obj,</highlight></codeline>
<codeline lineno="139"><highlight class="normal"><sp/><sp/><sp/><sp/><sp/><sp/><sp/><sp/><sp/><sp/><sp/><sp/><sp/><sp/><sp/><sp/><sp/><sp/><sp/><sp/><sp/><sp/><sp/><sp/><sp/><sp/><sp/><sp/><sp/><sp/><sp/><sp/><sp/><sp/><sp/><sp/><sp/><sp/><sp/><sp/><sp/><sp/><sp/>OMX_U32<sp/>a_port_status_flag);</highlight></codeline>
<codeline lineno="140"><highlight class="normal"><sp/><sp/>OMX_ERRORTYPE<sp/>(*SetParameter_internal)</highlight></codeline>
<codeline lineno="141"><highlight class="normal"><sp/><sp/>(</highlight><highlight class="keyword">const</highlight><highlight class="normal"><sp/></highlight><highlight class="keywordtype">void</highlight><highlight class="normal"><sp/>*<sp/>ap_obj,<sp/>OMX_HANDLETYPE<sp/>ap_hdl,<sp/>OMX_INDEXTYPE<sp/>a_index,</highlight></codeline>
<codeline lineno="142"><highlight class="normal"><sp/><sp/><sp/>OMX_PTR<sp/>ap_struct);</highlight></codeline>
<codeline lineno="143"><highlight class="normal"><sp/><sp/>OMX_ERRORTYPE<sp/>(*SetConfig_internal)</highlight></codeline>
<codeline lineno="144"><highlight class="normal"><sp/><sp/>(</highlight><highlight class="keyword">const</highlight><highlight class="normal"><sp/></highlight><highlight class="keywordtype">void</highlight><highlight class="normal"><sp/>*<sp/>ap_obj,<sp/>OMX_HANDLETYPE<sp/>ap_hdl,<sp/>OMX_INDEXTYPE<sp/>a_index,</highlight></codeline>
<codeline lineno="145"><highlight class="normal"><sp/><sp/><sp/>OMX_PTR<sp/>ap_struct);</highlight></codeline>
<codeline lineno="146"><highlight class="normal">};</highlight></codeline>
<codeline lineno="147"><highlight class="normal"></highlight></codeline>
<codeline lineno="148"><highlight class="normal"></highlight><highlight class="preprocessor">#ifdef<sp/>__cplusplus</highlight><highlight class="normal"></highlight></codeline>
<codeline lineno="149"><highlight class="normal">}</highlight></codeline>
<codeline lineno="150"><highlight class="normal"></highlight><highlight class="preprocessor">#endif</highlight><highlight class="normal"></highlight></codeline>
<codeline lineno="151"><highlight class="normal"></highlight></codeline>
<codeline lineno="152"><highlight class="normal"></highlight><highlight class="preprocessor">#endif<sp/></highlight><highlight class="comment">/*<sp/>TIZPORT_DECLS_H<sp/>*/</highlight><highlight class="preprocessor"></highlight></codeline>
    </programlisting>
    <location file="/home/joni/work/tizonia-master/libtizonia/src/tizport_decls.h"/>
  </compounddef>
</doxygen>
