<?xml version='1.0' encoding='UTF-8' standalone='no'?>
<doxygen xmlns:xsi="http://www.w3.org/2001/XMLSchema-instance" xsi:noNamespaceSchemaLocation="compound.xsd" version="1.8.11">
  <compounddef id="tizsoundcloud__c_8cpp" kind="file" language="C++">
    <compoundname>tizsoundcloud_c.cpp</compoundname>
    <includes local="no">stdlib.h</includes>
    <includes local="no">assert.h</includes>
    <includes refid="tizsoundcloud_8hpp" local="yes">tizsoundcloud.hpp</includes>
    <includes refid="tizsoundcloud__c_8h" local="yes">tizsoundcloud_c.h</includes>
    <incdepgraph>
      <node id="106">
        <label>stdbool.h</label>
      </node>
      <node id="99">
        <label>/home/joni/work/tizonia-master/clients/soundcloud/libtizsoundcloud/src/tizsoundcloud_c.cpp</label>
        <link refid="tizsoundcloud_c.cpp"/>
        <childnode refid="100" relation="include">
        </childnode>
        <childnode refid="101" relation="include">
        </childnode>
        <childnode refid="102" relation="include">
        </childnode>
        <childnode refid="105" relation="include">
        </childnode>
      </node>
      <node id="101">
        <label>assert.h</label>
      </node>
      <node id="100">
        <label>stdlib.h</label>
      </node>
      <node id="104">
        <label>string</label>
      </node>
      <node id="105">
        <label>tizsoundcloud_c.h</label>
        <link refid="tizsoundcloud__c_8h_source"/>
        <childnode refid="106" relation="include">
        </childnode>
      </node>
      <node id="103">
        <label>boost/python.hpp</label>
      </node>
      <node id="102">
        <label>tizsoundcloud.hpp</label>
        <link refid="tizsoundcloud_8hpp_source"/>
        <childnode refid="103" relation="include">
        </childnode>
        <childnode refid="104" relation="include">
        </childnode>
      </node>
    </incdepgraph>
    <innerclass refid="structtiz__scloud" prot="public">tiz_scloud</innerclass>
      <sectiondef kind="func">
      <memberdef kind="function" id="tizsoundcloud__c_8cpp_1af26f9a0812ba35165f2832a2c703fb6d" prot="public" static="yes" const="no" explicit="no" inline="no" virt="non-virtual">
        <type>void</type>
        <definition>static void soundcloud_free_data</definition>
        <argsstring>(tiz_scloud_t *ap_scloud)</argsstring>
        <name>soundcloud_free_data</name>
        <param>
          <type><ref refid="group__libtizsoundcloud_1ga92d7b1eda302091998d94a5d88089c90" kindref="member">tiz_scloud_t</ref> *</type>
          <declname>ap_scloud</declname>
        </param>
        <briefdescription>
        </briefdescription>
        <detaileddescription>
        </detaileddescription>
        <inbodydescription>
        </inbodydescription>
        <location file="/home/joni/work/tizonia-master/clients/soundcloud/libtizsoundcloud/src/tizsoundcloud_c.cpp" line="43" column="1" bodyfile="/home/joni/work/tizonia-master/clients/soundcloud/libtizsoundcloud/src/tizsoundcloud_c.cpp" bodystart="43" bodyend="50"/>
      </memberdef>
      <memberdef kind="function" id="tizsoundcloud__c_8cpp_1a7c82b517b6c3f0a3ca967dae0b089630" prot="public" static="yes" const="no" explicit="no" inline="no" virt="non-virtual">
        <type>int</type>
        <definition>static int soundcloud_alloc_data</definition>
        <argsstring>(tiz_scloud_t *ap_scloud, const char *ap_oauth_token)</argsstring>
        <name>soundcloud_alloc_data</name>
        <param>
          <type><ref refid="group__libtizsoundcloud_1ga92d7b1eda302091998d94a5d88089c90" kindref="member">tiz_scloud_t</ref> *</type>
          <declname>ap_scloud</declname>
        </param>
        <param>
          <type>const char *</type>
          <declname>ap_oauth_token</declname>
        </param>
        <briefdescription>
        </briefdescription>
        <detaileddescription>
        </detaileddescription>
        <inbodydescription>
        </inbodydescription>
        <location file="/home/joni/work/tizonia-master/clients/soundcloud/libtizsoundcloud/src/tizsoundcloud_c.cpp" line="52" column="1" bodyfile="/home/joni/work/tizonia-master/clients/soundcloud/libtizsoundcloud/src/tizsoundcloud_c.cpp" bodystart="52" bodyend="67"/>
      </memberdef>
      <memberdef kind="function" id="group__libtizsoundcloud_1ga419962019faa6b14eb421c709049cfb3" prot="public" static="no" const="no" explicit="no" inline="no" virt="non-virtual">
        <type>int</type>
        <definition>int tiz_scloud_init</definition>
        <argsstring>(tiz_scloud_ptr_t *app_scloud, const char *ap_oauth_token)</argsstring>
        <name>tiz_scloud_init</name>
        <param>
          <type><ref refid="structtiz__scloud" kindref="compound">tiz_scloud_ptr_t</ref> *</type>
          <declname>app_scloud</declname>
        </param>
        <param>
          <type>const char *</type>
          <declname>ap_oauth_token</declname>
        </param>
        <briefdescription>
        </briefdescription>
        <detaileddescription>
<para>Initialize the soundcloud handle.</para><para><parameterlist kind="param"><parameteritem>
<parameternamelist>
<parametername>app_scloud</parametername>
</parameternamelist>
<parameterdescription>
<para>A pointer to the soundcloud handle which will be initialised. </para></parameterdescription>
</parameteritem>
<parameteritem>
<parameternamelist>
<parametername>ap_oauth_token</parametername>
</parameternamelist>
<parameterdescription>
<para>A SoundCloud email account.</para></parameterdescription>
</parameteritem>
</parameterlist>
<simplesect kind="return"><para>0 on success. </para></simplesect>
</para>        </detaileddescription>
        <inbodydescription>
        </inbodydescription>
        <location file="/home/joni/work/tizonia-master/clients/soundcloud/libtizsoundcloud/src/tizsoundcloud_c.cpp" line="69" column="1" bodyfile="/home/joni/work/tizonia-master/clients/soundcloud/libtizsoundcloud/src/tizsoundcloud_c.cpp" bodystart="69" bodyend="102"/>
      </memberdef>
      <memberdef kind="function" id="group__libtizsoundcloud_1gabc1f4e809a4149553d95afe92126a923" prot="public" static="no" const="no" explicit="no" inline="no" virt="non-virtual">
        <type>void</type>
        <definition>void tiz_scloud_set_playback_mode</definition>
        <argsstring>(tiz_scloud_t *ap_scloud, const tiz_scloud_playback_mode_t mode)</argsstring>
        <name>tiz_scloud_set_playback_mode</name>
        <param>
          <type><ref refid="group__libtizsoundcloud_1ga92d7b1eda302091998d94a5d88089c90" kindref="member">tiz_scloud_t</ref> *</type>
          <declname>ap_scloud</declname>
        </param>
        <param>
          <type>const <ref refid="group__libtizsoundcloud_1gaeb3cde8779706315e03042c568c09da9" kindref="member">tiz_scloud_playback_mode_t</ref></type>
          <declname>mode</declname>
        </param>
        <briefdescription>
        </briefdescription>
        <detaileddescription>
<para>Clear the playback queue.</para><para><parameterlist kind="param"><parameteritem>
<parameternamelist>
<parametername>ap_scloud</parametername>
</parameternamelist>
<parameterdescription>
<para>The soundcloud handle. </para></parameterdescription>
</parameteritem>
</parameterlist>
</para>        </detaileddescription>
        <inbodydescription>
        </inbodydescription>
        <location file="/home/joni/work/tizonia-master/clients/soundcloud/libtizsoundcloud/src/tizsoundcloud_c.cpp" line="104" column="1" bodyfile="/home/joni/work/tizonia-master/clients/soundcloud/libtizsoundcloud/src/tizsoundcloud_c.cpp" bodystart="104" bodyend="111"/>
      </memberdef>
      <memberdef kind="function" id="group__libtizsoundcloud_1gafddc5e255327ebfa893dbdfdafd3323c" prot="public" static="no" const="no" explicit="no" inline="no" virt="non-virtual">
        <type>int</type>
        <definition>int tiz_scloud_play_user_stream</definition>
        <argsstring>(tiz_scloud_t *ap_scloud)</argsstring>
        <name>tiz_scloud_play_user_stream</name>
        <param>
          <type><ref refid="group__libtizsoundcloud_1ga92d7b1eda302091998d94a5d88089c90" kindref="member">tiz_scloud_t</ref> *</type>
          <declname>ap_scloud</declname>
        </param>
        <briefdescription>
        </briefdescription>
        <detaileddescription>
<para>Add the tracks in the user&apos;s stream to the playback queue.</para><para>After calling this method, the various tiz_scloud_get* methods can be used to interact with the playback queue.</para><para><parameterlist kind="param"><parameteritem>
<parameternamelist>
<parametername>ap_scloud</parametername>
</parameternamelist>
<parameterdescription>
<para>The soundcloud handle.</para></parameterdescription>
</parameteritem>
</parameterlist>
<simplesect kind="return"><para>0 on success </para></simplesect>
</para>        </detaileddescription>
        <inbodydescription>
        </inbodydescription>
        <location file="/home/joni/work/tizonia-master/clients/soundcloud/libtizsoundcloud/src/tizsoundcloud_c.cpp" line="113" column="1" bodyfile="/home/joni/work/tizonia-master/clients/soundcloud/libtizsoundcloud/src/tizsoundcloud_c.cpp" bodystart="113" bodyend="118"/>
      </memberdef>
      <memberdef kind="function" id="group__libtizsoundcloud_1ga8819db2dff50f1089bd5e5ff94f05b22" prot="public" static="no" const="no" explicit="no" inline="no" virt="non-virtual">
        <type>int</type>
        <definition>int tiz_scloud_play_user_likes</definition>
        <argsstring>(tiz_scloud_t *ap_scloud)</argsstring>
        <name>tiz_scloud_play_user_likes</name>
        <param>
          <type><ref refid="group__libtizsoundcloud_1ga92d7b1eda302091998d94a5d88089c90" kindref="member">tiz_scloud_t</ref> *</type>
          <declname>ap_scloud</declname>
        </param>
        <briefdescription>
        </briefdescription>
        <detaileddescription>
<para>Add the tracks in the user&apos;s likes to the playback queue.</para><para>After calling this method, the various tiz_scloud_get* methods can be used to interact with the playback queue.</para><para><parameterlist kind="param"><parameteritem>
<parameternamelist>
<parametername>ap_scloud</parametername>
</parameternamelist>
<parameterdescription>
<para>The soundcloud handle.</para></parameterdescription>
</parameteritem>
</parameterlist>
<simplesect kind="return"><para>0 on success </para></simplesect>
</para>        </detaileddescription>
        <inbodydescription>
        </inbodydescription>
        <location file="/home/joni/work/tizonia-master/clients/soundcloud/libtizsoundcloud/src/tizsoundcloud_c.cpp" line="120" column="1" bodyfile="/home/joni/work/tizonia-master/clients/soundcloud/libtizsoundcloud/src/tizsoundcloud_c.cpp" bodystart="120" bodyend="125"/>
      </memberdef>
      <memberdef kind="function" id="group__libtizsoundcloud_1ga413b1142872fe53951f73d75fede4b15" prot="public" static="no" const="no" explicit="no" inline="no" virt="non-virtual">
        <type>int</type>
        <definition>int tiz_scloud_play_user_playlist</definition>
        <argsstring>(tiz_scloud_t *ap_scloud, const char *ap_playlist)</argsstring>
        <name>tiz_scloud_play_user_playlist</name>
        <param>
          <type><ref refid="group__libtizsoundcloud_1ga92d7b1eda302091998d94a5d88089c90" kindref="member">tiz_scloud_t</ref> *</type>
          <declname>ap_scloud</declname>
        </param>
        <param>
          <type>const char *</type>
          <declname>ap_playlist</declname>
        </param>
        <briefdescription>
        </briefdescription>
        <detaileddescription>
<para>Search the user&apos;s collection for a playlist add its tracks to the playback queue.</para><para>After calling this method, the various tiz_scloud_get* methods can be used to interact with the playback queue.</para><para><parameterlist kind="param"><parameteritem>
<parameternamelist>
<parametername>ap_scloud</parametername>
</parameternamelist>
<parameterdescription>
<para>The soundcloud handle. </para></parameterdescription>
</parameteritem>
<parameteritem>
<parameternamelist>
<parametername>ap_playlist</parametername>
</parameternamelist>
<parameterdescription>
<para>The playlist name.</para></parameterdescription>
</parameteritem>
</parameterlist>
<simplesect kind="return"><para>0 on success </para></simplesect>
</para>        </detaileddescription>
        <inbodydescription>
        </inbodydescription>
        <location file="/home/joni/work/tizonia-master/clients/soundcloud/libtizsoundcloud/src/tizsoundcloud_c.cpp" line="127" column="1" bodyfile="/home/joni/work/tizonia-master/clients/soundcloud/libtizsoundcloud/src/tizsoundcloud_c.cpp" bodystart="127" bodyend="133"/>
      </memberdef>
      <memberdef kind="function" id="group__libtizsoundcloud_1ga24350d8a9ffe3e3dd7024c312b1ab1e7" prot="public" static="no" const="no" explicit="no" inline="no" virt="non-virtual">
        <type>int</type>
        <definition>int tiz_scloud_play_creator</definition>
        <argsstring>(tiz_scloud_t *ap_scloud, const char *ap_creator)</argsstring>
        <name>tiz_scloud_play_creator</name>
        <param>
          <type><ref refid="group__libtizsoundcloud_1ga92d7b1eda302091998d94a5d88089c90" kindref="member">tiz_scloud_t</ref> *</type>
          <declname>ap_scloud</declname>
        </param>
        <param>
          <type>const char *</type>
          <declname>ap_creator</declname>
        </param>
        <briefdescription>
        </briefdescription>
        <detaileddescription>
<para>Add the last 50 tracks uploaded by a user/creator to the playback queue.</para><para>After calling this method, the various tiz_scloud_get* methods can be used to interact with the playback queue.</para><para><parameterlist kind="param"><parameteritem>
<parameternamelist>
<parametername>ap_scloud</parametername>
</parameternamelist>
<parameterdescription>
<para>The soundcloud handle. </para></parameterdescription>
</parameteritem>
<parameteritem>
<parameternamelist>
<parametername>ap_creator</parametername>
</parameternamelist>
<parameterdescription>
<para>The creator/artist name.</para></parameterdescription>
</parameteritem>
</parameterlist>
<simplesect kind="return"><para>0 on success </para></simplesect>
</para>        </detaileddescription>
        <inbodydescription>
        </inbodydescription>
        <location file="/home/joni/work/tizonia-master/clients/soundcloud/libtizsoundcloud/src/tizsoundcloud_c.cpp" line="135" column="1" bodyfile="/home/joni/work/tizonia-master/clients/soundcloud/libtizsoundcloud/src/tizsoundcloud_c.cpp" bodystart="135" bodyend="141"/>
      </memberdef>
      <memberdef kind="function" id="group__libtizsoundcloud_1ga2797c223fbadabdd761a317655b73c52" prot="public" static="no" const="no" explicit="no" inline="no" virt="non-virtual">
        <type>int</type>
        <definition>int tiz_scloud_play_tracks</definition>
        <argsstring>(tiz_scloud_t *ap_scloud, const char *ap_tracks)</argsstring>
        <name>tiz_scloud_play_tracks</name>
        <param>
          <type><ref refid="group__libtizsoundcloud_1ga92d7b1eda302091998d94a5d88089c90" kindref="member">tiz_scloud_t</ref> *</type>
          <declname>ap_scloud</declname>
        </param>
        <param>
          <type>const char *</type>
          <declname>ap_tracks</declname>
        </param>
        <briefdescription>
        </briefdescription>
        <detaileddescription>
<para>Search SoundCloud for tracks and add them to the playback queue.</para><para>After calling this method, the various tiz_scloud_get* methods can be used to interact with the playback queue.</para><para><parameterlist kind="param"><parameteritem>
<parameternamelist>
<parametername>ap_scloud</parametername>
</parameternamelist>
<parameterdescription>
<para>The soundcloud handle. </para></parameterdescription>
</parameteritem>
<parameteritem>
<parameternamelist>
<parametername>ap_tracks</parametername>
</parameternamelist>
<parameterdescription>
<para>A search string.</para></parameterdescription>
</parameteritem>
</parameterlist>
<simplesect kind="return"><para>0 on success </para></simplesect>
</para>        </detaileddescription>
        <inbodydescription>
        </inbodydescription>
        <location file="/home/joni/work/tizonia-master/clients/soundcloud/libtizsoundcloud/src/tizsoundcloud_c.cpp" line="143" column="1" bodyfile="/home/joni/work/tizonia-master/clients/soundcloud/libtizsoundcloud/src/tizsoundcloud_c.cpp" bodystart="143" bodyend="149"/>
      </memberdef>
      <memberdef kind="function" id="group__libtizsoundcloud_1ga1e822b76342d44971686b53981978578" prot="public" static="no" const="no" explicit="no" inline="no" virt="non-virtual">
        <type>int</type>
        <definition>int tiz_scloud_play_playlists</definition>
        <argsstring>(tiz_scloud_t *ap_scloud, const char *ap_playlists)</argsstring>
        <name>tiz_scloud_play_playlists</name>
        <param>
          <type><ref refid="group__libtizsoundcloud_1ga92d7b1eda302091998d94a5d88089c90" kindref="member">tiz_scloud_t</ref> *</type>
          <declname>ap_scloud</declname>
        </param>
        <param>
          <type>const char *</type>
          <declname>ap_playlists</declname>
        </param>
        <briefdescription>
        </briefdescription>
        <detaileddescription>
<para>Search SoundCloud for playlists and add them to the playback queue.</para><para>After calling this method, the various tiz_scloud_get* methods can be used to interact with the playback queue.</para><para><parameterlist kind="param"><parameteritem>
<parameternamelist>
<parametername>ap_scloud</parametername>
</parameternamelist>
<parameterdescription>
<para>The soundcloud handle. </para></parameterdescription>
</parameteritem>
<parameteritem>
<parameternamelist>
<parametername>ap_playlists</parametername>
</parameternamelist>
<parameterdescription>
<para>A search string.</para></parameterdescription>
</parameteritem>
</parameterlist>
<simplesect kind="return"><para>0 on success </para></simplesect>
</para>        </detaileddescription>
        <inbodydescription>
        </inbodydescription>
        <location file="/home/joni/work/tizonia-master/clients/soundcloud/libtizsoundcloud/src/tizsoundcloud_c.cpp" line="151" column="1" bodyfile="/home/joni/work/tizonia-master/clients/soundcloud/libtizsoundcloud/src/tizsoundcloud_c.cpp" bodystart="151" bodyend="157"/>
      </memberdef>
      <memberdef kind="function" id="group__libtizsoundcloud_1ga72e0f7ee1fdf4ae109c0c8ed2c150a0e" prot="public" static="no" const="no" explicit="no" inline="no" virt="non-virtual">
        <type>int</type>
        <definition>int tiz_scloud_play_genres</definition>
        <argsstring>(tiz_scloud_t *ap_scloud, const char *ap_genres)</argsstring>
        <name>tiz_scloud_play_genres</name>
        <param>
          <type><ref refid="group__libtizsoundcloud_1ga92d7b1eda302091998d94a5d88089c90" kindref="member">tiz_scloud_t</ref> *</type>
          <declname>ap_scloud</declname>
        </param>
        <param>
          <type>const char *</type>
          <declname>ap_genres</declname>
        </param>
        <briefdescription>
        </briefdescription>
        <detaileddescription>
<para>Search SoundCloud for genres and tracks to the playback queue.</para><para>After calling this method, the various tiz_scloud_get* methods can be used to interact with the playback queue.</para><para><parameterlist kind="param"><parameteritem>
<parameternamelist>
<parametername>ap_scloud</parametername>
</parameternamelist>
<parameterdescription>
<para>The soundcloud handle. </para></parameterdescription>
</parameteritem>
<parameteritem>
<parameternamelist>
<parametername>ap_genres</parametername>
</parameternamelist>
<parameterdescription>
<para>The genres (a comma separated-list).</para></parameterdescription>
</parameteritem>
</parameterlist>
<simplesect kind="return"><para>0 on success </para></simplesect>
</para>        </detaileddescription>
        <inbodydescription>
        </inbodydescription>
        <location file="/home/joni/work/tizonia-master/clients/soundcloud/libtizsoundcloud/src/tizsoundcloud_c.cpp" line="159" column="1" bodyfile="/home/joni/work/tizonia-master/clients/soundcloud/libtizsoundcloud/src/tizsoundcloud_c.cpp" bodystart="159" bodyend="165"/>
      </memberdef>
      <memberdef kind="function" id="group__libtizsoundcloud_1gaf57c5f2ec11b0da7c7fd90ec7a1ee5eb" prot="public" static="no" const="no" explicit="no" inline="no" virt="non-virtual">
        <type>int</type>
        <definition>int tiz_scloud_play_tags</definition>
        <argsstring>(tiz_scloud_t *ap_scloud, const char *ap_tags)</argsstring>
        <name>tiz_scloud_play_tags</name>
        <param>
          <type><ref refid="group__libtizsoundcloud_1ga92d7b1eda302091998d94a5d88089c90" kindref="member">tiz_scloud_t</ref> *</type>
          <declname>ap_scloud</declname>
        </param>
        <param>
          <type>const char *</type>
          <declname>ap_tags</declname>
        </param>
        <briefdescription>
        </briefdescription>
        <detaileddescription>
<para>Search SoundCloud for tags and tracks to the playback queue.</para><para>After calling this method, the various tiz_scloud_get* methods can be used to interact with the playback queue.</para><para><parameterlist kind="param"><parameteritem>
<parameternamelist>
<parametername>ap_scloud</parametername>
</parameternamelist>
<parameterdescription>
<para>The soundcloud handle. </para></parameterdescription>
</parameteritem>
<parameteritem>
<parameternamelist>
<parametername>ap_tags</parametername>
</parameternamelist>
<parameterdescription>
<para>The tags (a comma separated-list).</para></parameterdescription>
</parameteritem>
</parameterlist>
<simplesect kind="return"><para>0 on success </para></simplesect>
</para>        </detaileddescription>
        <inbodydescription>
        </inbodydescription>
        <location file="/home/joni/work/tizonia-master/clients/soundcloud/libtizsoundcloud/src/tizsoundcloud_c.cpp" line="167" column="1" bodyfile="/home/joni/work/tizonia-master/clients/soundcloud/libtizsoundcloud/src/tizsoundcloud_c.cpp" bodystart="167" bodyend="173"/>
      </memberdef>
      <memberdef kind="function" id="group__libtizsoundcloud_1ga587ae64c77e07e930d7e066e9dd220d7" prot="public" static="no" const="no" explicit="no" inline="no" virt="non-virtual">
        <type>void</type>
        <definition>void tiz_scloud_clear_queue</definition>
        <argsstring>(tiz_scloud_t *ap_scloud)</argsstring>
        <name>tiz_scloud_clear_queue</name>
        <param>
          <type><ref refid="group__libtizsoundcloud_1ga92d7b1eda302091998d94a5d88089c90" kindref="member">tiz_scloud_t</ref> *</type>
          <declname>ap_scloud</declname>
        </param>
        <briefdescription>
        </briefdescription>
        <detaileddescription>
<para>Clear the playback queue.</para><para><parameterlist kind="param"><parameteritem>
<parameternamelist>
<parametername>ap_scloud</parametername>
</parameternamelist>
<parameterdescription>
<para>The soundcloud handle. </para></parameterdescription>
</parameteritem>
</parameterlist>
</para>        </detaileddescription>
        <inbodydescription>
        </inbodydescription>
        <location file="/home/joni/work/tizonia-master/clients/soundcloud/libtizsoundcloud/src/tizsoundcloud_c.cpp" line="175" column="1" bodyfile="/home/joni/work/tizonia-master/clients/soundcloud/libtizsoundcloud/src/tizsoundcloud_c.cpp" bodystart="175" bodyend="180"/>
      </memberdef>
      <memberdef kind="function" id="group__libtizsoundcloud_1gac577e9091406d6c4aa921603f68a94a3" prot="public" static="no" const="no" explicit="no" inline="no" virt="non-virtual">
        <type>const char *</type>
        <definition>const char* tiz_scloud_get_next_url</definition>
        <argsstring>(tiz_scloud_t *ap_scloud)</argsstring>
        <name>tiz_scloud_get_next_url</name>
        <param>
          <type><ref refid="group__libtizsoundcloud_1ga92d7b1eda302091998d94a5d88089c90" kindref="member">tiz_scloud_t</ref> *</type>
          <declname>ap_scloud</declname>
        </param>
        <briefdescription>
        </briefdescription>
        <detaileddescription>
<para>Retrieve the next track url</para><para>The the playback queue pointer moves one position forwards.</para><para><parameterlist kind="param"><parameteritem>
<parameternamelist>
<parametername>ap_scloud</parametername>
</parameternamelist>
<parameterdescription>
<para>The soundcloud handle. </para></parameterdescription>
</parameteritem>
</parameterlist>
</para>        </detaileddescription>
        <inbodydescription>
        </inbodydescription>
        <location file="/home/joni/work/tizonia-master/clients/soundcloud/libtizsoundcloud/src/tizsoundcloud_c.cpp" line="182" column="1" bodyfile="/home/joni/work/tizonia-master/clients/soundcloud/libtizsoundcloud/src/tizsoundcloud_c.cpp" bodystart="182" bodyend="187"/>
      </memberdef>
      <memberdef kind="function" id="group__libtizsoundcloud_1gaa1798371de98185cbe5d5ac5e14ca01c" prot="public" static="no" const="no" explicit="no" inline="no" virt="non-virtual">
        <type>const char *</type>
        <definition>const char* tiz_scloud_get_prev_url</definition>
        <argsstring>(tiz_scloud_t *ap_scloud)</argsstring>
        <name>tiz_scloud_get_prev_url</name>
        <param>
          <type><ref refid="group__libtizsoundcloud_1ga92d7b1eda302091998d94a5d88089c90" kindref="member">tiz_scloud_t</ref> *</type>
          <declname>ap_scloud</declname>
        </param>
        <briefdescription>
        </briefdescription>
        <detaileddescription>
<para>Retrieve the previous track url.</para><para>The the playback queue pointer moves one position backwards.</para><para><parameterlist kind="param"><parameteritem>
<parameternamelist>
<parametername>ap_scloud</parametername>
</parameternamelist>
<parameterdescription>
<para>The soundcloud handle. </para></parameterdescription>
</parameteritem>
</parameterlist>
</para>        </detaileddescription>
        <inbodydescription>
        </inbodydescription>
        <location file="/home/joni/work/tizonia-master/clients/soundcloud/libtizsoundcloud/src/tizsoundcloud_c.cpp" line="189" column="1" bodyfile="/home/joni/work/tizonia-master/clients/soundcloud/libtizsoundcloud/src/tizsoundcloud_c.cpp" bodystart="189" bodyend="194"/>
      </memberdef>
      <memberdef kind="function" id="group__libtizsoundcloud_1ga013df88f34c3c16b5597e7bb69aeaf22" prot="public" static="no" const="no" explicit="no" inline="no" virt="non-virtual">
        <type>const char *</type>
        <definition>const char* tiz_scloud_get_current_track_user</definition>
        <argsstring>(tiz_scloud_t *ap_scloud)</argsstring>
        <name>tiz_scloud_get_current_track_user</name>
        <param>
          <type><ref refid="group__libtizsoundcloud_1ga92d7b1eda302091998d94a5d88089c90" kindref="member">tiz_scloud_t</ref> *</type>
          <declname>ap_scloud</declname>
        </param>
        <briefdescription>
        </briefdescription>
        <detaileddescription>
<para>Retrieve the current track&apos;s uploader/creator/artist.</para><para><parameterlist kind="param"><parameteritem>
<parameternamelist>
<parametername>ap_scloud</parametername>
</parameternamelist>
<parameterdescription>
<para>The soundcloud handle. </para></parameterdescription>
</parameteritem>
</parameterlist>
</para>        </detaileddescription>
        <inbodydescription>
        </inbodydescription>
        <location file="/home/joni/work/tizonia-master/clients/soundcloud/libtizsoundcloud/src/tizsoundcloud_c.cpp" line="196" column="1" bodyfile="/home/joni/work/tizonia-master/clients/soundcloud/libtizsoundcloud/src/tizsoundcloud_c.cpp" bodystart="196" bodyend="202"/>
      </memberdef>
      <memberdef kind="function" id="group__libtizsoundcloud_1ga8adbd7d9d883571dd1b3d92569c00ab5" prot="public" static="no" const="no" explicit="no" inline="no" virt="non-virtual">
        <type>const char *</type>
        <definition>const char* tiz_scloud_get_current_track_title</definition>
        <argsstring>(tiz_scloud_t *ap_scloud)</argsstring>
        <name>tiz_scloud_get_current_track_title</name>
        <param>
          <type><ref refid="group__libtizsoundcloud_1ga92d7b1eda302091998d94a5d88089c90" kindref="member">tiz_scloud_t</ref> *</type>
          <declname>ap_scloud</declname>
        </param>
        <briefdescription>
        </briefdescription>
        <detaileddescription>
<para>Retrieve the current track&apos;s title.</para><para><parameterlist kind="param"><parameteritem>
<parameternamelist>
<parametername>ap_scloud</parametername>
</parameternamelist>
<parameterdescription>
<para>The soundcloud handle. </para></parameterdescription>
</parameteritem>
</parameterlist>
</para>        </detaileddescription>
        <inbodydescription>
        </inbodydescription>
        <location file="/home/joni/work/tizonia-master/clients/soundcloud/libtizsoundcloud/src/tizsoundcloud_c.cpp" line="204" column="1" bodyfile="/home/joni/work/tizonia-master/clients/soundcloud/libtizsoundcloud/src/tizsoundcloud_c.cpp" bodystart="204" bodyend="210"/>
      </memberdef>
      <memberdef kind="function" id="group__libtizsoundcloud_1ga8322e72ea42024521fc0951e54ff01b5" prot="public" static="no" const="no" explicit="no" inline="no" virt="non-virtual">
        <type>const char *</type>
        <definition>const char* tiz_scloud_get_current_track_duration</definition>
        <argsstring>(tiz_scloud_t *ap_scloud)</argsstring>
        <name>tiz_scloud_get_current_track_duration</name>
        <param>
          <type><ref refid="group__libtizsoundcloud_1ga92d7b1eda302091998d94a5d88089c90" kindref="member">tiz_scloud_t</ref> *</type>
          <declname>ap_scloud</declname>
        </param>
        <briefdescription>
        </briefdescription>
        <detaileddescription>
<para>Retrieve the current track&apos;s duration.</para><para><parameterlist kind="param"><parameteritem>
<parameternamelist>
<parametername>ap_scloud</parametername>
</parameternamelist>
<parameterdescription>
<para>The soundcloud handle. </para></parameterdescription>
</parameteritem>
</parameterlist>
</para>        </detaileddescription>
        <inbodydescription>
        </inbodydescription>
        <location file="/home/joni/work/tizonia-master/clients/soundcloud/libtizsoundcloud/src/tizsoundcloud_c.cpp" line="212" column="1" bodyfile="/home/joni/work/tizonia-master/clients/soundcloud/libtizsoundcloud/src/tizsoundcloud_c.cpp" bodystart="212" bodyend="218"/>
      </memberdef>
      <memberdef kind="function" id="group__libtizsoundcloud_1gade8031b29749674452c1e37641fc33a5" prot="public" static="no" const="no" explicit="no" inline="no" virt="non-virtual">
        <type>const char *</type>
        <definition>const char* tiz_scloud_get_current_track_year</definition>
        <argsstring>(tiz_scloud_t *ap_scloud)</argsstring>
        <name>tiz_scloud_get_current_track_year</name>
        <param>
          <type><ref refid="group__libtizsoundcloud_1ga92d7b1eda302091998d94a5d88089c90" kindref="member">tiz_scloud_t</ref> *</type>
          <declname>ap_scloud</declname>
        </param>
        <briefdescription>
        </briefdescription>
        <detaileddescription>
<para>Retrieve the current track&apos;s publication year.</para><para><parameterlist kind="param"><parameteritem>
<parameternamelist>
<parametername>ap_scloud</parametername>
</parameternamelist>
<parameterdescription>
<para>The soundcloud handle. </para></parameterdescription>
</parameteritem>
</parameterlist>
</para>        </detaileddescription>
        <inbodydescription>
        </inbodydescription>
        <location file="/home/joni/work/tizonia-master/clients/soundcloud/libtizsoundcloud/src/tizsoundcloud_c.cpp" line="220" column="1" bodyfile="/home/joni/work/tizonia-master/clients/soundcloud/libtizsoundcloud/src/tizsoundcloud_c.cpp" bodystart="220" bodyend="226"/>
      </memberdef>
      <memberdef kind="function" id="group__libtizsoundcloud_1ga4606e473b6b9aeaed163b4e298d4f346" prot="public" static="no" const="no" explicit="no" inline="no" virt="non-virtual">
        <type>const char *</type>
        <definition>const char* tiz_scloud_get_current_track_permalink</definition>
        <argsstring>(tiz_scloud_t *ap_scloud)</argsstring>
        <name>tiz_scloud_get_current_track_permalink</name>
        <param>
          <type><ref refid="group__libtizsoundcloud_1ga92d7b1eda302091998d94a5d88089c90" kindref="member">tiz_scloud_t</ref> *</type>
          <declname>ap_scloud</declname>
        </param>
        <briefdescription>
        </briefdescription>
        <detaileddescription>
<para>Retrieve the current track&apos;s permalink.</para><para><parameterlist kind="param"><parameteritem>
<parameternamelist>
<parametername>ap_scloud</parametername>
</parameternamelist>
<parameterdescription>
<para>The soundcloud handle. </para></parameterdescription>
</parameteritem>
</parameterlist>
</para>        </detaileddescription>
        <inbodydescription>
        </inbodydescription>
        <location file="/home/joni/work/tizonia-master/clients/soundcloud/libtizsoundcloud/src/tizsoundcloud_c.cpp" line="228" column="1" bodyfile="/home/joni/work/tizonia-master/clients/soundcloud/libtizsoundcloud/src/tizsoundcloud_c.cpp" bodystart="228" bodyend="234"/>
      </memberdef>
      <memberdef kind="function" id="group__libtizsoundcloud_1ga6eb80efa1da2c4270184794d4e968aa6" prot="public" static="no" const="no" explicit="no" inline="no" virt="non-virtual">
        <type>const char *</type>
        <definition>const char* tiz_scloud_get_current_track_license</definition>
        <argsstring>(tiz_scloud_t *ap_scloud)</argsstring>
        <name>tiz_scloud_get_current_track_license</name>
        <param>
          <type><ref refid="group__libtizsoundcloud_1ga92d7b1eda302091998d94a5d88089c90" kindref="member">tiz_scloud_t</ref> *</type>
          <declname>ap_scloud</declname>
        </param>
        <briefdescription>
        </briefdescription>
        <detaileddescription>
<para>Retrieve the current track&apos;s license.</para><para><parameterlist kind="param"><parameteritem>
<parameternamelist>
<parametername>ap_scloud</parametername>
</parameternamelist>
<parameterdescription>
<para>The soundcloud handle. </para></parameterdescription>
</parameteritem>
</parameterlist>
</para>        </detaileddescription>
        <inbodydescription>
        </inbodydescription>
        <location file="/home/joni/work/tizonia-master/clients/soundcloud/libtizsoundcloud/src/tizsoundcloud_c.cpp" line="236" column="1" bodyfile="/home/joni/work/tizonia-master/clients/soundcloud/libtizsoundcloud/src/tizsoundcloud_c.cpp" bodystart="236" bodyend="242"/>
      </memberdef>
      <memberdef kind="function" id="group__libtizsoundcloud_1ga639ba320bbc8cc9548cd8fe707864364" prot="public" static="no" const="no" explicit="no" inline="no" virt="non-virtual">
        <type>const char *</type>
        <definition>const char* tiz_scloud_get_current_track_likes</definition>
        <argsstring>(tiz_scloud_t *ap_scloud)</argsstring>
        <name>tiz_scloud_get_current_track_likes</name>
        <param>
          <type><ref refid="group__libtizsoundcloud_1ga92d7b1eda302091998d94a5d88089c90" kindref="member">tiz_scloud_t</ref> *</type>
          <declname>ap_scloud</declname>
        </param>
        <briefdescription>
        </briefdescription>
        <detaileddescription>
<para>Retrieve the current track&apos;s likes count.</para><para><parameterlist kind="param"><parameteritem>
<parameternamelist>
<parametername>ap_scloud</parametername>
</parameternamelist>
<parameterdescription>
<para>The soundcloud handle. </para></parameterdescription>
</parameteritem>
</parameterlist>
</para>        </detaileddescription>
        <inbodydescription>
        </inbodydescription>
        <location file="/home/joni/work/tizonia-master/clients/soundcloud/libtizsoundcloud/src/tizsoundcloud_c.cpp" line="244" column="1" bodyfile="/home/joni/work/tizonia-master/clients/soundcloud/libtizsoundcloud/src/tizsoundcloud_c.cpp" bodystart="244" bodyend="250"/>
      </memberdef>
      <memberdef kind="function" id="group__libtizsoundcloud_1gab4750c04b2f4ef6d655ce70a485d7067" prot="public" static="no" const="no" explicit="no" inline="no" virt="non-virtual">
        <type>const char *</type>
        <definition>const char* tiz_scloud_get_current_track_user_avatar</definition>
        <argsstring>(tiz_scloud_t *ap_scloud)</argsstring>
        <name>tiz_scloud_get_current_track_user_avatar</name>
        <param>
          <type><ref refid="group__libtizsoundcloud_1ga92d7b1eda302091998d94a5d88089c90" kindref="member">tiz_scloud_t</ref> *</type>
          <declname>ap_scloud</declname>
        </param>
        <briefdescription>
        </briefdescription>
        <detaileddescription>
<para>Retrieve the avatar of the user associated to the current track.</para><para><parameterlist kind="param"><parameteritem>
<parameternamelist>
<parametername>ap_scloud</parametername>
</parameternamelist>
<parameterdescription>
<para>The soundcloud handle. </para></parameterdescription>
</parameteritem>
</parameterlist>
</para>        </detaileddescription>
        <inbodydescription>
        </inbodydescription>
        <location file="/home/joni/work/tizonia-master/clients/soundcloud/libtizsoundcloud/src/tizsoundcloud_c.cpp" line="252" column="1" bodyfile="/home/joni/work/tizonia-master/clients/soundcloud/libtizsoundcloud/src/tizsoundcloud_c.cpp" bodystart="252" bodyend="258"/>
      </memberdef>
      <memberdef kind="function" id="group__libtizsoundcloud_1ga74584dd6bb28da4b37369d40e31a2a52" prot="public" static="no" const="no" explicit="no" inline="no" virt="non-virtual">
        <type>void</type>
        <definition>void tiz_scloud_destroy</definition>
        <argsstring>(tiz_scloud_t *ap_scloud)</argsstring>
        <name>tiz_scloud_destroy</name>
        <param>
          <type><ref refid="group__libtizsoundcloud_1ga92d7b1eda302091998d94a5d88089c90" kindref="member">tiz_scloud_t</ref> *</type>
          <declname>ap_scloud</declname>
        </param>
        <briefdescription>
        </briefdescription>
        <detaileddescription>
<para>Destroy the soundcloud handle.</para><para><parameterlist kind="param"><parameteritem>
<parameternamelist>
<parametername>ap_scloud</parametername>
</parameternamelist>
<parameterdescription>
<para>The soundcloud handle. </para></parameterdescription>
</parameteritem>
</parameterlist>
</para>        </detaileddescription>
        <inbodydescription>
        </inbodydescription>
        <location file="/home/joni/work/tizonia-master/clients/soundcloud/libtizsoundcloud/src/tizsoundcloud_c.cpp" line="260" column="1" bodyfile="/home/joni/work/tizonia-master/clients/soundcloud/libtizsoundcloud/src/tizsoundcloud_c.cpp" bodystart="260" bodyend="273"/>
      </memberdef>
      </sectiondef>
    <briefdescription>
<para>Tizonia - Simple SoundCloud client library (c wrapper) </para>    </briefdescription>
    <detaileddescription>
<para>Copyright (C) 2011-2018 Aratelia Limited - Juan A. Rubio</para><para>This file is part of Tizonia</para><para>Tizonia is free software: you can redistribute it and/or modify it under the terms of the GNU Lesser General Public License as published by the Free Software Foundation, either version 3 of the License, or (at your option) any later version.</para><para>Tizonia is distributed in the hope that it will be useful, but WITHOUT ANY WARRANTY; without even the implied warranty of MERCHANTABILITY or FITNESS FOR A PARTICULAR PURPOSE. See the GNU Lesser General Public License for more details.</para><para>You should have received a copy of the GNU Lesser General Public License along with Tizonia. If not, see <ulink url="http://www.gnu.org/licenses/">http://www.gnu.org/licenses/</ulink>.</para><para><simplesect kind="author"><para>Juan A. Rubio <ulink url="mailto:juan.rubio@aratelia.com">juan.rubio@aratelia.com</ulink> </para></simplesect>
</para>    </detaileddescription>
    <programlisting>
<codeline lineno="1"></codeline>
<codeline lineno="28"><highlight class="preprocessor">#ifdef<sp/>HAVE_CONFIG_H</highlight><highlight class="normal"></highlight></codeline>
<codeline lineno="29"><highlight class="normal"></highlight><highlight class="preprocessor">#include<sp/>&lt;config.h&gt;</highlight><highlight class="normal"></highlight></codeline>
<codeline lineno="30"><highlight class="normal"></highlight><highlight class="preprocessor">#endif</highlight><highlight class="normal"></highlight></codeline>
<codeline lineno="31"><highlight class="normal"></highlight></codeline>
<codeline lineno="32"><highlight class="normal"></highlight><highlight class="preprocessor">#include<sp/>&lt;stdlib.h&gt;</highlight><highlight class="normal"></highlight></codeline>
<codeline lineno="33"><highlight class="normal"></highlight><highlight class="preprocessor">#include<sp/>&lt;assert.h&gt;</highlight><highlight class="normal"></highlight></codeline>
<codeline lineno="34"><highlight class="normal"></highlight></codeline>
<codeline lineno="35"><highlight class="normal"></highlight><highlight class="preprocessor">#include<sp/>&quot;tizsoundcloud.hpp&quot;</highlight><highlight class="normal"></highlight></codeline>
<codeline lineno="36"><highlight class="normal"></highlight><highlight class="preprocessor">#include<sp/>&quot;tizsoundcloud_c.h&quot;</highlight><highlight class="normal"></highlight></codeline>
<codeline lineno="37"><highlight class="normal"></highlight></codeline>
<codeline lineno="38" refid="structtiz__scloud" refkind="compound"><highlight class="normal"></highlight><highlight class="keyword">struct<sp/></highlight><highlight class="normal"><ref refid="structtiz__scloud" kindref="compound">tiz_scloud</ref></highlight></codeline>
<codeline lineno="39"><highlight class="normal">{</highlight></codeline>
<codeline lineno="40"><highlight class="normal"><sp/><sp/><ref refid="classtizsoundcloud" kindref="compound">tizsoundcloud</ref><sp/>*p_proxy_;</highlight></codeline>
<codeline lineno="41"><highlight class="normal">};</highlight></codeline>
<codeline lineno="42"><highlight class="normal"></highlight></codeline>
<codeline lineno="43"><highlight class="normal"></highlight><highlight class="keyword">static</highlight><highlight class="normal"><sp/></highlight><highlight class="keywordtype">void</highlight><highlight class="normal"><sp/>soundcloud_free_data<sp/>(<ref refid="structtiz__scloud" kindref="compound">tiz_scloud_t</ref><sp/>*ap_scloud)</highlight></codeline>
<codeline lineno="44"><highlight class="normal">{</highlight></codeline>
<codeline lineno="45"><highlight class="normal"><sp/><sp/></highlight><highlight class="keywordflow">if</highlight><highlight class="normal"><sp/>(ap_scloud)</highlight></codeline>
<codeline lineno="46"><highlight class="normal"><sp/><sp/><sp/><sp/>{</highlight></codeline>
<codeline lineno="47"><highlight class="normal"><sp/><sp/><sp/><sp/><sp/><sp/></highlight><highlight class="keyword">delete</highlight><highlight class="normal"><sp/>ap_scloud-&gt;p_proxy_;</highlight></codeline>
<codeline lineno="48"><highlight class="normal"><sp/><sp/><sp/><sp/><sp/><sp/>ap_scloud-&gt;p_proxy_<sp/>=<sp/>NULL;</highlight></codeline>
<codeline lineno="49"><highlight class="normal"><sp/><sp/><sp/><sp/>}</highlight></codeline>
<codeline lineno="50"><highlight class="normal">}</highlight></codeline>
<codeline lineno="51"><highlight class="normal"></highlight></codeline>
<codeline lineno="52"><highlight class="normal"></highlight><highlight class="keyword">static</highlight><highlight class="normal"><sp/></highlight><highlight class="keywordtype">int</highlight><highlight class="normal"><sp/>soundcloud_alloc_data<sp/>(<ref refid="structtiz__scloud" kindref="compound">tiz_scloud_t</ref><sp/>*ap_scloud,</highlight></codeline>
<codeline lineno="53"><highlight class="normal"><sp/><sp/><sp/><sp/><sp/><sp/><sp/><sp/><sp/><sp/><sp/><sp/><sp/><sp/><sp/><sp/><sp/><sp/><sp/><sp/><sp/><sp/><sp/><sp/><sp/><sp/><sp/><sp/><sp/><sp/><sp/><sp/><sp/><sp/></highlight><highlight class="keyword">const</highlight><highlight class="normal"><sp/></highlight><highlight class="keywordtype">char</highlight><highlight class="normal"><sp/>*ap_oauth_token)</highlight></codeline>
<codeline lineno="54"><highlight class="normal">{</highlight></codeline>
<codeline lineno="55"><highlight class="normal"><sp/><sp/></highlight><highlight class="keywordtype">int</highlight><highlight class="normal"><sp/>rc<sp/>=<sp/>0;</highlight></codeline>
<codeline lineno="56"><highlight class="normal"><sp/><sp/>assert<sp/>(ap_scloud);</highlight></codeline>
<codeline lineno="57"><highlight class="normal"><sp/><sp/></highlight><highlight class="keywordflow">try</highlight><highlight class="normal"></highlight></codeline>
<codeline lineno="58"><highlight class="normal"><sp/><sp/><sp/><sp/>{</highlight></codeline>
<codeline lineno="59"><highlight class="normal"><sp/><sp/><sp/><sp/><sp/><sp/>ap_scloud-&gt;p_proxy_<sp/>=<sp/></highlight><highlight class="keyword">new</highlight><highlight class="normal"><sp/><ref refid="classtizsoundcloud" kindref="compound">tizsoundcloud</ref><sp/>(ap_oauth_token);</highlight></codeline>
<codeline lineno="60"><highlight class="normal"><sp/><sp/><sp/><sp/>}</highlight></codeline>
<codeline lineno="61"><highlight class="normal"><sp/><sp/></highlight><highlight class="keywordflow">catch</highlight><highlight class="normal"><sp/>(...)</highlight></codeline>
<codeline lineno="62"><highlight class="normal"><sp/><sp/><sp/><sp/>{</highlight></codeline>
<codeline lineno="63"><highlight class="normal"><sp/><sp/><sp/><sp/><sp/><sp/>soundcloud_free_data<sp/>(ap_scloud);</highlight></codeline>
<codeline lineno="64"><highlight class="normal"><sp/><sp/><sp/><sp/><sp/><sp/>rc<sp/>=<sp/>1;</highlight></codeline>
<codeline lineno="65"><highlight class="normal"><sp/><sp/><sp/><sp/>}</highlight></codeline>
<codeline lineno="66"><highlight class="normal"><sp/><sp/></highlight><highlight class="keywordflow">return</highlight><highlight class="normal"><sp/>rc;</highlight></codeline>
<codeline lineno="67"><highlight class="normal">}</highlight></codeline>
<codeline lineno="68"><highlight class="normal"></highlight></codeline>
<codeline lineno="69"><highlight class="normal"></highlight><highlight class="keyword">extern</highlight><highlight class="normal"><sp/></highlight><highlight class="stringliteral">&quot;C&quot;</highlight><highlight class="normal"><sp/></highlight><highlight class="keywordtype">int</highlight><highlight class="normal"><sp/><ref refid="group__libtizsoundcloud_1ga419962019faa6b14eb421c709049cfb3" kindref="member">tiz_scloud_init</ref><sp/>(<ref refid="structtiz__scloud" kindref="compound">tiz_scloud_ptr_t</ref><sp/>*app_scloud,</highlight></codeline>
<codeline lineno="70"><highlight class="normal"><sp/><sp/><sp/><sp/><sp/><sp/><sp/><sp/><sp/><sp/><sp/><sp/><sp/><sp/><sp/><sp/><sp/><sp/><sp/><sp/><sp/><sp/><sp/><sp/><sp/><sp/><sp/><sp/><sp/><sp/><sp/><sp/></highlight><highlight class="keyword">const</highlight><highlight class="normal"><sp/></highlight><highlight class="keywordtype">char</highlight><highlight class="normal"><sp/>*ap_oauth_token)</highlight></codeline>
<codeline lineno="71"><highlight class="normal">{</highlight></codeline>
<codeline lineno="72"><highlight class="normal"><sp/><sp/><ref refid="structtiz__scloud" kindref="compound">tiz_scloud_t</ref><sp/>*p_scloud<sp/>=<sp/>NULL;</highlight></codeline>
<codeline lineno="73"><highlight class="normal"><sp/><sp/></highlight><highlight class="keywordtype">int</highlight><highlight class="normal"><sp/>rc<sp/>=<sp/>1;</highlight></codeline>
<codeline lineno="74"><highlight class="normal"></highlight></codeline>
<codeline lineno="75"><highlight class="normal"><sp/><sp/>assert<sp/>(app_scloud);</highlight></codeline>
<codeline lineno="76"><highlight class="normal"><sp/><sp/>assert<sp/>(ap_oauth_token);</highlight></codeline>
<codeline lineno="77"><highlight class="normal"></highlight></codeline>
<codeline lineno="78"><highlight class="normal"><sp/><sp/></highlight><highlight class="keywordflow">if</highlight><highlight class="normal"><sp/>((p_scloud<sp/>=<sp/>(<ref refid="structtiz__scloud" kindref="compound">tiz_scloud_t</ref><sp/>*)calloc<sp/>(1,<sp/></highlight><highlight class="keyword">sizeof</highlight><highlight class="normal">(<ref refid="structtiz__scloud" kindref="compound">tiz_scloud_t</ref>))))</highlight></codeline>
<codeline lineno="79"><highlight class="normal"><sp/><sp/><sp/><sp/>{</highlight></codeline>
<codeline lineno="80"><highlight class="normal"><sp/><sp/><sp/><sp/><sp/><sp/></highlight><highlight class="keywordflow">if</highlight><highlight class="normal"><sp/>(!soundcloud_alloc_data<sp/>(p_scloud,<sp/>ap_oauth_token))</highlight></codeline>
<codeline lineno="81"><highlight class="normal"><sp/><sp/><sp/><sp/><sp/><sp/><sp/><sp/>{</highlight></codeline>
<codeline lineno="82"><highlight class="normal"><sp/><sp/><sp/><sp/><sp/><sp/><sp/><sp/><sp/><sp/><ref refid="classtizsoundcloud" kindref="compound">tizsoundcloud</ref><sp/>*p_gm<sp/>=<sp/>p_scloud-&gt;p_proxy_;</highlight></codeline>
<codeline lineno="83"><highlight class="normal"><sp/><sp/><sp/><sp/><sp/><sp/><sp/><sp/><sp/><sp/>assert<sp/>(p_gm);</highlight></codeline>
<codeline lineno="84"><highlight class="normal"><sp/><sp/><sp/><sp/><sp/><sp/><sp/><sp/><sp/><sp/></highlight><highlight class="keywordflow">if</highlight><highlight class="normal"><sp/>(!p_gm-&gt;init<sp/>()<sp/>&amp;&amp;<sp/>!p_gm-&gt;start<sp/>())</highlight></codeline>
<codeline lineno="85"><highlight class="normal"><sp/><sp/><sp/><sp/><sp/><sp/><sp/><sp/><sp/><sp/><sp/><sp/>{</highlight></codeline>
<codeline lineno="86"><highlight class="normal"><sp/><sp/><sp/><sp/><sp/><sp/><sp/><sp/><sp/><sp/><sp/><sp/><sp/><sp/></highlight><highlight class="comment">//<sp/>all<sp/>good</highlight><highlight class="normal"></highlight></codeline>
<codeline lineno="87"><highlight class="normal"><sp/><sp/><sp/><sp/><sp/><sp/><sp/><sp/><sp/><sp/><sp/><sp/><sp/><sp/>rc<sp/>=<sp/>0;</highlight></codeline>
<codeline lineno="88"><highlight class="normal"><sp/><sp/><sp/><sp/><sp/><sp/><sp/><sp/><sp/><sp/><sp/><sp/>}</highlight></codeline>
<codeline lineno="89"><highlight class="normal"><sp/><sp/><sp/><sp/><sp/><sp/><sp/><sp/>}</highlight></codeline>
<codeline lineno="90"><highlight class="normal"></highlight></codeline>
<codeline lineno="91"><highlight class="normal"><sp/><sp/><sp/><sp/><sp/><sp/></highlight><highlight class="keywordflow">if</highlight><highlight class="normal"><sp/>(0<sp/>!=<sp/>rc)</highlight></codeline>
<codeline lineno="92"><highlight class="normal"><sp/><sp/><sp/><sp/><sp/><sp/><sp/><sp/>{</highlight></codeline>
<codeline lineno="93"><highlight class="normal"><sp/><sp/><sp/><sp/><sp/><sp/><sp/><sp/><sp/><sp/>soundcloud_free_data<sp/>(p_scloud);</highlight></codeline>
<codeline lineno="94"><highlight class="normal"><sp/><sp/><sp/><sp/><sp/><sp/><sp/><sp/><sp/><sp/>free<sp/>(p_scloud);</highlight></codeline>
<codeline lineno="95"><highlight class="normal"><sp/><sp/><sp/><sp/><sp/><sp/><sp/><sp/><sp/><sp/>p_scloud<sp/>=<sp/>NULL;</highlight></codeline>
<codeline lineno="96"><highlight class="normal"><sp/><sp/><sp/><sp/><sp/><sp/><sp/><sp/>}</highlight></codeline>
<codeline lineno="97"><highlight class="normal"><sp/><sp/><sp/><sp/>}</highlight></codeline>
<codeline lineno="98"><highlight class="normal"></highlight></codeline>
<codeline lineno="99"><highlight class="normal"><sp/><sp/>*app_scloud<sp/>=<sp/>p_scloud;</highlight></codeline>
<codeline lineno="100"><highlight class="normal"></highlight></codeline>
<codeline lineno="101"><highlight class="normal"><sp/><sp/></highlight><highlight class="keywordflow">return</highlight><highlight class="normal"><sp/>rc;</highlight></codeline>
<codeline lineno="102"><highlight class="normal">}</highlight></codeline>
<codeline lineno="103"><highlight class="normal"></highlight></codeline>
<codeline lineno="104"><highlight class="normal"></highlight><highlight class="keyword">extern</highlight><highlight class="normal"><sp/></highlight><highlight class="stringliteral">&quot;C&quot;</highlight><highlight class="normal"><sp/></highlight><highlight class="keywordtype">void</highlight><highlight class="normal"><sp/><ref refid="group__libtizsoundcloud_1gabc1f4e809a4149553d95afe92126a923" kindref="member">tiz_scloud_set_playback_mode</ref><sp/>(</highlight></codeline>
<codeline lineno="105"><highlight class="normal"><sp/><sp/><sp/><sp/><ref refid="structtiz__scloud" kindref="compound">tiz_scloud_t</ref><sp/>*ap_scloud,<sp/></highlight><highlight class="keyword">const</highlight><highlight class="normal"><sp/><ref refid="group__libtizsoundcloud_1gaeb3cde8779706315e03042c568c09da9" kindref="member">tiz_scloud_playback_mode_t</ref><sp/>mode)</highlight></codeline>
<codeline lineno="106"><highlight class="normal">{</highlight></codeline>
<codeline lineno="107"><highlight class="normal"><sp/><sp/>assert<sp/>(ap_scloud);</highlight></codeline>
<codeline lineno="108"><highlight class="normal"><sp/><sp/>assert<sp/>(ap_scloud-&gt;p_proxy_);</highlight></codeline>
<codeline lineno="109"><highlight class="normal"><sp/><sp/></highlight><highlight class="keywordflow">return</highlight><highlight class="normal"><sp/>ap_scloud-&gt;p_proxy_-&gt;set_playback_mode<sp/>(</highlight></codeline>
<codeline lineno="110"><highlight class="normal"><sp/><sp/><sp/><sp/><sp/><sp/>static_cast&lt;<sp/>tizsoundcloud::playback_mode<sp/>&gt;(mode));</highlight></codeline>
<codeline lineno="111"><highlight class="normal">}</highlight></codeline>
<codeline lineno="112"><highlight class="normal"></highlight></codeline>
<codeline lineno="113"><highlight class="normal"></highlight><highlight class="keyword">extern</highlight><highlight class="normal"><sp/></highlight><highlight class="stringliteral">&quot;C&quot;</highlight><highlight class="normal"><sp/></highlight><highlight class="keywordtype">int</highlight><highlight class="normal"><sp/><ref refid="group__libtizsoundcloud_1gafddc5e255327ebfa893dbdfdafd3323c" kindref="member">tiz_scloud_play_user_stream</ref><sp/>(<ref refid="structtiz__scloud" kindref="compound">tiz_scloud_t</ref><sp/>*ap_scloud)</highlight></codeline>
<codeline lineno="114"><highlight class="normal">{</highlight></codeline>
<codeline lineno="115"><highlight class="normal"><sp/><sp/>assert<sp/>(ap_scloud);</highlight></codeline>
<codeline lineno="116"><highlight class="normal"><sp/><sp/>assert<sp/>(ap_scloud-&gt;p_proxy_);</highlight></codeline>
<codeline lineno="117"><highlight class="normal"><sp/><sp/></highlight><highlight class="keywordflow">return</highlight><highlight class="normal"><sp/>ap_scloud-&gt;p_proxy_-&gt;play_user_stream<sp/>();</highlight></codeline>
<codeline lineno="118"><highlight class="normal">}</highlight></codeline>
<codeline lineno="119"><highlight class="normal"></highlight></codeline>
<codeline lineno="120"><highlight class="normal"></highlight><highlight class="keyword">extern</highlight><highlight class="normal"><sp/></highlight><highlight class="stringliteral">&quot;C&quot;</highlight><highlight class="normal"><sp/></highlight><highlight class="keywordtype">int</highlight><highlight class="normal"><sp/><ref refid="group__libtizsoundcloud_1ga8819db2dff50f1089bd5e5ff94f05b22" kindref="member">tiz_scloud_play_user_likes</ref><sp/>(<ref refid="structtiz__scloud" kindref="compound">tiz_scloud_t</ref><sp/>*ap_scloud)</highlight></codeline>
<codeline lineno="121"><highlight class="normal">{</highlight></codeline>
<codeline lineno="122"><highlight class="normal"><sp/><sp/>assert<sp/>(ap_scloud);</highlight></codeline>
<codeline lineno="123"><highlight class="normal"><sp/><sp/>assert<sp/>(ap_scloud-&gt;p_proxy_);</highlight></codeline>
<codeline lineno="124"><highlight class="normal"><sp/><sp/></highlight><highlight class="keywordflow">return</highlight><highlight class="normal"><sp/>ap_scloud-&gt;p_proxy_-&gt;play_user_likes<sp/>();</highlight></codeline>
<codeline lineno="125"><highlight class="normal">}</highlight></codeline>
<codeline lineno="126"><highlight class="normal"></highlight></codeline>
<codeline lineno="127"><highlight class="normal"></highlight><highlight class="keyword">extern</highlight><highlight class="normal"><sp/></highlight><highlight class="stringliteral">&quot;C&quot;</highlight><highlight class="normal"><sp/></highlight><highlight class="keywordtype">int</highlight><highlight class="normal"><sp/><ref refid="group__libtizsoundcloud_1ga413b1142872fe53951f73d75fede4b15" kindref="member">tiz_scloud_play_user_playlist</ref><sp/>(<ref refid="structtiz__scloud" kindref="compound">tiz_scloud_t</ref><sp/>*ap_scloud,</highlight></codeline>
<codeline lineno="128"><highlight class="normal"><sp/><sp/><sp/><sp/><sp/><sp/><sp/><sp/><sp/><sp/><sp/><sp/><sp/><sp/><sp/><sp/><sp/><sp/><sp/><sp/><sp/><sp/><sp/><sp/><sp/><sp/><sp/><sp/><sp/><sp/><sp/><sp/><sp/><sp/><sp/><sp/><sp/><sp/><sp/><sp/><sp/><sp/><sp/><sp/><sp/><sp/></highlight><highlight class="keyword">const</highlight><highlight class="normal"><sp/></highlight><highlight class="keywordtype">char</highlight><highlight class="normal"><sp/>*ap_playlist)</highlight></codeline>
<codeline lineno="129"><highlight class="normal">{</highlight></codeline>
<codeline lineno="130"><highlight class="normal"><sp/><sp/>assert<sp/>(ap_scloud);</highlight></codeline>
<codeline lineno="131"><highlight class="normal"><sp/><sp/>assert<sp/>(ap_scloud-&gt;p_proxy_);</highlight></codeline>
<codeline lineno="132"><highlight class="normal"><sp/><sp/></highlight><highlight class="keywordflow">return</highlight><highlight class="normal"><sp/>ap_scloud-&gt;p_proxy_-&gt;play_user_playlist<sp/>(ap_playlist);</highlight></codeline>
<codeline lineno="133"><highlight class="normal">}</highlight></codeline>
<codeline lineno="134"><highlight class="normal"></highlight></codeline>
<codeline lineno="135"><highlight class="normal"></highlight><highlight class="keyword">extern</highlight><highlight class="normal"><sp/></highlight><highlight class="stringliteral">&quot;C&quot;</highlight><highlight class="normal"><sp/></highlight><highlight class="keywordtype">int</highlight><highlight class="normal"><sp/><ref refid="group__libtizsoundcloud_1ga24350d8a9ffe3e3dd7024c312b1ab1e7" kindref="member">tiz_scloud_play_creator</ref><sp/>(<ref refid="structtiz__scloud" kindref="compound">tiz_scloud_t</ref><sp/>*ap_scloud,</highlight></codeline>
<codeline lineno="136"><highlight class="normal"><sp/><sp/><sp/><sp/><sp/><sp/><sp/><sp/><sp/><sp/><sp/><sp/><sp/><sp/><sp/><sp/><sp/><sp/><sp/><sp/><sp/><sp/><sp/><sp/><sp/><sp/><sp/><sp/><sp/><sp/><sp/><sp/><sp/><sp/><sp/><sp/><sp/><sp/><sp/><sp/></highlight><highlight class="keyword">const</highlight><highlight class="normal"><sp/></highlight><highlight class="keywordtype">char</highlight><highlight class="normal"><sp/>*ap_creator)</highlight></codeline>
<codeline lineno="137"><highlight class="normal">{</highlight></codeline>
<codeline lineno="138"><highlight class="normal"><sp/><sp/>assert<sp/>(ap_scloud);</highlight></codeline>
<codeline lineno="139"><highlight class="normal"><sp/><sp/>assert<sp/>(ap_scloud-&gt;p_proxy_);</highlight></codeline>
<codeline lineno="140"><highlight class="normal"><sp/><sp/></highlight><highlight class="keywordflow">return</highlight><highlight class="normal"><sp/>ap_scloud-&gt;p_proxy_-&gt;play_creator<sp/>(ap_creator);</highlight></codeline>
<codeline lineno="141"><highlight class="normal">}</highlight></codeline>
<codeline lineno="142"><highlight class="normal"></highlight></codeline>
<codeline lineno="143"><highlight class="normal"></highlight><highlight class="keyword">extern</highlight><highlight class="normal"><sp/></highlight><highlight class="stringliteral">&quot;C&quot;</highlight><highlight class="normal"><sp/></highlight><highlight class="keywordtype">int</highlight><highlight class="normal"><sp/><ref refid="group__libtizsoundcloud_1ga2797c223fbadabdd761a317655b73c52" kindref="member">tiz_scloud_play_tracks</ref><sp/>(<ref refid="structtiz__scloud" kindref="compound">tiz_scloud_t</ref><sp/>*ap_scloud,</highlight></codeline>
<codeline lineno="144"><highlight class="normal"><sp/><sp/><sp/><sp/><sp/><sp/><sp/><sp/><sp/><sp/><sp/><sp/><sp/><sp/><sp/><sp/><sp/><sp/><sp/><sp/><sp/><sp/><sp/><sp/><sp/><sp/><sp/><sp/><sp/><sp/><sp/><sp/><sp/><sp/><sp/><sp/><sp/><sp/><sp/></highlight><highlight class="keyword">const</highlight><highlight class="normal"><sp/></highlight><highlight class="keywordtype">char</highlight><highlight class="normal"><sp/>*ap_tracks)</highlight></codeline>
<codeline lineno="145"><highlight class="normal">{</highlight></codeline>
<codeline lineno="146"><highlight class="normal"><sp/><sp/>assert<sp/>(ap_scloud);</highlight></codeline>
<codeline lineno="147"><highlight class="normal"><sp/><sp/>assert<sp/>(ap_scloud-&gt;p_proxy_);</highlight></codeline>
<codeline lineno="148"><highlight class="normal"><sp/><sp/></highlight><highlight class="keywordflow">return</highlight><highlight class="normal"><sp/>ap_scloud-&gt;p_proxy_-&gt;play_tracks<sp/>(ap_tracks);</highlight></codeline>
<codeline lineno="149"><highlight class="normal">}</highlight></codeline>
<codeline lineno="150"><highlight class="normal"></highlight></codeline>
<codeline lineno="151"><highlight class="normal"></highlight><highlight class="keyword">extern</highlight><highlight class="normal"><sp/></highlight><highlight class="stringliteral">&quot;C&quot;</highlight><highlight class="normal"><sp/></highlight><highlight class="keywordtype">int</highlight><highlight class="normal"><sp/><ref refid="group__libtizsoundcloud_1ga1e822b76342d44971686b53981978578" kindref="member">tiz_scloud_play_playlists</ref><sp/>(<ref refid="structtiz__scloud" kindref="compound">tiz_scloud_t</ref><sp/>*ap_scloud,</highlight></codeline>
<codeline lineno="152"><highlight class="normal"><sp/><sp/><sp/><sp/><sp/><sp/><sp/><sp/><sp/><sp/><sp/><sp/><sp/><sp/><sp/><sp/><sp/><sp/><sp/><sp/><sp/><sp/><sp/><sp/><sp/><sp/><sp/><sp/><sp/><sp/><sp/><sp/><sp/><sp/><sp/><sp/><sp/><sp/><sp/><sp/><sp/><sp/></highlight><highlight class="keyword">const</highlight><highlight class="normal"><sp/></highlight><highlight class="keywordtype">char</highlight><highlight class="normal"><sp/>*ap_playlists)</highlight></codeline>
<codeline lineno="153"><highlight class="normal">{</highlight></codeline>
<codeline lineno="154"><highlight class="normal"><sp/><sp/>assert<sp/>(ap_scloud);</highlight></codeline>
<codeline lineno="155"><highlight class="normal"><sp/><sp/>assert<sp/>(ap_scloud-&gt;p_proxy_);</highlight></codeline>
<codeline lineno="156"><highlight class="normal"><sp/><sp/></highlight><highlight class="keywordflow">return</highlight><highlight class="normal"><sp/>ap_scloud-&gt;p_proxy_-&gt;play_playlists<sp/>(ap_playlists);</highlight></codeline>
<codeline lineno="157"><highlight class="normal">}</highlight></codeline>
<codeline lineno="158"><highlight class="normal"></highlight></codeline>
<codeline lineno="159"><highlight class="normal"></highlight><highlight class="keyword">extern</highlight><highlight class="normal"><sp/></highlight><highlight class="stringliteral">&quot;C&quot;</highlight><highlight class="normal"><sp/></highlight><highlight class="keywordtype">int</highlight><highlight class="normal"><sp/><ref refid="group__libtizsoundcloud_1ga72e0f7ee1fdf4ae109c0c8ed2c150a0e" kindref="member">tiz_scloud_play_genres</ref><sp/>(<ref refid="structtiz__scloud" kindref="compound">tiz_scloud_t</ref><sp/>*ap_scloud,</highlight></codeline>
<codeline lineno="160"><highlight class="normal"><sp/><sp/><sp/><sp/><sp/><sp/><sp/><sp/><sp/><sp/><sp/><sp/><sp/><sp/><sp/><sp/><sp/><sp/><sp/><sp/><sp/><sp/><sp/><sp/><sp/><sp/><sp/><sp/><sp/><sp/><sp/><sp/><sp/><sp/><sp/><sp/><sp/><sp/><sp/><sp/></highlight><highlight class="keyword">const</highlight><highlight class="normal"><sp/></highlight><highlight class="keywordtype">char</highlight><highlight class="normal"><sp/>*ap_genres)</highlight></codeline>
<codeline lineno="161"><highlight class="normal">{</highlight></codeline>
<codeline lineno="162"><highlight class="normal"><sp/><sp/>assert<sp/>(ap_scloud);</highlight></codeline>
<codeline lineno="163"><highlight class="normal"><sp/><sp/>assert<sp/>(ap_scloud-&gt;p_proxy_);</highlight></codeline>
<codeline lineno="164"><highlight class="normal"><sp/><sp/></highlight><highlight class="keywordflow">return</highlight><highlight class="normal"><sp/>ap_scloud-&gt;p_proxy_-&gt;play_genres<sp/>(ap_genres);</highlight></codeline>
<codeline lineno="165"><highlight class="normal">}</highlight></codeline>
<codeline lineno="166"><highlight class="normal"></highlight></codeline>
<codeline lineno="167"><highlight class="normal"></highlight><highlight class="keyword">extern</highlight><highlight class="normal"><sp/></highlight><highlight class="stringliteral">&quot;C&quot;</highlight><highlight class="normal"><sp/></highlight><highlight class="keywordtype">int</highlight><highlight class="normal"><sp/><ref refid="group__libtizsoundcloud_1gaf57c5f2ec11b0da7c7fd90ec7a1ee5eb" kindref="member">tiz_scloud_play_tags</ref><sp/>(<ref refid="structtiz__scloud" kindref="compound">tiz_scloud_t</ref><sp/>*ap_scloud,</highlight></codeline>
<codeline lineno="168"><highlight class="normal"><sp/><sp/><sp/><sp/><sp/><sp/><sp/><sp/><sp/><sp/><sp/><sp/><sp/><sp/><sp/><sp/><sp/><sp/><sp/><sp/><sp/><sp/><sp/><sp/><sp/><sp/><sp/><sp/><sp/><sp/><sp/><sp/><sp/><sp/><sp/><sp/><sp/><sp/><sp/><sp/></highlight><highlight class="keyword">const</highlight><highlight class="normal"><sp/></highlight><highlight class="keywordtype">char</highlight><highlight class="normal"><sp/>*ap_tags)</highlight></codeline>
<codeline lineno="169"><highlight class="normal">{</highlight></codeline>
<codeline lineno="170"><highlight class="normal"><sp/><sp/>assert<sp/>(ap_scloud);</highlight></codeline>
<codeline lineno="171"><highlight class="normal"><sp/><sp/>assert<sp/>(ap_scloud-&gt;p_proxy_);</highlight></codeline>
<codeline lineno="172"><highlight class="normal"><sp/><sp/></highlight><highlight class="keywordflow">return</highlight><highlight class="normal"><sp/>ap_scloud-&gt;p_proxy_-&gt;play_tags<sp/>(ap_tags);</highlight></codeline>
<codeline lineno="173"><highlight class="normal">}</highlight></codeline>
<codeline lineno="174"><highlight class="normal"></highlight></codeline>
<codeline lineno="175"><highlight class="normal"></highlight><highlight class="keyword">extern</highlight><highlight class="normal"><sp/></highlight><highlight class="stringliteral">&quot;C&quot;</highlight><highlight class="normal"><sp/></highlight><highlight class="keywordtype">void</highlight><highlight class="normal"><sp/><ref refid="group__libtizsoundcloud_1ga587ae64c77e07e930d7e066e9dd220d7" kindref="member">tiz_scloud_clear_queue</ref><sp/>(<ref refid="structtiz__scloud" kindref="compound">tiz_scloud_t</ref><sp/>*ap_scloud)</highlight></codeline>
<codeline lineno="176"><highlight class="normal">{</highlight></codeline>
<codeline lineno="177"><highlight class="normal"><sp/><sp/>assert<sp/>(ap_scloud);</highlight></codeline>
<codeline lineno="178"><highlight class="normal"><sp/><sp/>assert<sp/>(ap_scloud-&gt;p_proxy_);</highlight></codeline>
<codeline lineno="179"><highlight class="normal"><sp/><sp/>ap_scloud-&gt;p_proxy_-&gt;clear_queue<sp/>();</highlight></codeline>
<codeline lineno="180"><highlight class="normal">}</highlight></codeline>
<codeline lineno="181"><highlight class="normal"></highlight></codeline>
<codeline lineno="182"><highlight class="normal"></highlight><highlight class="keyword">extern</highlight><highlight class="normal"><sp/></highlight><highlight class="stringliteral">&quot;C&quot;</highlight><highlight class="normal"><sp/></highlight><highlight class="keyword">const</highlight><highlight class="normal"><sp/></highlight><highlight class="keywordtype">char</highlight><highlight class="normal"><sp/>*<ref refid="group__libtizsoundcloud_1gac577e9091406d6c4aa921603f68a94a3" kindref="member">tiz_scloud_get_next_url</ref><sp/>(<ref refid="structtiz__scloud" kindref="compound">tiz_scloud_t</ref><sp/>*ap_scloud)</highlight></codeline>
<codeline lineno="183"><highlight class="normal">{</highlight></codeline>
<codeline lineno="184"><highlight class="normal"><sp/><sp/>assert<sp/>(ap_scloud);</highlight></codeline>
<codeline lineno="185"><highlight class="normal"><sp/><sp/>assert<sp/>(ap_scloud-&gt;p_proxy_);</highlight></codeline>
<codeline lineno="186"><highlight class="normal"><sp/><sp/></highlight><highlight class="keywordflow">return</highlight><highlight class="normal"><sp/>ap_scloud-&gt;p_proxy_-&gt;get_next_url<sp/>();</highlight></codeline>
<codeline lineno="187"><highlight class="normal">}</highlight></codeline>
<codeline lineno="188"><highlight class="normal"></highlight></codeline>
<codeline lineno="189"><highlight class="normal"></highlight><highlight class="keyword">extern</highlight><highlight class="normal"><sp/></highlight><highlight class="stringliteral">&quot;C&quot;</highlight><highlight class="normal"><sp/></highlight><highlight class="keyword">const</highlight><highlight class="normal"><sp/></highlight><highlight class="keywordtype">char</highlight><highlight class="normal"><sp/>*<ref refid="group__libtizsoundcloud_1gaa1798371de98185cbe5d5ac5e14ca01c" kindref="member">tiz_scloud_get_prev_url</ref><sp/>(<ref refid="structtiz__scloud" kindref="compound">tiz_scloud_t</ref><sp/>*ap_scloud)</highlight></codeline>
<codeline lineno="190"><highlight class="normal">{</highlight></codeline>
<codeline lineno="191"><highlight class="normal"><sp/><sp/>assert<sp/>(ap_scloud);</highlight></codeline>
<codeline lineno="192"><highlight class="normal"><sp/><sp/>assert<sp/>(ap_scloud-&gt;p_proxy_);</highlight></codeline>
<codeline lineno="193"><highlight class="normal"><sp/><sp/></highlight><highlight class="keywordflow">return</highlight><highlight class="normal"><sp/>ap_scloud-&gt;p_proxy_-&gt;get_prev_url<sp/>();</highlight></codeline>
<codeline lineno="194"><highlight class="normal">}</highlight></codeline>
<codeline lineno="195"><highlight class="normal"></highlight></codeline>
<codeline lineno="196"><highlight class="normal"></highlight><highlight class="keyword">extern</highlight><highlight class="normal"><sp/></highlight><highlight class="stringliteral">&quot;C&quot;</highlight><highlight class="normal"><sp/></highlight><highlight class="keyword">const</highlight><highlight class="normal"><sp/></highlight><highlight class="keywordtype">char</highlight><highlight class="normal"><sp/>*<ref refid="group__libtizsoundcloud_1ga013df88f34c3c16b5597e7bb69aeaf22" kindref="member">tiz_scloud_get_current_track_user</ref><sp/>(</highlight></codeline>
<codeline lineno="197"><highlight class="normal"><sp/><sp/><sp/><sp/><ref refid="structtiz__scloud" kindref="compound">tiz_scloud_t</ref><sp/>*ap_scloud)</highlight></codeline>
<codeline lineno="198"><highlight class="normal">{</highlight></codeline>
<codeline lineno="199"><highlight class="normal"><sp/><sp/>assert<sp/>(ap_scloud);</highlight></codeline>
<codeline lineno="200"><highlight class="normal"><sp/><sp/>assert<sp/>(ap_scloud-&gt;p_proxy_);</highlight></codeline>
<codeline lineno="201"><highlight class="normal"><sp/><sp/></highlight><highlight class="keywordflow">return</highlight><highlight class="normal"><sp/>ap_scloud-&gt;p_proxy_-&gt;get_current_track_user<sp/>();</highlight></codeline>
<codeline lineno="202"><highlight class="normal">}</highlight></codeline>
<codeline lineno="203"><highlight class="normal"></highlight></codeline>
<codeline lineno="204"><highlight class="normal"></highlight><highlight class="keyword">extern</highlight><highlight class="normal"><sp/></highlight><highlight class="stringliteral">&quot;C&quot;</highlight><highlight class="normal"><sp/></highlight><highlight class="keyword">const</highlight><highlight class="normal"><sp/></highlight><highlight class="keywordtype">char</highlight><highlight class="normal"><sp/>*<ref refid="group__libtizsoundcloud_1ga8adbd7d9d883571dd1b3d92569c00ab5" kindref="member">tiz_scloud_get_current_track_title</ref><sp/>(</highlight></codeline>
<codeline lineno="205"><highlight class="normal"><sp/><sp/><sp/><sp/><ref refid="structtiz__scloud" kindref="compound">tiz_scloud_t</ref><sp/>*ap_scloud)</highlight></codeline>
<codeline lineno="206"><highlight class="normal">{</highlight></codeline>
<codeline lineno="207"><highlight class="normal"><sp/><sp/>assert<sp/>(ap_scloud);</highlight></codeline>
<codeline lineno="208"><highlight class="normal"><sp/><sp/>assert<sp/>(ap_scloud-&gt;p_proxy_);</highlight></codeline>
<codeline lineno="209"><highlight class="normal"><sp/><sp/></highlight><highlight class="keywordflow">return</highlight><highlight class="normal"><sp/>ap_scloud-&gt;p_proxy_-&gt;get_current_track_title<sp/>();</highlight></codeline>
<codeline lineno="210"><highlight class="normal">}</highlight></codeline>
<codeline lineno="211"><highlight class="normal"></highlight></codeline>
<codeline lineno="212"><highlight class="normal"></highlight><highlight class="keyword">extern</highlight><highlight class="normal"><sp/></highlight><highlight class="stringliteral">&quot;C&quot;</highlight><highlight class="normal"><sp/></highlight><highlight class="keyword">const</highlight><highlight class="normal"><sp/></highlight><highlight class="keywordtype">char</highlight><highlight class="normal"><sp/>*<ref refid="group__libtizsoundcloud_1ga8322e72ea42024521fc0951e54ff01b5" kindref="member">tiz_scloud_get_current_track_duration</ref><sp/>(</highlight></codeline>
<codeline lineno="213"><highlight class="normal"><sp/><sp/><sp/><sp/><ref refid="structtiz__scloud" kindref="compound">tiz_scloud_t</ref><sp/>*ap_scloud)</highlight></codeline>
<codeline lineno="214"><highlight class="normal">{</highlight></codeline>
<codeline lineno="215"><highlight class="normal"><sp/><sp/>assert<sp/>(ap_scloud);</highlight></codeline>
<codeline lineno="216"><highlight class="normal"><sp/><sp/>assert<sp/>(ap_scloud-&gt;p_proxy_);</highlight></codeline>
<codeline lineno="217"><highlight class="normal"><sp/><sp/></highlight><highlight class="keywordflow">return</highlight><highlight class="normal"><sp/>ap_scloud-&gt;p_proxy_-&gt;get_current_track_duration<sp/>();</highlight></codeline>
<codeline lineno="218"><highlight class="normal">}</highlight></codeline>
<codeline lineno="219"><highlight class="normal"></highlight></codeline>
<codeline lineno="220"><highlight class="normal"></highlight><highlight class="keyword">extern</highlight><highlight class="normal"><sp/></highlight><highlight class="stringliteral">&quot;C&quot;</highlight><highlight class="normal"><sp/></highlight><highlight class="keyword">const</highlight><highlight class="normal"><sp/></highlight><highlight class="keywordtype">char</highlight><highlight class="normal"><sp/>*<ref refid="group__libtizsoundcloud_1gade8031b29749674452c1e37641fc33a5" kindref="member">tiz_scloud_get_current_track_year</ref><sp/>(</highlight></codeline>
<codeline lineno="221"><highlight class="normal"><sp/><sp/><sp/><sp/><ref refid="structtiz__scloud" kindref="compound">tiz_scloud_t</ref><sp/>*ap_scloud)</highlight></codeline>
<codeline lineno="222"><highlight class="normal">{</highlight></codeline>
<codeline lineno="223"><highlight class="normal"><sp/><sp/>assert<sp/>(ap_scloud);</highlight></codeline>
<codeline lineno="224"><highlight class="normal"><sp/><sp/>assert<sp/>(ap_scloud-&gt;p_proxy_);</highlight></codeline>
<codeline lineno="225"><highlight class="normal"><sp/><sp/></highlight><highlight class="keywordflow">return</highlight><highlight class="normal"><sp/>ap_scloud-&gt;p_proxy_-&gt;get_current_track_year<sp/>();</highlight></codeline>
<codeline lineno="226"><highlight class="normal">}</highlight></codeline>
<codeline lineno="227"><highlight class="normal"></highlight></codeline>
<codeline lineno="228"><highlight class="normal"></highlight><highlight class="keyword">extern</highlight><highlight class="normal"><sp/></highlight><highlight class="stringliteral">&quot;C&quot;</highlight><highlight class="normal"><sp/></highlight><highlight class="keyword">const</highlight><highlight class="normal"><sp/></highlight><highlight class="keywordtype">char</highlight><highlight class="normal"><sp/>*<ref refid="group__libtizsoundcloud_1ga4606e473b6b9aeaed163b4e298d4f346" kindref="member">tiz_scloud_get_current_track_permalink</ref><sp/>(</highlight></codeline>
<codeline lineno="229"><highlight class="normal"><sp/><sp/><sp/><sp/><ref refid="structtiz__scloud" kindref="compound">tiz_scloud_t</ref><sp/>*ap_scloud)</highlight></codeline>
<codeline lineno="230"><highlight class="normal">{</highlight></codeline>
<codeline lineno="231"><highlight class="normal"><sp/><sp/>assert<sp/>(ap_scloud);</highlight></codeline>
<codeline lineno="232"><highlight class="normal"><sp/><sp/>assert<sp/>(ap_scloud-&gt;p_proxy_);</highlight></codeline>
<codeline lineno="233"><highlight class="normal"><sp/><sp/></highlight><highlight class="keywordflow">return</highlight><highlight class="normal"><sp/>ap_scloud-&gt;p_proxy_-&gt;get_current_track_permalink<sp/>();</highlight></codeline>
<codeline lineno="234"><highlight class="normal">}</highlight></codeline>
<codeline lineno="235"><highlight class="normal"></highlight></codeline>
<codeline lineno="236"><highlight class="normal"></highlight><highlight class="keyword">extern</highlight><highlight class="normal"><sp/></highlight><highlight class="stringliteral">&quot;C&quot;</highlight><highlight class="normal"><sp/></highlight><highlight class="keyword">const</highlight><highlight class="normal"><sp/></highlight><highlight class="keywordtype">char</highlight><highlight class="normal"><sp/>*<ref refid="group__libtizsoundcloud_1ga6eb80efa1da2c4270184794d4e968aa6" kindref="member">tiz_scloud_get_current_track_license</ref><sp/>(</highlight></codeline>
<codeline lineno="237"><highlight class="normal"><sp/><sp/><sp/><sp/><ref refid="structtiz__scloud" kindref="compound">tiz_scloud_t</ref><sp/>*ap_scloud)</highlight></codeline>
<codeline lineno="238"><highlight class="normal">{</highlight></codeline>
<codeline lineno="239"><highlight class="normal"><sp/><sp/>assert<sp/>(ap_scloud);</highlight></codeline>
<codeline lineno="240"><highlight class="normal"><sp/><sp/>assert<sp/>(ap_scloud-&gt;p_proxy_);</highlight></codeline>
<codeline lineno="241"><highlight class="normal"><sp/><sp/></highlight><highlight class="keywordflow">return</highlight><highlight class="normal"><sp/>ap_scloud-&gt;p_proxy_-&gt;get_current_track_license<sp/>();</highlight></codeline>
<codeline lineno="242"><highlight class="normal">}</highlight></codeline>
<codeline lineno="243"><highlight class="normal"></highlight></codeline>
<codeline lineno="244"><highlight class="normal"></highlight><highlight class="keyword">extern</highlight><highlight class="normal"><sp/></highlight><highlight class="stringliteral">&quot;C&quot;</highlight><highlight class="normal"><sp/></highlight><highlight class="keyword">const</highlight><highlight class="normal"><sp/></highlight><highlight class="keywordtype">char</highlight><highlight class="normal"><sp/>*<ref refid="group__libtizsoundcloud_1ga639ba320bbc8cc9548cd8fe707864364" kindref="member">tiz_scloud_get_current_track_likes</ref><sp/>(</highlight></codeline>
<codeline lineno="245"><highlight class="normal"><sp/><sp/><sp/><sp/><ref refid="structtiz__scloud" kindref="compound">tiz_scloud_t</ref><sp/>*ap_scloud)</highlight></codeline>
<codeline lineno="246"><highlight class="normal">{</highlight></codeline>
<codeline lineno="247"><highlight class="normal"><sp/><sp/>assert<sp/>(ap_scloud);</highlight></codeline>
<codeline lineno="248"><highlight class="normal"><sp/><sp/>assert<sp/>(ap_scloud-&gt;p_proxy_);</highlight></codeline>
<codeline lineno="249"><highlight class="normal"><sp/><sp/></highlight><highlight class="keywordflow">return</highlight><highlight class="normal"><sp/>ap_scloud-&gt;p_proxy_-&gt;get_current_track_likes<sp/>();</highlight></codeline>
<codeline lineno="250"><highlight class="normal">}</highlight></codeline>
<codeline lineno="251"><highlight class="normal"></highlight></codeline>
<codeline lineno="252"><highlight class="normal"></highlight><highlight class="keyword">extern</highlight><highlight class="normal"><sp/></highlight><highlight class="stringliteral">&quot;C&quot;</highlight><highlight class="normal"><sp/></highlight><highlight class="keyword">const</highlight><highlight class="normal"><sp/></highlight><highlight class="keywordtype">char</highlight><highlight class="normal"><sp/>*<ref refid="group__libtizsoundcloud_1gab4750c04b2f4ef6d655ce70a485d7067" kindref="member">tiz_scloud_get_current_track_user_avatar</ref><sp/>(</highlight></codeline>
<codeline lineno="253"><highlight class="normal"><sp/><sp/><sp/><sp/><ref refid="structtiz__scloud" kindref="compound">tiz_scloud_t</ref><sp/>*ap_scloud)</highlight></codeline>
<codeline lineno="254"><highlight class="normal">{</highlight></codeline>
<codeline lineno="255"><highlight class="normal"><sp/><sp/>assert<sp/>(ap_scloud);</highlight></codeline>
<codeline lineno="256"><highlight class="normal"><sp/><sp/>assert<sp/>(ap_scloud-&gt;p_proxy_);</highlight></codeline>
<codeline lineno="257"><highlight class="normal"><sp/><sp/></highlight><highlight class="keywordflow">return</highlight><highlight class="normal"><sp/>ap_scloud-&gt;p_proxy_-&gt;get_current_track_user_avatar<sp/>();</highlight></codeline>
<codeline lineno="258"><highlight class="normal">}</highlight></codeline>
<codeline lineno="259"><highlight class="normal"></highlight></codeline>
<codeline lineno="260"><highlight class="normal"></highlight><highlight class="keyword">extern</highlight><highlight class="normal"><sp/></highlight><highlight class="stringliteral">&quot;C&quot;</highlight><highlight class="normal"><sp/></highlight><highlight class="keywordtype">void</highlight><highlight class="normal"><sp/><ref refid="group__libtizsoundcloud_1ga74584dd6bb28da4b37369d40e31a2a52" kindref="member">tiz_scloud_destroy</ref><sp/>(<ref refid="structtiz__scloud" kindref="compound">tiz_scloud_t</ref><sp/>*ap_scloud)</highlight></codeline>
<codeline lineno="261"><highlight class="normal">{</highlight></codeline>
<codeline lineno="262"><highlight class="normal"><sp/><sp/></highlight><highlight class="keywordflow">if</highlight><highlight class="normal"><sp/>(ap_scloud)</highlight></codeline>
<codeline lineno="263"><highlight class="normal"><sp/><sp/><sp/><sp/>{</highlight></codeline>
<codeline lineno="264"><highlight class="normal"><sp/><sp/><sp/><sp/><sp/><sp/><ref refid="classtizsoundcloud" kindref="compound">tizsoundcloud</ref><sp/>*p_gm<sp/>=<sp/>ap_scloud-&gt;p_proxy_;</highlight></codeline>
<codeline lineno="265"><highlight class="normal"><sp/><sp/><sp/><sp/><sp/><sp/></highlight><highlight class="keywordflow">if</highlight><highlight class="normal"><sp/>(p_gm)</highlight></codeline>
<codeline lineno="266"><highlight class="normal"><sp/><sp/><sp/><sp/><sp/><sp/><sp/><sp/>{</highlight></codeline>
<codeline lineno="267"><highlight class="normal"><sp/><sp/><sp/><sp/><sp/><sp/><sp/><sp/><sp/><sp/>p_gm-&gt;stop<sp/>();</highlight></codeline>
<codeline lineno="268"><highlight class="normal"><sp/><sp/><sp/><sp/><sp/><sp/><sp/><sp/><sp/><sp/>p_gm-&gt;deinit<sp/>();</highlight></codeline>
<codeline lineno="269"><highlight class="normal"><sp/><sp/><sp/><sp/><sp/><sp/><sp/><sp/>}</highlight></codeline>
<codeline lineno="270"><highlight class="normal"><sp/><sp/><sp/><sp/><sp/><sp/>soundcloud_free_data<sp/>(ap_scloud);</highlight></codeline>
<codeline lineno="271"><highlight class="normal"><sp/><sp/><sp/><sp/><sp/><sp/>free<sp/>(ap_scloud);</highlight></codeline>
<codeline lineno="272"><highlight class="normal"><sp/><sp/><sp/><sp/>}</highlight></codeline>
<codeline lineno="273"><highlight class="normal">}</highlight></codeline>
    </programlisting>
    <location file="/home/joni/work/tizonia-master/clients/soundcloud/libtizsoundcloud/src/tizsoundcloud_c.cpp"/>
  </compounddef>
</doxygen>
