<?xml version='1.0' encoding='UTF-8' standalone='no'?>
<doxygen xmlns:xsi="http://www.w3.org/2001/XMLSchema-instance" xsi:noNamespaceSchemaLocation="compound.xsd" version="1.8.11">
  <compounddef id="tizservant_8h" kind="file" language="C++">
    <compoundname>tizservant.h</compoundname>
    <includes local="no">OMX_Core.h</includes>
    <includes refid="tizplatform_8h" local="no">tizplatform.h</includes>
    <includes refid="tizscheduler_8h" local="yes">tizscheduler.h</includes>
    <includes refid="tizapi_8h" local="yes">tizapi.h</includes>
    <includedby refid="tizfsm_8h" local="yes">/home/joni/work/tizonia-master/libtizonia/src/tizfsm.h</includedby>
    <includedby refid="tizobjsys_8c" local="yes">/home/joni/work/tizonia-master/libtizonia/src/tizobjsys.c</includedby>
    <includedby refid="tizservant_8c" local="yes">/home/joni/work/tizonia-master/libtizonia/src/tizservant.c</includedby>
    <incdepgraph>
      <node id="4152">
        <label>stdbool.h</label>
      </node>
      <node id="4162">
        <label>stdarg.h</label>
      </node>
      <node id="4146">
        <label>tizbuffer.h</label>
        <link refid="tizbuffer_8h_source"/>
        <childnode refid="4129" relation="include">
        </childnode>
        <childnode refid="4133" relation="include">
        </childnode>
      </node>
      <node id="4149">
        <label>tizuuid.h</label>
        <link refid="tizuuid_8h_source"/>
        <childnode refid="4133" relation="include">
        </childnode>
      </node>
      <node id="4148">
        <label>tizthread.h</label>
        <link refid="tizthread_8h_source"/>
        <childnode refid="4129" relation="include">
        </childnode>
        <childnode refid="4133" relation="include">
        </childnode>
        <childnode refid="4142" relation="include">
        </childnode>
      </node>
      <node id="4145">
        <label>stdint.h</label>
      </node>
      <node id="4129">
        <label>OMX_Core.h</label>
      </node>
      <node id="4130">
        <label>tizplatform.h</label>
        <link refid="tizplatform_8h_source"/>
        <childnode refid="4131" relation="include">
        </childnode>
        <childnode refid="4139" relation="include">
        </childnode>
        <childnode refid="4136" relation="include">
        </childnode>
        <childnode refid="4141" relation="include">
        </childnode>
        <childnode refid="4143" relation="include">
        </childnode>
        <childnode refid="4146" relation="include">
        </childnode>
        <childnode refid="4147" relation="include">
        </childnode>
        <childnode refid="4142" relation="include">
        </childnode>
        <childnode refid="4148" relation="include">
        </childnode>
        <childnode refid="4149" relation="include">
        </childnode>
        <childnode refid="4132" relation="include">
        </childnode>
        <childnode refid="4150" relation="include">
        </childnode>
        <childnode refid="4144" relation="include">
        </childnode>
        <childnode refid="4151" relation="include">
        </childnode>
        <childnode refid="4153" relation="include">
        </childnode>
        <childnode refid="4154" relation="include">
        </childnode>
        <childnode refid="4155" relation="include">
        </childnode>
        <childnode refid="4156" relation="include">
        </childnode>
        <childnode refid="4157" relation="include">
        </childnode>
        <childnode refid="4158" relation="include">
        </childnode>
      </node>
      <node id="4161">
        <label>tizobject.h</label>
        <link refid="tizobject_8h_source"/>
        <childnode refid="4133" relation="include">
        </childnode>
        <childnode refid="4162" relation="include">
        </childnode>
        <childnode refid="4138" relation="include">
        </childnode>
        <childnode refid="4163" relation="include">
        </childnode>
      </node>
      <node id="4134">
        <label>OMX_Component.h</label>
      </node>
      <node id="4144">
        <label>tizsoa.h</label>
        <link refid="tizsoa_8h_source"/>
        <childnode refid="4138" relation="include">
        </childnode>
        <childnode refid="4145" relation="include">
        </childnode>
        <childnode refid="4133" relation="include">
        </childnode>
        <childnode refid="4129" relation="include">
        </childnode>
      </node>
      <node id="4131">
        <label>tizmacros.h</label>
        <link refid="tizmacros_8h_source"/>
        <childnode refid="4132" relation="include">
        </childnode>
        <childnode refid="4138" relation="include">
        </childnode>
      </node>
      <node id="4128">
        <label>/home/joni/work/tizonia-master/libtizonia/src/tizservant.h</label>
        <link refid="tizservant.h"/>
        <childnode refid="4129" relation="include">
        </childnode>
        <childnode refid="4130" relation="include">
        </childnode>
        <childnode refid="4159" relation="include">
        </childnode>
        <childnode refid="4160" relation="include">
        </childnode>
      </node>
      <node id="4138">
        <label>stddef.h</label>
      </node>
      <node id="4156">
        <label>tizprintf.h</label>
        <link refid="tizprintf_8h_source"/>
      </node>
      <node id="4141">
        <label>tizqueue.h</label>
        <link refid="tizqueue_8h_source"/>
        <childnode refid="4129" relation="include">
        </childnode>
        <childnode refid="4133" relation="include">
        </childnode>
        <childnode refid="4142" relation="include">
        </childnode>
      </node>
      <node id="4140">
        <label>log4c.h</label>
      </node>
      <node id="4137">
        <label>sys/types.h</label>
      </node>
      <node id="4136">
        <label>tizmem.h</label>
        <link refid="tizmem_8h_source"/>
        <childnode refid="4137" relation="include">
        </childnode>
        <childnode refid="4133" relation="include">
        </childnode>
      </node>
      <node id="4150">
        <label>tizrc.h</label>
        <link refid="tizrc_8h_source"/>
        <childnode refid="4129" relation="include">
        </childnode>
        <childnode refid="4133" relation="include">
        </childnode>
      </node>
      <node id="4143">
        <label>tizpqueue.h</label>
        <link refid="tizpqueue_8h_source"/>
        <childnode refid="4129" relation="include">
        </childnode>
        <childnode refid="4133" relation="include">
        </childnode>
        <childnode refid="4144" relation="include">
        </childnode>
      </node>
      <node id="4160">
        <label>tizapi.h</label>
        <link refid="tizapi_8h_source"/>
        <childnode refid="4129" relation="include">
        </childnode>
        <childnode refid="4161" relation="include">
        </childnode>
      </node>
      <node id="4133">
        <label>OMX_Types.h</label>
      </node>
      <node id="4142">
        <label>tizsync.h</label>
        <link refid="tizsync_8h_source"/>
        <childnode refid="4129" relation="include">
        </childnode>
        <childnode refid="4133" relation="include">
        </childnode>
      </node>
      <node id="4139">
        <label>tizlog.h</label>
        <link refid="tizlog_8h_source"/>
        <childnode refid="4140" relation="include">
        </childnode>
      </node>
      <node id="4153">
        <label>tizhttp.h</label>
        <link refid="tizhttp_8h_source"/>
        <childnode refid="4129" relation="include">
        </childnode>
        <childnode refid="4133" relation="include">
        </childnode>
      </node>
      <node id="4147">
        <label>tizvector.h</label>
        <link refid="tizvector_8h_source"/>
        <childnode refid="4129" relation="include">
        </childnode>
        <childnode refid="4133" relation="include">
        </childnode>
      </node>
      <node id="4158">
        <label>tizurltransfer.h</label>
        <link refid="tizurltransfer_8h_source"/>
        <childnode refid="4134" relation="include">
        </childnode>
      </node>
      <node id="4157">
        <label>tizshufflelst.h</label>
        <link refid="tizshufflelst_8h_source"/>
        <childnode refid="4129" relation="include">
        </childnode>
        <childnode refid="4133" relation="include">
        </childnode>
      </node>
      <node id="4132">
        <label>tizomxutils.h</label>
        <link refid="tizomxutils_8h_source"/>
        <childnode refid="4133" relation="include">
        </childnode>
        <childnode refid="4134" relation="include">
        </childnode>
        <childnode refid="4135" relation="include">
        </childnode>
        <childnode refid="4129" relation="include">
        </childnode>
        <childnode refid="4136" relation="include">
        </childnode>
      </node>
      <node id="4159">
        <label>tizscheduler.h</label>
        <link refid="tizscheduler_8h_source"/>
        <childnode refid="4129" relation="include">
        </childnode>
        <childnode refid="4133" relation="include">
        </childnode>
        <childnode refid="4134" relation="include">
        </childnode>
        <childnode refid="4130" relation="include">
        </childnode>
      </node>
      <node id="4154">
        <label>tizmap.h</label>
        <link refid="tizmap_8h_source"/>
        <childnode refid="4152" relation="include">
        </childnode>
        <childnode refid="4129" relation="include">
        </childnode>
        <childnode refid="4133" relation="include">
        </childnode>
        <childnode refid="4144" relation="include">
        </childnode>
      </node>
      <node id="4151">
        <label>tizev.h</label>
        <link refid="tizev_8h_source"/>
        <childnode refid="4152" relation="include">
        </childnode>
        <childnode refid="4145" relation="include">
        </childnode>
        <childnode refid="4129" relation="include">
        </childnode>
        <childnode refid="4133" relation="include">
        </childnode>
      </node>
      <node id="4163">
        <label>stdio.h</label>
      </node>
      <node id="4155">
        <label>tizlimits.h</label>
        <link refid="tizlimits_8h_source"/>
      </node>
      <node id="4135">
        <label>OMX_Audio.h</label>
      </node>
    </incdepgraph>
    <invincdepgraph>
      <node id="4205">
        <label>/home/joni/work/tizonia-master/libtizonia/src/tizwebmport_decls.h</label>
        <link refid="tizwebmport__decls_8h_source"/>
      </node>
      <node id="4190">
        <label>/home/joni/work/tizonia-master/plugins/chromecast_renderer/src/cc_plexcfgport_decls.h</label>
        <link refid="cc__plexcfgport__decls_8h_source"/>
      </node>
      <node id="4167">
        <label>/home/joni/work/tizonia-master/libtizonia/src/tizport_decls.h</label>
        <link refid="tizport__decls_8h_source"/>
        <childnode refid="4168" relation="include">
        </childnode>
        <childnode refid="4178" relation="include">
        </childnode>
        <childnode refid="4183" relation="include">
        </childnode>
        <childnode refid="4184" relation="include">
        </childnode>
        <childnode refid="4200" relation="include">
        </childnode>
        <childnode refid="4201" relation="include">
        </childnode>
        <childnode refid="4202" relation="include">
        </childnode>
        <childnode refid="4203" relation="include">
        </childnode>
        <childnode refid="4204" relation="include">
        </childnode>
        <childnode refid="4205" relation="include">
        </childnode>
      </node>
      <node id="4175">
        <label>/home/joni/work/tizonia-master/libtizonia/src/tizpcmport_decls.h</label>
        <link refid="tizpcmport__decls_8h_source"/>
      </node>
      <node id="4179">
        <label>/home/joni/work/tizonia-master/libtizonia/src/tizavcport_decls.h</label>
        <link refid="tizavcport__decls_8h_source"/>
      </node>
      <node id="4191">
        <label>/home/joni/work/tizonia-master/plugins/chromecast_renderer/src/cc_scloudcfgport_decls.h</label>
        <link refid="cc__scloudcfgport__decls_8h_source"/>
      </node>
      <node id="4182">
        <label>/home/joni/work/tizonia-master/plugins/vp8_decoder/src/vp8dinport_decls.h</label>
        <link refid="vp8dinport__decls_8h_source"/>
      </node>
      <node id="4187">
        <label>/home/joni/work/tizonia-master/plugins/chromecast_renderer/src/cc_cfgport_decls.h</label>
        <link refid="cc__cfgport__decls_8h_source"/>
        <childnode refid="4188" relation="include">
        </childnode>
        <childnode refid="4189" relation="include">
        </childnode>
        <childnode refid="4190" relation="include">
        </childnode>
        <childnode refid="4191" relation="include">
        </childnode>
        <childnode refid="4192" relation="include">
        </childnode>
      </node>
      <node id="4172">
        <label>/home/joni/work/tizonia-master/libtizonia/src/tizmp3port_decls.h</label>
        <link refid="tizmp3port__decls_8h_source"/>
        <childnode refid="4173" relation="include">
        </childnode>
      </node>
      <node id="4193">
        <label>/home/joni/work/tizonia-master/plugins/http_renderer/src/httprcfgport_decls.h</label>
        <link refid="httprcfgport__decls_8h_source"/>
      </node>
      <node id="4204">
        <label>/home/joni/work/tizonia-master/libtizonia/src/tizotherport_decls.h</label>
        <link refid="tizotherport__decls_8h_source"/>
      </node>
      <node id="4188">
        <label>/home/joni/work/tizonia-master/plugins/chromecast_renderer/src/cc_dirblecfgport_decls.h</label>
        <link refid="cc__dirblecfgport__decls_8h_source"/>
      </node>
      <node id="4200">
        <label>/home/joni/work/tizonia-master/libtizonia/src/tizdemuxerport_decls.h</label>
        <link refid="tizdemuxerport__decls_8h_source"/>
      </node>
      <node id="4164">
        <label>/home/joni/work/tizonia-master/libtizonia/src/tizservant.h</label>
        <link refid="tizservant.h"/>
        <childnode refid="4165" relation="include">
        </childnode>
      </node>
      <node id="4201">
        <label>/home/joni/work/tizonia-master/libtizonia/src/tizimageport_decls.h</label>
        <link refid="tizimageport__decls_8h_source"/>
      </node>
      <node id="4168">
        <label>/home/joni/work/tizonia-master/libtizonia/src/tizaudioport_decls.h</label>
        <link refid="tizaudioport__decls_8h_source"/>
        <childnode refid="4169" relation="include">
        </childnode>
        <childnode refid="4170" relation="include">
        </childnode>
        <childnode refid="4171" relation="include">
        </childnode>
        <childnode refid="4172" relation="include">
        </childnode>
        <childnode refid="4174" relation="include">
        </childnode>
        <childnode refid="4175" relation="include">
        </childnode>
        <childnode refid="4176" relation="include">
        </childnode>
        <childnode refid="4177" relation="include">
        </childnode>
      </node>
      <node id="4196">
        <label>/home/joni/work/tizonia-master/plugins/http_source/src/plexcfgport_decls.h</label>
        <link refid="plexcfgport__decls_8h_source"/>
      </node>
      <node id="4176">
        <label>/home/joni/work/tizonia-master/libtizonia/src/tizvorbisport_decls.h</label>
        <link refid="tizvorbisport__decls_8h_source"/>
      </node>
      <node id="4178">
        <label>/home/joni/work/tizonia-master/libtizonia/src/tizvideoport_decls.h</label>
        <link refid="tizvideoport__decls_8h_source"/>
        <childnode refid="4179" relation="include">
        </childnode>
        <childnode refid="4180" relation="include">
        </childnode>
        <childnode refid="4181" relation="include">
        </childnode>
      </node>
      <node id="4186">
        <label>/home/joni/work/tizonia-master/libtizonia/src/tizdemuxercfgport_decls.h</label>
        <link refid="tizdemuxercfgport__decls_8h_source"/>
      </node>
      <node id="4170">
        <label>/home/joni/work/tizonia-master/libtizonia/src/tizflacport_decls.h</label>
        <link refid="tizflacport__decls_8h_source"/>
      </node>
      <node id="4184">
        <label>/home/joni/work/tizonia-master/libtizonia/src/tizconfigport_decls.h</label>
        <link refid="tizconfigport__decls_8h_source"/>
        <childnode refid="4185" relation="include">
        </childnode>
        <childnode refid="4193" relation="include">
        </childnode>
        <childnode refid="4194" relation="include">
        </childnode>
        <childnode refid="4195" relation="include">
        </childnode>
        <childnode refid="4196" relation="include">
        </childnode>
        <childnode refid="4197" relation="include">
        </childnode>
        <childnode refid="4198" relation="include">
        </childnode>
        <childnode refid="4199" relation="include">
        </childnode>
      </node>
      <node id="4171">
        <label>/home/joni/work/tizonia-master/libtizonia/src/tizmp2port_decls.h</label>
        <link refid="tizmp2port__decls_8h_source"/>
      </node>
      <node id="4173">
        <label>/home/joni/work/tizonia-master/plugins/http_renderer/src/httprmp3port_decls.h</label>
        <link refid="httprmp3port__decls_8h_source"/>
      </node>
      <node id="4180">
        <label>/home/joni/work/tizonia-master/libtizonia/src/tizivrport_decls.h</label>
        <link refid="tizivrport__decls_8h_source"/>
      </node>
      <node id="4202">
        <label>/home/joni/work/tizonia-master/libtizonia/src/tizmuxerport_decls.h</label>
        <link refid="tizmuxerport__decls_8h_source"/>
      </node>
      <node id="4185">
        <label>/home/joni/work/tizonia-master/libtizonia/src/tizuricfgport_decls.h</label>
        <link refid="tizuricfgport__decls_8h_source"/>
        <childnode refid="4186" relation="include">
        </childnode>
        <childnode refid="4187" relation="include">
        </childnode>
      </node>
      <node id="4169">
        <label>/home/joni/work/tizonia-master/libtizonia/src/tizaacport_decls.h</label>
        <link refid="tizaacport__decls_8h_source"/>
      </node>
      <node id="4174">
        <label>/home/joni/work/tizonia-master/libtizonia/src/tizopusport_decls.h</label>
        <link refid="tizopusport__decls_8h_source"/>
      </node>
      <node id="4199">
        <label>/home/joni/work/tizonia-master/plugins/spotify_source/src/spfysrccfgport_decls.h</label>
        <link refid="spfysrccfgport__decls_8h_source"/>
      </node>
      <node id="4194">
        <label>/home/joni/work/tizonia-master/plugins/http_source/src/dirblecfgport_decls.h</label>
        <link refid="dirblecfgport__decls_8h_source"/>
      </node>
      <node id="4166">
        <label>/home/joni/work/tizonia-master/libtizonia/src/tizutils.h</label>
        <link refid="tizutils_8h_source"/>
        <childnode refid="4167" relation="include">
        </childnode>
        <childnode refid="4206" relation="include">
        </childnode>
      </node>
      <node id="4192">
        <label>/home/joni/work/tizonia-master/plugins/chromecast_renderer/src/cc_youtubecfgport_decls.h</label>
        <link refid="cc__youtubecfgport__decls_8h_source"/>
      </node>
      <node id="4189">
        <label>/home/joni/work/tizonia-master/plugins/chromecast_renderer/src/cc_gmusiccfgport_decls.h</label>
        <link refid="cc__gmusiccfgport__decls_8h_source"/>
      </node>
      <node id="4165">
        <label>/home/joni/work/tizonia-master/libtizonia/src/tizfsm.h</label>
        <link refid="tizfsm_8h_source"/>
        <childnode refid="4166" relation="include">
        </childnode>
        <childnode refid="4207" relation="include">
        </childnode>
      </node>
      <node id="4197">
        <label>/home/joni/work/tizonia-master/plugins/http_source/src/scloudcfgport_decls.h</label>
        <link refid="scloudcfgport__decls_8h_source"/>
      </node>
      <node id="4206">
        <label>/home/joni/work/tizonia-master/libtizonia/src/tizkernel.h</label>
        <link refid="tizkernel_8h_source"/>
      </node>
      <node id="4207">
        <label>/home/joni/work/tizonia-master/libtizonia/src/tizfsm_decls.h</label>
        <link refid="tizfsm__decls_8h_source"/>
      </node>
      <node id="4183">
        <label>/home/joni/work/tizonia-master/libtizonia/src/tizbinaryport_decls.h</label>
        <link refid="tizbinaryport__decls_8h_source"/>
      </node>
      <node id="4198">
        <label>/home/joni/work/tizonia-master/plugins/http_source/src/youtubecfgport_decls.h</label>
        <link refid="youtubecfgport__decls_8h_source"/>
      </node>
      <node id="4203">
        <label>/home/joni/work/tizonia-master/libtizonia/src/tizoggport_decls.h</label>
        <link refid="tizoggport__decls_8h_source"/>
      </node>
      <node id="4181">
        <label>/home/joni/work/tizonia-master/libtizonia/src/tizvp8port_decls.h</label>
        <link refid="tizvp8port__decls_8h_source"/>
        <childnode refid="4182" relation="include">
        </childnode>
      </node>
      <node id="4195">
        <label>/home/joni/work/tizonia-master/plugins/http_source/src/gmusiccfgport_decls.h</label>
        <link refid="gmusiccfgport__decls_8h_source"/>
      </node>
      <node id="4177">
        <label>/home/joni/work/tizonia-master/plugins/http_source/src/httpsrcport_decls.h</label>
        <link refid="httpsrcport__decls_8h_source"/>
      </node>
    </invincdepgraph>
      <sectiondef kind="func">
      <memberdef kind="function" id="tizservant_8h_1a8fa6856444e2dc3044d395cf30429078" prot="public" static="no" const="no" explicit="no" inline="no" virt="non-virtual">
        <type>void *</type>
        <definition>void* tiz_srv_class_init</definition>
        <argsstring>(void *ap_tos, void *ap_hdl)</argsstring>
        <name>tiz_srv_class_init</name>
        <param>
          <type>void *</type>
          <declname>ap_tos</declname>
        </param>
        <param>
          <type>void *</type>
          <declname>ap_hdl</declname>
        </param>
        <briefdescription>
        </briefdescription>
        <detaileddescription>
        </detaileddescription>
        <inbodydescription>
        </inbodydescription>
        <location file="/home/joni/work/tizonia-master/libtizonia/src/tizservant.h" line="44" column="1" bodyfile="/home/joni/work/tizonia-master/libtizonia/src/tizservant.c" bodystart="1323" bodyend="1337"/>
      </memberdef>
      <memberdef kind="function" id="tizservant_8h_1aef3e7e3df2bc33c5743ac422c0a43366" prot="public" static="no" const="no" explicit="no" inline="no" virt="non-virtual">
        <type>void *</type>
        <definition>void* tiz_srv_init</definition>
        <argsstring>(void *ap_tos, void *ap_hdl)</argsstring>
        <name>tiz_srv_init</name>
        <param>
          <type>void *</type>
          <declname>ap_tos</declname>
        </param>
        <param>
          <type>void *</type>
          <declname>ap_hdl</declname>
        </param>
        <briefdescription>
        </briefdescription>
        <detaileddescription>
        </detaileddescription>
        <inbodydescription>
        </inbodydescription>
        <location file="/home/joni/work/tizonia-master/libtizonia/src/tizservant.h" line="46" column="1" bodyfile="/home/joni/work/tizonia-master/libtizonia/src/tizservant.c" bodystart="1340" bodyend="1432"/>
      </memberdef>
      <memberdef kind="function" id="tizservant_8h_1a02b6ebaf61a16fbb2ea6ed3db2c79c7c" prot="public" static="no" const="no" explicit="no" inline="no" virt="non-virtual">
        <type>OMX_ERRORTYPE</type>
        <definition>OMX_ERRORTYPE tiz_srv_set_allocator</definition>
        <argsstring>(void *ap_obj, tiz_soa_t *p_soa)</argsstring>
        <name>tiz_srv_set_allocator</name>
        <param>
          <type>void *</type>
          <declname>ap_obj</declname>
        </param>
        <param>
          <type><ref refid="structtiz__soa" kindref="compound">tiz_soa_t</ref> *</type>
          <declname>p_soa</declname>
        </param>
        <briefdescription>
        </briefdescription>
        <detaileddescription>
        </detaileddescription>
        <inbodydescription>
        </inbodydescription>
        <location file="/home/joni/work/tizonia-master/libtizonia/src/tizservant.h" line="49" column="1" bodyfile="/home/joni/work/tizonia-master/libtizonia/src/tizservant.c" bodystart="186" bodyend="191"/>
      </memberdef>
      <memberdef kind="function" id="tizservant_8h_1ada022eb9e23da135cd42fbf393d12e1a" prot="public" static="no" const="no" explicit="no" inline="no" virt="non-virtual">
        <type>void</type>
        <definition>void tiz_srv_set_callbacks</definition>
        <argsstring>(void *ap_obj, OMX_PTR ap_appdata, OMX_CALLBACKTYPE *ap_cbacks)</argsstring>
        <name>tiz_srv_set_callbacks</name>
        <param>
          <type>void *</type>
          <declname>ap_obj</declname>
        </param>
        <param>
          <type>OMX_PTR</type>
          <declname>ap_appdata</declname>
        </param>
        <param>
          <type>OMX_CALLBACKTYPE *</type>
          <declname>ap_cbacks</declname>
        </param>
        <briefdescription>
        </briefdescription>
        <detaileddescription>
        </detaileddescription>
        <inbodydescription>
        </inbodydescription>
        <location file="/home/joni/work/tizonia-master/libtizonia/src/tizservant.h" line="52" column="1" bodyfile="/home/joni/work/tizonia-master/libtizonia/src/tizservant.c" bodystart="204" bodyend="210"/>
      </memberdef>
      <memberdef kind="function" id="tizservant_8h_1ab4f5ea27240f273acdd2865228b30200" prot="public" static="no" const="no" explicit="no" inline="no" virt="non-virtual">
        <type>OMX_ERRORTYPE</type>
        <definition>OMX_ERRORTYPE tiz_srv_tick</definition>
        <argsstring>(const void *ap_obj)</argsstring>
        <name>tiz_srv_tick</name>
        <param>
          <type>const void *</type>
          <declname>ap_obj</declname>
        </param>
        <briefdescription>
        </briefdescription>
        <detaileddescription>
        </detaileddescription>
        <inbodydescription>
        </inbodydescription>
        <location file="/home/joni/work/tizonia-master/libtizonia/src/tizservant.h" line="56" column="1" bodyfile="/home/joni/work/tizonia-master/libtizonia/src/tizservant.c" bodystart="256" bodyend="261"/>
      </memberdef>
      <memberdef kind="function" id="tizservant_8h_1aa3ceca70df05a8bb76bf8593efe19dbd" prot="public" static="no" const="no" explicit="no" inline="no" virt="non-virtual">
        <type>OMX_PTR</type>
        <definition>OMX_PTR tiz_srv_init_msg</definition>
        <argsstring>(void *ap_obj, size_t msg_sz)</argsstring>
        <name>tiz_srv_init_msg</name>
        <param>
          <type>void *</type>
          <declname>ap_obj</declname>
        </param>
        <param>
          <type>size_t</type>
          <declname>msg_sz</declname>
        </param>
        <briefdescription>
        </briefdescription>
        <detaileddescription>
        </detaileddescription>
        <inbodydescription>
        </inbodydescription>
        <location file="/home/joni/work/tizonia-master/libtizonia/src/tizservant.h" line="59" column="1" bodyfile="/home/joni/work/tizonia-master/libtizonia/src/tizservant.c" bodystart="281" bodyend="287"/>
      </memberdef>
      <memberdef kind="function" id="tizservant_8h_1a85829140cdf18b240bc0c0b78fae3184" prot="public" static="no" const="no" explicit="no" inline="no" virt="non-virtual">
        <type>OMX_ERRORTYPE</type>
        <definition>OMX_ERRORTYPE tiz_srv_enqueue</definition>
        <argsstring>(const void *ap_obj, OMX_PTR ap_data, OMX_U32 a_priority)</argsstring>
        <name>tiz_srv_enqueue</name>
        <param>
          <type>const void *</type>
          <declname>ap_obj</declname>
        </param>
        <param>
          <type>OMX_PTR</type>
          <declname>ap_data</declname>
        </param>
        <param>
          <type>OMX_U32</type>
          <declname>a_priority</declname>
        </param>
        <briefdescription>
        </briefdescription>
        <detaileddescription>
        </detaileddescription>
        <inbodydescription>
        </inbodydescription>
        <location file="/home/joni/work/tizonia-master/libtizonia/src/tizservant.h" line="62" column="1" bodyfile="/home/joni/work/tizonia-master/libtizonia/src/tizservant.c" bodystart="298" bodyend="303"/>
      </memberdef>
      <memberdef kind="function" id="tizservant_8h_1ad040f31e76bea3ade9b62f282be7b48a" prot="public" static="no" const="no" explicit="no" inline="no" virt="non-virtual">
        <type>void</type>
        <definition>void tiz_srv_remove_from_queue</definition>
        <argsstring>(const void *ap_obj, tiz_pq_func_f apf_func, OMX_S32 a_data1, OMX_PTR ap_data2)</argsstring>
        <name>tiz_srv_remove_from_queue</name>
        <param>
          <type>const void *</type>
          <declname>ap_obj</declname>
        </param>
        <param>
          <type>tiz_pq_func_f</type>
          <declname>apf_func</declname>
        </param>
        <param>
          <type>OMX_S32</type>
          <declname>a_data1</declname>
        </param>
        <param>
          <type>OMX_PTR</type>
          <declname>ap_data2</declname>
        </param>
        <briefdescription>
        </briefdescription>
        <detaileddescription>
        </detaileddescription>
        <inbodydescription>
        </inbodydescription>
        <location file="/home/joni/work/tizonia-master/libtizonia/src/tizservant.h" line="65" column="1" bodyfile="/home/joni/work/tizonia-master/libtizonia/src/tizservant.c" bodystart="324" bodyend="330"/>
      </memberdef>
      <memberdef kind="function" id="tizservant_8h_1ad571c262c5e2433e007599fe979a1afb" prot="public" static="no" const="no" explicit="no" inline="no" virt="non-virtual">
        <type>OMX_ERRORTYPE</type>
        <definition>OMX_ERRORTYPE tiz_srv_dispatch_msg</definition>
        <argsstring>(const void *ap_obj, OMX_PTR ap_data)</argsstring>
        <name>tiz_srv_dispatch_msg</name>
        <param>
          <type>const void *</type>
          <declname>ap_obj</declname>
        </param>
        <param>
          <type>OMX_PTR</type>
          <declname>ap_data</declname>
        </param>
        <briefdescription>
        </briefdescription>
        <detaileddescription>
        </detaileddescription>
        <inbodydescription>
        </inbodydescription>
        <location file="/home/joni/work/tizonia-master/libtizonia/src/tizservant.h" line="70" column="1" bodyfile="/home/joni/work/tizonia-master/libtizonia/src/tizservant.c" bodystart="351" bodyend="356"/>
      </memberdef>
      <memberdef kind="function" id="tizservant_8h_1a47e61957b2244c73355a18fe236015eb" prot="public" static="no" const="no" explicit="no" inline="no" virt="non-virtual">
        <type>bool</type>
        <definition>bool tiz_srv_is_ready</definition>
        <argsstring>(const void *ap_obj)</argsstring>
        <name>tiz_srv_is_ready</name>
        <param>
          <type>const void *</type>
          <declname>ap_obj</declname>
        </param>
        <briefdescription>
        </briefdescription>
        <detaileddescription>
        </detaileddescription>
        <inbodydescription>
        </inbodydescription>
        <location file="/home/joni/work/tizonia-master/libtizonia/src/tizservant.h" line="73" column="1" bodyfile="/home/joni/work/tizonia-master/libtizonia/src/tizservant.c" bodystart="376" bodyend="381"/>
      </memberdef>
      <memberdef kind="function" id="tizservant_8h_1a813a7281f809000279b57b7cd6587c84" prot="public" static="no" const="no" explicit="no" inline="no" virt="non-virtual">
        <type>OMX_ERRORTYPE</type>
        <definition>OMX_ERRORTYPE tiz_srv_allocate_resources</definition>
        <argsstring>(const void *ap_obj, OMX_U32 a_pid)</argsstring>
        <name>tiz_srv_allocate_resources</name>
        <param>
          <type>const void *</type>
          <declname>ap_obj</declname>
        </param>
        <param>
          <type>OMX_U32</type>
          <declname>a_pid</declname>
        </param>
        <briefdescription>
        </briefdescription>
        <detaileddescription>
        </detaileddescription>
        <inbodydescription>
        </inbodydescription>
        <location file="/home/joni/work/tizonia-master/libtizonia/src/tizservant.h" line="76" column="1" bodyfile="/home/joni/work/tizonia-master/libtizonia/src/tizservant.c" bodystart="398" bodyend="403"/>
      </memberdef>
      <memberdef kind="function" id="tizservant_8h_1a8e8c552458ac013ac3da9057d2134add" prot="public" static="no" const="no" explicit="no" inline="no" virt="non-virtual">
        <type>OMX_ERRORTYPE</type>
        <definition>OMX_ERRORTYPE tiz_srv_deallocate_resources</definition>
        <argsstring>(const void *ap_obj)</argsstring>
        <name>tiz_srv_deallocate_resources</name>
        <param>
          <type>const void *</type>
          <declname>ap_obj</declname>
        </param>
        <briefdescription>
        </briefdescription>
        <detaileddescription>
        </detaileddescription>
        <inbodydescription>
        </inbodydescription>
        <location file="/home/joni/work/tizonia-master/libtizonia/src/tizservant.h" line="79" column="1" bodyfile="/home/joni/work/tizonia-master/libtizonia/src/tizservant.c" bodystart="421" bodyend="426"/>
      </memberdef>
      <memberdef kind="function" id="tizservant_8h_1aadff368c1e82f2653f997c96d5f6b0c1" prot="public" static="no" const="no" explicit="no" inline="no" virt="non-virtual">
        <type>OMX_ERRORTYPE</type>
        <definition>OMX_ERRORTYPE tiz_srv_prepare_to_transfer</definition>
        <argsstring>(const void *ap_obj, OMX_U32 a_pid)</argsstring>
        <name>tiz_srv_prepare_to_transfer</name>
        <param>
          <type>const void *</type>
          <declname>ap_obj</declname>
        </param>
        <param>
          <type>OMX_U32</type>
          <declname>a_pid</declname>
        </param>
        <briefdescription>
        </briefdescription>
        <detaileddescription>
        </detaileddescription>
        <inbodydescription>
        </inbodydescription>
        <location file="/home/joni/work/tizonia-master/libtizonia/src/tizservant.h" line="82" column="1" bodyfile="/home/joni/work/tizonia-master/libtizonia/src/tizservant.c" bodystart="443" bodyend="448"/>
      </memberdef>
      <memberdef kind="function" id="tizservant_8h_1ad7e745a746536251d918c7b9d041f382" prot="public" static="no" const="no" explicit="no" inline="no" virt="non-virtual">
        <type>OMX_ERRORTYPE</type>
        <definition>OMX_ERRORTYPE tiz_srv_transfer_and_process</definition>
        <argsstring>(const void *ap_obj, OMX_U32 a_pid)</argsstring>
        <name>tiz_srv_transfer_and_process</name>
        <param>
          <type>const void *</type>
          <declname>ap_obj</declname>
        </param>
        <param>
          <type>OMX_U32</type>
          <declname>a_pid</declname>
        </param>
        <briefdescription>
        </briefdescription>
        <detaileddescription>
        </detaileddescription>
        <inbodydescription>
        </inbodydescription>
        <location file="/home/joni/work/tizonia-master/libtizonia/src/tizservant.h" line="85" column="1" bodyfile="/home/joni/work/tizonia-master/libtizonia/src/tizservant.c" bodystart="466" bodyend="471"/>
      </memberdef>
      <memberdef kind="function" id="tizservant_8h_1a39ad9918678bfe1ad680f74b35d8b05e" prot="public" static="no" const="no" explicit="no" inline="no" virt="non-virtual">
        <type>OMX_ERRORTYPE</type>
        <definition>OMX_ERRORTYPE tiz_srv_stop_and_return</definition>
        <argsstring>(const void *ap_obj)</argsstring>
        <name>tiz_srv_stop_and_return</name>
        <param>
          <type>const void *</type>
          <declname>ap_obj</declname>
        </param>
        <briefdescription>
        </briefdescription>
        <detaileddescription>
        </detaileddescription>
        <inbodydescription>
        </inbodydescription>
        <location file="/home/joni/work/tizonia-master/libtizonia/src/tizservant.h" line="88" column="1" bodyfile="/home/joni/work/tizonia-master/libtizonia/src/tizservant.c" bodystart="489" bodyend="494"/>
      </memberdef>
      <memberdef kind="function" id="tizservant_8h_1a9d6a1416c2b56740330a77027462c1cc" prot="public" static="no" const="no" explicit="no" inline="no" virt="non-virtual">
        <type>void</type>
        <definition>void tiz_srv_issue_event</definition>
        <argsstring>(const void *ap_obj, OMX_EVENTTYPE a_event, OMX_U32 a_data1, OMX_U32 a_data2, OMX_PTR ap_eventdata)</argsstring>
        <name>tiz_srv_issue_event</name>
        <param>
          <type>const void *</type>
          <declname>ap_obj</declname>
        </param>
        <param>
          <type>OMX_EVENTTYPE</type>
          <declname>a_event</declname>
        </param>
        <param>
          <type>OMX_U32</type>
          <declname>a_data1</declname>
        </param>
        <param>
          <type>OMX_U32</type>
          <declname>a_data2</declname>
        </param>
        <param>
          <type>OMX_PTR</type>
          <declname>ap_eventdata</declname>
        </param>
        <briefdescription>
        </briefdescription>
        <detaileddescription>
        </detaileddescription>
        <inbodydescription>
        </inbodydescription>
        <location file="/home/joni/work/tizonia-master/libtizonia/src/tizservant.h" line="95" column="1" bodyfile="/home/joni/work/tizonia-master/libtizonia/src/tizservant.c" bodystart="524" bodyend="530"/>
      </memberdef>
      <memberdef kind="function" id="tizservant_8h_1a79670034f5cc36a9ee2cfdb6f64239ff" prot="public" static="no" const="no" explicit="no" inline="no" virt="non-virtual">
        <type>void</type>
        <definition>void tiz_srv_issue_err_event</definition>
        <argsstring>(const void *ap_obj, OMX_ERRORTYPE a_error)</argsstring>
        <name>tiz_srv_issue_err_event</name>
        <param>
          <type>const void *</type>
          <declname>ap_obj</declname>
        </param>
        <param>
          <type>OMX_ERRORTYPE</type>
          <declname>a_error</declname>
        </param>
        <briefdescription>
        </briefdescription>
        <detaileddescription>
        </detaileddescription>
        <inbodydescription>
        </inbodydescription>
        <location file="/home/joni/work/tizonia-master/libtizonia/src/tizservant.h" line="100" column="1" bodyfile="/home/joni/work/tizonia-master/libtizonia/src/tizservant.c" bodystart="541" bodyend="546"/>
      </memberdef>
      <memberdef kind="function" id="tizservant_8h_1a84013743d00bdd48638722522631a7db" prot="public" static="no" const="no" explicit="no" inline="no" virt="non-virtual">
        <type>void</type>
        <definition>void tiz_srv_issue_err_event_with_data</definition>
        <argsstring>(const void *ap_obj, OMX_ERRORTYPE a_error, OMX_STRING ap_msg)</argsstring>
        <name>tiz_srv_issue_err_event_with_data</name>
        <param>
          <type>const void *</type>
          <declname>ap_obj</declname>
        </param>
        <param>
          <type>OMX_ERRORTYPE</type>
          <declname>a_error</declname>
        </param>
        <param>
          <type>OMX_STRING</type>
          <declname>ap_msg</declname>
        </param>
        <briefdescription>
        </briefdescription>
        <detaileddescription>
        </detaileddescription>
        <inbodydescription>
        </inbodydescription>
        <location file="/home/joni/work/tizonia-master/libtizonia/src/tizservant.h" line="103" column="1" bodyfile="/home/joni/work/tizonia-master/libtizonia/src/tizservant.c" bodystart="558" bodyend="564"/>
      </memberdef>
      <memberdef kind="function" id="tizservant_8h_1ae5d0537b3984befd999675a50f9c4c38" prot="public" static="no" const="no" explicit="no" inline="no" virt="non-virtual">
        <type>void</type>
        <definition>void tiz_srv_issue_cmd_event</definition>
        <argsstring>(const void *ap_obj, OMX_COMMANDTYPE a_cmd, OMX_U32 a_pid, OMX_ERRORTYPE a_error)</argsstring>
        <name>tiz_srv_issue_cmd_event</name>
        <param>
          <type>const void *</type>
          <declname>ap_obj</declname>
        </param>
        <param>
          <type>OMX_COMMANDTYPE</type>
          <declname>a_cmd</declname>
        </param>
        <param>
          <type>OMX_U32</type>
          <declname>a_pid</declname>
        </param>
        <param>
          <type>OMX_ERRORTYPE</type>
          <declname>a_error</declname>
        </param>
        <briefdescription>
        </briefdescription>
        <detaileddescription>
        </detaileddescription>
        <inbodydescription>
        </inbodydescription>
        <location file="/home/joni/work/tizonia-master/libtizonia/src/tizservant.h" line="107" column="1" bodyfile="/home/joni/work/tizonia-master/libtizonia/src/tizservant.c" bodystart="577" bodyend="583"/>
      </memberdef>
      <memberdef kind="function" id="tizservant_8h_1a251d85abafeb50e5047b1f828fbf6942" prot="public" static="no" const="no" explicit="no" inline="no" virt="non-virtual">
        <type>void</type>
        <definition>void tiz_srv_issue_trans_event</definition>
        <argsstring>(const void *ap_obj, OMX_STATETYPE a_state, OMX_ERRORTYPE a_error)</argsstring>
        <name>tiz_srv_issue_trans_event</name>
        <param>
          <type>const void *</type>
          <declname>ap_obj</declname>
        </param>
        <param>
          <type>OMX_STATETYPE</type>
          <declname>a_state</declname>
        </param>
        <param>
          <type>OMX_ERRORTYPE</type>
          <declname>a_error</declname>
        </param>
        <briefdescription>
        </briefdescription>
        <detaileddescription>
        </detaileddescription>
        <inbodydescription>
        </inbodydescription>
        <location file="/home/joni/work/tizonia-master/libtizonia/src/tizservant.h" line="111" column="1" bodyfile="/home/joni/work/tizonia-master/libtizonia/src/tizservant.c" bodystart="597" bodyend="603"/>
      </memberdef>
      <memberdef kind="function" id="tizservant_8h_1aab47dd4e4906e296408dffd074432ad0" prot="public" static="no" const="no" explicit="no" inline="no" virt="non-virtual">
        <type>void</type>
        <definition>void tiz_srv_issue_buf_callback</definition>
        <argsstring>(const void *ap_obj, OMX_BUFFERHEADERTYPE *p_hdr, OMX_U32 pid, OMX_DIRTYPE dir, OMX_HANDLETYPE ap_tcomp)</argsstring>
        <name>tiz_srv_issue_buf_callback</name>
        <param>
          <type>const void *</type>
          <declname>ap_obj</declname>
        </param>
        <param>
          <type>OMX_BUFFERHEADERTYPE *</type>
          <declname>p_hdr</declname>
        </param>
        <param>
          <type>OMX_U32</type>
          <declname>pid</declname>
        </param>
        <param>
          <type>OMX_DIRTYPE</type>
          <declname>dir</declname>
        </param>
        <param>
          <type>OMX_HANDLETYPE</type>
          <declname>ap_tcomp</declname>
        </param>
        <briefdescription>
        </briefdescription>
        <detaileddescription>
        </detaileddescription>
        <inbodydescription>
        </inbodydescription>
        <location file="/home/joni/work/tizonia-master/libtizonia/src/tizservant.h" line="115" column="1" bodyfile="/home/joni/work/tizonia-master/libtizonia/src/tizservant.c" bodystart="651" bodyend="658"/>
      </memberdef>
      <memberdef kind="function" id="tizservant_8h_1aebb8464648c3cc14cb2cc1fa08aa2cc4" prot="public" static="no" const="no" explicit="no" inline="no" virt="non-virtual">
        <type>OMX_ERRORTYPE</type>
        <definition>OMX_ERRORTYPE tiz_srv_receive_pluggable_event</definition>
        <argsstring>(void *ap_obj, tiz_event_pluggable_t *ap_event)</argsstring>
        <name>tiz_srv_receive_pluggable_event</name>
        <param>
          <type>void *</type>
          <declname>ap_obj</declname>
        </param>
        <param>
          <type><ref refid="group__tizscheduler_1gac29f5b4b6b6d09ee0b77b87c126709f3" kindref="member">tiz_event_pluggable_t</ref> *</type>
          <declname>ap_event</declname>
        </param>
        <briefdescription>
        </briefdescription>
        <detaileddescription>
        </detaileddescription>
        <inbodydescription>
        </inbodydescription>
        <location file="/home/joni/work/tizonia-master/libtizonia/src/tizservant.h" line="121" column="1" bodyfile="/home/joni/work/tizonia-master/libtizonia/src/tizservant.c" bodystart="667" bodyend="673"/>
      </memberdef>
      <memberdef kind="function" id="tizservant_8h_1a78966b5be4b092ba0047c4b1476dbfb5" prot="public" static="no" const="no" explicit="no" inline="no" virt="non-virtual">
        <type>void *</type>
        <definition>void* tiz_srv_soa_calloc</definition>
        <argsstring>(void *ap_obj, size_t a_size)</argsstring>
        <name>tiz_srv_soa_calloc</name>
        <param>
          <type>void *</type>
          <declname>ap_obj</declname>
        </param>
        <param>
          <type>size_t</type>
          <declname>a_size</declname>
        </param>
        <briefdescription>
        </briefdescription>
        <detaileddescription>
        </detaileddescription>
        <inbodydescription>
        </inbodydescription>
        <location file="/home/joni/work/tizonia-master/libtizonia/src/tizservant.h" line="126" column="1" bodyfile="/home/joni/work/tizonia-master/libtizonia/src/tizservant.c" bodystart="684" bodyend="689"/>
      </memberdef>
      <memberdef kind="function" id="tizservant_8h_1a1d024043887aaa80ada7afb09714593d" prot="public" static="no" const="no" explicit="no" inline="no" virt="non-virtual">
        <type>void</type>
        <definition>void tiz_srv_soa_free</definition>
        <argsstring>(void *ap_obj, void *ap_addr)</argsstring>
        <name>tiz_srv_soa_free</name>
        <param>
          <type>void *</type>
          <declname>ap_obj</declname>
        </param>
        <param>
          <type>void *</type>
          <declname>ap_addr</declname>
        </param>
        <briefdescription>
        </briefdescription>
        <detaileddescription>
        </detaileddescription>
        <inbodydescription>
        </inbodydescription>
        <location file="/home/joni/work/tizonia-master/libtizonia/src/tizservant.h" line="128" column="1" bodyfile="/home/joni/work/tizonia-master/libtizonia/src/tizservant.c" bodystart="700" bodyend="705"/>
      </memberdef>
      <memberdef kind="function" id="tizservant_8h_1a81525b5eac8e4cecd3a09392bca63ea2" prot="public" static="no" const="no" explicit="no" inline="no" virt="non-virtual">
        <type>OMX_ERRORTYPE</type>
        <definition>OMX_ERRORTYPE tiz_srv_io_watcher_init</definition>
        <argsstring>(void *ap_obj, tiz_event_io_t **app_ev_io, int a_fd, tiz_event_io_event_t a_event, bool only_once)</argsstring>
        <name>tiz_srv_io_watcher_init</name>
        <param>
          <type>void *</type>
          <declname>ap_obj</declname>
        </param>
        <param>
          <type><ref refid="group__tizevent_1gae7a73afe22b85074857bb317a8659112" kindref="member">tiz_event_io_t</ref> **</type>
          <declname>app_ev_io</declname>
        </param>
        <param>
          <type>int</type>
          <declname>a_fd</declname>
        </param>
        <param>
          <type>tiz_event_io_event_t</type>
          <declname>a_event</declname>
        </param>
        <param>
          <type>bool</type>
          <declname>only_once</declname>
        </param>
        <briefdescription>
        </briefdescription>
        <detaileddescription>
        </detaileddescription>
        <inbodydescription>
        </inbodydescription>
        <location file="/home/joni/work/tizonia-master/libtizonia/src/tizservant.h" line="132" column="1" bodyfile="/home/joni/work/tizonia-master/libtizonia/src/tizservant.c" bodystart="731" bodyend="737"/>
      </memberdef>
      <memberdef kind="function" id="tizservant_8h_1a4d2723d297012c8d6809e4011092fb41" prot="public" static="no" const="no" explicit="no" inline="no" virt="non-virtual">
        <type>OMX_ERRORTYPE</type>
        <definition>OMX_ERRORTYPE tiz_srv_io_watcher_start</definition>
        <argsstring>(void *ap_obj, tiz_event_io_t *ap_ev_io)</argsstring>
        <name>tiz_srv_io_watcher_start</name>
        <param>
          <type>void *</type>
          <declname>ap_obj</declname>
        </param>
        <param>
          <type><ref refid="group__tizevent_1gae7a73afe22b85074857bb317a8659112" kindref="member">tiz_event_io_t</ref> *</type>
          <declname>ap_ev_io</declname>
        </param>
        <briefdescription>
        </briefdescription>
        <detaileddescription>
        </detaileddescription>
        <inbodydescription>
        </inbodydescription>
        <location file="/home/joni/work/tizonia-master/libtizonia/src/tizservant.h" line="135" column="1" bodyfile="/home/joni/work/tizonia-master/libtizonia/src/tizservant.c" bodystart="773" bodyend="778"/>
      </memberdef>
      <memberdef kind="function" id="tizservant_8h_1a36b2cfd11829a22582ae3a9d349ae5f3" prot="public" static="no" const="no" explicit="no" inline="no" virt="non-virtual">
        <type>OMX_ERRORTYPE</type>
        <definition>OMX_ERRORTYPE tiz_srv_io_watcher_stop</definition>
        <argsstring>(void *ap_obj, tiz_event_io_t *ap_ev_io)</argsstring>
        <name>tiz_srv_io_watcher_stop</name>
        <param>
          <type>void *</type>
          <declname>ap_obj</declname>
        </param>
        <param>
          <type><ref refid="group__tizevent_1gae7a73afe22b85074857bb317a8659112" kindref="member">tiz_event_io_t</ref> *</type>
          <declname>ap_ev_io</declname>
        </param>
        <briefdescription>
        </briefdescription>
        <detaileddescription>
        </detaileddescription>
        <inbodydescription>
        </inbodydescription>
        <location file="/home/joni/work/tizonia-master/libtizonia/src/tizservant.h" line="137" column="1" bodyfile="/home/joni/work/tizonia-master/libtizonia/src/tizservant.c" bodystart="801" bodyend="806"/>
      </memberdef>
      <memberdef kind="function" id="tizservant_8h_1a792fb17b1182bc3f4adb778be1ca5930" prot="public" static="no" const="no" explicit="no" inline="no" virt="non-virtual">
        <type>void</type>
        <definition>void tiz_srv_io_watcher_destroy</definition>
        <argsstring>(void *ap_obj, tiz_event_io_t *ap_ev_io)</argsstring>
        <name>tiz_srv_io_watcher_destroy</name>
        <param>
          <type>void *</type>
          <declname>ap_obj</declname>
        </param>
        <param>
          <type><ref refid="group__tizevent_1gae7a73afe22b85074857bb317a8659112" kindref="member">tiz_event_io_t</ref> *</type>
          <declname>ap_ev_io</declname>
        </param>
        <briefdescription>
        </briefdescription>
        <detaileddescription>
        </detaileddescription>
        <inbodydescription>
        </inbodydescription>
        <location file="/home/joni/work/tizonia-master/libtizonia/src/tizservant.h" line="139" column="1" bodyfile="/home/joni/work/tizonia-master/libtizonia/src/tizservant.c" bodystart="827" bodyend="832"/>
      </memberdef>
      <memberdef kind="function" id="tizservant_8h_1a4a875cdfa69b1ffd64ab34453e3e7cf7" prot="public" static="no" const="no" explicit="no" inline="no" virt="non-virtual">
        <type>OMX_ERRORTYPE</type>
        <definition>OMX_ERRORTYPE tiz_srv_timer_watcher_init</definition>
        <argsstring>(void *ap_obj, tiz_event_timer_t **app_ev_timer)</argsstring>
        <name>tiz_srv_timer_watcher_init</name>
        <param>
          <type>void *</type>
          <declname>ap_obj</declname>
        </param>
        <param>
          <type><ref refid="group__tizevent_1ga61beba9d851389a306528773ddd9a8ad" kindref="member">tiz_event_timer_t</ref> **</type>
          <declname>app_ev_timer</declname>
        </param>
        <briefdescription>
        </briefdescription>
        <detaileddescription>
        </detaileddescription>
        <inbodydescription>
        </inbodydescription>
        <location file="/home/joni/work/tizonia-master/libtizonia/src/tizservant.h" line="143" column="1" bodyfile="/home/joni/work/tizonia-master/libtizonia/src/tizservant.c" bodystart="855" bodyend="860"/>
      </memberdef>
      <memberdef kind="function" id="tizservant_8h_1aaf5c97ac185fdff05d0a6dcfa1942fac" prot="public" static="no" const="no" explicit="no" inline="no" virt="non-virtual">
        <type>OMX_ERRORTYPE</type>
        <definition>OMX_ERRORTYPE tiz_srv_timer_watcher_start</definition>
        <argsstring>(void *ap_obj, tiz_event_timer_t *ap_ev_timer, const double a_after, const double a_repeat)</argsstring>
        <name>tiz_srv_timer_watcher_start</name>
        <param>
          <type>void *</type>
          <declname>ap_obj</declname>
        </param>
        <param>
          <type><ref refid="group__tizevent_1ga61beba9d851389a306528773ddd9a8ad" kindref="member">tiz_event_timer_t</ref> *</type>
          <declname>ap_ev_timer</declname>
        </param>
        <param>
          <type>const double</type>
          <declname>a_after</declname>
        </param>
        <param>
          <type>const double</type>
          <declname>a_repeat</declname>
        </param>
        <briefdescription>
        </briefdescription>
        <detaileddescription>
        </detaileddescription>
        <inbodydescription>
        </inbodydescription>
        <location file="/home/joni/work/tizonia-master/libtizonia/src/tizservant.h" line="145" column="1" bodyfile="/home/joni/work/tizonia-master/libtizonia/src/tizservant.c" bodystart="898" bodyend="904"/>
      </memberdef>
      <memberdef kind="function" id="tizservant_8h_1a78d6c8300186ed65cf857586e93e49db" prot="public" static="no" const="no" explicit="no" inline="no" virt="non-virtual">
        <type>OMX_ERRORTYPE</type>
        <definition>OMX_ERRORTYPE tiz_srv_timer_watcher_restart</definition>
        <argsstring>(void *ap_obj, tiz_event_timer_t *ap_ev_timer)</argsstring>
        <name>tiz_srv_timer_watcher_restart</name>
        <param>
          <type>void *</type>
          <declname>ap_obj</declname>
        </param>
        <param>
          <type><ref refid="group__tizevent_1ga61beba9d851389a306528773ddd9a8ad" kindref="member">tiz_event_timer_t</ref> *</type>
          <declname>ap_ev_timer</declname>
        </param>
        <briefdescription>
        </briefdescription>
        <detaileddescription>
        </detaileddescription>
        <inbodydescription>
        </inbodydescription>
        <location file="/home/joni/work/tizonia-master/libtizonia/src/tizservant.h" line="148" column="1" bodyfile="/home/joni/work/tizonia-master/libtizonia/src/tizservant.c" bodystart="943" bodyend="948"/>
      </memberdef>
      <memberdef kind="function" id="tizservant_8h_1ab2e0f56322c8446f516fabeaffd4e767" prot="public" static="no" const="no" explicit="no" inline="no" virt="non-virtual">
        <type>OMX_ERRORTYPE</type>
        <definition>OMX_ERRORTYPE tiz_srv_timer_watcher_stop</definition>
        <argsstring>(void *ap_obj, tiz_event_timer_t *ap_ev_timer)</argsstring>
        <name>tiz_srv_timer_watcher_stop</name>
        <param>
          <type>void *</type>
          <declname>ap_obj</declname>
        </param>
        <param>
          <type><ref refid="group__tizevent_1ga61beba9d851389a306528773ddd9a8ad" kindref="member">tiz_event_timer_t</ref> *</type>
          <declname>ap_ev_timer</declname>
        </param>
        <briefdescription>
        </briefdescription>
        <detaileddescription>
        </detaileddescription>
        <inbodydescription>
        </inbodydescription>
        <location file="/home/joni/work/tizonia-master/libtizonia/src/tizservant.h" line="150" column="1" bodyfile="/home/joni/work/tizonia-master/libtizonia/src/tizservant.c" bodystart="971" bodyend="976"/>
      </memberdef>
      <memberdef kind="function" id="tizservant_8h_1a4d03016113d49f5f0dd34c0d4adcd8fd" prot="public" static="no" const="no" explicit="no" inline="no" virt="non-virtual">
        <type>void</type>
        <definition>void tiz_srv_timer_watcher_destroy</definition>
        <argsstring>(void *ap_obj, tiz_event_timer_t *ap_ev_timer)</argsstring>
        <name>tiz_srv_timer_watcher_destroy</name>
        <param>
          <type>void *</type>
          <declname>ap_obj</declname>
        </param>
        <param>
          <type><ref refid="group__tizevent_1ga61beba9d851389a306528773ddd9a8ad" kindref="member">tiz_event_timer_t</ref> *</type>
          <declname>ap_ev_timer</declname>
        </param>
        <briefdescription>
        </briefdescription>
        <detaileddescription>
        </detaileddescription>
        <inbodydescription>
        </inbodydescription>
        <location file="/home/joni/work/tizonia-master/libtizonia/src/tizservant.h" line="152" column="1" bodyfile="/home/joni/work/tizonia-master/libtizonia/src/tizservant.c" bodystart="995" bodyend="1000"/>
      </memberdef>
      <memberdef kind="function" id="tizservant_8h_1a9bfaf12eb7f44393aa2316bed835cf93" prot="public" static="no" const="no" explicit="no" inline="no" virt="non-virtual">
        <type>OMX_ERRORTYPE</type>
        <definition>OMX_ERRORTYPE tiz_srv_event_io</definition>
        <argsstring>(void *ap_obj, tiz_event_io_t *ap_ev_io, const uint32_t a_id, int a_fd, int a_events)</argsstring>
        <name>tiz_srv_event_io</name>
        <param>
          <type>void *</type>
          <declname>ap_obj</declname>
        </param>
        <param>
          <type><ref refid="group__tizevent_1gae7a73afe22b85074857bb317a8659112" kindref="member">tiz_event_io_t</ref> *</type>
          <declname>ap_ev_io</declname>
        </param>
        <param>
          <type>const uint32_t</type>
          <declname>a_id</declname>
        </param>
        <param>
          <type>int</type>
          <declname>a_fd</declname>
        </param>
        <param>
          <type>int</type>
          <declname>a_events</declname>
        </param>
        <briefdescription>
        </briefdescription>
        <detaileddescription>
        </detaileddescription>
        <inbodydescription>
        </inbodydescription>
        <location file="/home/joni/work/tizonia-master/libtizonia/src/tizservant.h" line="158" column="1" bodyfile="/home/joni/work/tizonia-master/libtizonia/src/tizservant.c" bodystart="1033" bodyend="1039"/>
      </memberdef>
      <memberdef kind="function" id="tizservant_8h_1a746b7ca9b19437088a97f20d32fe6f51" prot="public" static="no" const="no" explicit="no" inline="no" virt="non-virtual">
        <type>OMX_ERRORTYPE</type>
        <definition>OMX_ERRORTYPE tiz_srv_event_timer</definition>
        <argsstring>(void *ap_obj, tiz_event_timer_t *ap_ev_timer, const uint32_t a_id)</argsstring>
        <name>tiz_srv_event_timer</name>
        <param>
          <type>void *</type>
          <declname>ap_obj</declname>
        </param>
        <param>
          <type><ref refid="group__tizevent_1ga61beba9d851389a306528773ddd9a8ad" kindref="member">tiz_event_timer_t</ref> *</type>
          <declname>ap_ev_timer</declname>
        </param>
        <param>
          <type>const uint32_t</type>
          <declname>a_id</declname>
        </param>
        <briefdescription>
        </briefdescription>
        <detaileddescription>
        </detaileddescription>
        <inbodydescription>
        </inbodydescription>
        <location file="/home/joni/work/tizonia-master/libtizonia/src/tizservant.h" line="161" column="1" bodyfile="/home/joni/work/tizonia-master/libtizonia/src/tizservant.c" bodystart="1075" bodyend="1081"/>
      </memberdef>
      <memberdef kind="function" id="tizservant_8h_1af03e66741ae6431f36643c2d48892117" prot="public" static="no" const="no" explicit="no" inline="no" virt="non-virtual">
        <type>OMX_ERRORTYPE</type>
        <definition>OMX_ERRORTYPE tiz_srv_event_stat</definition>
        <argsstring>(void *ap_obj, tiz_event_stat_t *ap_ev_stat, const uint32_t a_id, int a_events)</argsstring>
        <name>tiz_srv_event_stat</name>
        <param>
          <type>void *</type>
          <declname>ap_obj</declname>
        </param>
        <param>
          <type><ref refid="group__tizevent_1ga931c3365eb26ccdc029967af0c381f19" kindref="member">tiz_event_stat_t</ref> *</type>
          <declname>ap_ev_stat</declname>
        </param>
        <param>
          <type>const uint32_t</type>
          <declname>a_id</declname>
        </param>
        <param>
          <type>int</type>
          <declname>a_events</declname>
        </param>
        <briefdescription>
        </briefdescription>
        <detaileddescription>
        </detaileddescription>
        <inbodydescription>
        </inbodydescription>
        <location file="/home/joni/work/tizonia-master/libtizonia/src/tizservant.h" line="164" column="1" bodyfile="/home/joni/work/tizonia-master/libtizonia/src/tizservant.c" bodystart="1091" bodyend="1097"/>
      </memberdef>
      <memberdef kind="function" id="tizservant_8h_1ac3b0e644a75974a324e4846bc6475de8" prot="public" static="no" const="no" explicit="no" inline="no" virt="non-virtual">
        <type>OMX_ERRORTYPE</type>
        <definition>OMX_ERRORTYPE tiz_srv_io_ready</definition>
        <argsstring>(void *ap_obj, tiz_event_io_t *ap_ev_io, int a_fd, int a_events)</argsstring>
        <name>tiz_srv_io_ready</name>
        <param>
          <type>void *</type>
          <declname>ap_obj</declname>
        </param>
        <param>
          <type><ref refid="group__tizevent_1gae7a73afe22b85074857bb317a8659112" kindref="member">tiz_event_io_t</ref> *</type>
          <declname>ap_ev_io</declname>
        </param>
        <param>
          <type>int</type>
          <declname>a_fd</declname>
        </param>
        <param>
          <type>int</type>
          <declname>a_events</declname>
        </param>
        <briefdescription>
        </briefdescription>
        <detaileddescription>
        </detaileddescription>
        <inbodydescription>
        </inbodydescription>
        <location file="/home/joni/work/tizonia-master/libtizonia/src/tizservant.h" line="169" column="1" bodyfile="/home/joni/work/tizonia-master/libtizonia/src/tizservant.c" bodystart="1107" bodyend="1113"/>
      </memberdef>
      <memberdef kind="function" id="tizservant_8h_1affacf90580493a9877b5acd325cfb67b" prot="public" static="no" const="no" explicit="no" inline="no" virt="non-virtual">
        <type>OMX_ERRORTYPE</type>
        <definition>OMX_ERRORTYPE tiz_srv_timer_ready</definition>
        <argsstring>(void *ap_obj, tiz_event_timer_t *ap_ev_timer)</argsstring>
        <name>tiz_srv_timer_ready</name>
        <param>
          <type>void *</type>
          <declname>ap_obj</declname>
        </param>
        <param>
          <type><ref refid="group__tizevent_1ga61beba9d851389a306528773ddd9a8ad" kindref="member">tiz_event_timer_t</ref> *</type>
          <declname>ap_ev_timer</declname>
        </param>
        <briefdescription>
        </briefdescription>
        <detaileddescription>
        </detaileddescription>
        <inbodydescription>
        </inbodydescription>
        <location file="/home/joni/work/tizonia-master/libtizonia/src/tizservant.h" line="172" column="1" bodyfile="/home/joni/work/tizonia-master/libtizonia/src/tizservant.c" bodystart="1122" bodyend="1127"/>
      </memberdef>
      <memberdef kind="function" id="tizservant_8h_1ad993fd8f214a3cf66cb5607b7bc1db8d" prot="public" static="no" const="no" explicit="no" inline="no" virt="non-virtual">
        <type>OMX_ERRORTYPE</type>
        <definition>OMX_ERRORTYPE tiz_srv_stat_ready</definition>
        <argsstring>(void *ap_obj, tiz_event_stat_t *ap_ev_stat, int a_events)</argsstring>
        <name>tiz_srv_stat_ready</name>
        <param>
          <type>void *</type>
          <declname>ap_obj</declname>
        </param>
        <param>
          <type><ref refid="group__tizevent_1ga931c3365eb26ccdc029967af0c381f19" kindref="member">tiz_event_stat_t</ref> *</type>
          <declname>ap_ev_stat</declname>
        </param>
        <param>
          <type>int</type>
          <declname>a_events</declname>
        </param>
        <briefdescription>
        </briefdescription>
        <detaileddescription>
        </detaileddescription>
        <inbodydescription>
        </inbodydescription>
        <location file="/home/joni/work/tizonia-master/libtizonia/src/tizservant.h" line="174" column="1" bodyfile="/home/joni/work/tizonia-master/libtizonia/src/tizservant.c" bodystart="1136" bodyend="1141"/>
      </memberdef>
      </sectiondef>
    <briefdescription>
<para>Tizonia OpenMAX IL - Servant class. </para>    </briefdescription>
    <detaileddescription>
<para>Copyright (C) 2011-2018 Aratelia Limited - Juan A. Rubio</para><para>This file is part of Tizonia</para><para>Tizonia is free software: you can redistribute it and/or modify it under the terms of the GNU Lesser General Public License as published by the Free Software Foundation, either version 3 of the License, or (at your option) any later version.</para><para>Tizonia is distributed in the hope that it will be useful, but WITHOUT ANY WARRANTY; without even the implied warranty of MERCHANTABILITY or FITNESS FOR A PARTICULAR PURPOSE. See the GNU Lesser General Public License for more details.</para><para>You should have received a copy of the GNU Lesser General Public License along with Tizonia. If not, see <ulink url="http://www.gnu.org/licenses/">http://www.gnu.org/licenses/</ulink>.</para><para><simplesect kind="author"><para>Juan A. Rubio <ulink url="mailto:juan.rubio@aratelia.com">juan.rubio@aratelia.com</ulink> </para></simplesect>
</para>    </detaileddescription>
    <programlisting>
<codeline lineno="1"></codeline>
<codeline lineno="29"><highlight class="preprocessor">#ifndef<sp/>TIZSERVANT_H</highlight><highlight class="normal"></highlight></codeline>
<codeline lineno="30"><highlight class="normal"></highlight><highlight class="preprocessor">#define<sp/>TIZSERVANT_H</highlight><highlight class="normal"></highlight></codeline>
<codeline lineno="31"><highlight class="normal"></highlight></codeline>
<codeline lineno="32"><highlight class="normal"></highlight><highlight class="preprocessor">#ifdef<sp/>__cplusplus</highlight><highlight class="normal"></highlight></codeline>
<codeline lineno="33"><highlight class="normal"></highlight><highlight class="keyword">extern</highlight><highlight class="normal"><sp/></highlight><highlight class="stringliteral">&quot;C&quot;</highlight><highlight class="normal"><sp/>{</highlight></codeline>
<codeline lineno="34"><highlight class="normal"></highlight><highlight class="preprocessor">#endif</highlight><highlight class="normal"></highlight></codeline>
<codeline lineno="35"><highlight class="normal"></highlight></codeline>
<codeline lineno="36"><highlight class="normal"></highlight><highlight class="preprocessor">#include<sp/>&lt;OMX_Core.h&gt;</highlight><highlight class="normal"></highlight></codeline>
<codeline lineno="37"><highlight class="normal"></highlight></codeline>
<codeline lineno="38"><highlight class="normal"></highlight><highlight class="preprocessor">#include<sp/>&lt;tizplatform.h&gt;</highlight><highlight class="normal"></highlight></codeline>
<codeline lineno="39"><highlight class="normal"></highlight></codeline>
<codeline lineno="40"><highlight class="normal"></highlight><highlight class="preprocessor">#include<sp/>&quot;tizscheduler.h&quot;</highlight><highlight class="normal"></highlight></codeline>
<codeline lineno="41"><highlight class="normal"></highlight><highlight class="preprocessor">#include<sp/>&quot;tizapi.h&quot;</highlight><highlight class="normal"></highlight></codeline>
<codeline lineno="42"><highlight class="normal"></highlight></codeline>
<codeline lineno="43"><highlight class="normal"></highlight><highlight class="keywordtype">void</highlight><highlight class="normal"><sp/>*</highlight></codeline>
<codeline lineno="44"><highlight class="normal">tiz_srv_class_init<sp/>(</highlight><highlight class="keywordtype">void</highlight><highlight class="normal"><sp/>*<sp/>ap_tos,<sp/></highlight><highlight class="keywordtype">void</highlight><highlight class="normal"><sp/>*<sp/>ap_hdl);</highlight></codeline>
<codeline lineno="45"><highlight class="normal"></highlight><highlight class="keywordtype">void</highlight><highlight class="normal"><sp/>*</highlight></codeline>
<codeline lineno="46"><highlight class="normal">tiz_srv_init<sp/>(</highlight><highlight class="keywordtype">void</highlight><highlight class="normal"><sp/>*<sp/>ap_tos,<sp/></highlight><highlight class="keywordtype">void</highlight><highlight class="normal"><sp/>*<sp/>ap_hdl);</highlight></codeline>
<codeline lineno="47"><highlight class="normal"></highlight></codeline>
<codeline lineno="48"><highlight class="normal">OMX_ERRORTYPE</highlight></codeline>
<codeline lineno="49"><highlight class="normal">tiz_srv_set_allocator<sp/>(</highlight><highlight class="keywordtype">void</highlight><highlight class="normal"><sp/>*<sp/>ap_obj,<sp/><ref refid="structtiz__soa" kindref="compound">tiz_soa_t</ref><sp/>*<sp/>p_soa);</highlight></codeline>
<codeline lineno="50"><highlight class="normal"></highlight></codeline>
<codeline lineno="51"><highlight class="normal"></highlight><highlight class="keywordtype">void</highlight><highlight class="normal"></highlight></codeline>
<codeline lineno="52"><highlight class="normal">tiz_srv_set_callbacks<sp/>(</highlight><highlight class="keywordtype">void</highlight><highlight class="normal"><sp/>*<sp/>ap_obj,<sp/>OMX_PTR<sp/>ap_appdata,</highlight></codeline>
<codeline lineno="53"><highlight class="normal"><sp/><sp/><sp/><sp/><sp/><sp/><sp/><sp/><sp/><sp/><sp/><sp/><sp/><sp/><sp/><sp/><sp/><sp/><sp/><sp/><sp/><sp/><sp/>OMX_CALLBACKTYPE<sp/>*<sp/>ap_cbacks);</highlight></codeline>
<codeline lineno="54"><highlight class="normal"></highlight></codeline>
<codeline lineno="55"><highlight class="normal">OMX_ERRORTYPE</highlight></codeline>
<codeline lineno="56"><highlight class="normal">tiz_srv_tick<sp/>(</highlight><highlight class="keyword">const</highlight><highlight class="normal"><sp/></highlight><highlight class="keywordtype">void</highlight><highlight class="normal"><sp/>*<sp/>ap_obj);</highlight></codeline>
<codeline lineno="57"><highlight class="normal"></highlight></codeline>
<codeline lineno="58"><highlight class="normal">OMX_PTR</highlight></codeline>
<codeline lineno="59"><highlight class="normal">tiz_srv_init_msg<sp/>(</highlight><highlight class="keywordtype">void</highlight><highlight class="normal"><sp/>*<sp/>ap_obj,<sp/></highlight><highlight class="keywordtype">size_t</highlight><highlight class="normal"><sp/>msg_sz);</highlight></codeline>
<codeline lineno="60"><highlight class="normal"></highlight></codeline>
<codeline lineno="61"><highlight class="normal">OMX_ERRORTYPE</highlight></codeline>
<codeline lineno="62"><highlight class="normal">tiz_srv_enqueue<sp/>(</highlight><highlight class="keyword">const</highlight><highlight class="normal"><sp/></highlight><highlight class="keywordtype">void</highlight><highlight class="normal"><sp/>*<sp/>ap_obj,<sp/>OMX_PTR<sp/>ap_data,<sp/>OMX_U32<sp/>a_priority);</highlight></codeline>
<codeline lineno="63"><highlight class="normal"></highlight></codeline>
<codeline lineno="64"><highlight class="normal"></highlight><highlight class="keywordtype">void</highlight><highlight class="normal"></highlight></codeline>
<codeline lineno="65"><highlight class="normal">tiz_srv_remove_from_queue<sp/>(</highlight><highlight class="keyword">const</highlight><highlight class="normal"><sp/></highlight><highlight class="keywordtype">void</highlight><highlight class="normal"><sp/>*<sp/>ap_obj,</highlight></codeline>
<codeline lineno="66"><highlight class="normal"><sp/><sp/><sp/><sp/><sp/><sp/><sp/><sp/><sp/><sp/><sp/><sp/><sp/><sp/><sp/><sp/><sp/><sp/><sp/><sp/><sp/><sp/><sp/><sp/><sp/><sp/><sp/></highlight><highlight class="comment">/*@null@*/</highlight><highlight class="normal"><sp/>tiz_pq_func_f<sp/>apf_func,<sp/>OMX_S32<sp/>a_data1,</highlight></codeline>
<codeline lineno="67"><highlight class="normal"><sp/><sp/><sp/><sp/><sp/><sp/><sp/><sp/><sp/><sp/><sp/><sp/><sp/><sp/><sp/><sp/><sp/><sp/><sp/><sp/><sp/><sp/><sp/><sp/><sp/><sp/><sp/>OMX_PTR<sp/>ap_data2);</highlight></codeline>
<codeline lineno="68"><highlight class="normal"></highlight></codeline>
<codeline lineno="69"><highlight class="normal">OMX_ERRORTYPE</highlight></codeline>
<codeline lineno="70"><highlight class="normal">tiz_srv_dispatch_msg<sp/>(</highlight><highlight class="keyword">const</highlight><highlight class="normal"><sp/></highlight><highlight class="keywordtype">void</highlight><highlight class="normal"><sp/>*<sp/>ap_obj,<sp/>OMX_PTR<sp/>ap_data);</highlight></codeline>
<codeline lineno="71"><highlight class="normal"></highlight></codeline>
<codeline lineno="72"><highlight class="normal"></highlight><highlight class="keywordtype">bool</highlight><highlight class="normal"></highlight></codeline>
<codeline lineno="73"><highlight class="normal">tiz_srv_is_ready<sp/>(</highlight><highlight class="keyword">const</highlight><highlight class="normal"><sp/></highlight><highlight class="keywordtype">void</highlight><highlight class="normal"><sp/>*<sp/>ap_obj);</highlight></codeline>
<codeline lineno="74"><highlight class="normal"></highlight></codeline>
<codeline lineno="75"><highlight class="normal">OMX_ERRORTYPE</highlight></codeline>
<codeline lineno="76"><highlight class="normal">tiz_srv_allocate_resources<sp/>(</highlight><highlight class="keyword">const</highlight><highlight class="normal"><sp/></highlight><highlight class="keywordtype">void</highlight><highlight class="normal"><sp/>*<sp/>ap_obj,<sp/>OMX_U32<sp/>a_pid);</highlight></codeline>
<codeline lineno="77"><highlight class="normal"></highlight></codeline>
<codeline lineno="78"><highlight class="normal">OMX_ERRORTYPE</highlight></codeline>
<codeline lineno="79"><highlight class="normal">tiz_srv_deallocate_resources<sp/>(</highlight><highlight class="keyword">const</highlight><highlight class="normal"><sp/></highlight><highlight class="keywordtype">void</highlight><highlight class="normal"><sp/>*<sp/>ap_obj);</highlight></codeline>
<codeline lineno="80"><highlight class="normal"></highlight></codeline>
<codeline lineno="81"><highlight class="normal">OMX_ERRORTYPE</highlight></codeline>
<codeline lineno="82"><highlight class="normal">tiz_srv_prepare_to_transfer<sp/>(</highlight><highlight class="keyword">const</highlight><highlight class="normal"><sp/></highlight><highlight class="keywordtype">void</highlight><highlight class="normal"><sp/>*<sp/>ap_obj,<sp/>OMX_U32<sp/>a_pid);</highlight></codeline>
<codeline lineno="83"><highlight class="normal"></highlight></codeline>
<codeline lineno="84"><highlight class="normal">OMX_ERRORTYPE</highlight></codeline>
<codeline lineno="85"><highlight class="normal">tiz_srv_transfer_and_process<sp/>(</highlight><highlight class="keyword">const</highlight><highlight class="normal"><sp/></highlight><highlight class="keywordtype">void</highlight><highlight class="normal"><sp/>*<sp/>ap_obj,<sp/>OMX_U32<sp/>a_pid);</highlight></codeline>
<codeline lineno="86"><highlight class="normal"></highlight></codeline>
<codeline lineno="87"><highlight class="normal">OMX_ERRORTYPE</highlight></codeline>
<codeline lineno="88"><highlight class="normal">tiz_srv_stop_and_return<sp/>(</highlight><highlight class="keyword">const</highlight><highlight class="normal"><sp/></highlight><highlight class="keywordtype">void</highlight><highlight class="normal"><sp/>*<sp/>ap_obj);</highlight></codeline>
<codeline lineno="89"><highlight class="normal"></highlight></codeline>
<codeline lineno="90"><highlight class="normal"></highlight><highlight class="comment">/*</highlight></codeline>
<codeline lineno="91"><highlight class="comment"><sp/>*<sp/>Event/callback<sp/>handling</highlight></codeline>
<codeline lineno="92"><highlight class="comment"><sp/>*/</highlight><highlight class="normal"></highlight></codeline>
<codeline lineno="93"><highlight class="normal"></highlight></codeline>
<codeline lineno="94"><highlight class="normal"></highlight><highlight class="keywordtype">void</highlight><highlight class="normal"></highlight></codeline>
<codeline lineno="95"><highlight class="normal">tiz_srv_issue_event<sp/>(</highlight><highlight class="keyword">const</highlight><highlight class="normal"><sp/></highlight><highlight class="keywordtype">void</highlight><highlight class="normal"><sp/>*<sp/>ap_obj,<sp/>OMX_EVENTTYPE<sp/>a_event,</highlight></codeline>
<codeline lineno="96"><highlight class="normal"><sp/><sp/><sp/><sp/><sp/><sp/><sp/><sp/><sp/><sp/><sp/><sp/><sp/><sp/><sp/><sp/><sp/><sp/><sp/><sp/><sp/>OMX_U32<sp/>a_data1,<sp/>OMX_U32<sp/>a_data2,</highlight></codeline>
<codeline lineno="97"><highlight class="normal"><sp/><sp/><sp/><sp/><sp/><sp/><sp/><sp/><sp/><sp/><sp/><sp/><sp/><sp/><sp/><sp/><sp/><sp/><sp/><sp/><sp/></highlight><highlight class="comment">/*@null@*/</highlight><highlight class="normal"><sp/>OMX_PTR<sp/>ap_eventdata);</highlight></codeline>
<codeline lineno="98"><highlight class="normal"></highlight></codeline>
<codeline lineno="99"><highlight class="normal"></highlight><highlight class="keywordtype">void</highlight><highlight class="normal"></highlight></codeline>
<codeline lineno="100"><highlight class="normal">tiz_srv_issue_err_event<sp/>(</highlight><highlight class="keyword">const</highlight><highlight class="normal"><sp/></highlight><highlight class="keywordtype">void</highlight><highlight class="normal"><sp/>*<sp/>ap_obj,<sp/>OMX_ERRORTYPE<sp/>a_error);</highlight></codeline>
<codeline lineno="101"><highlight class="normal"></highlight></codeline>
<codeline lineno="102"><highlight class="normal"></highlight><highlight class="keywordtype">void</highlight><highlight class="normal"></highlight></codeline>
<codeline lineno="103"><highlight class="normal">tiz_srv_issue_err_event_with_data<sp/>(</highlight><highlight class="keyword">const</highlight><highlight class="normal"><sp/></highlight><highlight class="keywordtype">void</highlight><highlight class="normal"><sp/>*<sp/>ap_obj,<sp/>OMX_ERRORTYPE<sp/>a_error,</highlight></codeline>
<codeline lineno="104"><highlight class="normal"><sp/><sp/><sp/><sp/><sp/><sp/><sp/><sp/><sp/><sp/><sp/><sp/><sp/><sp/><sp/><sp/><sp/><sp/><sp/><sp/><sp/><sp/><sp/><sp/><sp/><sp/><sp/><sp/><sp/><sp/><sp/><sp/><sp/><sp/><sp/>OMX_STRING<sp/>ap_msg);</highlight></codeline>
<codeline lineno="105"><highlight class="normal"></highlight></codeline>
<codeline lineno="106"><highlight class="normal"></highlight><highlight class="keywordtype">void</highlight><highlight class="normal"></highlight></codeline>
<codeline lineno="107"><highlight class="normal">tiz_srv_issue_cmd_event<sp/>(</highlight><highlight class="keyword">const</highlight><highlight class="normal"><sp/></highlight><highlight class="keywordtype">void</highlight><highlight class="normal"><sp/>*<sp/>ap_obj,<sp/>OMX_COMMANDTYPE<sp/>a_cmd,</highlight></codeline>
<codeline lineno="108"><highlight class="normal"><sp/><sp/><sp/><sp/><sp/><sp/><sp/><sp/><sp/><sp/><sp/><sp/><sp/><sp/><sp/><sp/><sp/><sp/><sp/><sp/><sp/><sp/><sp/><sp/><sp/>OMX_U32<sp/>a_pid,<sp/>OMX_ERRORTYPE<sp/>a_error);</highlight></codeline>
<codeline lineno="109"><highlight class="normal"></highlight></codeline>
<codeline lineno="110"><highlight class="normal"></highlight><highlight class="keywordtype">void</highlight><highlight class="normal"></highlight></codeline>
<codeline lineno="111"><highlight class="normal">tiz_srv_issue_trans_event<sp/>(</highlight><highlight class="keyword">const</highlight><highlight class="normal"><sp/></highlight><highlight class="keywordtype">void</highlight><highlight class="normal"><sp/>*<sp/>ap_obj,<sp/>OMX_STATETYPE<sp/>a_state,</highlight></codeline>
<codeline lineno="112"><highlight class="normal"><sp/><sp/><sp/><sp/><sp/><sp/><sp/><sp/><sp/><sp/><sp/><sp/><sp/><sp/><sp/><sp/><sp/><sp/><sp/><sp/><sp/><sp/><sp/><sp/><sp/><sp/><sp/>OMX_ERRORTYPE<sp/>a_error);</highlight></codeline>
<codeline lineno="113"><highlight class="normal"></highlight></codeline>
<codeline lineno="114"><highlight class="normal"></highlight><highlight class="keywordtype">void</highlight><highlight class="normal"></highlight></codeline>
<codeline lineno="115"><highlight class="normal">tiz_srv_issue_buf_callback<sp/>(</highlight><highlight class="keyword">const</highlight><highlight class="normal"><sp/></highlight><highlight class="keywordtype">void</highlight><highlight class="normal"><sp/>*<sp/>ap_obj,<sp/>OMX_BUFFERHEADERTYPE<sp/>*<sp/>p_hdr,</highlight></codeline>
<codeline lineno="116"><highlight class="normal"><sp/><sp/><sp/><sp/><sp/><sp/><sp/><sp/><sp/><sp/><sp/><sp/><sp/><sp/><sp/><sp/><sp/><sp/><sp/><sp/><sp/><sp/><sp/><sp/><sp/><sp/><sp/><sp/>OMX_U32<sp/>pid,<sp/>OMX_DIRTYPE<sp/>dir,</highlight></codeline>
<codeline lineno="117"><highlight class="normal"><sp/><sp/><sp/><sp/><sp/><sp/><sp/><sp/><sp/><sp/><sp/><sp/><sp/><sp/><sp/><sp/><sp/><sp/><sp/><sp/><sp/><sp/><sp/><sp/><sp/><sp/><sp/><sp/>OMX_HANDLETYPE<sp/>ap_tcomp);</highlight></codeline>
<codeline lineno="118"><highlight class="normal"></highlight></codeline>
<codeline lineno="119"><highlight class="normal"></highlight><highlight class="comment">/*<sp/>Pluggable<sp/>events<sp/>interface<sp/>*/</highlight><highlight class="normal"></highlight></codeline>
<codeline lineno="120"><highlight class="normal">OMX_ERRORTYPE</highlight></codeline>
<codeline lineno="121"><highlight class="normal">tiz_srv_receive_pluggable_event<sp/>(</highlight><highlight class="keywordtype">void</highlight><highlight class="normal"><sp/>*<sp/>ap_obj,</highlight></codeline>
<codeline lineno="122"><highlight class="normal"><sp/><sp/><sp/><sp/><sp/><sp/><sp/><sp/><sp/><sp/><sp/><sp/><sp/><sp/><sp/><sp/><sp/><sp/><sp/><sp/><sp/><sp/><sp/><sp/><sp/><sp/><sp/><sp/><sp/><sp/><sp/><sp/><sp/><ref refid="structtiz__event__pluggable" kindref="compound">tiz_event_pluggable_t</ref><sp/>*<sp/>ap_event);</highlight></codeline>
<codeline lineno="123"><highlight class="normal"></highlight></codeline>
<codeline lineno="124"><highlight class="normal"></highlight><highlight class="comment">/*<sp/>Small<sp/>object<sp/>allocator<sp/>access<sp/>*/</highlight><highlight class="normal"></highlight></codeline>
<codeline lineno="125"><highlight class="normal"></highlight><highlight class="keywordtype">void</highlight><highlight class="normal"><sp/>*</highlight></codeline>
<codeline lineno="126"><highlight class="normal">tiz_srv_soa_calloc<sp/>(</highlight><highlight class="keywordtype">void</highlight><highlight class="normal"><sp/>*<sp/>ap_obj,<sp/></highlight><highlight class="keywordtype">size_t</highlight><highlight class="normal"><sp/>a_size);</highlight></codeline>
<codeline lineno="127"><highlight class="normal"></highlight><highlight class="keywordtype">void</highlight><highlight class="normal"></highlight></codeline>
<codeline lineno="128"><highlight class="normal">tiz_srv_soa_free<sp/>(</highlight><highlight class="keywordtype">void</highlight><highlight class="normal"><sp/>*<sp/>ap_obj,<sp/></highlight><highlight class="keywordtype">void</highlight><highlight class="normal"><sp/>*<sp/>ap_addr);</highlight></codeline>
<codeline lineno="129"><highlight class="normal"></highlight></codeline>
<codeline lineno="130"><highlight class="normal"></highlight><highlight class="comment">/*<sp/>io<sp/>event<sp/>helpers<sp/>*/</highlight><highlight class="normal"></highlight></codeline>
<codeline lineno="131"><highlight class="normal">OMX_ERRORTYPE</highlight></codeline>
<codeline lineno="132"><highlight class="normal">tiz_srv_io_watcher_init<sp/>(</highlight><highlight class="keywordtype">void</highlight><highlight class="normal"><sp/>*<sp/>ap_obj,<sp/><ref refid="structtiz__event__io" kindref="compound">tiz_event_io_t</ref><sp/>**<sp/>app_ev_io,<sp/></highlight><highlight class="keywordtype">int</highlight><highlight class="normal"><sp/>a_fd,</highlight></codeline>
<codeline lineno="133"><highlight class="normal"><sp/><sp/><sp/><sp/><sp/><sp/><sp/><sp/><sp/><sp/><sp/><sp/><sp/><sp/><sp/><sp/><sp/><sp/><sp/><sp/><sp/><sp/><sp/><sp/><sp/>tiz_event_io_event_t<sp/>a_event,<sp/></highlight><highlight class="keywordtype">bool</highlight><highlight class="normal"><sp/>only_once);</highlight></codeline>
<codeline lineno="134"><highlight class="normal">OMX_ERRORTYPE</highlight></codeline>
<codeline lineno="135"><highlight class="normal">tiz_srv_io_watcher_start<sp/>(</highlight><highlight class="keywordtype">void</highlight><highlight class="normal"><sp/>*<sp/>ap_obj,<sp/><ref refid="structtiz__event__io" kindref="compound">tiz_event_io_t</ref><sp/>*<sp/>ap_ev_io);</highlight></codeline>
<codeline lineno="136"><highlight class="normal">OMX_ERRORTYPE</highlight></codeline>
<codeline lineno="137"><highlight class="normal">tiz_srv_io_watcher_stop<sp/>(</highlight><highlight class="keywordtype">void</highlight><highlight class="normal"><sp/>*<sp/>ap_obj,<sp/><ref refid="structtiz__event__io" kindref="compound">tiz_event_io_t</ref><sp/>*<sp/>ap_ev_io);</highlight></codeline>
<codeline lineno="138"><highlight class="normal"></highlight><highlight class="keywordtype">void</highlight><highlight class="normal"></highlight></codeline>
<codeline lineno="139"><highlight class="normal">tiz_srv_io_watcher_destroy<sp/>(</highlight><highlight class="keywordtype">void</highlight><highlight class="normal"><sp/>*<sp/>ap_obj,<sp/><ref refid="structtiz__event__io" kindref="compound">tiz_event_io_t</ref><sp/>*<sp/>ap_ev_io);</highlight></codeline>
<codeline lineno="140"><highlight class="normal"></highlight></codeline>
<codeline lineno="141"><highlight class="normal"></highlight><highlight class="comment">/*<sp/>timer<sp/>event<sp/>helpers<sp/>*/</highlight><highlight class="normal"></highlight></codeline>
<codeline lineno="142"><highlight class="normal">OMX_ERRORTYPE</highlight></codeline>
<codeline lineno="143"><highlight class="normal">tiz_srv_timer_watcher_init<sp/>(</highlight><highlight class="keywordtype">void</highlight><highlight class="normal"><sp/>*<sp/>ap_obj,<sp/><ref refid="structtiz__event__timer" kindref="compound">tiz_event_timer_t</ref><sp/>**<sp/>app_ev_timer);</highlight></codeline>
<codeline lineno="144"><highlight class="normal">OMX_ERRORTYPE</highlight></codeline>
<codeline lineno="145"><highlight class="normal">tiz_srv_timer_watcher_start<sp/>(</highlight><highlight class="keywordtype">void</highlight><highlight class="normal"><sp/>*<sp/>ap_obj,<sp/><ref refid="structtiz__event__timer" kindref="compound">tiz_event_timer_t</ref><sp/>*<sp/>ap_ev_timer,</highlight></codeline>
<codeline lineno="146"><highlight class="normal"><sp/><sp/><sp/><sp/><sp/><sp/><sp/><sp/><sp/><sp/><sp/><sp/><sp/><sp/><sp/><sp/><sp/><sp/><sp/><sp/><sp/><sp/><sp/><sp/><sp/><sp/><sp/><sp/><sp/></highlight><highlight class="keyword">const</highlight><highlight class="normal"><sp/></highlight><highlight class="keywordtype">double</highlight><highlight class="normal"><sp/>a_after,<sp/></highlight><highlight class="keyword">const</highlight><highlight class="normal"><sp/></highlight><highlight class="keywordtype">double</highlight><highlight class="normal"><sp/>a_repeat);</highlight></codeline>
<codeline lineno="147"><highlight class="normal">OMX_ERRORTYPE</highlight></codeline>
<codeline lineno="148"><highlight class="normal">tiz_srv_timer_watcher_restart<sp/>(</highlight><highlight class="keywordtype">void</highlight><highlight class="normal"><sp/>*<sp/>ap_obj,<sp/><ref refid="structtiz__event__timer" kindref="compound">tiz_event_timer_t</ref><sp/>*<sp/>ap_ev_timer);</highlight></codeline>
<codeline lineno="149"><highlight class="normal">OMX_ERRORTYPE</highlight></codeline>
<codeline lineno="150"><highlight class="normal">tiz_srv_timer_watcher_stop<sp/>(</highlight><highlight class="keywordtype">void</highlight><highlight class="normal"><sp/>*<sp/>ap_obj,<sp/><ref refid="structtiz__event__timer" kindref="compound">tiz_event_timer_t</ref><sp/>*<sp/>ap_ev_timer);</highlight></codeline>
<codeline lineno="151"><highlight class="normal"></highlight><highlight class="keywordtype">void</highlight><highlight class="normal"></highlight></codeline>
<codeline lineno="152"><highlight class="normal">tiz_srv_timer_watcher_destroy<sp/>(</highlight><highlight class="keywordtype">void</highlight><highlight class="normal"><sp/>*<sp/>ap_obj,<sp/><ref refid="structtiz__event__timer" kindref="compound">tiz_event_timer_t</ref><sp/>*<sp/>ap_ev_timer);</highlight></codeline>
<codeline lineno="153"><highlight class="normal"></highlight></codeline>
<codeline lineno="154"><highlight class="normal"></highlight><highlight class="comment">/*<sp/>TODO:<sp/>stat<sp/>event<sp/>helpers<sp/>*/</highlight><highlight class="normal"></highlight></codeline>
<codeline lineno="155"><highlight class="normal"></highlight></codeline>
<codeline lineno="156"><highlight class="normal"></highlight><highlight class="comment">/*<sp/>Event<sp/>filters<sp/>*/</highlight><highlight class="normal"></highlight></codeline>
<codeline lineno="157"><highlight class="normal">OMX_ERRORTYPE</highlight></codeline>
<codeline lineno="158"><highlight class="normal">tiz_srv_event_io<sp/>(</highlight><highlight class="keywordtype">void</highlight><highlight class="normal"><sp/>*<sp/>ap_obj,<sp/><ref refid="structtiz__event__io" kindref="compound">tiz_event_io_t</ref><sp/>*<sp/>ap_ev_io,<sp/></highlight><highlight class="keyword">const</highlight><highlight class="normal"><sp/>uint32_t<sp/>a_id,</highlight></codeline>
<codeline lineno="159"><highlight class="normal"><sp/><sp/><sp/><sp/><sp/><sp/><sp/><sp/><sp/><sp/><sp/><sp/><sp/><sp/><sp/><sp/><sp/><sp/></highlight><highlight class="keywordtype">int</highlight><highlight class="normal"><sp/>a_fd,<sp/></highlight><highlight class="keywordtype">int</highlight><highlight class="normal"><sp/>a_events);</highlight></codeline>
<codeline lineno="160"><highlight class="normal">OMX_ERRORTYPE</highlight></codeline>
<codeline lineno="161"><highlight class="normal">tiz_srv_event_timer<sp/>(</highlight><highlight class="keywordtype">void</highlight><highlight class="normal"><sp/>*<sp/>ap_obj,<sp/><ref refid="structtiz__event__timer" kindref="compound">tiz_event_timer_t</ref><sp/>*<sp/>ap_ev_timer,</highlight></codeline>
<codeline lineno="162"><highlight class="normal"><sp/><sp/><sp/><sp/><sp/><sp/><sp/><sp/><sp/><sp/><sp/><sp/><sp/><sp/><sp/><sp/><sp/><sp/><sp/><sp/><sp/></highlight><highlight class="keyword">const</highlight><highlight class="normal"><sp/>uint32_t<sp/>a_id);</highlight></codeline>
<codeline lineno="163"><highlight class="normal">OMX_ERRORTYPE</highlight></codeline>
<codeline lineno="164"><highlight class="normal">tiz_srv_event_stat<sp/>(</highlight><highlight class="keywordtype">void</highlight><highlight class="normal"><sp/>*<sp/>ap_obj,<sp/><ref refid="structtiz__event__stat" kindref="compound">tiz_event_stat_t</ref><sp/>*<sp/>ap_ev_stat,</highlight></codeline>
<codeline lineno="165"><highlight class="normal"><sp/><sp/><sp/><sp/><sp/><sp/><sp/><sp/><sp/><sp/><sp/><sp/><sp/><sp/><sp/><sp/><sp/><sp/><sp/><sp/></highlight><highlight class="keyword">const</highlight><highlight class="normal"><sp/>uint32_t<sp/>a_id,<sp/></highlight><highlight class="keywordtype">int</highlight><highlight class="normal"><sp/>a_events);</highlight></codeline>
<codeline lineno="166"><highlight class="normal"></highlight></codeline>
<codeline lineno="167"><highlight class="normal"></highlight><highlight class="comment">/*<sp/>Event<sp/>handlers<sp/>*/</highlight><highlight class="normal"></highlight></codeline>
<codeline lineno="168"><highlight class="normal">OMX_ERRORTYPE</highlight></codeline>
<codeline lineno="169"><highlight class="normal">tiz_srv_io_ready<sp/>(</highlight><highlight class="keywordtype">void</highlight><highlight class="normal"><sp/>*<sp/>ap_obj,<sp/><ref refid="structtiz__event__io" kindref="compound">tiz_event_io_t</ref><sp/>*<sp/>ap_ev_io,<sp/></highlight><highlight class="keywordtype">int</highlight><highlight class="normal"><sp/>a_fd,</highlight></codeline>
<codeline lineno="170"><highlight class="normal"><sp/><sp/><sp/><sp/><sp/><sp/><sp/><sp/><sp/><sp/><sp/><sp/><sp/><sp/><sp/><sp/><sp/><sp/></highlight><highlight class="keywordtype">int</highlight><highlight class="normal"><sp/>a_events);</highlight></codeline>
<codeline lineno="171"><highlight class="normal">OMX_ERRORTYPE</highlight></codeline>
<codeline lineno="172"><highlight class="normal">tiz_srv_timer_ready<sp/>(</highlight><highlight class="keywordtype">void</highlight><highlight class="normal"><sp/>*<sp/>ap_obj,<sp/><ref refid="structtiz__event__timer" kindref="compound">tiz_event_timer_t</ref><sp/>*<sp/>ap_ev_timer);</highlight></codeline>
<codeline lineno="173"><highlight class="normal">OMX_ERRORTYPE</highlight></codeline>
<codeline lineno="174"><highlight class="normal">tiz_srv_stat_ready<sp/>(</highlight><highlight class="keywordtype">void</highlight><highlight class="normal"><sp/>*<sp/>ap_obj,<sp/><ref refid="structtiz__event__stat" kindref="compound">tiz_event_stat_t</ref><sp/>*<sp/>ap_ev_stat,<sp/></highlight><highlight class="keywordtype">int</highlight><highlight class="normal"><sp/>a_events);</highlight></codeline>
<codeline lineno="175"><highlight class="normal"></highlight></codeline>
<codeline lineno="176"><highlight class="normal"></highlight><highlight class="preprocessor">#ifdef<sp/>__cplusplus</highlight><highlight class="normal"></highlight></codeline>
<codeline lineno="177"><highlight class="normal">}</highlight></codeline>
<codeline lineno="178"><highlight class="normal"></highlight><highlight class="preprocessor">#endif</highlight><highlight class="normal"></highlight></codeline>
<codeline lineno="179"><highlight class="normal"></highlight></codeline>
<codeline lineno="180"><highlight class="normal"></highlight><highlight class="preprocessor">#endif<sp/></highlight><highlight class="comment">/*<sp/>TIZSERVANT_H<sp/>*/</highlight><highlight class="preprocessor"></highlight></codeline>
    </programlisting>
    <location file="/home/joni/work/tizonia-master/libtizonia/src/tizservant.h"/>
  </compounddef>
</doxygen>
