<?xml version='1.0' encoding='UTF-8' standalone='no'?>
<doxygen xmlns:xsi="http://www.w3.org/2001/XMLSchema-instance" xsi:noNamespaceSchemaLocation="compound.xsd" version="1.8.11">
  <compounddef id="tizshufflelst_8c" kind="file" language="C++">
    <compoundname>tizshufflelst.c</compoundname>
    <includes local="no">assert.h</includes>
    <includes local="no">time.h</includes>
    <includes local="no">stdlib.h</includes>
    <includes refid="tizplatform_8h" local="yes">tizplatform.h</includes>
    <incdepgraph>
      <node id="7096">
        <label>stdbool.h</label>
      </node>
      <node id="7070">
        <label>assert.h</label>
      </node>
      <node id="7090">
        <label>tizbuffer.h</label>
        <link refid="tizbuffer_8h_source"/>
        <childnode refid="7079" relation="include">
        </childnode>
        <childnode refid="7076" relation="include">
        </childnode>
      </node>
      <node id="7093">
        <label>tizuuid.h</label>
        <link refid="tizuuid_8h_source"/>
        <childnode refid="7076" relation="include">
        </childnode>
      </node>
      <node id="7092">
        <label>tizthread.h</label>
        <link refid="tizthread_8h_source"/>
        <childnode refid="7079" relation="include">
        </childnode>
        <childnode refid="7076" relation="include">
        </childnode>
        <childnode refid="7086" relation="include">
        </childnode>
      </node>
      <node id="7089">
        <label>stdint.h</label>
      </node>
      <node id="7072">
        <label>stdlib.h</label>
      </node>
      <node id="7079">
        <label>OMX_Core.h</label>
      </node>
      <node id="7073">
        <label>tizplatform.h</label>
        <link refid="tizplatform_8h_source"/>
        <childnode refid="7074" relation="include">
        </childnode>
        <childnode refid="7083" relation="include">
        </childnode>
        <childnode refid="7080" relation="include">
        </childnode>
        <childnode refid="7085" relation="include">
        </childnode>
        <childnode refid="7087" relation="include">
        </childnode>
        <childnode refid="7090" relation="include">
        </childnode>
        <childnode refid="7091" relation="include">
        </childnode>
        <childnode refid="7086" relation="include">
        </childnode>
        <childnode refid="7092" relation="include">
        </childnode>
        <childnode refid="7093" relation="include">
        </childnode>
        <childnode refid="7075" relation="include">
        </childnode>
        <childnode refid="7094" relation="include">
        </childnode>
        <childnode refid="7088" relation="include">
        </childnode>
        <childnode refid="7095" relation="include">
        </childnode>
        <childnode refid="7097" relation="include">
        </childnode>
        <childnode refid="7098" relation="include">
        </childnode>
        <childnode refid="7099" relation="include">
        </childnode>
        <childnode refid="7100" relation="include">
        </childnode>
        <childnode refid="7101" relation="include">
        </childnode>
        <childnode refid="7102" relation="include">
        </childnode>
      </node>
      <node id="7077">
        <label>OMX_Component.h</label>
      </node>
      <node id="7088">
        <label>tizsoa.h</label>
        <link refid="tizsoa_8h_source"/>
        <childnode refid="7082" relation="include">
        </childnode>
        <childnode refid="7089" relation="include">
        </childnode>
        <childnode refid="7076" relation="include">
        </childnode>
        <childnode refid="7079" relation="include">
        </childnode>
      </node>
      <node id="7074">
        <label>tizmacros.h</label>
        <link refid="tizmacros_8h_source"/>
        <childnode refid="7075" relation="include">
        </childnode>
        <childnode refid="7082" relation="include">
        </childnode>
      </node>
      <node id="7082">
        <label>stddef.h</label>
      </node>
      <node id="7100">
        <label>tizprintf.h</label>
        <link refid="tizprintf_8h_source"/>
      </node>
      <node id="7085">
        <label>tizqueue.h</label>
        <link refid="tizqueue_8h_source"/>
        <childnode refid="7079" relation="include">
        </childnode>
        <childnode refid="7076" relation="include">
        </childnode>
        <childnode refid="7086" relation="include">
        </childnode>
      </node>
      <node id="7084">
        <label>log4c.h</label>
      </node>
      <node id="7081">
        <label>sys/types.h</label>
      </node>
      <node id="7080">
        <label>tizmem.h</label>
        <link refid="tizmem_8h_source"/>
        <childnode refid="7081" relation="include">
        </childnode>
        <childnode refid="7076" relation="include">
        </childnode>
      </node>
      <node id="7094">
        <label>tizrc.h</label>
        <link refid="tizrc_8h_source"/>
        <childnode refid="7079" relation="include">
        </childnode>
        <childnode refid="7076" relation="include">
        </childnode>
      </node>
      <node id="7087">
        <label>tizpqueue.h</label>
        <link refid="tizpqueue_8h_source"/>
        <childnode refid="7079" relation="include">
        </childnode>
        <childnode refid="7076" relation="include">
        </childnode>
        <childnode refid="7088" relation="include">
        </childnode>
      </node>
      <node id="7071">
        <label>time.h</label>
      </node>
      <node id="7076">
        <label>OMX_Types.h</label>
      </node>
      <node id="7086">
        <label>tizsync.h</label>
        <link refid="tizsync_8h_source"/>
        <childnode refid="7079" relation="include">
        </childnode>
        <childnode refid="7076" relation="include">
        </childnode>
      </node>
      <node id="7083">
        <label>tizlog.h</label>
        <link refid="tizlog_8h_source"/>
        <childnode refid="7084" relation="include">
        </childnode>
      </node>
      <node id="7097">
        <label>tizhttp.h</label>
        <link refid="tizhttp_8h_source"/>
        <childnode refid="7079" relation="include">
        </childnode>
        <childnode refid="7076" relation="include">
        </childnode>
      </node>
      <node id="7091">
        <label>tizvector.h</label>
        <link refid="tizvector_8h_source"/>
        <childnode refid="7079" relation="include">
        </childnode>
        <childnode refid="7076" relation="include">
        </childnode>
      </node>
      <node id="7102">
        <label>tizurltransfer.h</label>
        <link refid="tizurltransfer_8h_source"/>
        <childnode refid="7077" relation="include">
        </childnode>
      </node>
      <node id="7069">
        <label>/home/joni/work/tizonia-master/libtizplatform/src/tizshufflelst.c</label>
        <link refid="tizshufflelst.c"/>
        <childnode refid="7070" relation="include">
        </childnode>
        <childnode refid="7071" relation="include">
        </childnode>
        <childnode refid="7072" relation="include">
        </childnode>
        <childnode refid="7073" relation="include">
        </childnode>
      </node>
      <node id="7101">
        <label>tizshufflelst.h</label>
        <link refid="tizshufflelst_8h_source"/>
        <childnode refid="7079" relation="include">
        </childnode>
        <childnode refid="7076" relation="include">
        </childnode>
      </node>
      <node id="7075">
        <label>tizomxutils.h</label>
        <link refid="tizomxutils_8h_source"/>
        <childnode refid="7076" relation="include">
        </childnode>
        <childnode refid="7077" relation="include">
        </childnode>
        <childnode refid="7078" relation="include">
        </childnode>
        <childnode refid="7079" relation="include">
        </childnode>
        <childnode refid="7080" relation="include">
        </childnode>
      </node>
      <node id="7098">
        <label>tizmap.h</label>
        <link refid="tizmap_8h_source"/>
        <childnode refid="7096" relation="include">
        </childnode>
        <childnode refid="7079" relation="include">
        </childnode>
        <childnode refid="7076" relation="include">
        </childnode>
        <childnode refid="7088" relation="include">
        </childnode>
      </node>
      <node id="7095">
        <label>tizev.h</label>
        <link refid="tizev_8h_source"/>
        <childnode refid="7096" relation="include">
        </childnode>
        <childnode refid="7089" relation="include">
        </childnode>
        <childnode refid="7079" relation="include">
        </childnode>
        <childnode refid="7076" relation="include">
        </childnode>
      </node>
      <node id="7099">
        <label>tizlimits.h</label>
        <link refid="tizlimits_8h_source"/>
      </node>
      <node id="7078">
        <label>OMX_Audio.h</label>
      </node>
    </incdepgraph>
    <innerclass refid="structtiz__shuffle__lst" prot="public">tiz_shuffle_lst</innerclass>
      <sectiondef kind="func">
      <memberdef kind="function" id="tizshufflelst_8c_1aff2e0a01aa6993dcb1cfa275f96c8fe0" prot="public" static="yes" const="no" explicit="no" inline="no" virt="non-virtual">
        <type>OMX_S32</type>
        <definition>static OMX_S32 rand_number</definition>
        <argsstring>(const OMX_S32 n)</argsstring>
        <name>rand_number</name>
        <param>
          <type>const OMX_S32</type>
          <declname>n</declname>
        </param>
        <briefdescription>
        </briefdescription>
        <detaileddescription>
        </detaileddescription>
        <inbodydescription>
        </inbodydescription>
        <location file="/home/joni/work/tizonia-master/libtizplatform/src/tizshufflelst.c" line="52" column="1" bodyfile="/home/joni/work/tizonia-master/libtizplatform/src/tizshufflelst.c" bodystart="52" bodyend="63"/>
      </memberdef>
      <memberdef kind="function" id="tizshufflelst_8c_1abda8c493f930acac872dd76d2f6eda63" prot="public" static="yes" const="no" explicit="no" inline="no" virt="non-virtual">
        <type>void</type>
        <definition>static void shuffle_lst</definition>
        <argsstring>(OMX_S32 *ap_array, OMX_S32 n)</argsstring>
        <name>shuffle_lst</name>
        <param>
          <type>OMX_S32 *</type>
          <declname>ap_array</declname>
        </param>
        <param>
          <type>OMX_S32</type>
          <declname>n</declname>
        </param>
        <briefdescription>
        </briefdescription>
        <detaileddescription>
        </detaileddescription>
        <inbodydescription>
        </inbodydescription>
        <location file="/home/joni/work/tizonia-master/libtizplatform/src/tizshufflelst.c" line="66" column="1" bodyfile="/home/joni/work/tizonia-master/libtizplatform/src/tizshufflelst.c" bodystart="66" bodyend="81"/>
      </memberdef>
      <memberdef kind="function" id="tizshufflelst_8c_1a97ac9766c93c77afd76c436b59223f97" prot="public" static="yes" const="no" explicit="no" inline="no" virt="non-virtual">
        <type>OMX_ERRORTYPE</type>
        <definition>static OMX_ERRORTYPE init_lst</definition>
        <argsstring>(tiz_shuffle_lst_t *ap_shuffle_lst)</argsstring>
        <name>init_lst</name>
        <param>
          <type><ref refid="group__tizshufflelst_1ga1b686001fb4bc9d019808b7f7de4fb3f" kindref="member">tiz_shuffle_lst_t</ref> *</type>
          <declname>ap_shuffle_lst</declname>
        </param>
        <briefdescription>
        </briefdescription>
        <detaileddescription>
        </detaileddescription>
        <inbodydescription>
        </inbodydescription>
        <location file="/home/joni/work/tizonia-master/libtizplatform/src/tizshufflelst.c" line="84" column="1" bodyfile="/home/joni/work/tizonia-master/libtizplatform/src/tizshufflelst.c" bodystart="84" bodyend="100"/>
      </memberdef>
      <memberdef kind="function" id="tizshufflelst_8c_1ac3787da2df5edaf9dd43187f896d768c" prot="public" static="yes" const="no" explicit="no" inline="no" virt="non-virtual">
        <type>void</type>
        <definition>static void destroy_lst</definition>
        <argsstring>(tiz_shuffle_lst_t *ap_shuffle_lst)</argsstring>
        <name>destroy_lst</name>
        <param>
          <type><ref refid="group__tizshufflelst_1ga1b686001fb4bc9d019808b7f7de4fb3f" kindref="member">tiz_shuffle_lst_t</ref> *</type>
          <declname>ap_shuffle_lst</declname>
        </param>
        <briefdescription>
        </briefdescription>
        <detaileddescription>
        </detaileddescription>
        <inbodydescription>
        </inbodydescription>
        <location file="/home/joni/work/tizonia-master/libtizplatform/src/tizshufflelst.c" line="103" column="1" bodyfile="/home/joni/work/tizonia-master/libtizplatform/src/tizshufflelst.c" bodystart="103" bodyend="110"/>
      </memberdef>
      <memberdef kind="function" id="group__tizshufflelst_1gaba8011db7311cdafbd06cb0990235619" prot="public" static="no" const="no" explicit="no" inline="no" virt="non-virtual">
        <type>OMX_ERRORTYPE</type>
        <definition>OMX_ERRORTYPE tiz_shuffle_lst_init</definition>
        <argsstring>(tiz_shuffle_lst_ptr_t *app_shuffle_lst, const size_t a_list_size)</argsstring>
        <name>tiz_shuffle_lst_init</name>
        <param>
          <type><ref refid="structtiz__shuffle__lst" kindref="compound">tiz_shuffle_lst_ptr_t</ref> *</type>
          <declname>app_shuffle_lst</declname>
        </param>
        <param>
          <type>const size_t</type>
          <declname>a_list_size</declname>
        </param>
        <briefdescription>
        </briefdescription>
        <detaileddescription>
<para>Create a new shuffled list of integers.</para><para><simplesect kind="return"><para>OMX_ErrorNone if success, OMX_ErrorUndefined otherwise. </para></simplesect>
</para>        </detaileddescription>
        <inbodydescription>
        </inbodydescription>
        <location file="/home/joni/work/tizonia-master/libtizplatform/src/tizshufflelst.c" line="113" column="1" bodyfile="/home/joni/work/tizonia-master/libtizplatform/src/tizshufflelst.c" bodystart="113" bodyend="141"/>
      </memberdef>
      <memberdef kind="function" id="group__tizshufflelst_1gacf5146eb4e1c51a991bbcfbe5e658855" prot="public" static="no" const="no" explicit="no" inline="no" virt="non-virtual">
        <type>OMX_S32</type>
        <definition>OMX_S32 tiz_shuffle_lst_next</definition>
        <argsstring>(tiz_shuffle_lst_t *ap_shuffle_lst)</argsstring>
        <name>tiz_shuffle_lst_next</name>
        <param>
          <type><ref refid="group__tizshufflelst_1ga1b686001fb4bc9d019808b7f7de4fb3f" kindref="member">tiz_shuffle_lst_t</ref> *</type>
          <declname>ap_shuffle_lst</declname>
        </param>
        <briefdescription>
        </briefdescription>
        <detaileddescription>
<para>Return the next integer in the list.</para><para><simplesect kind="return"><para>0 if success, -1 otherwise. </para></simplesect>
</para>        </detaileddescription>
        <inbodydescription>
        </inbodydescription>
        <location file="/home/joni/work/tizonia-master/libtizplatform/src/tizshufflelst.c" line="144" column="1" bodyfile="/home/joni/work/tizonia-master/libtizplatform/src/tizshufflelst.c" bodystart="144" bodyend="147"/>
      </memberdef>
      <memberdef kind="function" id="group__tizshufflelst_1ga963cb8ef27bb18aa5e5980d0fc008a1b" prot="public" static="no" const="no" explicit="no" inline="no" virt="non-virtual">
        <type>OMX_S32</type>
        <definition>OMX_S32 tiz_shuffle_lst_prev</definition>
        <argsstring>(tiz_shuffle_lst_t *ap_shuffle_lst)</argsstring>
        <name>tiz_shuffle_lst_prev</name>
        <param>
          <type><ref refid="group__tizshufflelst_1ga1b686001fb4bc9d019808b7f7de4fb3f" kindref="member">tiz_shuffle_lst_t</ref> *</type>
          <declname>ap_shuffle_lst</declname>
        </param>
        <briefdescription>
        </briefdescription>
        <detaileddescription>
<para>Return the prev integer in the list.</para><para><simplesect kind="return"><para>0 if success, -1 otherwise. </para></simplesect>
</para>        </detaileddescription>
        <inbodydescription>
        </inbodydescription>
        <location file="/home/joni/work/tizonia-master/libtizplatform/src/tizshufflelst.c" line="150" column="1" bodyfile="/home/joni/work/tizonia-master/libtizplatform/src/tizshufflelst.c" bodystart="150" bodyend="153"/>
      </memberdef>
      <memberdef kind="function" id="group__tizshufflelst_1ga846b908a0dfd8c4e3e8474611e577b6e" prot="public" static="no" const="no" explicit="no" inline="no" virt="non-virtual">
        <type>OMX_S32</type>
        <definition>OMX_S32 tiz_shuffle_lst_jump</definition>
        <argsstring>(tiz_shuffle_lst_t *ap_shuffle_lst, const OMX_S32 a_jump)</argsstring>
        <name>tiz_shuffle_lst_jump</name>
        <param>
          <type><ref refid="group__tizshufflelst_1ga1b686001fb4bc9d019808b7f7de4fb3f" kindref="member">tiz_shuffle_lst_t</ref> *</type>
          <declname>ap_shuffle_lst</declname>
        </param>
        <param>
          <type>const OMX_S32</type>
          <declname>a_jump</declname>
        </param>
        <briefdescription>
        </briefdescription>
        <detaileddescription>
<para>Return the prev integer in the list.</para><para><simplesect kind="return"><para>0 if success, -1 otherwise. </para></simplesect>
</para>        </detaileddescription>
        <inbodydescription>
        </inbodydescription>
        <location file="/home/joni/work/tizonia-master/libtizplatform/src/tizshufflelst.c" line="156" column="1" bodyfile="/home/joni/work/tizonia-master/libtizplatform/src/tizshufflelst.c" bodystart="156" bodyend="173"/>
      </memberdef>
      <memberdef kind="function" id="group__tizshufflelst_1gaf3dbc085a4f1ee9daa5826899681d0e2" prot="public" static="no" const="no" explicit="no" inline="no" virt="non-virtual">
        <type>void</type>
        <definition>void tiz_shuffle_lst_destroy</definition>
        <argsstring>(tiz_shuffle_lst_t *ap_shuffle_lst)</argsstring>
        <name>tiz_shuffle_lst_destroy</name>
        <param>
          <type><ref refid="group__tizshufflelst_1ga1b686001fb4bc9d019808b7f7de4fb3f" kindref="member">tiz_shuffle_lst_t</ref> *</type>
          <declname>p_shuffle_lst</declname>
          <defname>ap_shuffle_lst</defname>
        </param>
        <briefdescription>
        </briefdescription>
        <detaileddescription>
<para>Destroy the shuffled list object. </para>        </detaileddescription>
        <inbodydescription>
        </inbodydescription>
        <location file="/home/joni/work/tizonia-master/libtizplatform/src/tizshufflelst.c" line="176" column="1" bodyfile="/home/joni/work/tizonia-master/libtizplatform/src/tizshufflelst.c" bodystart="176" bodyend="179"/>
      </memberdef>
      </sectiondef>
    <briefdescription>
<para>Tizonia Platform - Integer list shuffling. </para>    </briefdescription>
    <detaileddescription>
<para>Copyright (C) 2011-2018 Aratelia Limited - Juan A. Rubio</para><para>This file is part of Tizonia</para><para>Tizonia is free software: you can redistribute it and/or modify it under the terms of the GNU Lesser General Public License as published by the Free Software Foundation, either version 3 of the License, or (at your option) any later version.</para><para>Tizonia is distributed in the hope that it will be useful, but WITHOUT ANY WARRANTY; without even the implied warranty of MERCHANTABILITY or FITNESS FOR A PARTICULAR PURPOSE. See the GNU Lesser General Public License for more details.</para><para>You should have received a copy of the GNU Lesser General Public License along with Tizonia. If not, see <ulink url="http://www.gnu.org/licenses/">http://www.gnu.org/licenses/</ulink>.</para><para><simplesect kind="author"><para>Juan A. Rubio <ulink url="mailto:juan.rubio@aratelia.com">juan.rubio@aratelia.com</ulink> </para></simplesect>
</para>    </detaileddescription>
    <programlisting>
<codeline lineno="1"></codeline>
<codeline lineno="29"><highlight class="preprocessor">#ifdef<sp/>HAVE_CONFIG_H</highlight><highlight class="normal"></highlight></codeline>
<codeline lineno="30"><highlight class="normal"></highlight><highlight class="preprocessor">#include<sp/>&lt;config.h&gt;</highlight><highlight class="normal"></highlight></codeline>
<codeline lineno="31"><highlight class="normal"></highlight><highlight class="preprocessor">#endif</highlight><highlight class="normal"></highlight></codeline>
<codeline lineno="32"><highlight class="normal"></highlight></codeline>
<codeline lineno="33"><highlight class="normal"></highlight><highlight class="preprocessor">#include<sp/>&lt;assert.h&gt;</highlight><highlight class="normal"></highlight></codeline>
<codeline lineno="34"><highlight class="normal"></highlight><highlight class="preprocessor">#include<sp/>&lt;time.h&gt;</highlight><highlight class="normal"></highlight></codeline>
<codeline lineno="35"><highlight class="normal"></highlight><highlight class="preprocessor">#include<sp/>&lt;stdlib.h&gt;</highlight><highlight class="normal"></highlight></codeline>
<codeline lineno="36"><highlight class="normal"></highlight></codeline>
<codeline lineno="37"><highlight class="normal"></highlight><highlight class="preprocessor">#include<sp/>&quot;tizplatform.h&quot;</highlight><highlight class="normal"></highlight></codeline>
<codeline lineno="38"><highlight class="normal"></highlight></codeline>
<codeline lineno="39"><highlight class="normal"></highlight><highlight class="preprocessor">#ifdef<sp/>TIZ_LOG_CATEGORY_NAME</highlight><highlight class="normal"></highlight></codeline>
<codeline lineno="40"><highlight class="normal"></highlight><highlight class="preprocessor">#undef<sp/>TIZ_LOG_CATEGORY_NAME</highlight><highlight class="normal"></highlight></codeline>
<codeline lineno="41"><highlight class="normal"></highlight><highlight class="preprocessor">#define<sp/>TIZ_LOG_CATEGORY_NAME<sp/>&quot;tiz.platform.shufflelst&quot;</highlight><highlight class="normal"></highlight></codeline>
<codeline lineno="42"><highlight class="normal"></highlight><highlight class="preprocessor">#endif</highlight><highlight class="normal"></highlight></codeline>
<codeline lineno="43"><highlight class="normal"></highlight></codeline>
<codeline lineno="44" refid="structtiz__shuffle__lst" refkind="compound"><highlight class="normal"></highlight><highlight class="keyword">struct<sp/></highlight><highlight class="normal"><ref refid="structtiz__shuffle__lst" kindref="compound">tiz_shuffle_lst</ref></highlight></codeline>
<codeline lineno="45"><highlight class="normal">{</highlight></codeline>
<codeline lineno="46"><highlight class="normal"><sp/><sp/>OMX_S32<sp/>*<sp/>p_lst;</highlight></codeline>
<codeline lineno="47"><highlight class="normal"><sp/><sp/></highlight><highlight class="keywordtype">size_t</highlight><highlight class="normal"><sp/>length;</highlight></codeline>
<codeline lineno="48"><highlight class="normal"><sp/><sp/>OMX_S32<sp/>current_index;</highlight></codeline>
<codeline lineno="49"><highlight class="normal">};</highlight></codeline>
<codeline lineno="50"><highlight class="normal"></highlight></codeline>
<codeline lineno="51"><highlight class="normal"></highlight><highlight class="keyword">static</highlight><highlight class="normal"><sp/>OMX_S32</highlight></codeline>
<codeline lineno="52"><highlight class="normal">rand_number<sp/>(</highlight><highlight class="keyword">const</highlight><highlight class="normal"><sp/>OMX_S32<sp/>n)</highlight></codeline>
<codeline lineno="53"><highlight class="normal">{</highlight></codeline>
<codeline lineno="54"><highlight class="normal"><sp/><sp/>OMX_S32<sp/>limit<sp/>=<sp/>RAND_MAX<sp/>-<sp/>RAND_MAX<sp/>%<sp/>n;</highlight></codeline>
<codeline lineno="55"><highlight class="normal"><sp/><sp/>OMX_S32<sp/>rnd;</highlight></codeline>
<codeline lineno="56"><highlight class="normal"></highlight></codeline>
<codeline lineno="57"><highlight class="normal"><sp/><sp/></highlight><highlight class="keywordflow">do</highlight><highlight class="normal"></highlight></codeline>
<codeline lineno="58"><highlight class="normal"><sp/><sp/><sp/><sp/>{</highlight></codeline>
<codeline lineno="59"><highlight class="normal"><sp/><sp/><sp/><sp/><sp/><sp/>rnd<sp/>=<sp/>rand<sp/>();</highlight></codeline>
<codeline lineno="60"><highlight class="normal"><sp/><sp/><sp/><sp/>}</highlight></codeline>
<codeline lineno="61"><highlight class="normal"><sp/><sp/></highlight><highlight class="keywordflow">while</highlight><highlight class="normal"><sp/>(rnd<sp/>&gt;=<sp/>limit);</highlight></codeline>
<codeline lineno="62"><highlight class="normal"><sp/><sp/></highlight><highlight class="keywordflow">return</highlight><highlight class="normal"><sp/>rnd<sp/>%<sp/>n;</highlight></codeline>
<codeline lineno="63"><highlight class="normal">}</highlight></codeline>
<codeline lineno="64"><highlight class="normal"></highlight></codeline>
<codeline lineno="65"><highlight class="normal"></highlight><highlight class="keyword">static</highlight><highlight class="normal"><sp/></highlight><highlight class="keywordtype">void</highlight><highlight class="normal"></highlight></codeline>
<codeline lineno="66"><highlight class="normal">shuffle_lst<sp/>(OMX_S32<sp/>*<sp/>ap_array,<sp/>OMX_S32<sp/>n)</highlight></codeline>
<codeline lineno="67"><highlight class="normal">{</highlight></codeline>
<codeline lineno="68"><highlight class="normal"><sp/><sp/>OMX_S32<sp/>i<sp/>=<sp/>0;</highlight></codeline>
<codeline lineno="69"><highlight class="normal"><sp/><sp/>OMX_S32<sp/>j<sp/>=<sp/>0;</highlight></codeline>
<codeline lineno="70"><highlight class="normal"><sp/><sp/>OMX_S32<sp/>tmp<sp/>=<sp/>0;</highlight></codeline>
<codeline lineno="71"><highlight class="normal"></highlight></codeline>
<codeline lineno="72"><highlight class="normal"><sp/><sp/>assert<sp/>(ap_array);</highlight></codeline>
<codeline lineno="73"><highlight class="normal"></highlight></codeline>
<codeline lineno="74"><highlight class="normal"><sp/><sp/></highlight><highlight class="keywordflow">for</highlight><highlight class="normal"><sp/>(i<sp/>=<sp/>n<sp/>-<sp/>1;<sp/>i<sp/>&gt;<sp/>0;<sp/>--i)</highlight></codeline>
<codeline lineno="75"><highlight class="normal"><sp/><sp/><sp/><sp/>{</highlight></codeline>
<codeline lineno="76"><highlight class="normal"><sp/><sp/><sp/><sp/><sp/><sp/>j<sp/>=<sp/>rand_number<sp/>(i<sp/>+<sp/>1);</highlight></codeline>
<codeline lineno="77"><highlight class="normal"><sp/><sp/><sp/><sp/><sp/><sp/>tmp<sp/>=<sp/>ap_array[j];</highlight></codeline>
<codeline lineno="78"><highlight class="normal"><sp/><sp/><sp/><sp/><sp/><sp/>ap_array[j]<sp/>=<sp/>ap_array[i];</highlight></codeline>
<codeline lineno="79"><highlight class="normal"><sp/><sp/><sp/><sp/><sp/><sp/>ap_array[i]<sp/>=<sp/>tmp;</highlight></codeline>
<codeline lineno="80"><highlight class="normal"><sp/><sp/><sp/><sp/>}</highlight></codeline>
<codeline lineno="81"><highlight class="normal">}</highlight></codeline>
<codeline lineno="82"><highlight class="normal"></highlight></codeline>
<codeline lineno="83"><highlight class="normal"></highlight><highlight class="keyword">static</highlight><highlight class="normal"><sp/>OMX_ERRORTYPE</highlight></codeline>
<codeline lineno="84"><highlight class="normal">init_lst<sp/>(<ref refid="structtiz__shuffle__lst" kindref="compound">tiz_shuffle_lst_t</ref><sp/>*<sp/>ap_shuffle_lst)</highlight></codeline>
<codeline lineno="85"><highlight class="normal">{</highlight></codeline>
<codeline lineno="86"><highlight class="normal"><sp/><sp/>OMX_ERRORTYPE<sp/>rc<sp/>=<sp/>OMX_ErrorInsufficientResources;</highlight></codeline>
<codeline lineno="87"><highlight class="normal"><sp/><sp/>assert<sp/>(ap_shuffle_lst);</highlight></codeline>
<codeline lineno="88"><highlight class="normal"><sp/><sp/>ap_shuffle_lst-&gt;p_lst</highlight></codeline>
<codeline lineno="89"><highlight class="normal"><sp/><sp/><sp/><sp/>=<sp/>tiz_mem_alloc<sp/>(ap_shuffle_lst-&gt;length<sp/>*<sp/>sizeof<sp/>(OMX_S32));</highlight></codeline>
<codeline lineno="90"><highlight class="normal"><sp/><sp/></highlight><highlight class="keywordflow">if</highlight><highlight class="normal"><sp/>(ap_shuffle_lst-&gt;p_lst)</highlight></codeline>
<codeline lineno="91"><highlight class="normal"><sp/><sp/><sp/><sp/>{</highlight></codeline>
<codeline lineno="92"><highlight class="normal"><sp/><sp/><sp/><sp/><sp/><sp/>OMX_S32<sp/>i<sp/>=<sp/>0;</highlight></codeline>
<codeline lineno="93"><highlight class="normal"><sp/><sp/><sp/><sp/><sp/><sp/>rc<sp/>=<sp/>OMX_ErrorNone;</highlight></codeline>
<codeline lineno="94"><highlight class="normal"><sp/><sp/><sp/><sp/><sp/><sp/></highlight><highlight class="keywordflow">for</highlight><highlight class="normal"><sp/>(i<sp/>=<sp/>0;<sp/>i<sp/>&lt;<sp/>ap_shuffle_lst-&gt;length;<sp/>++i)</highlight></codeline>
<codeline lineno="95"><highlight class="normal"><sp/><sp/><sp/><sp/><sp/><sp/><sp/><sp/>{</highlight></codeline>
<codeline lineno="96"><highlight class="normal"><sp/><sp/><sp/><sp/><sp/><sp/><sp/><sp/><sp/><sp/>ap_shuffle_lst-&gt;p_lst[i]<sp/>=<sp/>i;</highlight></codeline>
<codeline lineno="97"><highlight class="normal"><sp/><sp/><sp/><sp/><sp/><sp/><sp/><sp/>}</highlight></codeline>
<codeline lineno="98"><highlight class="normal"><sp/><sp/><sp/><sp/>}</highlight></codeline>
<codeline lineno="99"><highlight class="normal"><sp/><sp/></highlight><highlight class="keywordflow">return</highlight><highlight class="normal"><sp/>rc;</highlight></codeline>
<codeline lineno="100"><highlight class="normal">}</highlight></codeline>
<codeline lineno="101"><highlight class="normal"></highlight></codeline>
<codeline lineno="102"><highlight class="normal"></highlight><highlight class="keyword">static</highlight><highlight class="normal"><sp/></highlight><highlight class="keywordtype">void</highlight><highlight class="normal"></highlight></codeline>
<codeline lineno="103"><highlight class="normal">destroy_lst<sp/>(<ref refid="structtiz__shuffle__lst" kindref="compound">tiz_shuffle_lst_t</ref><sp/>*<sp/>ap_shuffle_lst)</highlight></codeline>
<codeline lineno="104"><highlight class="normal">{</highlight></codeline>
<codeline lineno="105"><highlight class="normal"><sp/><sp/></highlight><highlight class="keywordflow">if</highlight><highlight class="normal"><sp/>(ap_shuffle_lst)</highlight></codeline>
<codeline lineno="106"><highlight class="normal"><sp/><sp/><sp/><sp/>{</highlight></codeline>
<codeline lineno="107"><highlight class="normal"><sp/><sp/><sp/><sp/><sp/><sp/>tiz_mem_free<sp/>(ap_shuffle_lst-&gt;p_lst);</highlight></codeline>
<codeline lineno="108"><highlight class="normal"><sp/><sp/><sp/><sp/>}</highlight></codeline>
<codeline lineno="109"><highlight class="normal"><sp/><sp/>tiz_mem_free<sp/>(ap_shuffle_lst);</highlight></codeline>
<codeline lineno="110"><highlight class="normal">}</highlight></codeline>
<codeline lineno="111"><highlight class="normal"></highlight></codeline>
<codeline lineno="112"><highlight class="normal">OMX_ERRORTYPE</highlight></codeline>
<codeline lineno="113"><highlight class="normal"><ref refid="group__tizshufflelst_1gaba8011db7311cdafbd06cb0990235619" kindref="member">tiz_shuffle_lst_init</ref><sp/>(<ref refid="structtiz__shuffle__lst" kindref="compound">tiz_shuffle_lst_ptr_t</ref><sp/>*<sp/>app_shuffle_lst,</highlight></codeline>
<codeline lineno="114"><highlight class="normal"><sp/><sp/><sp/><sp/><sp/><sp/><sp/><sp/><sp/><sp/><sp/><sp/><sp/><sp/><sp/><sp/><sp/><sp/><sp/><sp/><sp/><sp/></highlight><highlight class="keyword">const</highlight><highlight class="normal"><sp/></highlight><highlight class="keywordtype">size_t</highlight><highlight class="normal"><sp/>a_list_size)</highlight></codeline>
<codeline lineno="115"><highlight class="normal">{</highlight></codeline>
<codeline lineno="116"><highlight class="normal"><sp/><sp/>OMX_ERRORTYPE<sp/>rc<sp/>=<sp/>OMX_ErrorInsufficientResources;</highlight></codeline>
<codeline lineno="117"><highlight class="normal"><sp/><sp/><ref refid="structtiz__shuffle__lst" kindref="compound">tiz_shuffle_lst_t</ref><sp/>*<sp/>p_shuffle_lst<sp/>=<sp/>NULL;</highlight></codeline>
<codeline lineno="118"><highlight class="normal"></highlight></codeline>
<codeline lineno="119"><highlight class="normal"><sp/><sp/>assert<sp/>(app_shuffle_lst);</highlight></codeline>
<codeline lineno="120"><highlight class="normal"><sp/><sp/>assert<sp/>(a_list_size<sp/>&gt;<sp/>0);</highlight></codeline>
<codeline lineno="121"><highlight class="normal"></highlight></codeline>
<codeline lineno="122"><highlight class="normal"><sp/><sp/>p_shuffle_lst<sp/>=<sp/>tiz_mem_calloc<sp/>(1,<sp/></highlight><highlight class="keyword">sizeof</highlight><highlight class="normal"><sp/>(<ref refid="structtiz__shuffle__lst" kindref="compound">tiz_shuffle_lst_t</ref>));</highlight></codeline>
<codeline lineno="123"><highlight class="normal"><sp/><sp/></highlight><highlight class="keywordflow">if</highlight><highlight class="normal"><sp/>(p_shuffle_lst)</highlight></codeline>
<codeline lineno="124"><highlight class="normal"><sp/><sp/><sp/><sp/>{</highlight></codeline>
<codeline lineno="125"><highlight class="normal"><sp/><sp/><sp/><sp/><sp/><sp/>p_shuffle_lst-&gt;length<sp/>=<sp/>a_list_size;</highlight></codeline>
<codeline lineno="126"><highlight class="normal"><sp/><sp/><sp/><sp/><sp/><sp/></highlight><highlight class="keywordflow">if</highlight><highlight class="normal"><sp/>(OMX_ErrorNone<sp/>==<sp/>(rc<sp/>=<sp/>init_lst<sp/>(p_shuffle_lst)))</highlight></codeline>
<codeline lineno="127"><highlight class="normal"><sp/><sp/><sp/><sp/><sp/><sp/><sp/><sp/>{</highlight></codeline>
<codeline lineno="128"><highlight class="normal"><sp/><sp/><sp/><sp/><sp/><sp/><sp/><sp/><sp/><sp/>srand<sp/>(time<sp/>(NULL));</highlight></codeline>
<codeline lineno="129"><highlight class="normal"><sp/><sp/><sp/><sp/><sp/><sp/><sp/><sp/><sp/><sp/>shuffle_lst<sp/>(p_shuffle_lst-&gt;p_lst,<sp/>p_shuffle_lst-&gt;length);</highlight></codeline>
<codeline lineno="130"><highlight class="normal"><sp/><sp/><sp/><sp/><sp/><sp/><sp/><sp/>}</highlight></codeline>
<codeline lineno="131"><highlight class="normal"><sp/><sp/><sp/><sp/>}</highlight></codeline>
<codeline lineno="132"><highlight class="normal"></highlight></codeline>
<codeline lineno="133"><highlight class="normal"><sp/><sp/></highlight><highlight class="keywordflow">if</highlight><highlight class="normal"><sp/>(OMX_ErrorNone<sp/>!=<sp/>rc)</highlight></codeline>
<codeline lineno="134"><highlight class="normal"><sp/><sp/><sp/><sp/>{</highlight></codeline>
<codeline lineno="135"><highlight class="normal"><sp/><sp/><sp/><sp/><sp/><sp/>destroy_lst<sp/>(p_shuffle_lst);</highlight></codeline>
<codeline lineno="136"><highlight class="normal"><sp/><sp/><sp/><sp/><sp/><sp/>p_shuffle_lst<sp/>=<sp/>NULL;</highlight></codeline>
<codeline lineno="137"><highlight class="normal"><sp/><sp/><sp/><sp/>}</highlight></codeline>
<codeline lineno="138"><highlight class="normal"></highlight></codeline>
<codeline lineno="139"><highlight class="normal"><sp/><sp/>*app_shuffle_lst<sp/>=<sp/>p_shuffle_lst;</highlight></codeline>
<codeline lineno="140"><highlight class="normal"><sp/><sp/></highlight><highlight class="keywordflow">return</highlight><highlight class="normal"><sp/>rc;</highlight></codeline>
<codeline lineno="141"><highlight class="normal">}</highlight></codeline>
<codeline lineno="142"><highlight class="normal"></highlight></codeline>
<codeline lineno="143"><highlight class="normal">OMX_S32</highlight></codeline>
<codeline lineno="144"><highlight class="normal"><ref refid="group__tizshufflelst_1gacf5146eb4e1c51a991bbcfbe5e658855" kindref="member">tiz_shuffle_lst_next</ref><sp/>(<ref refid="structtiz__shuffle__lst" kindref="compound">tiz_shuffle_lst_t</ref><sp/>*<sp/>ap_shuffle_lst)</highlight></codeline>
<codeline lineno="145"><highlight class="normal">{</highlight></codeline>
<codeline lineno="146"><highlight class="normal"><sp/><sp/></highlight><highlight class="keywordflow">return</highlight><highlight class="normal"><sp/><ref refid="group__tizshufflelst_1ga846b908a0dfd8c4e3e8474611e577b6e" kindref="member">tiz_shuffle_lst_jump</ref><sp/>(ap_shuffle_lst,<sp/>1);</highlight></codeline>
<codeline lineno="147"><highlight class="normal">}</highlight></codeline>
<codeline lineno="148"><highlight class="normal"></highlight></codeline>
<codeline lineno="149"><highlight class="normal">OMX_S32</highlight></codeline>
<codeline lineno="150"><highlight class="normal"><ref refid="group__tizshufflelst_1ga963cb8ef27bb18aa5e5980d0fc008a1b" kindref="member">tiz_shuffle_lst_prev</ref><sp/>(<ref refid="structtiz__shuffle__lst" kindref="compound">tiz_shuffle_lst_t</ref><sp/>*<sp/>ap_shuffle_lst)</highlight></codeline>
<codeline lineno="151"><highlight class="normal">{</highlight></codeline>
<codeline lineno="152"><highlight class="normal"><sp/><sp/></highlight><highlight class="keywordflow">return</highlight><highlight class="normal"><sp/><ref refid="group__tizshufflelst_1ga846b908a0dfd8c4e3e8474611e577b6e" kindref="member">tiz_shuffle_lst_jump</ref><sp/>(ap_shuffle_lst,<sp/>-1);</highlight></codeline>
<codeline lineno="153"><highlight class="normal">}</highlight></codeline>
<codeline lineno="154"><highlight class="normal"></highlight></codeline>
<codeline lineno="155"><highlight class="normal">OMX_S32</highlight></codeline>
<codeline lineno="156"><highlight class="normal"><ref refid="group__tizshufflelst_1ga846b908a0dfd8c4e3e8474611e577b6e" kindref="member">tiz_shuffle_lst_jump</ref><sp/>(<ref refid="structtiz__shuffle__lst" kindref="compound">tiz_shuffle_lst_t</ref><sp/>*<sp/>ap_shuffle_lst,<sp/></highlight><highlight class="keyword">const</highlight><highlight class="normal"><sp/>OMX_S32<sp/>a_jump)</highlight></codeline>
<codeline lineno="157"><highlight class="normal">{</highlight></codeline>
<codeline lineno="158"><highlight class="normal"><sp/><sp/>OMX_S32<sp/>new_index<sp/>=<sp/>0;</highlight></codeline>
<codeline lineno="159"><highlight class="normal"><sp/><sp/>assert<sp/>(ap_shuffle_lst);</highlight></codeline>
<codeline lineno="160"><highlight class="normal"><sp/><sp/>assert<sp/>(ap_shuffle_lst-&gt;p_lst);</highlight></codeline>
<codeline lineno="161"><highlight class="normal"><sp/><sp/>new_index<sp/>=<sp/>ap_shuffle_lst-&gt;current_index<sp/>+<sp/>a_jump;</highlight></codeline>
<codeline lineno="162"><highlight class="normal"><sp/><sp/></highlight><highlight class="keywordflow">if</highlight><highlight class="normal"><sp/>(new_index<sp/>&gt;=<sp/>ap_shuffle_lst-&gt;length)</highlight></codeline>
<codeline lineno="163"><highlight class="normal"><sp/><sp/><sp/><sp/>{</highlight></codeline>
<codeline lineno="164"><highlight class="normal"><sp/><sp/><sp/><sp/><sp/><sp/>new_index<sp/>%=<sp/>ap_shuffle_lst-&gt;length;</highlight></codeline>
<codeline lineno="165"><highlight class="normal"><sp/><sp/><sp/><sp/>}</highlight></codeline>
<codeline lineno="166"><highlight class="normal"><sp/><sp/></highlight><highlight class="keywordflow">else</highlight><highlight class="normal"><sp/></highlight><highlight class="keywordflow">if</highlight><highlight class="normal"><sp/>(new_index<sp/>&lt;<sp/>0)</highlight></codeline>
<codeline lineno="167"><highlight class="normal"><sp/><sp/><sp/><sp/>{</highlight></codeline>
<codeline lineno="168"><highlight class="normal"><sp/><sp/><sp/><sp/><sp/><sp/>new_index<sp/>=<sp/>ap_shuffle_lst-&gt;length<sp/>-<sp/>labs<sp/>(new_index);</highlight></codeline>
<codeline lineno="169"><highlight class="normal"><sp/><sp/><sp/><sp/>}</highlight></codeline>
<codeline lineno="170"><highlight class="normal"><sp/><sp/>ap_shuffle_lst-&gt;current_index<sp/>=<sp/>new_index;</highlight></codeline>
<codeline lineno="171"><highlight class="normal"><sp/><sp/>assert<sp/>(new_index<sp/>&gt;=<sp/>0<sp/>&amp;&amp;<sp/>new_index<sp/>&lt;<sp/>ap_shuffle_lst-&gt;length);</highlight></codeline>
<codeline lineno="172"><highlight class="normal"><sp/><sp/></highlight><highlight class="keywordflow">return</highlight><highlight class="normal"><sp/>ap_shuffle_lst-&gt;p_lst[new_index];</highlight></codeline>
<codeline lineno="173"><highlight class="normal">}</highlight></codeline>
<codeline lineno="174"><highlight class="normal"></highlight></codeline>
<codeline lineno="175"><highlight class="normal"></highlight><highlight class="keywordtype">void</highlight><highlight class="normal"></highlight></codeline>
<codeline lineno="176"><highlight class="normal"><ref refid="group__tizshufflelst_1gaf3dbc085a4f1ee9daa5826899681d0e2" kindref="member">tiz_shuffle_lst_destroy</ref><sp/>(<ref refid="structtiz__shuffle__lst" kindref="compound">tiz_shuffle_lst_t</ref><sp/>*<sp/>ap_shuffle_lst)</highlight></codeline>
<codeline lineno="177"><highlight class="normal">{</highlight></codeline>
<codeline lineno="178"><highlight class="normal"><sp/><sp/>destroy_lst<sp/>(ap_shuffle_lst);</highlight></codeline>
<codeline lineno="179"><highlight class="normal">}</highlight></codeline>
    </programlisting>
    <location file="/home/joni/work/tizonia-master/libtizplatform/src/tizshufflelst.c"/>
  </compounddef>
</doxygen>
