<?xml version='1.0' encoding='UTF-8' standalone='no'?>
<doxygen xmlns:xsi="http://www.w3.org/2001/XMLSchema-instance" xsi:noNamespaceSchemaLocation="compound.xsd" version="1.8.11">
  <compounddef id="tiztcproc__decls_8h" kind="file" language="C++">
    <compoundname>tiztcproc_decls.h</compoundname>
    <includes refid="tiztcproc_8h" local="yes">tiztcproc.h</includes>
    <includes refid="tizprc__decls_8h" local="yes">tizprc_decls.h</includes>
    <includedby refid="tiztcproc_8c" local="yes">/home/joni/work/tizonia-master/libtizonia/test_component/tiztcproc.c</includedby>
    <incdepgraph>
      <node id="5178">
        <label>stdbool.h</label>
      </node>
      <node id="5189">
        <label>stdarg.h</label>
      </node>
      <node id="5172">
        <label>tizbuffer.h</label>
        <link refid="tizbuffer_8h_source"/>
        <childnode refid="5154" relation="include">
        </childnode>
        <childnode refid="5159" relation="include">
        </childnode>
      </node>
      <node id="5175">
        <label>tizuuid.h</label>
        <link refid="tizuuid_8h_source"/>
        <childnode refid="5159" relation="include">
        </childnode>
      </node>
      <node id="5174">
        <label>tizthread.h</label>
        <link refid="tizthread_8h_source"/>
        <childnode refid="5154" relation="include">
        </childnode>
        <childnode refid="5159" relation="include">
        </childnode>
        <childnode refid="5168" relation="include">
        </childnode>
      </node>
      <node id="5171">
        <label>stdint.h</label>
      </node>
      <node id="5154">
        <label>OMX_Core.h</label>
      </node>
      <node id="5156">
        <label>tizplatform.h</label>
        <link refid="tizplatform_8h_source"/>
        <childnode refid="5157" relation="include">
        </childnode>
        <childnode refid="5165" relation="include">
        </childnode>
        <childnode refid="5162" relation="include">
        </childnode>
        <childnode refid="5167" relation="include">
        </childnode>
        <childnode refid="5169" relation="include">
        </childnode>
        <childnode refid="5172" relation="include">
        </childnode>
        <childnode refid="5173" relation="include">
        </childnode>
        <childnode refid="5168" relation="include">
        </childnode>
        <childnode refid="5174" relation="include">
        </childnode>
        <childnode refid="5175" relation="include">
        </childnode>
        <childnode refid="5158" relation="include">
        </childnode>
        <childnode refid="5176" relation="include">
        </childnode>
        <childnode refid="5170" relation="include">
        </childnode>
        <childnode refid="5177" relation="include">
        </childnode>
        <childnode refid="5179" relation="include">
        </childnode>
        <childnode refid="5180" relation="include">
        </childnode>
        <childnode refid="5181" relation="include">
        </childnode>
        <childnode refid="5182" relation="include">
        </childnode>
        <childnode refid="5183" relation="include">
        </childnode>
        <childnode refid="5184" relation="include">
        </childnode>
      </node>
      <node id="5188">
        <label>tizobject_decls.h</label>
        <link refid="tizobject__decls_8h_source"/>
        <childnode refid="5164" relation="include">
        </childnode>
        <childnode refid="5189" relation="include">
        </childnode>
      </node>
      <node id="5187">
        <label>tizapi_decls.h</label>
        <link refid="tizapi__decls_8h_source"/>
        <childnode refid="5188" relation="include">
        </childnode>
      </node>
      <node id="5160">
        <label>OMX_Component.h</label>
      </node>
      <node id="5170">
        <label>tizsoa.h</label>
        <link refid="tizsoa_8h_source"/>
        <childnode refid="5164" relation="include">
        </childnode>
        <childnode refid="5171" relation="include">
        </childnode>
        <childnode refid="5159" relation="include">
        </childnode>
        <childnode refid="5154" relation="include">
        </childnode>
      </node>
      <node id="5153">
        <label>tizprc_decls.h</label>
        <link refid="tizprc__decls_8h_source"/>
        <childnode refid="5154" relation="include">
        </childnode>
        <childnode refid="5155" relation="include">
        </childnode>
        <childnode refid="5185" relation="include">
        </childnode>
      </node>
      <node id="5157">
        <label>tizmacros.h</label>
        <link refid="tizmacros_8h_source"/>
        <childnode refid="5158" relation="include">
        </childnode>
        <childnode refid="5164" relation="include">
        </childnode>
      </node>
      <node id="5164">
        <label>stddef.h</label>
      </node>
      <node id="5182">
        <label>tizprintf.h</label>
        <link refid="tizprintf_8h_source"/>
      </node>
      <node id="5167">
        <label>tizqueue.h</label>
        <link refid="tizqueue_8h_source"/>
        <childnode refid="5154" relation="include">
        </childnode>
        <childnode refid="5159" relation="include">
        </childnode>
        <childnode refid="5168" relation="include">
        </childnode>
      </node>
      <node id="5166">
        <label>log4c.h</label>
      </node>
      <node id="5163">
        <label>sys/types.h</label>
      </node>
      <node id="5162">
        <label>tizmem.h</label>
        <link refid="tizmem_8h_source"/>
        <childnode refid="5163" relation="include">
        </childnode>
        <childnode refid="5159" relation="include">
        </childnode>
      </node>
      <node id="5176">
        <label>tizrc.h</label>
        <link refid="tizrc_8h_source"/>
        <childnode refid="5154" relation="include">
        </childnode>
        <childnode refid="5159" relation="include">
        </childnode>
      </node>
      <node id="5169">
        <label>tizpqueue.h</label>
        <link refid="tizpqueue_8h_source"/>
        <childnode refid="5154" relation="include">
        </childnode>
        <childnode refid="5159" relation="include">
        </childnode>
        <childnode refid="5170" relation="include">
        </childnode>
      </node>
      <node id="5159">
        <label>OMX_Types.h</label>
      </node>
      <node id="5168">
        <label>tizsync.h</label>
        <link refid="tizsync_8h_source"/>
        <childnode refid="5154" relation="include">
        </childnode>
        <childnode refid="5159" relation="include">
        </childnode>
      </node>
      <node id="5165">
        <label>tizlog.h</label>
        <link refid="tizlog_8h_source"/>
        <childnode refid="5166" relation="include">
        </childnode>
      </node>
      <node id="5179">
        <label>tizhttp.h</label>
        <link refid="tizhttp_8h_source"/>
        <childnode refid="5154" relation="include">
        </childnode>
        <childnode refid="5159" relation="include">
        </childnode>
      </node>
      <node id="5173">
        <label>tizvector.h</label>
        <link refid="tizvector_8h_source"/>
        <childnode refid="5154" relation="include">
        </childnode>
        <childnode refid="5159" relation="include">
        </childnode>
      </node>
      <node id="5155">
        <label>tizprc.h</label>
        <link refid="tizprc_8h_source"/>
        <childnode refid="5156" relation="include">
        </childnode>
      </node>
      <node id="5152">
        <label>tiztcproc.h</label>
        <link refid="tiztcproc_8h_source"/>
      </node>
      <node id="5184">
        <label>tizurltransfer.h</label>
        <link refid="tizurltransfer_8h_source"/>
        <childnode refid="5160" relation="include">
        </childnode>
      </node>
      <node id="5183">
        <label>tizshufflelst.h</label>
        <link refid="tizshufflelst_8h_source"/>
        <childnode refid="5154" relation="include">
        </childnode>
        <childnode refid="5159" relation="include">
        </childnode>
      </node>
      <node id="5158">
        <label>tizomxutils.h</label>
        <link refid="tizomxutils_8h_source"/>
        <childnode refid="5159" relation="include">
        </childnode>
        <childnode refid="5160" relation="include">
        </childnode>
        <childnode refid="5161" relation="include">
        </childnode>
        <childnode refid="5154" relation="include">
        </childnode>
        <childnode refid="5162" relation="include">
        </childnode>
      </node>
      <node id="5151">
        <label>/home/joni/work/tizonia-master/libtizonia/test_component/tiztcproc_decls.h</label>
        <link refid="tiztcproc_decls.h"/>
        <childnode refid="5152" relation="include">
        </childnode>
        <childnode refid="5153" relation="include">
        </childnode>
      </node>
      <node id="5186">
        <label>tizscheduler.h</label>
        <link refid="tizscheduler_8h_source"/>
        <childnode refid="5154" relation="include">
        </childnode>
        <childnode refid="5159" relation="include">
        </childnode>
        <childnode refid="5160" relation="include">
        </childnode>
        <childnode refid="5156" relation="include">
        </childnode>
      </node>
      <node id="5180">
        <label>tizmap.h</label>
        <link refid="tizmap_8h_source"/>
        <childnode refid="5178" relation="include">
        </childnode>
        <childnode refid="5154" relation="include">
        </childnode>
        <childnode refid="5159" relation="include">
        </childnode>
        <childnode refid="5170" relation="include">
        </childnode>
      </node>
      <node id="5185">
        <label>tizservant_decls.h</label>
        <link refid="tizservant__decls_8h_source"/>
        <childnode refid="5186" relation="include">
        </childnode>
        <childnode refid="5187" relation="include">
        </childnode>
      </node>
      <node id="5177">
        <label>tizev.h</label>
        <link refid="tizev_8h_source"/>
        <childnode refid="5178" relation="include">
        </childnode>
        <childnode refid="5171" relation="include">
        </childnode>
        <childnode refid="5154" relation="include">
        </childnode>
        <childnode refid="5159" relation="include">
        </childnode>
      </node>
      <node id="5181">
        <label>tizlimits.h</label>
        <link refid="tizlimits_8h_source"/>
      </node>
      <node id="5161">
        <label>OMX_Audio.h</label>
      </node>
    </incdepgraph>
    <innerclass refid="structtiz__tcprc" prot="public">tiz_tcprc</innerclass>
    <innerclass refid="structtiz__tcprc__class" prot="public">tiz_tcprc_class</innerclass>
      <sectiondef kind="typedef">
      <memberdef kind="typedef" id="tiztcproc__decls_8h_1ae5acf95e63fbe6179e57f885e795906f" prot="public" static="no">
        <type>struct <ref refid="structtiz__tcprc" kindref="compound">tiz_tcprc</ref></type>
        <definition>typedef struct tiz_tcprc tiz_tcprc_t</definition>
        <argsstring></argsstring>
        <name>tiz_tcprc_t</name>
        <briefdescription>
        </briefdescription>
        <detaileddescription>
        </detaileddescription>
        <inbodydescription>
        </inbodydescription>
        <location file="/home/joni/work/tizonia-master/libtizonia/test_component/tiztcproc_decls.h" line="38" column="1" bodyfile="/home/joni/work/tizonia-master/libtizonia/test_component/tiztcproc_decls.h" bodystart="40" bodyend="-1"/>
      </memberdef>
      <memberdef kind="typedef" id="tiztcproc__decls_8h_1a3c7ef3d4347b88e400030d9069ca370e" prot="public" static="no">
        <type>struct <ref refid="structtiz__tcprc__class" kindref="compound">tiz_tcprc_class</ref></type>
        <definition>typedef struct tiz_tcprc_class tiz_tcprc_class_t</definition>
        <argsstring></argsstring>
        <name>tiz_tcprc_class_t</name>
        <briefdescription>
        </briefdescription>
        <detaileddescription>
        </detaileddescription>
        <inbodydescription>
        </inbodydescription>
        <location file="/home/joni/work/tizonia-master/libtizonia/test_component/tiztcproc_decls.h" line="38" column="1" bodyfile="/home/joni/work/tizonia-master/libtizonia/test_component/tiztcproc_decls.h" bodystart="48" bodyend="-1"/>
      </memberdef>
      </sectiondef>
    <briefdescription>
<para>Tizonia OpenMAX IL - test component processor class declarations. </para>    </briefdescription>
    <detaileddescription>
<para>Copyright (C) 2011-2018 Aratelia Limited - Juan A. Rubio</para><para>This file is part of Tizonia</para><para>Tizonia is free software: you can redistribute it and/or modify it under the terms of the GNU Lesser General Public License as published by the Free Software Foundation, either version 3 of the License, or (at your option) any later version.</para><para>Tizonia is distributed in the hope that it will be useful, but WITHOUT ANY WARRANTY; without even the implied warranty of MERCHANTABILITY or FITNESS FOR A PARTICULAR PURPOSE. See the GNU Lesser General Public License for more details.</para><para>You should have received a copy of the GNU Lesser General Public License along with Tizonia. If not, see <ulink url="http://www.gnu.org/licenses/">http://www.gnu.org/licenses/</ulink>.</para><para><simplesect kind="author"><para>Juan A. Rubio <ulink url="mailto:juan.rubio@aratelia.com">juan.rubio@aratelia.com</ulink> </para></simplesect>
</para>    </detaileddescription>
    <programlisting>
<codeline lineno="1"></codeline>
<codeline lineno="29"><highlight class="preprocessor">#ifndef<sp/>TIZTCPROC_DECLS_H</highlight><highlight class="normal"></highlight></codeline>
<codeline lineno="30"><highlight class="normal"></highlight><highlight class="preprocessor">#define<sp/>TIZTCPROC_DECLS_H</highlight><highlight class="normal"></highlight></codeline>
<codeline lineno="31"><highlight class="normal"></highlight></codeline>
<codeline lineno="32"><highlight class="normal"></highlight><highlight class="preprocessor">#ifdef<sp/>__cplusplus</highlight><highlight class="normal"></highlight></codeline>
<codeline lineno="33"><highlight class="normal"></highlight><highlight class="keyword">extern</highlight><highlight class="normal"><sp/></highlight><highlight class="stringliteral">&quot;C&quot;</highlight><highlight class="normal"></highlight></codeline>
<codeline lineno="34"><highlight class="normal">{</highlight></codeline>
<codeline lineno="35"><highlight class="normal"></highlight><highlight class="preprocessor">#endif</highlight><highlight class="normal"></highlight></codeline>
<codeline lineno="36"><highlight class="normal"></highlight></codeline>
<codeline lineno="37"><highlight class="normal"></highlight><highlight class="preprocessor">#include<sp/>&quot;tiztcproc.h&quot;</highlight><highlight class="normal"></highlight></codeline>
<codeline lineno="38"><highlight class="normal"></highlight><highlight class="preprocessor">#include<sp/>&quot;tizprc_decls.h&quot;</highlight><highlight class="normal"></highlight></codeline>
<codeline lineno="39"><highlight class="normal"></highlight></codeline>
<codeline lineno="40"><highlight class="normal"><sp/><sp/></highlight><highlight class="keyword">typedef</highlight><highlight class="normal"><sp/></highlight><highlight class="keyword">struct<sp/></highlight><highlight class="normal"><ref refid="structtiz__tcprc" kindref="compound">tiz_tcprc</ref><sp/><ref refid="structtiz__tcprc" kindref="compound">tiz_tcprc_t</ref>;</highlight></codeline>
<codeline lineno="41" refid="structtiz__tcprc" refkind="compound"><highlight class="normal"><sp/><sp/></highlight><highlight class="keyword">struct<sp/></highlight><highlight class="normal"><ref refid="structtiz__tcprc" kindref="compound">tiz_tcprc</ref></highlight></codeline>
<codeline lineno="42"><highlight class="normal"><sp/><sp/>{</highlight></codeline>
<codeline lineno="43"><highlight class="normal"><sp/><sp/><sp/><sp/></highlight><highlight class="comment">/*<sp/>Object<sp/>*/</highlight><highlight class="normal"></highlight></codeline>
<codeline lineno="44"><highlight class="normal"><sp/><sp/><sp/><sp/></highlight><highlight class="keyword">const</highlight><highlight class="normal"><sp/><ref refid="structtiz__prc" kindref="compound">tiz_prc_t</ref><sp/>_;</highlight></codeline>
<codeline lineno="45"><highlight class="normal"></highlight></codeline>
<codeline lineno="46"><highlight class="normal"><sp/><sp/>};</highlight></codeline>
<codeline lineno="47"><highlight class="normal"></highlight></codeline>
<codeline lineno="48"><highlight class="normal"><sp/><sp/></highlight><highlight class="keyword">typedef</highlight><highlight class="normal"><sp/></highlight><highlight class="keyword">struct<sp/></highlight><highlight class="normal"><ref refid="structtiz__tcprc__class" kindref="compound">tiz_tcprc_class</ref><sp/>tiz_tcprc_class_t;</highlight></codeline>
<codeline lineno="49" refid="structtiz__tcprc__class" refkind="compound"><highlight class="normal"><sp/><sp/></highlight><highlight class="keyword">struct<sp/></highlight><highlight class="normal"><ref refid="structtiz__tcprc__class" kindref="compound">tiz_tcprc_class</ref></highlight></codeline>
<codeline lineno="50"><highlight class="normal"><sp/><sp/>{</highlight></codeline>
<codeline lineno="51"><highlight class="normal"><sp/><sp/><sp/><sp/></highlight><highlight class="comment">/*<sp/>Class<sp/>*/</highlight><highlight class="normal"></highlight></codeline>
<codeline lineno="52"><highlight class="normal"><sp/><sp/><sp/><sp/></highlight><highlight class="keyword">const</highlight><highlight class="normal"><sp/><ref refid="structtiz__prc__class" kindref="compound">tiz_prc_class_t</ref><sp/>_;</highlight></codeline>
<codeline lineno="53"><highlight class="normal"><sp/><sp/><sp/><sp/></highlight><highlight class="comment">/*<sp/>NOTE:<sp/>Class<sp/>methods<sp/>might<sp/>be<sp/>added<sp/>in<sp/>the<sp/>future<sp/>*/</highlight><highlight class="normal"></highlight></codeline>
<codeline lineno="54"><highlight class="normal"><sp/><sp/>};</highlight></codeline>
<codeline lineno="55"><highlight class="normal"></highlight></codeline>
<codeline lineno="56"><highlight class="normal"></highlight><highlight class="preprocessor">#ifdef<sp/>__cplusplus</highlight><highlight class="normal"></highlight></codeline>
<codeline lineno="57"><highlight class="normal">}</highlight></codeline>
<codeline lineno="58"><highlight class="normal"></highlight><highlight class="preprocessor">#endif</highlight><highlight class="normal"></highlight></codeline>
<codeline lineno="59"><highlight class="normal"></highlight></codeline>
<codeline lineno="60"><highlight class="normal"></highlight><highlight class="preprocessor">#endif<sp/><sp/><sp/><sp/><sp/><sp/><sp/><sp/><sp/><sp/><sp/><sp/><sp/><sp/><sp/><sp/><sp/><sp/><sp/><sp/><sp/><sp/><sp/><sp/><sp/><sp/></highlight><highlight class="comment">/*<sp/>TIZTCPROC_DECLS_H<sp/>*/</highlight><highlight class="preprocessor"></highlight></codeline>
    </programlisting>
    <location file="/home/joni/work/tizonia-master/libtizonia/test_component/tiztcproc_decls.h"/>
  </compounddef>
</doxygen>
