<?xml version='1.0' encoding='UTF-8' standalone='no'?>
<doxygen xmlns:xsi="http://www.w3.org/2001/XMLSchema-instance" xsi:noNamespaceSchemaLocation="compound.xsd" version="1.8.11">
  <compounddef id="tizthread_8h" kind="file" language="C++">
    <compoundname>tizthread.h</compoundname>
    <includes local="no">OMX_Core.h</includes>
    <includes local="no">OMX_Types.h</includes>
    <includes refid="tizsync_8h" local="yes">tizsync.h</includes>
    <includedby refid="tizplatform_8h" local="yes">/home/joni/work/tizonia-master/libtizplatform/src/tizplatform.h</includedby>
    <incdepgraph>
      <node id="7512">
        <label>/home/joni/work/tizonia-master/libtizplatform/src/tizthread.h</label>
        <link refid="tizthread.h"/>
        <childnode refid="7513" relation="include">
        </childnode>
        <childnode refid="7514" relation="include">
        </childnode>
        <childnode refid="7515" relation="include">
        </childnode>
      </node>
      <node id="7513">
        <label>OMX_Core.h</label>
      </node>
      <node id="7514">
        <label>OMX_Types.h</label>
      </node>
      <node id="7515">
        <label>tizsync.h</label>
        <link refid="tizsync_8h_source"/>
        <childnode refid="7513" relation="include">
        </childnode>
        <childnode refid="7514" relation="include">
        </childnode>
      </node>
    </incdepgraph>
    <invincdepgraph>
      <node id="7559">
        <label>/home/joni/work/tizonia-master/libtizonia/src/tizwebmport_decls.h</label>
        <link refid="tizwebmport__decls_8h_source"/>
      </node>
      <node id="7580">
        <label>/home/joni/work/tizonia-master/plugins/chromecast_renderer/src/cc_plexprc_decls.h</label>
        <link refid="cc__plexprc__decls_8h_source"/>
      </node>
      <node id="7607">
        <label>/home/joni/work/tizonia-master/libtizonia/src/tizkernel_decls.h</label>
        <link refid="tizkernel__decls_8h_source"/>
      </node>
      <node id="7544">
        <label>/home/joni/work/tizonia-master/plugins/chromecast_renderer/src/cc_plexcfgport_decls.h</label>
        <link refid="cc__plexcfgport__decls_8h_source"/>
      </node>
      <node id="7521">
        <label>/home/joni/work/tizonia-master/libtizonia/src/tizport_decls.h</label>
        <link refid="tizport__decls_8h_source"/>
        <childnode refid="7522" relation="include">
        </childnode>
        <childnode refid="7532" relation="include">
        </childnode>
        <childnode refid="7537" relation="include">
        </childnode>
        <childnode refid="7538" relation="include">
        </childnode>
        <childnode refid="7554" relation="include">
        </childnode>
        <childnode refid="7555" relation="include">
        </childnode>
        <childnode refid="7556" relation="include">
        </childnode>
        <childnode refid="7557" relation="include">
        </childnode>
        <childnode refid="7558" relation="include">
        </childnode>
        <childnode refid="7559" relation="include">
        </childnode>
      </node>
      <node id="7590">
        <label>/home/joni/work/tizonia-master/plugins/http_source/src/plexprc_decls.h</label>
        <link refid="plexprc__decls_8h_source"/>
      </node>
      <node id="7563">
        <label>/home/joni/work/tizonia-master/libtizonia/src/tizport.h</label>
        <link refid="tizport_8h_source"/>
        <childnode refid="7521" relation="include">
        </childnode>
        <childnode refid="7564" relation="include">
        </childnode>
      </node>
      <node id="7588">
        <label>/home/joni/work/tizonia-master/plugins/http_source/src/gmusicprc_decls.h</label>
        <link refid="gmusicprc__decls_8h_source"/>
      </node>
      <node id="7529">
        <label>/home/joni/work/tizonia-master/libtizonia/src/tizpcmport_decls.h</label>
        <link refid="tizpcmport__decls_8h_source"/>
      </node>
      <node id="7564">
        <label>/home/joni/work/tizonia-master/libtizonia/src/tizport-macros.h</label>
        <link refid="tizport-macros_8h_source"/>
      </node>
      <node id="7533">
        <label>/home/joni/work/tizonia-master/libtizonia/src/tizavcport_decls.h</label>
        <link refid="tizavcport__decls_8h_source"/>
      </node>
      <node id="7604">
        <label>/home/joni/work/tizonia-master/plugins/vp8_decoder/src/vp8dprc_decls.h</label>
        <link refid="vp8dprc__decls_8h_source"/>
      </node>
      <node id="7569">
        <label>/home/joni/work/tizonia-master/plugins/mpeg_audio_decoder/src/mpg123dprc_decls.h</label>
        <link refid="mpg123dprc__decls_8h_source"/>
      </node>
      <node id="7573">
        <label>/home/joni/work/tizonia-master/plugins/vorbis_decoder/src/vorbisdprc_decls.h</label>
        <link refid="vorbisdprc__decls_8h_source"/>
      </node>
      <node id="7545">
        <label>/home/joni/work/tizonia-master/plugins/chromecast_renderer/src/cc_scloudcfgport_decls.h</label>
        <link refid="cc__scloudcfgport__decls_8h_source"/>
      </node>
      <node id="7577">
        <label>/home/joni/work/tizonia-master/plugins/chromecast_renderer/src/cc_dirbleprc_decls.h</label>
        <link refid="cc__dirbleprc__decls_8h_source"/>
      </node>
      <node id="7516">
        <label>/home/joni/work/tizonia-master/libtizplatform/src/tizthread.h</label>
        <link refid="tizthread.h"/>
        <childnode refid="7517" relation="include">
        </childnode>
      </node>
      <node id="7536">
        <label>/home/joni/work/tizonia-master/plugins/vp8_decoder/src/vp8dinport_decls.h</label>
        <link refid="vp8dinport__decls_8h_source"/>
      </node>
      <node id="7581">
        <label>/home/joni/work/tizonia-master/plugins/chromecast_renderer/src/cc_scloudprc_decls.h</label>
        <link refid="cc__scloudprc__decls_8h_source"/>
      </node>
      <node id="7571">
        <label>/home/joni/work/tizonia-master/plugins/opusfile_decoder/src/opusfiledprc_decls.h</label>
        <link refid="opusfiledprc__decls_8h_source"/>
      </node>
      <node id="7541">
        <label>/home/joni/work/tizonia-master/plugins/chromecast_renderer/src/cc_cfgport_decls.h</label>
        <link refid="cc__cfgport__decls_8h_source"/>
        <childnode refid="7542" relation="include">
        </childnode>
        <childnode refid="7543" relation="include">
        </childnode>
        <childnode refid="7544" relation="include">
        </childnode>
        <childnode refid="7545" relation="include">
        </childnode>
        <childnode refid="7546" relation="include">
        </childnode>
      </node>
      <node id="7517">
        <label>/home/joni/work/tizonia-master/libtizplatform/src/tizplatform.h</label>
        <link refid="tizplatform_8h_source"/>
        <childnode refid="7518" relation="include">
        </childnode>
        <childnode refid="7562" relation="include">
        </childnode>
        <childnode refid="7563" relation="include">
        </childnode>
        <childnode refid="7538" relation="include">
        </childnode>
        <childnode refid="7567" relation="include">
        </childnode>
        <childnode refid="7608" relation="include">
        </childnode>
        <childnode refid="7561" relation="include">
        </childnode>
        <childnode refid="7609" relation="include">
        </childnode>
        <childnode refid="7568" relation="include">
        </childnode>
        <childnode refid="7577" relation="include">
        </childnode>
        <childnode refid="7576" relation="include">
        </childnode>
        <childnode refid="7578" relation="include">
        </childnode>
        <childnode refid="7579" relation="include">
        </childnode>
        <childnode refid="7580" relation="include">
        </childnode>
        <childnode refid="7581" relation="include">
        </childnode>
        <childnode refid="7582" relation="include">
        </childnode>
        <childnode refid="7587" relation="include">
        </childnode>
        <childnode refid="7588" relation="include">
        </childnode>
        <childnode refid="7589" relation="include">
        </childnode>
        <childnode refid="7590" relation="include">
        </childnode>
        <childnode refid="7591" relation="include">
        </childnode>
        <childnode refid="7592" relation="include">
        </childnode>
        <childnode refid="7570" relation="include">
        </childnode>
        <childnode refid="7599" relation="include">
        </childnode>
        <childnode refid="7571" relation="include">
        </childnode>
        <childnode refid="7574" relation="include">
        </childnode>
        <childnode refid="7605" relation="include">
        </childnode>
      </node>
      <node id="7526">
        <label>/home/joni/work/tizonia-master/libtizonia/src/tizmp3port_decls.h</label>
        <link refid="tizmp3port__decls_8h_source"/>
        <childnode refid="7527" relation="include">
        </childnode>
      </node>
      <node id="7579">
        <label>/home/joni/work/tizonia-master/plugins/chromecast_renderer/src/cc_httpprc_decls.h</label>
        <link refid="cc__httpprc__decls_8h_source"/>
      </node>
      <node id="7567">
        <label>/home/joni/work/tizonia-master/libtizonia/src/tizfilterprc_decls.h</label>
        <link refid="tizfilterprc__decls_8h_source"/>
        <childnode refid="7568" relation="include">
        </childnode>
        <childnode refid="7569" relation="include">
        </childnode>
        <childnode refid="7570" relation="include">
        </childnode>
        <childnode refid="7571" relation="include">
        </childnode>
        <childnode refid="7572" relation="include">
        </childnode>
        <childnode refid="7573" relation="include">
        </childnode>
        <childnode refid="7574" relation="include">
        </childnode>
      </node>
      <node id="7547">
        <label>/home/joni/work/tizonia-master/plugins/http_renderer/src/httprcfgport_decls.h</label>
        <link refid="httprcfgport__decls_8h_source"/>
      </node>
      <node id="7592">
        <label>/home/joni/work/tizonia-master/plugins/http_source/src/youtubeprc_decls.h</label>
        <link refid="youtubeprc__decls_8h_source"/>
      </node>
      <node id="7603">
        <label>/home/joni/work/tizonia-master/plugins/spotify_source/src/spfysrcprc_decls.h</label>
        <link refid="spfysrcprc__decls_8h_source"/>
      </node>
      <node id="7599">
        <label>/home/joni/work/tizonia-master/plugins/ogg_muxer/src/oggmuxsnkprc_decls.h</label>
        <link refid="oggmuxsnkprc__decls_8h_source"/>
      </node>
      <node id="7605">
        <label>/home/joni/work/tizonia-master/plugins/webm_demuxer/src/webmdmuxsrcprc_decls.h</label>
        <link refid="webmdmuxsrcprc__decls_8h_source"/>
      </node>
      <node id="7558">
        <label>/home/joni/work/tizonia-master/libtizonia/src/tizotherport_decls.h</label>
        <link refid="tizotherport__decls_8h_source"/>
      </node>
      <node id="7566">
        <label>/home/joni/work/tizonia-master/libtizonia/src/tizprc_decls.h</label>
        <link refid="tizprc__decls_8h_source"/>
        <childnode refid="7567" relation="include">
        </childnode>
        <childnode refid="7575" relation="include">
        </childnode>
        <childnode refid="7576" relation="include">
        </childnode>
        <childnode refid="7583" relation="include">
        </childnode>
        <childnode refid="7584" relation="include">
        </childnode>
        <childnode refid="7585" relation="include">
        </childnode>
        <childnode refid="7586" relation="include">
        </childnode>
        <childnode refid="7587" relation="include">
        </childnode>
        <childnode refid="7588" relation="include">
        </childnode>
        <childnode refid="7589" relation="include">
        </childnode>
        <childnode refid="7590" relation="include">
        </childnode>
        <childnode refid="7591" relation="include">
        </childnode>
        <childnode refid="7592" relation="include">
        </childnode>
        <childnode refid="7593" relation="include">
        </childnode>
        <childnode refid="7594" relation="include">
        </childnode>
        <childnode refid="7595" relation="include">
        </childnode>
        <childnode refid="7596" relation="include">
        </childnode>
        <childnode refid="7597" relation="include">
        </childnode>
        <childnode refid="7598" relation="include">
        </childnode>
        <childnode refid="7599" relation="include">
        </childnode>
        <childnode refid="7600" relation="include">
        </childnode>
        <childnode refid="7601" relation="include">
        </childnode>
        <childnode refid="7602" relation="include">
        </childnode>
        <childnode refid="7603" relation="include">
        </childnode>
        <childnode refid="7604" relation="include">
        </childnode>
        <childnode refid="7605" relation="include">
        </childnode>
        <childnode refid="7606" relation="include">
        </childnode>
      </node>
      <node id="7595">
        <label>/home/joni/work/tizonia-master/plugins/mp3_decoder/src/mp3dprc_decls.h</label>
        <link refid="mp3dprc__decls_8h_source"/>
      </node>
      <node id="7542">
        <label>/home/joni/work/tizonia-master/plugins/chromecast_renderer/src/cc_dirblecfgport_decls.h</label>
        <link refid="cc__dirblecfgport__decls_8h_source"/>
      </node>
      <node id="7554">
        <label>/home/joni/work/tizonia-master/libtizonia/src/tizdemuxerport_decls.h</label>
        <link refid="tizdemuxerport__decls_8h_source"/>
      </node>
      <node id="7518">
        <label>/home/joni/work/tizonia-master/libtizonia/src/tizservant.h</label>
        <link refid="tizservant_8h_source"/>
        <childnode refid="7519" relation="include">
        </childnode>
      </node>
      <node id="7555">
        <label>/home/joni/work/tizonia-master/libtizonia/src/tizimageport_decls.h</label>
        <link refid="tizimageport__decls_8h_source"/>
      </node>
      <node id="7522">
        <label>/home/joni/work/tizonia-master/libtizonia/src/tizaudioport_decls.h</label>
        <link refid="tizaudioport__decls_8h_source"/>
        <childnode refid="7523" relation="include">
        </childnode>
        <childnode refid="7524" relation="include">
        </childnode>
        <childnode refid="7525" relation="include">
        </childnode>
        <childnode refid="7526" relation="include">
        </childnode>
        <childnode refid="7528" relation="include">
        </childnode>
        <childnode refid="7529" relation="include">
        </childnode>
        <childnode refid="7530" relation="include">
        </childnode>
        <childnode refid="7531" relation="include">
        </childnode>
      </node>
      <node id="7591">
        <label>/home/joni/work/tizonia-master/plugins/http_source/src/scloudprc_decls.h</label>
        <link refid="scloudprc__decls_8h_source"/>
      </node>
      <node id="7550">
        <label>/home/joni/work/tizonia-master/plugins/http_source/src/plexcfgport_decls.h</label>
        <link refid="plexcfgport__decls_8h_source"/>
      </node>
      <node id="7598">
        <label>/home/joni/work/tizonia-master/plugins/ogg_demuxer/src/oggdmuxprc_decls.h</label>
        <link refid="oggdmuxprc__decls_8h_source"/>
      </node>
      <node id="7584">
        <label>/home/joni/work/tizonia-master/plugins/file_writer/src/fwprc_decls.h</label>
        <link refid="fwprc__decls_8h_source"/>
      </node>
      <node id="7568">
        <label>/home/joni/work/tizonia-master/plugins/aac_decoder/src/aacdecprc_decls.h</label>
        <link refid="aacdecprc__decls_8h_source"/>
      </node>
      <node id="7574">
        <label>/home/joni/work/tizonia-master/plugins/webm_demuxer/src/webmdmuxfltprc_decls.h</label>
        <link refid="webmdmuxfltprc__decls_8h_source"/>
      </node>
      <node id="7576">
        <label>/home/joni/work/tizonia-master/plugins/chromecast_renderer/src/cc_prc_decls.h</label>
        <link refid="cc__prc__decls_8h_source"/>
        <childnode refid="7577" relation="include">
        </childnode>
        <childnode refid="7578" relation="include">
        </childnode>
        <childnode refid="7579" relation="include">
        </childnode>
        <childnode refid="7580" relation="include">
        </childnode>
        <childnode refid="7581" relation="include">
        </childnode>
        <childnode refid="7582" relation="include">
        </childnode>
      </node>
      <node id="7578">
        <label>/home/joni/work/tizonia-master/plugins/chromecast_renderer/src/cc_gmusicprc_decls.h</label>
        <link refid="cc__gmusicprc__decls_8h_source"/>
      </node>
      <node id="7597">
        <label>/home/joni/work/tizonia-master/plugins/mp3_metadata/src/mp3metaprc_decls.h</label>
        <link refid="mp3metaprc__decls_8h_source"/>
      </node>
      <node id="7600">
        <label>/home/joni/work/tizonia-master/plugins/opus_decoder/src/opusdprc_decls.h</label>
        <link refid="opusdprc__decls_8h_source"/>
      </node>
      <node id="7594">
        <label>/home/joni/work/tizonia-master/plugins/inproc_writer/src/inprocrndprc_decls.h</label>
        <link refid="inprocrndprc__decls_8h_source"/>
      </node>
      <node id="7530">
        <label>/home/joni/work/tizonia-master/libtizonia/src/tizvorbisport_decls.h</label>
        <link refid="tizvorbisport__decls_8h_source"/>
      </node>
      <node id="7532">
        <label>/home/joni/work/tizonia-master/libtizonia/src/tizvideoport_decls.h</label>
        <link refid="tizvideoport__decls_8h_source"/>
        <childnode refid="7533" relation="include">
        </childnode>
        <childnode refid="7534" relation="include">
        </childnode>
        <childnode refid="7535" relation="include">
        </childnode>
      </node>
      <node id="7540">
        <label>/home/joni/work/tizonia-master/libtizonia/src/tizdemuxercfgport_decls.h</label>
        <link refid="tizdemuxercfgport__decls_8h_source"/>
      </node>
      <node id="7585">
        <label>/home/joni/work/tizonia-master/plugins/flac_decoder/src/flacdprc_decls.h</label>
        <link refid="flacdprc__decls_8h_source"/>
      </node>
      <node id="7524">
        <label>/home/joni/work/tizonia-master/libtizonia/src/tizflacport_decls.h</label>
        <link refid="tizflacport__decls_8h_source"/>
      </node>
      <node id="7538">
        <label>/home/joni/work/tizonia-master/libtizonia/src/tizconfigport_decls.h</label>
        <link refid="tizconfigport__decls_8h_source"/>
        <childnode refid="7539" relation="include">
        </childnode>
        <childnode refid="7547" relation="include">
        </childnode>
        <childnode refid="7548" relation="include">
        </childnode>
        <childnode refid="7549" relation="include">
        </childnode>
        <childnode refid="7550" relation="include">
        </childnode>
        <childnode refid="7551" relation="include">
        </childnode>
        <childnode refid="7552" relation="include">
        </childnode>
        <childnode refid="7553" relation="include">
        </childnode>
      </node>
      <node id="7609">
        <label>/home/joni/work/tizonia-master/libtizonia/src/tizobjsys.h</label>
        <link refid="tizobjsys_8h_source"/>
      </node>
      <node id="7606">
        <label>/home/joni/work/tizonia-master/plugins/yuv_renderer/src/sdlivrprc_decls.h</label>
        <link refid="sdlivrprc__decls_8h_source"/>
      </node>
      <node id="7572">
        <label>/home/joni/work/tizonia-master/plugins/pcm_decoder/src/sndfiledprc_decls.h</label>
        <link refid="sndfiledprc__decls_8h_source"/>
      </node>
      <node id="7525">
        <label>/home/joni/work/tizonia-master/libtizonia/src/tizmp2port_decls.h</label>
        <link refid="tizmp2port__decls_8h_source"/>
      </node>
      <node id="7583">
        <label>/home/joni/work/tizonia-master/plugins/file_reader/src/frprc_decls.h</label>
        <link refid="frprc__decls_8h_source"/>
      </node>
      <node id="7527">
        <label>/home/joni/work/tizonia-master/plugins/http_renderer/src/httprmp3port_decls.h</label>
        <link refid="httprmp3port__decls_8h_source"/>
      </node>
      <node id="7586">
        <label>/home/joni/work/tizonia-master/plugins/http_renderer/src/httprprc_decls.h</label>
        <link refid="httprprc__decls_8h_source"/>
      </node>
      <node id="7608">
        <label>/home/joni/work/tizonia-master/libtizonia/src/tizprc.h</label>
        <link refid="tizprc_8h_source"/>
        <childnode refid="7566" relation="include">
        </childnode>
      </node>
      <node id="7534">
        <label>/home/joni/work/tizonia-master/libtizonia/src/tizivrport_decls.h</label>
        <link refid="tizivrport__decls_8h_source"/>
      </node>
      <node id="7556">
        <label>/home/joni/work/tizonia-master/libtizonia/src/tizmuxerport_decls.h</label>
        <link refid="tizmuxerport__decls_8h_source"/>
      </node>
      <node id="7582">
        <label>/home/joni/work/tizonia-master/plugins/chromecast_renderer/src/cc_youtubeprc_decls.h</label>
        <link refid="cc__youtubeprc__decls_8h_source"/>
      </node>
      <node id="7539">
        <label>/home/joni/work/tizonia-master/libtizonia/src/tizuricfgport_decls.h</label>
        <link refid="tizuricfgport__decls_8h_source"/>
        <childnode refid="7540" relation="include">
        </childnode>
        <childnode refid="7541" relation="include">
        </childnode>
      </node>
      <node id="7593">
        <label>/home/joni/work/tizonia-master/plugins/inproc_reader/src/inprocsrcprc_decls.h</label>
        <link refid="inprocsrcprc__decls_8h_source"/>
      </node>
      <node id="7523">
        <label>/home/joni/work/tizonia-master/libtizonia/src/tizaacport_decls.h</label>
        <link refid="tizaacport__decls_8h_source"/>
      </node>
      <node id="7528">
        <label>/home/joni/work/tizonia-master/libtizonia/src/tizopusport_decls.h</label>
        <link refid="tizopusport__decls_8h_source"/>
      </node>
      <node id="7575">
        <label>/home/joni/work/tizonia-master/libtizonia/test_component/tiztcproc_decls.h</label>
        <link refid="tiztcproc__decls_8h_source"/>
      </node>
      <node id="7553">
        <label>/home/joni/work/tizonia-master/plugins/spotify_source/src/spfysrccfgport_decls.h</label>
        <link refid="spfysrccfgport__decls_8h_source"/>
      </node>
      <node id="7596">
        <label>/home/joni/work/tizonia-master/plugins/mp3_encoder/src/mp3eprc_decls.h</label>
        <link refid="mp3eprc__decls_8h_source"/>
      </node>
      <node id="7601">
        <label>/home/joni/work/tizonia-master/plugins/pcm_renderer_alsa/src/arprc_decls.h</label>
        <link refid="arprc__decls_8h_source"/>
      </node>
      <node id="7548">
        <label>/home/joni/work/tizonia-master/plugins/http_source/src/dirblecfgport_decls.h</label>
        <link refid="dirblecfgport__decls_8h_source"/>
      </node>
      <node id="7520">
        <label>/home/joni/work/tizonia-master/libtizonia/src/tizutils.h</label>
        <link refid="tizutils_8h_source"/>
        <childnode refid="7521" relation="include">
        </childnode>
        <childnode refid="7560" relation="include">
        </childnode>
      </node>
      <node id="7546">
        <label>/home/joni/work/tizonia-master/plugins/chromecast_renderer/src/cc_youtubecfgport_decls.h</label>
        <link refid="cc__youtubecfgport__decls_8h_source"/>
      </node>
      <node id="7562">
        <label>/home/joni/work/tizonia-master/libtizonia/src/tizscheduler.h</label>
        <link refid="tizscheduler_8h_source"/>
        <childnode refid="7518" relation="include">
        </childnode>
        <childnode refid="7563" relation="include">
        </childnode>
        <childnode refid="7565" relation="include">
        </childnode>
      </node>
      <node id="7587">
        <label>/home/joni/work/tizonia-master/plugins/http_source/src/dirbleprc_decls.h</label>
        <link refid="dirbleprc__decls_8h_source"/>
      </node>
      <node id="7543">
        <label>/home/joni/work/tizonia-master/plugins/chromecast_renderer/src/cc_gmusiccfgport_decls.h</label>
        <link refid="cc__gmusiccfgport__decls_8h_source"/>
      </node>
      <node id="7519">
        <label>/home/joni/work/tizonia-master/libtizonia/src/tizfsm.h</label>
        <link refid="tizfsm_8h_source"/>
        <childnode refid="7520" relation="include">
        </childnode>
        <childnode refid="7561" relation="include">
        </childnode>
      </node>
      <node id="7551">
        <label>/home/joni/work/tizonia-master/plugins/http_source/src/scloudcfgport_decls.h</label>
        <link refid="scloudcfgport__decls_8h_source"/>
      </node>
      <node id="7560">
        <label>/home/joni/work/tizonia-master/libtizonia/src/tizkernel.h</label>
        <link refid="tizkernel_8h_source"/>
      </node>
      <node id="7565">
        <label>/home/joni/work/tizonia-master/libtizonia/src/tizservant_decls.h</label>
        <link refid="tizservant__decls_8h_source"/>
        <childnode refid="7566" relation="include">
        </childnode>
        <childnode refid="7561" relation="include">
        </childnode>
        <childnode refid="7607" relation="include">
        </childnode>
      </node>
      <node id="7561">
        <label>/home/joni/work/tizonia-master/libtizonia/src/tizfsm_decls.h</label>
        <link refid="tizfsm__decls_8h_source"/>
      </node>
      <node id="7537">
        <label>/home/joni/work/tizonia-master/libtizonia/src/tizbinaryport_decls.h</label>
        <link refid="tizbinaryport__decls_8h_source"/>
      </node>
      <node id="7552">
        <label>/home/joni/work/tizonia-master/plugins/http_source/src/youtubecfgport_decls.h</label>
        <link refid="youtubecfgport__decls_8h_source"/>
      </node>
      <node id="7602">
        <label>/home/joni/work/tizonia-master/plugins/pcm_renderer_pa/src/pulsearprc_decls.h</label>
        <link refid="pulsearprc__decls_8h_source"/>
      </node>
      <node id="7557">
        <label>/home/joni/work/tizonia-master/libtizonia/src/tizoggport_decls.h</label>
        <link refid="tizoggport__decls_8h_source"/>
      </node>
      <node id="7570">
        <label>/home/joni/work/tizonia-master/plugins/ogg_muxer/src/oggmuxfltprc_decls.h</label>
        <link refid="oggmuxfltprc__decls_8h_source"/>
      </node>
      <node id="7589">
        <label>/home/joni/work/tizonia-master/plugins/http_source/src/httpsrcprc_decls.h</label>
        <link refid="httpsrcprc__decls_8h_source"/>
      </node>
      <node id="7535">
        <label>/home/joni/work/tizonia-master/libtizonia/src/tizvp8port_decls.h</label>
        <link refid="tizvp8port__decls_8h_source"/>
        <childnode refid="7536" relation="include">
        </childnode>
      </node>
      <node id="7549">
        <label>/home/joni/work/tizonia-master/plugins/http_source/src/gmusiccfgport_decls.h</label>
        <link refid="gmusiccfgport__decls_8h_source"/>
      </node>
      <node id="7531">
        <label>/home/joni/work/tizonia-master/plugins/http_source/src/httpsrcport_decls.h</label>
        <link refid="httpsrcport__decls_8h_source"/>
      </node>
    </invincdepgraph>
      <sectiondef kind="typedef">
      <memberdef kind="typedef" id="group__tizthread_1ga95ef743ca68d4b3a96489cdc47c6f05b" prot="public" static="no">
        <type>OMX_U32</type>
        <definition>typedef OMX_U32 tiz_thread_t</definition>
        <argsstring></argsstring>
        <name>tiz_thread_t</name>
        <briefdescription>
        </briefdescription>
        <detaileddescription>
<para>Thread hdl </para>        </detaileddescription>
        <inbodydescription>
        </inbodydescription>
        <location file="/home/joni/work/tizonia-master/libtizplatform/src/tizthread.h" line="53" column="1" bodyfile="/home/joni/work/tizonia-master/libtizplatform/src/tizthread.h" bodystart="53" bodyend="-1"/>
      </memberdef>
      </sectiondef>
      <sectiondef kind="func">
      <memberdef kind="function" id="group__tizthread_1ga2fb981885b987a88ea99864d1fdfda4a" prot="public" static="no" const="no" explicit="no" inline="no" virt="non-virtual">
        <type>OMX_ERRORTYPE</type>
        <definition>OMX_ERRORTYPE tiz_thread_create</definition>
        <argsstring>(tiz_thread_t *ap_thread, size_t a_stack_size, OMX_U32 a_priority, OMX_PTR(*a_pf_routine)(OMX_PTR), OMX_PTR ap_arg)</argsstring>
        <name>tiz_thread_create</name>
        <param>
          <type><ref refid="group__tizthread_1ga95ef743ca68d4b3a96489cdc47c6f05b" kindref="member">tiz_thread_t</ref> *</type>
          <declname>ap_thread</declname>
        </param>
        <param>
          <type>size_t</type>
          <declname>a_stack_size</declname>
        </param>
        <param>
          <type>OMX_U32</type>
          <declname>a_priority</declname>
        </param>
        <param>
          <type>OMX_PTR(*)(OMX_PTR)</type>
          <declname>a_pf_routine</declname>
        </param>
        <param>
          <type>OMX_PTR</type>
          <declname>ap_arg</declname>
        </param>
        <briefdescription>
        </briefdescription>
        <detaileddescription>
<para>Create a new thread, starting with execution of a_pf_routine getting passed ap_arg. The new hdl is stored in *ap_thread.</para><para><simplesect kind="return"><para>OMX_ErrorNone if success, OMX_ErrorUndefined otherwise. </para></simplesect>
</para>        </detaileddescription>
        <inbodydescription>
        </inbodydescription>
        <location file="/home/joni/work/tizonia-master/libtizplatform/src/tizthread.h" line="64" column="1" bodyfile="/home/joni/work/tizonia-master/libtizplatform/src/tizthread.c" bodystart="59" bodyend="138"/>
      </memberdef>
      <memberdef kind="function" id="group__tizthread_1gab6bf29f9633ca70c705cc9c717f9152f" prot="public" static="no" const="no" explicit="no" inline="no" virt="non-virtual">
        <type>OMX_ERRORTYPE</type>
        <definition>OMX_ERRORTYPE tiz_thread_join</definition>
        <argsstring>(tiz_thread_t *ap_thread, void **app_result)</argsstring>
        <name>tiz_thread_join</name>
        <param>
          <type><ref refid="group__tizthread_1ga95ef743ca68d4b3a96489cdc47c6f05b" kindref="member">tiz_thread_t</ref> *</type>
          <declname>ap_thread</declname>
        </param>
        <param>
          <type>void **</type>
          <declname>app_result</declname>
        </param>
        <briefdescription>
        </briefdescription>
        <detaileddescription>
<para>Make the calling thread wait for the termination of the thread ap_thread. The exit status of the thread is stored in *app_result.</para><para><simplesect kind="return"><para>OMX_ErrorNone if success, OMX_ErrorUndefined otherwise. </para></simplesect>
</para>        </detaileddescription>
        <inbodydescription>
        </inbodydescription>
        <location file="/home/joni/work/tizonia-master/libtizplatform/src/tizthread.h" line="77" column="1" bodyfile="/home/joni/work/tizonia-master/libtizplatform/src/tizthread.c" bodystart="147" bodyend="165"/>
      </memberdef>
      <memberdef kind="function" id="group__tizthread_1ga16f498dece22b6cce94a516e38e7b1a0" prot="public" static="no" const="no" explicit="no" inline="no" virt="non-virtual">
        <type>OMX_ERRORTYPE</type>
        <definition>OMX_ERRORTYPE tiz_thread_setname</definition>
        <argsstring>(tiz_thread_t *ap_thread, const OMX_STRING a_name)</argsstring>
        <name>tiz_thread_setname</name>
        <param>
          <type><ref refid="group__tizthread_1ga95ef743ca68d4b3a96489cdc47c6f05b" kindref="member">tiz_thread_t</ref> *</type>
          <declname>ap_thread</declname>
        </param>
        <param>
          <type>const OMX_STRING</type>
          <declname>a_name</declname>
        </param>
        <briefdescription>
        </briefdescription>
        <detaileddescription>
<para>Set the name of a thread.</para><para><simplesect kind="return"><para>0 if success, -1 otherwise. </para></simplesect>
</para>        </detaileddescription>
        <inbodydescription>
        </inbodydescription>
        <location file="/home/joni/work/tizonia-master/libtizplatform/src/tizthread.h" line="87" column="1" bodyfile="/home/joni/work/tizonia-master/libtizplatform/src/tizthread.c" bodystart="174" bodyend="192"/>
      </memberdef>
      <memberdef kind="function" id="group__tizthread_1ga6f7dd8078fc8005ade53dd9c37d9ea14" prot="public" static="no" const="no" explicit="no" inline="no" virt="non-virtual">
        <type>void</type>
        <definition>void tiz_thread_exit</definition>
        <argsstring>(OMX_PTR a_status)</argsstring>
        <name>tiz_thread_exit</name>
        <param>
          <type>OMX_PTR</type>
          <declname>a_status</declname>
        </param>
        <briefdescription>
        </briefdescription>
        <detaileddescription>
<para>Terminate the calling thread. </para>        </detaileddescription>
        <inbodydescription>
        </inbodydescription>
        <location file="/home/joni/work/tizonia-master/libtizplatform/src/tizthread.h" line="95" column="1" bodyfile="/home/joni/work/tizonia-master/libtizplatform/src/tizthread.c" bodystart="141" bodyend="144"/>
      </memberdef>
      <memberdef kind="function" id="group__tizthread_1gadbbdd7bf877ffd910959c4a25c94bc0e" prot="public" static="no" const="no" explicit="no" inline="no" virt="non-virtual">
        <type>OMX_S32</type>
        <definition>OMX_S32 tiz_thread_id</definition>
        <argsstring>(void)</argsstring>
        <name>tiz_thread_id</name>
        <param>
          <type>void</type>
        </param>
        <briefdescription>
        </briefdescription>
        <detaileddescription>
<para>Get the thread id of the calling thread.</para><para><simplesect kind="return"><para>The thread id </para></simplesect>
</para>        </detaileddescription>
        <inbodydescription>
        </inbodydescription>
        <location file="/home/joni/work/tizonia-master/libtizplatform/src/tizthread.h" line="105" column="1" bodyfile="/home/joni/work/tizonia-master/libtizplatform/src/tizthread.c" bodystart="168" bodyend="171"/>
      </memberdef>
      <memberdef kind="function" id="group__tizthread_1gaf8b74ba62ad99757444af582cab60f93" prot="public" static="no" const="no" explicit="no" inline="no" virt="non-virtual">
        <type>OMX_S32</type>
        <definition>OMX_S32 tiz_sleep</definition>
        <argsstring>(OMX_U32 a_usec)</argsstring>
        <name>tiz_sleep</name>
        <param>
          <type>OMX_U32</type>
          <declname>a_usec</declname>
        </param>
        <briefdescription>
        </briefdescription>
        <detaileddescription>
<para>Sleep for the specified number of micro seconds.</para><para><simplesect kind="return"><para>0 if success, -1 otherwise. </para></simplesect>
</para>        </detaileddescription>
        <inbodydescription>
        </inbodydescription>
        <location file="/home/joni/work/tizonia-master/libtizplatform/src/tizthread.h" line="115" column="1" bodyfile="/home/joni/work/tizonia-master/libtizplatform/src/tizthread.c" bodystart="195" bodyend="214"/>
      </memberdef>
      </sectiondef>
    <briefdescription>
<para>Tizonia Platform - Thread/task management. </para>    </briefdescription>
    <detaileddescription>
<para>Copyright (C) 2011-2018 Aratelia Limited - Juan A. Rubio</para><para>This file is part of Tizonia</para><para>Tizonia is free software: you can redistribute it and/or modify it under the terms of the GNU Lesser General Public License as published by the Free Software Foundation, either version 3 of the License, or (at your option) any later version.</para><para>Tizonia is distributed in the hope that it will be useful, but WITHOUT ANY WARRANTY; without even the implied warranty of MERCHANTABILITY or FITNESS FOR A PARTICULAR PURPOSE. See the GNU Lesser General Public License for more details.</para><para>You should have received a copy of the GNU Lesser General Public License along with Tizonia. If not, see <ulink url="http://www.gnu.org/licenses/">http://www.gnu.org/licenses/</ulink>.</para><para><simplesect kind="author"><para>Juan A. Rubio <ulink url="mailto:juan.rubio@aratelia.com">juan.rubio@aratelia.com</ulink> </para></simplesect>
</para>    </detaileddescription>
    <programlisting>
<codeline lineno="1"></codeline>
<codeline lineno="29"><highlight class="preprocessor">#ifndef<sp/>TIZTHREAD_H</highlight><highlight class="normal"></highlight></codeline>
<codeline lineno="30"><highlight class="normal"></highlight><highlight class="preprocessor">#define<sp/>TIZTHREAD_H</highlight><highlight class="normal"></highlight></codeline>
<codeline lineno="31"><highlight class="normal"></highlight></codeline>
<codeline lineno="32"><highlight class="normal"></highlight><highlight class="preprocessor">#ifdef<sp/>__cplusplus</highlight><highlight class="normal"></highlight></codeline>
<codeline lineno="33"><highlight class="normal"></highlight><highlight class="keyword">extern</highlight><highlight class="normal"><sp/></highlight><highlight class="stringliteral">&quot;C&quot;</highlight><highlight class="normal"><sp/>{</highlight></codeline>
<codeline lineno="34"><highlight class="normal"></highlight><highlight class="preprocessor">#endif</highlight><highlight class="normal"></highlight></codeline>
<codeline lineno="35"><highlight class="normal"></highlight></codeline>
<codeline lineno="44"><highlight class="preprocessor">#include<sp/>&lt;OMX_Core.h&gt;</highlight><highlight class="normal"></highlight></codeline>
<codeline lineno="45"><highlight class="normal"></highlight><highlight class="preprocessor">#include<sp/>&lt;OMX_Types.h&gt;</highlight><highlight class="normal"></highlight></codeline>
<codeline lineno="46"><highlight class="normal"></highlight></codeline>
<codeline lineno="47"><highlight class="normal"></highlight><highlight class="preprocessor">#include<sp/>&quot;tizsync.h&quot;</highlight><highlight class="normal"></highlight></codeline>
<codeline lineno="48"><highlight class="normal"></highlight></codeline>
<codeline lineno="53" refid="group__tizthread_1ga95ef743ca68d4b3a96489cdc47c6f05b" refkind="member"><highlight class="keyword">typedef</highlight><highlight class="normal"><sp/>OMX_U32<sp/><ref refid="group__tizthread_1ga95ef743ca68d4b3a96489cdc47c6f05b" kindref="member">tiz_thread_t</ref>;</highlight></codeline>
<codeline lineno="54"><highlight class="normal"></highlight></codeline>
<codeline lineno="63"><highlight class="normal">OMX_ERRORTYPE</highlight></codeline>
<codeline lineno="64"><highlight class="normal"><ref refid="group__tizthread_1ga2fb981885b987a88ea99864d1fdfda4a" kindref="member">tiz_thread_create</ref><sp/>(tiz_thread_t<sp/>*<sp/>ap_thread,<sp/></highlight><highlight class="keywordtype">size_t</highlight><highlight class="normal"><sp/>a_stack_size,</highlight></codeline>
<codeline lineno="65"><highlight class="normal"><sp/><sp/><sp/><sp/><sp/><sp/><sp/><sp/><sp/><sp/><sp/><sp/><sp/><sp/><sp/><sp/><sp/><sp/><sp/>OMX_U32<sp/>a_priority,<sp/>OMX_PTR<sp/>(*a_pf_routine)<sp/>(OMX_PTR),</highlight></codeline>
<codeline lineno="66"><highlight class="normal"><sp/><sp/><sp/><sp/><sp/><sp/><sp/><sp/><sp/><sp/><sp/><sp/><sp/><sp/><sp/><sp/><sp/><sp/><sp/>OMX_PTR<sp/>ap_arg);</highlight></codeline>
<codeline lineno="67"><highlight class="normal"></highlight></codeline>
<codeline lineno="76"><highlight class="normal">OMX_ERRORTYPE</highlight></codeline>
<codeline lineno="77"><highlight class="normal"><ref refid="group__tizthread_1gab6bf29f9633ca70c705cc9c717f9152f" kindref="member">tiz_thread_join</ref><sp/>(tiz_thread_t<sp/>*<sp/>ap_thread,<sp/></highlight><highlight class="keywordtype">void</highlight><highlight class="normal"><sp/>**<sp/>app_result);</highlight></codeline>
<codeline lineno="78"><highlight class="normal"></highlight></codeline>
<codeline lineno="86"><highlight class="normal">OMX_ERRORTYPE</highlight></codeline>
<codeline lineno="87"><highlight class="normal"><ref refid="group__tizthread_1ga16f498dece22b6cce94a516e38e7b1a0" kindref="member">tiz_thread_setname</ref><sp/>(tiz_thread_t<sp/>*<sp/>ap_thread,<sp/></highlight><highlight class="keyword">const</highlight><highlight class="normal"><sp/>OMX_STRING<sp/>a_name);</highlight></codeline>
<codeline lineno="88"><highlight class="normal"></highlight></codeline>
<codeline lineno="94"><highlight class="keywordtype">void</highlight><highlight class="normal"></highlight></codeline>
<codeline lineno="95"><highlight class="normal"><ref refid="group__tizthread_1ga6f7dd8078fc8005ade53dd9c37d9ea14" kindref="member">tiz_thread_exit</ref><sp/>(OMX_PTR<sp/>a_status);</highlight></codeline>
<codeline lineno="96"><highlight class="normal"></highlight></codeline>
<codeline lineno="104"><highlight class="normal">OMX_S32</highlight></codeline>
<codeline lineno="105"><highlight class="normal"><ref refid="group__tizthread_1gadbbdd7bf877ffd910959c4a25c94bc0e" kindref="member">tiz_thread_id</ref><sp/>(</highlight><highlight class="keywordtype">void</highlight><highlight class="normal">);</highlight></codeline>
<codeline lineno="106"><highlight class="normal"></highlight></codeline>
<codeline lineno="114"><highlight class="normal">OMX_S32</highlight></codeline>
<codeline lineno="115"><highlight class="normal"><ref refid="group__tizthread_1gaf8b74ba62ad99757444af582cab60f93" kindref="member">tiz_sleep</ref><sp/>(OMX_U32<sp/>a_usec);</highlight></codeline>
<codeline lineno="116"><highlight class="normal"></highlight></codeline>
<codeline lineno="117"><highlight class="normal"></highlight><highlight class="preprocessor">#ifdef<sp/>__cplusplus</highlight><highlight class="normal"></highlight></codeline>
<codeline lineno="118"><highlight class="normal">}</highlight></codeline>
<codeline lineno="119"><highlight class="normal"></highlight><highlight class="preprocessor">#endif</highlight><highlight class="normal"></highlight></codeline>
<codeline lineno="120"><highlight class="normal"></highlight></codeline>
<codeline lineno="121"><highlight class="normal"></highlight><highlight class="preprocessor">#endif<sp/></highlight><highlight class="comment">/*<sp/>TIZTHREAD_H<sp/>*/</highlight><highlight class="preprocessor"></highlight></codeline>
    </programlisting>
    <location file="/home/joni/work/tizonia-master/libtizplatform/src/tizthread.h"/>
  </compounddef>
</doxygen>
