<?xml version='1.0' encoding='UTF-8' standalone='no'?>
<doxygen xmlns:xsi="http://www.w3.org/2001/XMLSchema-instance" xsi:noNamespaceSchemaLocation="compound.xsd" version="1.8.11">
  <compounddef id="tizvp8port__decls_8h" kind="file" language="C++">
    <compoundname>tizvp8port_decls.h</compoundname>
    <includes local="yes">OMX_Component.h</includes>
    <includes refid="tizvideoport__decls_8h" local="yes">tizvideoport_decls.h</includes>
    <includedby refid="tizvp8port_8c" local="yes">/home/joni/work/tizonia-master/libtizonia/src/tizvp8port.c</includedby>
    <includedby refid="vp8dinport__decls_8h" local="no">/home/joni/work/tizonia-master/plugins/vp8_decoder/src/vp8dinport_decls.h</includedby>
    <incdepgraph>
      <node id="4882">
        <label>stdbool.h</label>
      </node>
      <node id="4859">
        <label>stdarg.h</label>
      </node>
      <node id="4853">
        <label>tizport_decls.h</label>
        <link refid="tizport__decls_8h_source"/>
        <childnode refid="4854" relation="include">
        </childnode>
        <childnode refid="4890" relation="include">
        </childnode>
        <childnode refid="4892" relation="include">
        </childnode>
        <childnode refid="4851" relation="include">
        </childnode>
        <childnode refid="4895" relation="include">
        </childnode>
      </node>
      <node id="4854">
        <label>tizport.h</label>
        <link refid="tizport_8h_source"/>
        <childnode refid="4855" relation="include">
        </childnode>
        <childnode refid="4862" relation="include">
        </childnode>
        <childnode refid="4863" relation="include">
        </childnode>
        <childnode refid="4856" relation="include">
        </childnode>
        <childnode refid="4851" relation="include">
        </childnode>
        <childnode refid="4858" relation="include">
        </childnode>
        <childnode refid="4889" relation="include">
        </childnode>
      </node>
      <node id="4876">
        <label>tizbuffer.h</label>
        <link refid="tizbuffer_8h_source"/>
        <childnode refid="4856" relation="include">
        </childnode>
        <childnode refid="4858" relation="include">
        </childnode>
      </node>
      <node id="4879">
        <label>tizuuid.h</label>
        <link refid="tizuuid_8h_source"/>
        <childnode refid="4858" relation="include">
        </childnode>
      </node>
      <node id="4878">
        <label>tizthread.h</label>
        <link refid="tizthread_8h_source"/>
        <childnode refid="4856" relation="include">
        </childnode>
        <childnode refid="4858" relation="include">
        </childnode>
        <childnode refid="4872" relation="include">
        </childnode>
      </node>
      <node id="4875">
        <label>stdint.h</label>
      </node>
      <node id="4856">
        <label>OMX_Core.h</label>
      </node>
      <node id="4863">
        <label>tizplatform.h</label>
        <link refid="tizplatform_8h_source"/>
        <childnode refid="4864" relation="include">
        </childnode>
        <childnode refid="4869" relation="include">
        </childnode>
        <childnode refid="4867" relation="include">
        </childnode>
        <childnode refid="4871" relation="include">
        </childnode>
        <childnode refid="4873" relation="include">
        </childnode>
        <childnode refid="4876" relation="include">
        </childnode>
        <childnode refid="4877" relation="include">
        </childnode>
        <childnode refid="4872" relation="include">
        </childnode>
        <childnode refid="4878" relation="include">
        </childnode>
        <childnode refid="4879" relation="include">
        </childnode>
        <childnode refid="4865" relation="include">
        </childnode>
        <childnode refid="4880" relation="include">
        </childnode>
        <childnode refid="4874" relation="include">
        </childnode>
        <childnode refid="4881" relation="include">
        </childnode>
        <childnode refid="4883" relation="include">
        </childnode>
        <childnode refid="4884" relation="include">
        </childnode>
        <childnode refid="4885" relation="include">
        </childnode>
        <childnode refid="4886" relation="include">
        </childnode>
        <childnode refid="4887" relation="include">
        </childnode>
        <childnode refid="4888" relation="include">
        </childnode>
      </node>
      <node id="4891">
        <label>tizobject_decls.h</label>
        <link refid="tizobject__decls_8h_source"/>
        <childnode refid="4860" relation="include">
        </childnode>
        <childnode refid="4859" relation="include">
        </childnode>
      </node>
      <node id="4890">
        <label>tizapi_decls.h</label>
        <link refid="tizapi__decls_8h_source"/>
        <childnode refid="4891" relation="include">
        </childnode>
      </node>
      <node id="4857">
        <label>tizobject.h</label>
        <link refid="tizobject_8h_source"/>
        <childnode refid="4858" relation="include">
        </childnode>
        <childnode refid="4859" relation="include">
        </childnode>
        <childnode refid="4860" relation="include">
        </childnode>
        <childnode refid="4861" relation="include">
        </childnode>
      </node>
      <node id="4851">
        <label>OMX_Component.h</label>
      </node>
      <node id="4874">
        <label>tizsoa.h</label>
        <link refid="tizsoa_8h_source"/>
        <childnode refid="4860" relation="include">
        </childnode>
        <childnode refid="4875" relation="include">
        </childnode>
        <childnode refid="4858" relation="include">
        </childnode>
        <childnode refid="4856" relation="include">
        </childnode>
      </node>
      <node id="4864">
        <label>tizmacros.h</label>
        <link refid="tizmacros_8h_source"/>
        <childnode refid="4865" relation="include">
        </childnode>
        <childnode refid="4860" relation="include">
        </childnode>
      </node>
      <node id="4894">
        <label>tizservant.h</label>
        <link refid="tizservant_8h_source"/>
        <childnode refid="4856" relation="include">
        </childnode>
        <childnode refid="4863" relation="include">
        </childnode>
        <childnode refid="4862" relation="include">
        </childnode>
        <childnode refid="4855" relation="include">
        </childnode>
      </node>
      <node id="4860">
        <label>stddef.h</label>
      </node>
      <node id="4889">
        <label>limits.h</label>
      </node>
      <node id="4886">
        <label>tizprintf.h</label>
        <link refid="tizprintf_8h_source"/>
      </node>
      <node id="4871">
        <label>tizqueue.h</label>
        <link refid="tizqueue_8h_source"/>
        <childnode refid="4856" relation="include">
        </childnode>
        <childnode refid="4858" relation="include">
        </childnode>
        <childnode refid="4872" relation="include">
        </childnode>
      </node>
      <node id="4870">
        <label>log4c.h</label>
      </node>
      <node id="4868">
        <label>sys/types.h</label>
      </node>
      <node id="4895">
        <label>OMX_TizoniaExt.h</label>
      </node>
      <node id="4867">
        <label>tizmem.h</label>
        <link refid="tizmem_8h_source"/>
        <childnode refid="4868" relation="include">
        </childnode>
        <childnode refid="4858" relation="include">
        </childnode>
      </node>
      <node id="4880">
        <label>tizrc.h</label>
        <link refid="tizrc_8h_source"/>
        <childnode refid="4856" relation="include">
        </childnode>
        <childnode refid="4858" relation="include">
        </childnode>
      </node>
      <node id="4873">
        <label>tizpqueue.h</label>
        <link refid="tizpqueue_8h_source"/>
        <childnode refid="4856" relation="include">
        </childnode>
        <childnode refid="4858" relation="include">
        </childnode>
        <childnode refid="4874" relation="include">
        </childnode>
      </node>
      <node id="4852">
        <label>tizvideoport_decls.h</label>
        <link refid="tizvideoport__decls_8h_source"/>
        <childnode refid="4853" relation="include">
        </childnode>
      </node>
      <node id="4855">
        <label>tizapi.h</label>
        <link refid="tizapi_8h_source"/>
        <childnode refid="4856" relation="include">
        </childnode>
        <childnode refid="4857" relation="include">
        </childnode>
      </node>
      <node id="4858">
        <label>OMX_Types.h</label>
      </node>
      <node id="4872">
        <label>tizsync.h</label>
        <link refid="tizsync_8h_source"/>
        <childnode refid="4856" relation="include">
        </childnode>
        <childnode refid="4858" relation="include">
        </childnode>
      </node>
      <node id="4869">
        <label>tizlog.h</label>
        <link refid="tizlog_8h_source"/>
        <childnode refid="4870" relation="include">
        </childnode>
      </node>
      <node id="4883">
        <label>tizhttp.h</label>
        <link refid="tizhttp_8h_source"/>
        <childnode refid="4856" relation="include">
        </childnode>
        <childnode refid="4858" relation="include">
        </childnode>
      </node>
      <node id="4877">
        <label>tizvector.h</label>
        <link refid="tizvector_8h_source"/>
        <childnode refid="4856" relation="include">
        </childnode>
        <childnode refid="4858" relation="include">
        </childnode>
      </node>
      <node id="4888">
        <label>tizurltransfer.h</label>
        <link refid="tizurltransfer_8h_source"/>
        <childnode refid="4851" relation="include">
        </childnode>
      </node>
      <node id="4887">
        <label>tizshufflelst.h</label>
        <link refid="tizshufflelst_8h_source"/>
        <childnode refid="4856" relation="include">
        </childnode>
        <childnode refid="4858" relation="include">
        </childnode>
      </node>
      <node id="4865">
        <label>tizomxutils.h</label>
        <link refid="tizomxutils_8h_source"/>
        <childnode refid="4858" relation="include">
        </childnode>
        <childnode refid="4851" relation="include">
        </childnode>
        <childnode refid="4866" relation="include">
        </childnode>
        <childnode refid="4856" relation="include">
        </childnode>
        <childnode refid="4867" relation="include">
        </childnode>
      </node>
      <node id="4892">
        <label>tizutils.h</label>
        <link refid="tizutils_8h_source"/>
        <childnode refid="4858" relation="include">
        </childnode>
        <childnode refid="4856" relation="include">
        </childnode>
        <childnode refid="4893" relation="include">
        </childnode>
      </node>
      <node id="4862">
        <label>tizscheduler.h</label>
        <link refid="tizscheduler_8h_source"/>
        <childnode refid="4856" relation="include">
        </childnode>
        <childnode refid="4858" relation="include">
        </childnode>
        <childnode refid="4851" relation="include">
        </childnode>
        <childnode refid="4863" relation="include">
        </childnode>
      </node>
      <node id="4893">
        <label>tizfsm.h</label>
        <link refid="tizfsm_8h_source"/>
        <childnode refid="4894" relation="include">
        </childnode>
      </node>
      <node id="4884">
        <label>tizmap.h</label>
        <link refid="tizmap_8h_source"/>
        <childnode refid="4882" relation="include">
        </childnode>
        <childnode refid="4856" relation="include">
        </childnode>
        <childnode refid="4858" relation="include">
        </childnode>
        <childnode refid="4874" relation="include">
        </childnode>
      </node>
      <node id="4881">
        <label>tizev.h</label>
        <link refid="tizev_8h_source"/>
        <childnode refid="4882" relation="include">
        </childnode>
        <childnode refid="4875" relation="include">
        </childnode>
        <childnode refid="4856" relation="include">
        </childnode>
        <childnode refid="4858" relation="include">
        </childnode>
      </node>
      <node id="4861">
        <label>stdio.h</label>
      </node>
      <node id="4885">
        <label>tizlimits.h</label>
        <link refid="tizlimits_8h_source"/>
      </node>
      <node id="4850">
        <label>/home/joni/work/tizonia-master/libtizonia/src/tizvp8port_decls.h</label>
        <link refid="tizvp8port_decls.h"/>
        <childnode refid="4851" relation="include">
        </childnode>
        <childnode refid="4852" relation="include">
        </childnode>
      </node>
      <node id="4866">
        <label>OMX_Audio.h</label>
      </node>
    </incdepgraph>
    <invincdepgraph>
      <node id="4897">
        <label>/home/joni/work/tizonia-master/plugins/vp8_decoder/src/vp8dinport_decls.h</label>
        <link refid="vp8dinport__decls_8h_source"/>
      </node>
      <node id="4896">
        <label>/home/joni/work/tizonia-master/libtizonia/src/tizvp8port_decls.h</label>
        <link refid="tizvp8port_decls.h"/>
        <childnode refid="4897" relation="include">
        </childnode>
      </node>
    </invincdepgraph>
    <innerclass refid="structtiz__vp8port" prot="public">tiz_vp8port</innerclass>
    <innerclass refid="structtiz__vp8port__class" prot="public">tiz_vp8port_class</innerclass>
      <sectiondef kind="typedef">
      <memberdef kind="typedef" id="tizvp8port__decls_8h_1acaba22961cce241c6fb4c085729bef59" prot="public" static="no">
        <type>struct <ref refid="structtiz__vp8port" kindref="compound">tiz_vp8port</ref></type>
        <definition>typedef struct tiz_vp8port tiz_vp8port_t</definition>
        <argsstring></argsstring>
        <name>tiz_vp8port_t</name>
        <briefdescription>
        </briefdescription>
        <detaileddescription>
        </detaileddescription>
        <inbodydescription>
        </inbodydescription>
        <location file="/home/joni/work/tizonia-master/libtizonia/src/tizvp8port_decls.h" line="39" column="1" bodyfile="/home/joni/work/tizonia-master/libtizonia/src/tizvp8port_decls.h" bodystart="39" bodyend="-1"/>
      </memberdef>
      <memberdef kind="typedef" id="tizvp8port__decls_8h_1a65e7881295b0f2f943ea1ee0927ba131" prot="public" static="no">
        <type>struct <ref refid="structtiz__vp8port__class" kindref="compound">tiz_vp8port_class</ref></type>
        <definition>typedef struct tiz_vp8port_class tiz_vp8port_class_t</definition>
        <argsstring></argsstring>
        <name>tiz_vp8port_class_t</name>
        <briefdescription>
        </briefdescription>
        <detaileddescription>
        </detaileddescription>
        <inbodydescription>
        </inbodydescription>
        <location file="/home/joni/work/tizonia-master/libtizonia/src/tizvp8port_decls.h" line="39" column="1" bodyfile="/home/joni/work/tizonia-master/libtizonia/src/tizvp8port_decls.h" bodystart="52" bodyend="-1"/>
      </memberdef>
      </sectiondef>
    <briefdescription>
<para>vp8port class declarations </para>    </briefdescription>
    <detaileddescription>
<para>Copyright (C) 2011-2018 Aratelia Limited - Juan A. Rubio</para><para>This file is part of Tizonia</para><para>Tizonia is free software: you can redistribute it and/or modify it under the terms of the GNU Lesser General Public License as published by the Free Software Foundation, either version 3 of the License, or (at your option) any later version.</para><para>Tizonia is distributed in the hope that it will be useful, but WITHOUT ANY WARRANTY; without even the implied warranty of MERCHANTABILITY or FITNESS FOR A PARTICULAR PURPOSE. See the GNU Lesser General Public License for more details.</para><para>You should have received a copy of the GNU Lesser General Public License along with Tizonia. If not, see <ulink url="http://www.gnu.org/licenses/">http://www.gnu.org/licenses/</ulink>.</para><para><simplesect kind="author"><para>Juan A. Rubio <ulink url="mailto:juan.rubio@aratelia.com">juan.rubio@aratelia.com</ulink> </para></simplesect>
</para>    </detaileddescription>
    <programlisting>
<codeline lineno="1"></codeline>
<codeline lineno="29"><highlight class="preprocessor">#ifndef<sp/>TIZVP8PORT_DECLS_H</highlight><highlight class="normal"></highlight></codeline>
<codeline lineno="30"><highlight class="normal"></highlight><highlight class="preprocessor">#define<sp/>TIZVP8PORT_DECLS_H</highlight><highlight class="normal"></highlight></codeline>
<codeline lineno="31"><highlight class="normal"></highlight></codeline>
<codeline lineno="32"><highlight class="normal"></highlight><highlight class="preprocessor">#ifdef<sp/>__cplusplus</highlight><highlight class="normal"></highlight></codeline>
<codeline lineno="33"><highlight class="normal"></highlight><highlight class="keyword">extern</highlight><highlight class="normal"><sp/></highlight><highlight class="stringliteral">&quot;C&quot;</highlight><highlight class="normal"><sp/>{</highlight></codeline>
<codeline lineno="34"><highlight class="normal"></highlight><highlight class="preprocessor">#endif</highlight><highlight class="normal"></highlight></codeline>
<codeline lineno="35"><highlight class="normal"></highlight></codeline>
<codeline lineno="36"><highlight class="normal"></highlight><highlight class="preprocessor">#include<sp/>&quot;OMX_Component.h&quot;</highlight><highlight class="normal"></highlight></codeline>
<codeline lineno="37"><highlight class="normal"></highlight><highlight class="preprocessor">#include<sp/>&quot;tizvideoport_decls.h&quot;</highlight><highlight class="normal"></highlight></codeline>
<codeline lineno="38"><highlight class="normal"></highlight></codeline>
<codeline lineno="39"><highlight class="normal"></highlight><highlight class="keyword">typedef</highlight><highlight class="normal"><sp/></highlight><highlight class="keyword">struct<sp/></highlight><highlight class="normal"><ref refid="structtiz__vp8port" kindref="compound">tiz_vp8port</ref><sp/><ref refid="structtiz__vp8port" kindref="compound">tiz_vp8port_t</ref>;</highlight></codeline>
<codeline lineno="40" refid="structtiz__vp8port" refkind="compound"><highlight class="normal"></highlight><highlight class="keyword">struct<sp/></highlight><highlight class="normal"><ref refid="structtiz__vp8port" kindref="compound">tiz_vp8port</ref></highlight></codeline>
<codeline lineno="41"><highlight class="normal">{</highlight></codeline>
<codeline lineno="42"><highlight class="normal"><sp/><sp/></highlight><highlight class="comment">/*<sp/>Object<sp/>*/</highlight><highlight class="normal"></highlight></codeline>
<codeline lineno="43"><highlight class="normal"><sp/><sp/></highlight><highlight class="keyword">const</highlight><highlight class="normal"><sp/><ref refid="structtiz__videoport" kindref="compound">tiz_videoport_t</ref><sp/>_;</highlight></codeline>
<codeline lineno="44"><highlight class="normal"><sp/><sp/>OMX_VIDEO_PARAM_VP8TYPE<sp/>vp8type_;</highlight></codeline>
<codeline lineno="45"><highlight class="normal"><sp/><sp/>OMX_VIDEO_PARAM_PROFILELEVELTYPE<sp/>pltype_;</highlight></codeline>
<codeline lineno="46"><highlight class="normal"><sp/><sp/><ref refid="structtiz__vector" kindref="compound">tiz_vector_t</ref><sp/>*<sp/>p_levels_;</highlight></codeline>
<codeline lineno="47"><highlight class="normal"><sp/><sp/>OMX_VIDEO_PARAM_BITRATETYPE<sp/>pbrtype_;</highlight></codeline>
<codeline lineno="48"><highlight class="normal"><sp/><sp/>OMX_VIDEO_CONFIG_BITRATETYPE<sp/>cbrtype_;</highlight></codeline>
<codeline lineno="49"><highlight class="normal"><sp/><sp/>OMX_CONFIG_FRAMERATETYPE<sp/>frtype_;</highlight></codeline>
<codeline lineno="50"><highlight class="normal">};</highlight></codeline>
<codeline lineno="51"><highlight class="normal"></highlight></codeline>
<codeline lineno="52"><highlight class="normal"></highlight><highlight class="keyword">typedef</highlight><highlight class="normal"><sp/></highlight><highlight class="keyword">struct<sp/></highlight><highlight class="normal"><ref refid="structtiz__vp8port__class" kindref="compound">tiz_vp8port_class</ref><sp/>tiz_vp8port_class_t;</highlight></codeline>
<codeline lineno="53" refid="structtiz__vp8port__class" refkind="compound"><highlight class="normal"></highlight><highlight class="keyword">struct<sp/></highlight><highlight class="normal"><ref refid="structtiz__vp8port__class" kindref="compound">tiz_vp8port_class</ref></highlight></codeline>
<codeline lineno="54"><highlight class="normal">{</highlight></codeline>
<codeline lineno="55"><highlight class="normal"><sp/><sp/></highlight><highlight class="comment">/*<sp/>Class<sp/>*/</highlight><highlight class="normal"></highlight></codeline>
<codeline lineno="56"><highlight class="normal"><sp/><sp/></highlight><highlight class="keyword">const</highlight><highlight class="normal"><sp/><ref refid="structtiz__videoport__class" kindref="compound">tiz_videoport_class_t</ref><sp/>_;</highlight></codeline>
<codeline lineno="57"><highlight class="normal"><sp/><sp/></highlight><highlight class="comment">/*<sp/>NOTE:<sp/>Class<sp/>methods<sp/>might<sp/>be<sp/>added<sp/>in<sp/>the<sp/>future<sp/>*/</highlight><highlight class="normal"></highlight></codeline>
<codeline lineno="58"><highlight class="normal">};</highlight></codeline>
<codeline lineno="59"><highlight class="normal"></highlight></codeline>
<codeline lineno="60"><highlight class="normal"></highlight><highlight class="preprocessor">#ifdef<sp/>__cplusplus</highlight><highlight class="normal"></highlight></codeline>
<codeline lineno="61"><highlight class="normal">}</highlight></codeline>
<codeline lineno="62"><highlight class="normal"></highlight><highlight class="preprocessor">#endif</highlight><highlight class="normal"></highlight></codeline>
<codeline lineno="63"><highlight class="normal"></highlight></codeline>
<codeline lineno="64"><highlight class="normal"></highlight><highlight class="preprocessor">#endif<sp/></highlight><highlight class="comment">/*<sp/>TIZVP8PORT_DECLS_H<sp/>*/</highlight><highlight class="preprocessor"></highlight></codeline>
    </programlisting>
    <location file="/home/joni/work/tizonia-master/libtizonia/src/tizvp8port_decls.h"/>
  </compounddef>
</doxygen>
