<?xml version='1.0' encoding='UTF-8' standalone='no'?>
<doxygen xmlns:xsi="http://www.w3.org/2001/XMLSchema-instance" xsi:noNamespaceSchemaLocation="compound.xsd" version="1.8.11">
  <compounddef id="tizwaitforresources_8c" kind="file" language="C++">
    <compoundname>tizwaitforresources.c</compoundname>
    <includes refid="tizwaitforresources_8h" local="yes">tizwaitforresources.h</includes>
    <includes refid="tizstate_8h" local="yes">tizstate.h</includes>
    <includes refid="tizstate__decls_8h" local="yes">tizstate_decls.h</includes>
    <includes refid="tizfsm_8h" local="yes">tizfsm.h</includes>
    <includes refid="tizkernel_8h" local="yes">tizkernel.h</includes>
    <includes refid="tizscheduler_8h" local="yes">tizscheduler.h</includes>
    <includes refid="tizplatform_8h" local="yes">tizplatform.h</includes>
    <includes local="no">assert.h</includes>
    <incdepgraph>
      <node id="4942">
        <label>stdbool.h</label>
      </node>
      <node id="4905">
        <label>stdarg.h</label>
      </node>
      <node id="4952">
        <label>assert.h</label>
      </node>
      <node id="4936">
        <label>tizbuffer.h</label>
        <link refid="tizbuffer_8h_source"/>
        <childnode refid="4902" relation="include">
        </childnode>
        <childnode refid="4904" relation="include">
        </childnode>
      </node>
      <node id="4939">
        <label>tizuuid.h</label>
        <link refid="tizuuid_8h_source"/>
        <childnode refid="4904" relation="include">
        </childnode>
      </node>
      <node id="4913">
        <label>tizexecuting.h</label>
        <link refid="tizexecuting_8h_source"/>
      </node>
      <node id="4938">
        <label>tizthread.h</label>
        <link refid="tizthread_8h_source"/>
        <childnode refid="4902" relation="include">
        </childnode>
        <childnode refid="4904" relation="include">
        </childnode>
        <childnode refid="4932" relation="include">
        </childnode>
      </node>
      <node id="4935">
        <label>stdint.h</label>
      </node>
      <node id="4900">
        <label>tizstate.h</label>
        <link refid="tizstate_8h_source"/>
        <childnode refid="4901" relation="include">
        </childnode>
        <childnode refid="4908" relation="include">
        </childnode>
        <childnode refid="4909" relation="include">
        </childnode>
        <childnode refid="4899" relation="include">
        </childnode>
        <childnode refid="4910" relation="include">
        </childnode>
        <childnode refid="4911" relation="include">
        </childnode>
        <childnode refid="4912" relation="include">
        </childnode>
        <childnode refid="4913" relation="include">
        </childnode>
        <childnode refid="4914" relation="include">
        </childnode>
        <childnode refid="4915" relation="include">
        </childnode>
        <childnode refid="4916" relation="include">
        </childnode>
      </node>
      <node id="4902">
        <label>OMX_Core.h</label>
      </node>
      <node id="4909">
        <label>tizloadedtoidle.h</label>
        <link refid="tizloadedtoidle_8h_source"/>
      </node>
      <node id="4922">
        <label>tizplatform.h</label>
        <link refid="tizplatform_8h_source"/>
        <childnode refid="4923" relation="include">
        </childnode>
        <childnode refid="4929" relation="include">
        </childnode>
        <childnode refid="4927" relation="include">
        </childnode>
        <childnode refid="4931" relation="include">
        </childnode>
        <childnode refid="4933" relation="include">
        </childnode>
        <childnode refid="4936" relation="include">
        </childnode>
        <childnode refid="4937" relation="include">
        </childnode>
        <childnode refid="4932" relation="include">
        </childnode>
        <childnode refid="4938" relation="include">
        </childnode>
        <childnode refid="4939" relation="include">
        </childnode>
        <childnode refid="4924" relation="include">
        </childnode>
        <childnode refid="4940" relation="include">
        </childnode>
        <childnode refid="4934" relation="include">
        </childnode>
        <childnode refid="4941" relation="include">
        </childnode>
        <childnode refid="4943" relation="include">
        </childnode>
        <childnode refid="4944" relation="include">
        </childnode>
        <childnode refid="4945" relation="include">
        </childnode>
        <childnode refid="4946" relation="include">
        </childnode>
        <childnode refid="4947" relation="include">
        </childnode>
        <childnode refid="4948" relation="include">
        </childnode>
      </node>
      <node id="4919">
        <label>tizobject_decls.h</label>
        <link refid="tizobject__decls_8h_source"/>
        <childnode refid="4906" relation="include">
        </childnode>
        <childnode refid="4905" relation="include">
        </childnode>
      </node>
      <node id="4914">
        <label>tizexecutingtoidle.h</label>
        <link refid="tizexecutingtoidle_8h_source"/>
      </node>
      <node id="4918">
        <label>tizapi_decls.h</label>
        <link refid="tizapi__decls_8h_source"/>
        <childnode refid="4919" relation="include">
        </childnode>
      </node>
      <node id="4903">
        <label>tizobject.h</label>
        <link refid="tizobject_8h_source"/>
        <childnode refid="4904" relation="include">
        </childnode>
        <childnode refid="4905" relation="include">
        </childnode>
        <childnode refid="4906" relation="include">
        </childnode>
        <childnode refid="4907" relation="include">
        </childnode>
      </node>
      <node id="4925">
        <label>OMX_Component.h</label>
      </node>
      <node id="4934">
        <label>tizsoa.h</label>
        <link refid="tizsoa_8h_source"/>
        <childnode refid="4906" relation="include">
        </childnode>
        <childnode refid="4935" relation="include">
        </childnode>
        <childnode refid="4904" relation="include">
        </childnode>
        <childnode refid="4902" relation="include">
        </childnode>
      </node>
      <node id="4923">
        <label>tizmacros.h</label>
        <link refid="tizmacros_8h_source"/>
        <childnode refid="4924" relation="include">
        </childnode>
        <childnode refid="4906" relation="include">
        </childnode>
      </node>
      <node id="4921">
        <label>tizservant.h</label>
        <link refid="tizservant_8h_source"/>
        <childnode refid="4902" relation="include">
        </childnode>
        <childnode refid="4922" relation="include">
        </childnode>
        <childnode refid="4949" relation="include">
        </childnode>
        <childnode refid="4901" relation="include">
        </childnode>
      </node>
      <node id="4906">
        <label>stddef.h</label>
      </node>
      <node id="4946">
        <label>tizprintf.h</label>
        <link refid="tizprintf_8h_source"/>
      </node>
      <node id="4908">
        <label>tizloaded.h</label>
        <link refid="tizloaded_8h_source"/>
      </node>
      <node id="4912">
        <label>tizidletoexecuting.h</label>
        <link refid="tizidletoexecuting_8h_source"/>
      </node>
      <node id="4917">
        <label>tizstate_decls.h</label>
        <link refid="tizstate__decls_8h_source"/>
        <childnode refid="4918" relation="include">
        </childnode>
      </node>
      <node id="4931">
        <label>tizqueue.h</label>
        <link refid="tizqueue_8h_source"/>
        <childnode refid="4902" relation="include">
        </childnode>
        <childnode refid="4904" relation="include">
        </childnode>
        <childnode refid="4932" relation="include">
        </childnode>
      </node>
      <node id="4930">
        <label>log4c.h</label>
      </node>
      <node id="4928">
        <label>sys/types.h</label>
      </node>
      <node id="4927">
        <label>tizmem.h</label>
        <link refid="tizmem_8h_source"/>
        <childnode refid="4928" relation="include">
        </childnode>
        <childnode refid="4904" relation="include">
        </childnode>
      </node>
      <node id="4940">
        <label>tizrc.h</label>
        <link refid="tizrc_8h_source"/>
        <childnode refid="4902" relation="include">
        </childnode>
        <childnode refid="4904" relation="include">
        </childnode>
      </node>
      <node id="4933">
        <label>tizpqueue.h</label>
        <link refid="tizpqueue_8h_source"/>
        <childnode refid="4902" relation="include">
        </childnode>
        <childnode refid="4904" relation="include">
        </childnode>
        <childnode refid="4934" relation="include">
        </childnode>
      </node>
      <node id="4915">
        <label>tizpause.h</label>
        <link refid="tizpause_8h_source"/>
      </node>
      <node id="4901">
        <label>tizapi.h</label>
        <link refid="tizapi_8h_source"/>
        <childnode refid="4902" relation="include">
        </childnode>
        <childnode refid="4903" relation="include">
        </childnode>
      </node>
      <node id="4904">
        <label>OMX_Types.h</label>
      </node>
      <node id="4916">
        <label>tizpausetoidle.h</label>
        <link refid="tizpausetoidle_8h_source"/>
      </node>
      <node id="4932">
        <label>tizsync.h</label>
        <link refid="tizsync_8h_source"/>
        <childnode refid="4902" relation="include">
        </childnode>
        <childnode refid="4904" relation="include">
        </childnode>
      </node>
      <node id="4929">
        <label>tizlog.h</label>
        <link refid="tizlog_8h_source"/>
        <childnode refid="4930" relation="include">
        </childnode>
      </node>
      <node id="4943">
        <label>tizhttp.h</label>
        <link refid="tizhttp_8h_source"/>
        <childnode refid="4902" relation="include">
        </childnode>
        <childnode refid="4904" relation="include">
        </childnode>
      </node>
      <node id="4910">
        <label>tizidle.h</label>
        <link refid="tizidle_8h_source"/>
      </node>
      <node id="4937">
        <label>tizvector.h</label>
        <link refid="tizvector_8h_source"/>
        <childnode refid="4902" relation="include">
        </childnode>
        <childnode refid="4904" relation="include">
        </childnode>
      </node>
      <node id="4948">
        <label>tizurltransfer.h</label>
        <link refid="tizurltransfer_8h_source"/>
        <childnode refid="4925" relation="include">
        </childnode>
      </node>
      <node id="4947">
        <label>tizshufflelst.h</label>
        <link refid="tizshufflelst_8h_source"/>
        <childnode refid="4902" relation="include">
        </childnode>
        <childnode refid="4904" relation="include">
        </childnode>
      </node>
      <node id="4924">
        <label>tizomxutils.h</label>
        <link refid="tizomxutils_8h_source"/>
        <childnode refid="4904" relation="include">
        </childnode>
        <childnode refid="4925" relation="include">
        </childnode>
        <childnode refid="4926" relation="include">
        </childnode>
        <childnode refid="4902" relation="include">
        </childnode>
        <childnode refid="4927" relation="include">
        </childnode>
      </node>
      <node id="4898">
        <label>/home/joni/work/tizonia-master/libtizonia/src/tizwaitforresources.c</label>
        <link refid="tizwaitforresources.c"/>
        <childnode refid="4899" relation="include">
        </childnode>
        <childnode refid="4900" relation="include">
        </childnode>
        <childnode refid="4917" relation="include">
        </childnode>
        <childnode refid="4920" relation="include">
        </childnode>
        <childnode refid="4950" relation="include">
        </childnode>
        <childnode refid="4949" relation="include">
        </childnode>
        <childnode refid="4922" relation="include">
        </childnode>
        <childnode refid="4952" relation="include">
        </childnode>
      </node>
      <node id="4899">
        <label>tizwaitforresources.h</label>
        <link refid="tizwaitforresources_8h_source"/>
      </node>
      <node id="4911">
        <label>tizidletoloaded.h</label>
        <link refid="tizidletoloaded_8h_source"/>
      </node>
      <node id="4951">
        <label>tizutils.h</label>
        <link refid="tizutils_8h_source"/>
        <childnode refid="4904" relation="include">
        </childnode>
        <childnode refid="4902" relation="include">
        </childnode>
        <childnode refid="4920" relation="include">
        </childnode>
      </node>
      <node id="4949">
        <label>tizscheduler.h</label>
        <link refid="tizscheduler_8h_source"/>
        <childnode refid="4902" relation="include">
        </childnode>
        <childnode refid="4904" relation="include">
        </childnode>
        <childnode refid="4925" relation="include">
        </childnode>
        <childnode refid="4922" relation="include">
        </childnode>
      </node>
      <node id="4920">
        <label>tizfsm.h</label>
        <link refid="tizfsm_8h_source"/>
        <childnode refid="4921" relation="include">
        </childnode>
      </node>
      <node id="4950">
        <label>tizkernel.h</label>
        <link refid="tizkernel_8h_source"/>
        <childnode refid="4902" relation="include">
        </childnode>
        <childnode refid="4925" relation="include">
        </childnode>
        <childnode refid="4951" relation="include">
        </childnode>
      </node>
      <node id="4944">
        <label>tizmap.h</label>
        <link refid="tizmap_8h_source"/>
        <childnode refid="4942" relation="include">
        </childnode>
        <childnode refid="4902" relation="include">
        </childnode>
        <childnode refid="4904" relation="include">
        </childnode>
        <childnode refid="4934" relation="include">
        </childnode>
      </node>
      <node id="4941">
        <label>tizev.h</label>
        <link refid="tizev_8h_source"/>
        <childnode refid="4942" relation="include">
        </childnode>
        <childnode refid="4935" relation="include">
        </childnode>
        <childnode refid="4902" relation="include">
        </childnode>
        <childnode refid="4904" relation="include">
        </childnode>
      </node>
      <node id="4907">
        <label>stdio.h</label>
      </node>
      <node id="4945">
        <label>tizlimits.h</label>
        <link refid="tizlimits_8h_source"/>
      </node>
      <node id="4926">
        <label>OMX_Audio.h</label>
      </node>
    </incdepgraph>
      <sectiondef kind="func">
      <memberdef kind="function" id="tizwaitforresources_8c_1ad764a2f6ba2c4d02868f56e4a33e1e61" prot="public" static="yes" const="no" explicit="no" inline="no" virt="non-virtual">
        <type>void *</type>
        <definition>static void* waitforresources_ctor</definition>
        <argsstring>(void *ap_obj, va_list *app)</argsstring>
        <name>waitforresources_ctor</name>
        <param>
          <type>void *</type>
          <declname>ap_obj</declname>
        </param>
        <param>
          <type>va_list *</type>
          <declname>app</declname>
        </param>
        <briefdescription>
        </briefdescription>
        <detaileddescription>
        </detaileddescription>
        <inbodydescription>
        </inbodydescription>
        <location file="/home/joni/work/tizonia-master/libtizonia/src/tizwaitforresources.c" line="50" column="1" bodyfile="/home/joni/work/tizonia-master/libtizonia/src/tizwaitforresources.c" bodystart="50" bodyend="55"/>
      </memberdef>
      <memberdef kind="function" id="tizwaitforresources_8c_1a03144e384705bfc243a4d079d8f0c46f" prot="public" static="yes" const="no" explicit="no" inline="no" virt="non-virtual">
        <type>void *</type>
        <definition>static void* waitforresources_dtor</definition>
        <argsstring>(void *ap_obj)</argsstring>
        <name>waitforresources_dtor</name>
        <param>
          <type>void *</type>
          <declname>ap_obj</declname>
        </param>
        <briefdescription>
        </briefdescription>
        <detaileddescription>
        </detaileddescription>
        <inbodydescription>
        </inbodydescription>
        <location file="/home/joni/work/tizonia-master/libtizonia/src/tizwaitforresources.c" line="58" column="1" bodyfile="/home/joni/work/tizonia-master/libtizonia/src/tizwaitforresources.c" bodystart="58" bodyend="61"/>
      </memberdef>
      <memberdef kind="function" id="tizwaitforresources_8c_1aa39de2c3e96108e2fbaf9ca924b10c75" prot="public" static="yes" const="no" explicit="no" inline="no" virt="non-virtual">
        <type>OMX_ERRORTYPE</type>
        <definition>static OMX_ERRORTYPE waitforresources_SetParameter</definition>
        <argsstring>(const void *ap_obj, OMX_HANDLETYPE ap_hdl, OMX_INDEXTYPE a_index, OMX_PTR a_struct)</argsstring>
        <name>waitforresources_SetParameter</name>
        <param>
          <type>const void *</type>
          <declname>ap_obj</declname>
        </param>
        <param>
          <type>OMX_HANDLETYPE</type>
          <declname>ap_hdl</declname>
        </param>
        <param>
          <type>OMX_INDEXTYPE</type>
          <declname>a_index</declname>
        </param>
        <param>
          <type>OMX_PTR</type>
          <declname>a_struct</declname>
        </param>
        <briefdescription>
        </briefdescription>
        <detaileddescription>
        </detaileddescription>
        <inbodydescription>
        </inbodydescription>
        <location file="/home/joni/work/tizonia-master/libtizonia/src/tizwaitforresources.c" line="64" column="1" bodyfile="/home/joni/work/tizonia-master/libtizonia/src/tizwaitforresources.c" bodystart="64" bodyend="70"/>
      </memberdef>
      <memberdef kind="function" id="tizwaitforresources_8c_1a62238854e4946add3979ebe6c9714467" prot="public" static="yes" const="no" explicit="no" inline="no" virt="non-virtual">
        <type>OMX_ERRORTYPE</type>
        <definition>static OMX_ERRORTYPE waitforresources_GetState</definition>
        <argsstring>(const void *ap_obj, OMX_HANDLETYPE ap_hdl, OMX_STATETYPE *ap_state)</argsstring>
        <name>waitforresources_GetState</name>
        <param>
          <type>const void *</type>
          <declname>ap_obj</declname>
        </param>
        <param>
          <type>OMX_HANDLETYPE</type>
          <declname>ap_hdl</declname>
        </param>
        <param>
          <type>OMX_STATETYPE *</type>
          <declname>ap_state</declname>
        </param>
        <briefdescription>
        </briefdescription>
        <detaileddescription>
        </detaileddescription>
        <inbodydescription>
        </inbodydescription>
        <location file="/home/joni/work/tizonia-master/libtizonia/src/tizwaitforresources.c" line="73" column="1" bodyfile="/home/joni/work/tizonia-master/libtizonia/src/tizwaitforresources.c" bodystart="73" bodyend="78"/>
      </memberdef>
      <memberdef kind="function" id="tizwaitforresources_8c_1a8c2d1107a3d1cb8ab09f1d8969c639c4" prot="public" static="yes" const="no" explicit="no" inline="no" virt="non-virtual">
        <type>OMX_ERRORTYPE</type>
        <definition>static OMX_ERRORTYPE waitforresources_UseBuffer</definition>
        <argsstring>(const void *ap_obj, OMX_HANDLETYPE ap_hdl, OMX_BUFFERHEADERTYPE **app_buf_hdr, OMX_U32 a_port_index, OMX_PTR ap_app_private, OMX_U32 a_size_bytes, OMX_U8 *ap_buf)</argsstring>
        <name>waitforresources_UseBuffer</name>
        <param>
          <type>const void *</type>
          <declname>ap_obj</declname>
        </param>
        <param>
          <type>OMX_HANDLETYPE</type>
          <declname>ap_hdl</declname>
        </param>
        <param>
          <type>OMX_BUFFERHEADERTYPE **</type>
          <declname>app_buf_hdr</declname>
        </param>
        <param>
          <type>OMX_U32</type>
          <declname>a_port_index</declname>
        </param>
        <param>
          <type>OMX_PTR</type>
          <declname>ap_app_private</declname>
        </param>
        <param>
          <type>OMX_U32</type>
          <declname>a_size_bytes</declname>
        </param>
        <param>
          <type>OMX_U8 *</type>
          <declname>ap_buf</declname>
        </param>
        <briefdescription>
        </briefdescription>
        <detaileddescription>
        </detaileddescription>
        <inbodydescription>
        </inbodydescription>
        <location file="/home/joni/work/tizonia-master/libtizonia/src/tizwaitforresources.c" line="81" column="1" bodyfile="/home/joni/work/tizonia-master/libtizonia/src/tizwaitforresources.c" bodystart="81" bodyend="87"/>
      </memberdef>
      <memberdef kind="function" id="tizwaitforresources_8c_1a1bc9d616d9a1845630fa193cbd5f7a1c" prot="public" static="yes" const="no" explicit="no" inline="no" virt="non-virtual">
        <type>OMX_ERRORTYPE</type>
        <definition>static OMX_ERRORTYPE waitforresources_EmptyThisBuffer</definition>
        <argsstring>(const void *ap_obj, OMX_HANDLETYPE ap_hdl, OMX_BUFFERHEADERTYPE *ap_buf)</argsstring>
        <name>waitforresources_EmptyThisBuffer</name>
        <param>
          <type>const void *</type>
          <declname>ap_obj</declname>
        </param>
        <param>
          <type>OMX_HANDLETYPE</type>
          <declname>ap_hdl</declname>
        </param>
        <param>
          <type>OMX_BUFFERHEADERTYPE *</type>
          <declname>ap_buf</declname>
        </param>
        <briefdescription>
        </briefdescription>
        <detaileddescription>
        </detaileddescription>
        <inbodydescription>
        </inbodydescription>
        <location file="/home/joni/work/tizonia-master/libtizonia/src/tizwaitforresources.c" line="90" column="1" bodyfile="/home/joni/work/tizonia-master/libtizonia/src/tizwaitforresources.c" bodystart="90" bodyend="94"/>
      </memberdef>
      <memberdef kind="function" id="tizwaitforresources_8c_1a24593baa00479f3bd9633f15bf84118a" prot="public" static="yes" const="no" explicit="no" inline="no" virt="non-virtual">
        <type>OMX_ERRORTYPE</type>
        <definition>static OMX_ERRORTYPE waitforresources_FillThisBuffer</definition>
        <argsstring>(const void *ap_obj, OMX_HANDLETYPE ap_hdl, OMX_BUFFERHEADERTYPE *ap_buf)</argsstring>
        <name>waitforresources_FillThisBuffer</name>
        <param>
          <type>const void *</type>
          <declname>ap_obj</declname>
        </param>
        <param>
          <type>OMX_HANDLETYPE</type>
          <declname>ap_hdl</declname>
        </param>
        <param>
          <type>OMX_BUFFERHEADERTYPE *</type>
          <declname>ap_buf</declname>
        </param>
        <briefdescription>
        </briefdescription>
        <detaileddescription>
        </detaileddescription>
        <inbodydescription>
        </inbodydescription>
        <location file="/home/joni/work/tizonia-master/libtizonia/src/tizwaitforresources.c" line="97" column="1" bodyfile="/home/joni/work/tizonia-master/libtizonia/src/tizwaitforresources.c" bodystart="97" bodyend="101"/>
      </memberdef>
      <memberdef kind="function" id="tizwaitforresources_8c_1a146c94584500b85e23f8348da51f7a68" prot="public" static="yes" const="no" explicit="no" inline="no" virt="non-virtual">
        <type>OMX_ERRORTYPE</type>
        <definition>static OMX_ERRORTYPE waitforresources_state_set</definition>
        <argsstring>(const void *ap_obj, OMX_HANDLETYPE ap_hdl, OMX_COMMANDTYPE a_cmd, OMX_U32 a_param1, OMX_PTR ap_cmd_data)</argsstring>
        <name>waitforresources_state_set</name>
        <param>
          <type>const void *</type>
          <declname>ap_obj</declname>
        </param>
        <param>
          <type>OMX_HANDLETYPE</type>
          <declname>ap_hdl</declname>
        </param>
        <param>
          <type>OMX_COMMANDTYPE</type>
          <declname>a_cmd</declname>
        </param>
        <param>
          <type>OMX_U32</type>
          <declname>a_param1</declname>
        </param>
        <param>
          <type>OMX_PTR</type>
          <declname>ap_cmd_data</declname>
        </param>
        <briefdescription>
        </briefdescription>
        <detaileddescription>
        </detaileddescription>
        <inbodydescription>
        </inbodydescription>
        <location file="/home/joni/work/tizonia-master/libtizonia/src/tizwaitforresources.c" line="108" column="1" bodyfile="/home/joni/work/tizonia-master/libtizonia/src/tizwaitforresources.c" bodystart="108" bodyend="172"/>
      </memberdef>
      <memberdef kind="function" id="tizwaitforresources_8c_1ae51b6bd563af19482d391865a3d37acf" prot="public" static="yes" const="no" explicit="no" inline="no" virt="non-virtual">
        <type>OMX_ERRORTYPE</type>
        <definition>static OMX_ERRORTYPE waitforresources_trans_complete</definition>
        <argsstring>(const void *ap_obj, OMX_PTR ap_servant, OMX_STATETYPE a_new_state)</argsstring>
        <name>waitforresources_trans_complete</name>
        <param>
          <type>const void *</type>
          <declname>ap_obj</declname>
        </param>
        <param>
          <type>OMX_PTR</type>
          <declname>ap_servant</declname>
        </param>
        <param>
          <type>OMX_STATETYPE</type>
          <declname>a_new_state</declname>
        </param>
        <briefdescription>
        </briefdescription>
        <detaileddescription>
        </detaileddescription>
        <inbodydescription>
        </inbodydescription>
        <location file="/home/joni/work/tizonia-master/libtizonia/src/tizwaitforresources.c" line="175" column="1" bodyfile="/home/joni/work/tizonia-master/libtizonia/src/tizwaitforresources.c" bodystart="175" bodyend="184"/>
      </memberdef>
      <memberdef kind="function" id="tizwaitforresources_8c_1a037c875934b65db330a4b192d382ac58" prot="public" static="yes" const="no" explicit="no" inline="no" virt="non-virtual">
        <type>void *</type>
        <definition>static void* waitforresources_class_ctor</definition>
        <argsstring>(void *ap_obj, va_list *app)</argsstring>
        <name>waitforresources_class_ctor</name>
        <param>
          <type>void *</type>
          <declname>ap_obj</declname>
        </param>
        <param>
          <type>va_list *</type>
          <declname>app</declname>
        </param>
        <briefdescription>
        </briefdescription>
        <detaileddescription>
        </detaileddescription>
        <inbodydescription>
        </inbodydescription>
        <location file="/home/joni/work/tizonia-master/libtizonia/src/tizwaitforresources.c" line="191" column="1" bodyfile="/home/joni/work/tizonia-master/libtizonia/src/tizwaitforresources.c" bodystart="191" bodyend="195"/>
      </memberdef>
      <memberdef kind="function" id="tizwaitforresources_8c_1afe974a3ce3217c25924354fcf52cf1c0" prot="public" static="no" const="no" explicit="no" inline="no" virt="non-virtual">
        <type>void *</type>
        <definition>void* tiz_waitforresources_class_init</definition>
        <argsstring>(void *ap_tos, void *ap_hdl)</argsstring>
        <name>tiz_waitforresources_class_init</name>
        <param>
          <type>void *</type>
          <declname>ap_tos</declname>
        </param>
        <param>
          <type>void *</type>
          <declname>ap_hdl</declname>
        </param>
        <briefdescription>
        </briefdescription>
        <detaileddescription>
        </detaileddescription>
        <inbodydescription>
        </inbodydescription>
        <location file="/home/joni/work/tizonia-master/libtizonia/src/tizwaitforresources.c" line="202" column="1" bodyfile="/home/joni/work/tizonia-master/libtizonia/src/tizwaitforresources.c" bodystart="202" bodyend="210"/>
      </memberdef>
      <memberdef kind="function" id="tizwaitforresources_8c_1a78e20fff6f112416df479877e3679775" prot="public" static="no" const="no" explicit="no" inline="no" virt="non-virtual">
        <type>void *</type>
        <definition>void* tiz_waitforresources_init</definition>
        <argsstring>(void *ap_tos, void *ap_hdl)</argsstring>
        <name>tiz_waitforresources_init</name>
        <param>
          <type>void *</type>
          <declname>ap_tos</declname>
        </param>
        <param>
          <type>void *</type>
          <declname>ap_hdl</declname>
        </param>
        <briefdescription>
        </briefdescription>
        <detaileddescription>
        </detaileddescription>
        <inbodydescription>
        </inbodydescription>
        <location file="/home/joni/work/tizonia-master/libtizonia/src/tizwaitforresources.c" line="213" column="1" bodyfile="/home/joni/work/tizonia-master/libtizonia/src/tizwaitforresources.c" bodystart="213" bodyend="231"/>
      </memberdef>
      </sectiondef>
    <briefdescription>
<para>Tizonia OpenMAX IL - WaitForResources OMX IL state implementation. </para>    </briefdescription>
    <detaileddescription>
<para>Copyright (C) 2011-2018 Aratelia Limited - Juan A. Rubio</para><para>This file is part of Tizonia</para><para>Tizonia is free software: you can redistribute it and/or modify it under the terms of the GNU Lesser General Public License as published by the Free Software Foundation, either version 3 of the License, or (at your option) any later version.</para><para>Tizonia is distributed in the hope that it will be useful, but WITHOUT ANY WARRANTY; without even the implied warranty of MERCHANTABILITY or FITNESS FOR A PARTICULAR PURPOSE. See the GNU Lesser General Public License for more details.</para><para>You should have received a copy of the GNU Lesser General Public License along with Tizonia. If not, see <ulink url="http://www.gnu.org/licenses/">http://www.gnu.org/licenses/</ulink>.</para><para><simplesect kind="author"><para>Juan A. Rubio <ulink url="mailto:juan.rubio@aratelia.com">juan.rubio@aratelia.com</ulink> </para></simplesect>
</para>    </detaileddescription>
    <programlisting>
<codeline lineno="1"></codeline>
<codeline lineno="29"><highlight class="preprocessor">#ifdef<sp/>HAVE_CONFIG_H</highlight><highlight class="normal"></highlight></codeline>
<codeline lineno="30"><highlight class="normal"></highlight><highlight class="preprocessor">#include<sp/>&lt;config.h&gt;</highlight><highlight class="normal"></highlight></codeline>
<codeline lineno="31"><highlight class="normal"></highlight><highlight class="preprocessor">#endif</highlight><highlight class="normal"></highlight></codeline>
<codeline lineno="32"><highlight class="normal"></highlight></codeline>
<codeline lineno="33"><highlight class="normal"></highlight><highlight class="preprocessor">#include<sp/>&quot;tizwaitforresources.h&quot;</highlight><highlight class="normal"></highlight></codeline>
<codeline lineno="34"><highlight class="normal"></highlight><highlight class="preprocessor">#include<sp/>&quot;tizstate.h&quot;</highlight><highlight class="normal"></highlight></codeline>
<codeline lineno="35"><highlight class="normal"></highlight><highlight class="preprocessor">#include<sp/>&quot;tizstate_decls.h&quot;</highlight><highlight class="normal"></highlight></codeline>
<codeline lineno="36"><highlight class="normal"></highlight><highlight class="preprocessor">#include<sp/>&quot;tizfsm.h&quot;</highlight><highlight class="normal"></highlight></codeline>
<codeline lineno="37"><highlight class="normal"></highlight><highlight class="preprocessor">#include<sp/>&quot;tizkernel.h&quot;</highlight><highlight class="normal"></highlight></codeline>
<codeline lineno="38"><highlight class="normal"></highlight><highlight class="preprocessor">#include<sp/>&quot;tizscheduler.h&quot;</highlight><highlight class="normal"></highlight></codeline>
<codeline lineno="39"><highlight class="normal"></highlight></codeline>
<codeline lineno="40"><highlight class="normal"></highlight><highlight class="preprocessor">#include<sp/>&quot;tizplatform.h&quot;</highlight><highlight class="normal"></highlight></codeline>
<codeline lineno="41"><highlight class="normal"></highlight></codeline>
<codeline lineno="42"><highlight class="normal"></highlight><highlight class="preprocessor">#include<sp/>&lt;assert.h&gt;</highlight><highlight class="normal"></highlight></codeline>
<codeline lineno="43"><highlight class="normal"></highlight></codeline>
<codeline lineno="44"><highlight class="normal"></highlight><highlight class="preprocessor">#ifdef<sp/>TIZ_LOG_CATEGORY_NAME</highlight><highlight class="normal"></highlight></codeline>
<codeline lineno="45"><highlight class="normal"></highlight><highlight class="preprocessor">#undef<sp/>TIZ_LOG_CATEGORY_NAME</highlight><highlight class="normal"></highlight></codeline>
<codeline lineno="46"><highlight class="normal"></highlight><highlight class="preprocessor">#define<sp/>TIZ_LOG_CATEGORY_NAME<sp/>&quot;tiz.tizonia.waitforresources&quot;</highlight><highlight class="normal"></highlight></codeline>
<codeline lineno="47"><highlight class="normal"></highlight><highlight class="preprocessor">#endif</highlight><highlight class="normal"></highlight></codeline>
<codeline lineno="48"><highlight class="normal"></highlight></codeline>
<codeline lineno="49"><highlight class="normal"></highlight><highlight class="keyword">static</highlight><highlight class="normal"><sp/></highlight><highlight class="keywordtype">void</highlight><highlight class="normal"><sp/>*</highlight></codeline>
<codeline lineno="50"><highlight class="normal">waitforresources_ctor<sp/>(</highlight><highlight class="keywordtype">void</highlight><highlight class="normal"><sp/>*<sp/>ap_obj,<sp/>va_list<sp/>*<sp/>app)</highlight></codeline>
<codeline lineno="51"><highlight class="normal">{</highlight></codeline>
<codeline lineno="52"><highlight class="normal"><sp/><sp/><ref refid="structtiz__waitforresources" kindref="compound">tiz_waitforresources_t</ref><sp/>*<sp/>p_obj</highlight></codeline>
<codeline lineno="53"><highlight class="normal"><sp/><sp/><sp/><sp/>=<sp/>super_ctor<sp/>(typeOf<sp/>(ap_obj,<sp/></highlight><highlight class="stringliteral">&quot;tizwaitforresources&quot;</highlight><highlight class="normal">),<sp/>ap_obj,<sp/>app);</highlight></codeline>
<codeline lineno="54"><highlight class="normal"><sp/><sp/></highlight><highlight class="keywordflow">return</highlight><highlight class="normal"><sp/>p_obj;</highlight></codeline>
<codeline lineno="55"><highlight class="normal">}</highlight></codeline>
<codeline lineno="56"><highlight class="normal"></highlight></codeline>
<codeline lineno="57"><highlight class="normal"></highlight><highlight class="keyword">static</highlight><highlight class="normal"><sp/></highlight><highlight class="keywordtype">void</highlight><highlight class="normal"><sp/>*</highlight></codeline>
<codeline lineno="58"><highlight class="normal">waitforresources_dtor<sp/>(</highlight><highlight class="keywordtype">void</highlight><highlight class="normal"><sp/>*<sp/>ap_obj)</highlight></codeline>
<codeline lineno="59"><highlight class="normal">{</highlight></codeline>
<codeline lineno="60"><highlight class="normal"><sp/><sp/></highlight><highlight class="keywordflow">return</highlight><highlight class="normal"><sp/>super_dtor<sp/>(typeOf<sp/>(ap_obj,<sp/></highlight><highlight class="stringliteral">&quot;tizwaitforresources&quot;</highlight><highlight class="normal">),<sp/>ap_obj);</highlight></codeline>
<codeline lineno="61"><highlight class="normal">}</highlight></codeline>
<codeline lineno="62"><highlight class="normal"></highlight></codeline>
<codeline lineno="63"><highlight class="normal"></highlight><highlight class="keyword">static</highlight><highlight class="normal"><sp/>OMX_ERRORTYPE</highlight></codeline>
<codeline lineno="64"><highlight class="normal">waitforresources_SetParameter<sp/>(</highlight><highlight class="keyword">const</highlight><highlight class="normal"><sp/></highlight><highlight class="keywordtype">void</highlight><highlight class="normal"><sp/>*<sp/>ap_obj,<sp/>OMX_HANDLETYPE<sp/>ap_hdl,</highlight></codeline>
<codeline lineno="65"><highlight class="normal"><sp/><sp/><sp/><sp/><sp/><sp/><sp/><sp/><sp/><sp/><sp/><sp/><sp/><sp/><sp/><sp/><sp/><sp/><sp/><sp/><sp/><sp/><sp/><sp/><sp/><sp/><sp/><sp/><sp/><sp/><sp/>OMX_INDEXTYPE<sp/>a_index,<sp/>OMX_PTR<sp/>a_struct)</highlight></codeline>
<codeline lineno="66"><highlight class="normal">{</highlight></codeline>
<codeline lineno="67"><highlight class="normal"><sp/><sp/></highlight><highlight class="keyword">const</highlight><highlight class="normal"><sp/></highlight><highlight class="keywordtype">void</highlight><highlight class="normal"><sp/>*<sp/>p_krn<sp/>=<sp/><ref refid="group__tizscheduler_1ga4c482ecc3baba5d46684bdbf9c48c86c" kindref="member">tiz_get_krn</ref><sp/>(ap_hdl);</highlight></codeline>
<codeline lineno="68"><highlight class="normal"></highlight></codeline>
<codeline lineno="69"><highlight class="normal"><sp/><sp/></highlight><highlight class="keywordflow">return</highlight><highlight class="normal"><sp/>tiz_api_SetParameter<sp/>(p_krn,<sp/>ap_hdl,<sp/>a_index,<sp/>a_struct);</highlight></codeline>
<codeline lineno="70"><highlight class="normal">}</highlight></codeline>
<codeline lineno="71"><highlight class="normal"></highlight></codeline>
<codeline lineno="72"><highlight class="normal"></highlight><highlight class="keyword">static</highlight><highlight class="normal"><sp/>OMX_ERRORTYPE</highlight></codeline>
<codeline lineno="73"><highlight class="normal">waitforresources_GetState<sp/>(</highlight><highlight class="keyword">const</highlight><highlight class="normal"><sp/></highlight><highlight class="keywordtype">void</highlight><highlight class="normal"><sp/>*<sp/>ap_obj,<sp/>OMX_HANDLETYPE<sp/>ap_hdl,</highlight></codeline>
<codeline lineno="74"><highlight class="normal"><sp/><sp/><sp/><sp/><sp/><sp/><sp/><sp/><sp/><sp/><sp/><sp/><sp/><sp/><sp/><sp/><sp/><sp/><sp/><sp/><sp/><sp/><sp/><sp/><sp/><sp/><sp/>OMX_STATETYPE<sp/>*<sp/>ap_state)</highlight></codeline>
<codeline lineno="75"><highlight class="normal">{</highlight></codeline>
<codeline lineno="76"><highlight class="normal"><sp/><sp/>*ap_state<sp/>=<sp/>OMX_StateWaitForResources;</highlight></codeline>
<codeline lineno="77"><highlight class="normal"><sp/><sp/></highlight><highlight class="keywordflow">return</highlight><highlight class="normal"><sp/>OMX_ErrorNone;</highlight></codeline>
<codeline lineno="78"><highlight class="normal">}</highlight></codeline>
<codeline lineno="79"><highlight class="normal"></highlight></codeline>
<codeline lineno="80"><highlight class="normal"></highlight><highlight class="keyword">static</highlight><highlight class="normal"><sp/>OMX_ERRORTYPE</highlight></codeline>
<codeline lineno="81"><highlight class="normal">waitforresources_UseBuffer<sp/>(</highlight><highlight class="keyword">const</highlight><highlight class="normal"><sp/></highlight><highlight class="keywordtype">void</highlight><highlight class="normal"><sp/>*<sp/>ap_obj,<sp/>OMX_HANDLETYPE<sp/>ap_hdl,</highlight></codeline>
<codeline lineno="82"><highlight class="normal"><sp/><sp/><sp/><sp/><sp/><sp/><sp/><sp/><sp/><sp/><sp/><sp/><sp/><sp/><sp/><sp/><sp/><sp/><sp/><sp/><sp/><sp/><sp/><sp/><sp/><sp/><sp/><sp/>OMX_BUFFERHEADERTYPE<sp/>**<sp/>app_buf_hdr,</highlight></codeline>
<codeline lineno="83"><highlight class="normal"><sp/><sp/><sp/><sp/><sp/><sp/><sp/><sp/><sp/><sp/><sp/><sp/><sp/><sp/><sp/><sp/><sp/><sp/><sp/><sp/><sp/><sp/><sp/><sp/><sp/><sp/><sp/><sp/>OMX_U32<sp/>a_port_index,<sp/>OMX_PTR<sp/>ap_app_private,</highlight></codeline>
<codeline lineno="84"><highlight class="normal"><sp/><sp/><sp/><sp/><sp/><sp/><sp/><sp/><sp/><sp/><sp/><sp/><sp/><sp/><sp/><sp/><sp/><sp/><sp/><sp/><sp/><sp/><sp/><sp/><sp/><sp/><sp/><sp/>OMX_U32<sp/>a_size_bytes,<sp/>OMX_U8<sp/>*<sp/>ap_buf)</highlight></codeline>
<codeline lineno="85"><highlight class="normal">{</highlight></codeline>
<codeline lineno="86"><highlight class="normal"><sp/><sp/></highlight><highlight class="keywordflow">return</highlight><highlight class="normal"><sp/>OMX_ErrorNotImplemented;</highlight></codeline>
<codeline lineno="87"><highlight class="normal">}</highlight></codeline>
<codeline lineno="88"><highlight class="normal"></highlight></codeline>
<codeline lineno="89"><highlight class="normal"></highlight><highlight class="keyword">static</highlight><highlight class="normal"><sp/>OMX_ERRORTYPE</highlight></codeline>
<codeline lineno="90"><highlight class="normal">waitforresources_EmptyThisBuffer<sp/>(</highlight><highlight class="keyword">const</highlight><highlight class="normal"><sp/></highlight><highlight class="keywordtype">void</highlight><highlight class="normal"><sp/>*<sp/>ap_obj,<sp/>OMX_HANDLETYPE<sp/>ap_hdl,</highlight></codeline>
<codeline lineno="91"><highlight class="normal"><sp/><sp/><sp/><sp/><sp/><sp/><sp/><sp/><sp/><sp/><sp/><sp/><sp/><sp/><sp/><sp/><sp/><sp/><sp/><sp/><sp/><sp/><sp/><sp/><sp/><sp/><sp/><sp/><sp/><sp/><sp/><sp/><sp/><sp/>OMX_BUFFERHEADERTYPE<sp/>*<sp/>ap_buf)</highlight></codeline>
<codeline lineno="92"><highlight class="normal">{</highlight></codeline>
<codeline lineno="93"><highlight class="normal"><sp/><sp/></highlight><highlight class="keywordflow">return</highlight><highlight class="normal"><sp/>OMX_ErrorNotImplemented;</highlight></codeline>
<codeline lineno="94"><highlight class="normal">}</highlight></codeline>
<codeline lineno="95"><highlight class="normal"></highlight></codeline>
<codeline lineno="96"><highlight class="normal"></highlight><highlight class="keyword">static</highlight><highlight class="normal"><sp/>OMX_ERRORTYPE</highlight></codeline>
<codeline lineno="97"><highlight class="normal">waitforresources_FillThisBuffer<sp/>(</highlight><highlight class="keyword">const</highlight><highlight class="normal"><sp/></highlight><highlight class="keywordtype">void</highlight><highlight class="normal"><sp/>*<sp/>ap_obj,<sp/>OMX_HANDLETYPE<sp/>ap_hdl,</highlight></codeline>
<codeline lineno="98"><highlight class="normal"><sp/><sp/><sp/><sp/><sp/><sp/><sp/><sp/><sp/><sp/><sp/><sp/><sp/><sp/><sp/><sp/><sp/><sp/><sp/><sp/><sp/><sp/><sp/><sp/><sp/><sp/><sp/><sp/><sp/><sp/><sp/><sp/><sp/>OMX_BUFFERHEADERTYPE<sp/>*<sp/>ap_buf)</highlight></codeline>
<codeline lineno="99"><highlight class="normal">{</highlight></codeline>
<codeline lineno="100"><highlight class="normal"><sp/><sp/></highlight><highlight class="keywordflow">return</highlight><highlight class="normal"><sp/>OMX_ErrorNotImplemented;</highlight></codeline>
<codeline lineno="101"><highlight class="normal">}</highlight></codeline>
<codeline lineno="102"><highlight class="normal"></highlight></codeline>
<codeline lineno="103"><highlight class="normal"></highlight><highlight class="comment">/*</highlight></codeline>
<codeline lineno="104"><highlight class="comment"><sp/>*<sp/>from<sp/>tiz_state</highlight></codeline>
<codeline lineno="105"><highlight class="comment"><sp/>*/</highlight><highlight class="normal"></highlight></codeline>
<codeline lineno="106"><highlight class="normal"></highlight></codeline>
<codeline lineno="107"><highlight class="normal"></highlight><highlight class="keyword">static</highlight><highlight class="normal"><sp/>OMX_ERRORTYPE</highlight></codeline>
<codeline lineno="108"><highlight class="normal">waitforresources_state_set<sp/>(</highlight><highlight class="keyword">const</highlight><highlight class="normal"><sp/></highlight><highlight class="keywordtype">void</highlight><highlight class="normal"><sp/>*<sp/>ap_obj,<sp/>OMX_HANDLETYPE<sp/>ap_hdl,</highlight></codeline>
<codeline lineno="109"><highlight class="normal"><sp/><sp/><sp/><sp/><sp/><sp/><sp/><sp/><sp/><sp/><sp/><sp/><sp/><sp/><sp/><sp/><sp/><sp/><sp/><sp/><sp/><sp/><sp/><sp/><sp/><sp/><sp/><sp/>OMX_COMMANDTYPE<sp/>a_cmd,<sp/>OMX_U32<sp/>a_param1,</highlight></codeline>
<codeline lineno="110"><highlight class="normal"><sp/><sp/><sp/><sp/><sp/><sp/><sp/><sp/><sp/><sp/><sp/><sp/><sp/><sp/><sp/><sp/><sp/><sp/><sp/><sp/><sp/><sp/><sp/><sp/><sp/><sp/><sp/><sp/>OMX_PTR<sp/>ap_cmd_data)</highlight></codeline>
<codeline lineno="111"><highlight class="normal">{</highlight></codeline>
<codeline lineno="112"><highlight class="normal"><sp/><sp/></highlight><highlight class="keyword">const</highlight><highlight class="normal"><sp/><ref refid="structtiz__waitforresources" kindref="compound">tiz_waitforresources_t</ref><sp/>*<sp/>p_obj<sp/>=<sp/>ap_obj;</highlight></codeline>
<codeline lineno="113"><highlight class="normal"><sp/><sp/>tiz_fsm_state_id_t<sp/>new_state<sp/>=<sp/>EStateMax;</highlight></codeline>
<codeline lineno="114"><highlight class="normal"><sp/><sp/>OMX_ERRORTYPE<sp/>omx_error<sp/>=<sp/>OMX_ErrorNone;</highlight></codeline>
<codeline lineno="115"><highlight class="normal"></highlight></codeline>
<codeline lineno="116"><highlight class="normal"><sp/><sp/>assert<sp/>(p_obj);</highlight></codeline>
<codeline lineno="117"><highlight class="normal"><sp/><sp/>assert<sp/>(a_cmd<sp/>==<sp/>OMX_CommandStateSet);</highlight></codeline>
<codeline lineno="118"><highlight class="normal"></highlight></codeline>
<codeline lineno="119"><highlight class="normal"><sp/><sp/>TIZ_TRACE<sp/>(ap_hdl,<sp/></highlight><highlight class="stringliteral">&quot;Requested<sp/>transition<sp/>to<sp/>state<sp/>[%s]...&quot;</highlight><highlight class="normal">,</highlight></codeline>
<codeline lineno="120"><highlight class="normal"><sp/><sp/><sp/><sp/><sp/><sp/><sp/><sp/><sp/><sp/><sp/><sp/><sp/>tiz_fsm_state_to_str<sp/>(a_param1));</highlight></codeline>
<codeline lineno="121"><highlight class="normal"></highlight></codeline>
<codeline lineno="122"><highlight class="normal"><sp/><sp/></highlight><highlight class="comment">/*<sp/>Only<sp/>allowed<sp/>transitions<sp/>is<sp/>OMX_StateLoaded.<sp/>*/</highlight><highlight class="normal"></highlight></codeline>
<codeline lineno="123"><highlight class="normal"><sp/><sp/></highlight><highlight class="keywordflow">switch</highlight><highlight class="normal"><sp/>(a_param1)</highlight></codeline>
<codeline lineno="124"><highlight class="normal"><sp/><sp/><sp/><sp/>{</highlight></codeline>
<codeline lineno="125"><highlight class="normal"><sp/><sp/><sp/><sp/><sp/><sp/></highlight><highlight class="keywordflow">case</highlight><highlight class="normal"><sp/>OMX_StateLoaded:</highlight></codeline>
<codeline lineno="126"><highlight class="normal"><sp/><sp/><sp/><sp/><sp/><sp/><sp/><sp/>{</highlight></codeline>
<codeline lineno="127"><highlight class="normal"><sp/><sp/><sp/><sp/><sp/><sp/><sp/><sp/><sp/><sp/>new_state<sp/>=<sp/>(tiz_fsm_state_id_t)<sp/>OMX_StateLoaded;</highlight></codeline>
<codeline lineno="128"><highlight class="normal"><sp/><sp/><sp/><sp/><sp/><sp/><sp/><sp/><sp/><sp/></highlight><highlight class="keywordflow">break</highlight><highlight class="normal">;</highlight></codeline>
<codeline lineno="129"><highlight class="normal"><sp/><sp/><sp/><sp/><sp/><sp/><sp/><sp/>}</highlight></codeline>
<codeline lineno="130"><highlight class="normal"></highlight></codeline>
<codeline lineno="131"><highlight class="normal"><sp/><sp/><sp/><sp/><sp/><sp/></highlight><highlight class="keywordflow">case</highlight><highlight class="normal"><sp/>OMX_StateWaitForResources:</highlight></codeline>
<codeline lineno="132"><highlight class="normal"><sp/><sp/><sp/><sp/><sp/><sp/><sp/><sp/>{</highlight></codeline>
<codeline lineno="133"><highlight class="normal"><sp/><sp/><sp/><sp/><sp/><sp/><sp/><sp/><sp/><sp/></highlight><highlight class="keywordflow">return</highlight><highlight class="normal"><sp/>OMX_ErrorSameState;</highlight></codeline>
<codeline lineno="134"><highlight class="normal"><sp/><sp/><sp/><sp/><sp/><sp/><sp/><sp/>}</highlight></codeline>
<codeline lineno="135"><highlight class="normal"></highlight></codeline>
<codeline lineno="136"><highlight class="normal"><sp/><sp/><sp/><sp/><sp/><sp/></highlight><highlight class="keywordflow">default</highlight><highlight class="normal">:</highlight></codeline>
<codeline lineno="137"><highlight class="normal"><sp/><sp/><sp/><sp/><sp/><sp/><sp/><sp/>{</highlight></codeline>
<codeline lineno="138"><highlight class="normal"><sp/><sp/><sp/><sp/><sp/><sp/><sp/><sp/><sp/><sp/>TIZ_ERROR<sp/>(ap_hdl,<sp/></highlight><highlight class="stringliteral">&quot;[OMX_ErrorIncorrectStateTransition]<sp/>:<sp/>...&quot;</highlight><highlight class="normal">);</highlight></codeline>
<codeline lineno="139"><highlight class="normal"><sp/><sp/><sp/><sp/><sp/><sp/><sp/><sp/><sp/><sp/></highlight><highlight class="keywordflow">return</highlight><highlight class="normal"><sp/>OMX_ErrorIncorrectStateTransition;</highlight></codeline>
<codeline lineno="140"><highlight class="normal"><sp/><sp/><sp/><sp/><sp/><sp/><sp/><sp/>}</highlight></codeline>
<codeline lineno="141"><highlight class="normal"><sp/><sp/><sp/><sp/>};</highlight></codeline>
<codeline lineno="142"><highlight class="normal"></highlight></codeline>
<codeline lineno="143"><highlight class="normal"><sp/><sp/></highlight><highlight class="comment">/*<sp/>TODO:<sp/><sp/>make<sp/>state<sp/>transition<sp/>effective<sp/>here?<sp/>*/</highlight><highlight class="normal"></highlight></codeline>
<codeline lineno="144"><highlight class="normal"><sp/><sp/>(void)<sp/>new_state;</highlight></codeline>
<codeline lineno="145"><highlight class="normal"><sp/><sp/></highlight><highlight class="comment">/*<sp/><sp/><sp/>if<sp/>(OMX_ErrorNone<sp/>!=<sp/>*/</highlight><highlight class="normal"></highlight></codeline>
<codeline lineno="146"><highlight class="normal"><sp/><sp/></highlight><highlight class="comment">/*<sp/><sp/><sp/><sp/><sp/><sp/><sp/>(omx_error<sp/>=<sp/>tiz_fsm_set_state<sp/>*/</highlight><highlight class="normal"></highlight></codeline>
<codeline lineno="147"><highlight class="normal"><sp/><sp/></highlight><highlight class="comment">/*<sp/><sp/><sp/><sp/><sp/><sp/><sp/><sp/>(tiz_get_fsm<sp/>(ap_hdl),<sp/>new_state)))<sp/>*/</highlight><highlight class="normal"></highlight></codeline>
<codeline lineno="148"><highlight class="normal"><sp/><sp/></highlight><highlight class="comment">/*<sp/><sp/><sp/><sp/><sp/>{<sp/>*/</highlight><highlight class="normal"></highlight></codeline>
<codeline lineno="149"><highlight class="normal"><sp/><sp/></highlight><highlight class="comment">/*<sp/><sp/><sp/><sp/><sp/><sp/><sp/>return<sp/>omx_error;<sp/>*/</highlight><highlight class="normal"></highlight></codeline>
<codeline lineno="150"><highlight class="normal"><sp/><sp/></highlight><highlight class="comment">/*<sp/><sp/><sp/><sp/><sp/>}<sp/>*/</highlight><highlight class="normal"></highlight></codeline>
<codeline lineno="151"><highlight class="normal"></highlight></codeline>
<codeline lineno="152"><highlight class="normal"><sp/><sp/>{</highlight></codeline>
<codeline lineno="153"><highlight class="normal"><sp/><sp/><sp/><sp/></highlight><highlight class="keywordtype">void</highlight><highlight class="normal"><sp/>*<sp/>p_prc<sp/>=<sp/><ref refid="group__tizscheduler_1ga219572c6ac500d1f390a7d994a67be62" kindref="member">tiz_get_prc</ref><sp/>(ap_hdl);</highlight></codeline>
<codeline lineno="154"><highlight class="normal"><sp/><sp/><sp/><sp/></highlight><highlight class="keywordtype">void</highlight><highlight class="normal"><sp/>*<sp/>p_krn<sp/>=<sp/><ref refid="group__tizscheduler_1ga4c482ecc3baba5d46684bdbf9c48c86c" kindref="member">tiz_get_krn</ref><sp/>(ap_hdl);</highlight></codeline>
<codeline lineno="155"><highlight class="normal"></highlight></codeline>
<codeline lineno="156"><highlight class="normal"><sp/><sp/><sp/><sp/></highlight><highlight class="comment">/*<sp/>First<sp/>notify<sp/>the<sp/>kernel<sp/>servant<sp/>*/</highlight><highlight class="normal"></highlight></codeline>
<codeline lineno="157"><highlight class="normal"><sp/><sp/><sp/><sp/></highlight><highlight class="keywordflow">if</highlight><highlight class="normal"><sp/>(OMX_ErrorNone<sp/>!=<sp/>(omx_error<sp/>=<sp/>tiz_api_SendCommand<sp/>(</highlight></codeline>
<codeline lineno="158"><highlight class="normal"><sp/><sp/><sp/><sp/><sp/><sp/><sp/><sp/><sp/><sp/><sp/><sp/><sp/><sp/><sp/><sp/><sp/><sp/><sp/><sp/><sp/><sp/><sp/><sp/><sp/><sp/><sp/><sp/>p_krn,<sp/>ap_hdl,<sp/>a_cmd,<sp/>a_param1,<sp/>ap_cmd_data)))</highlight></codeline>
<codeline lineno="159"><highlight class="normal"><sp/><sp/><sp/><sp/><sp/><sp/>{</highlight></codeline>
<codeline lineno="160"><highlight class="normal"><sp/><sp/><sp/><sp/><sp/><sp/><sp/><sp/></highlight><highlight class="keywordflow">return</highlight><highlight class="normal"><sp/>omx_error;</highlight></codeline>
<codeline lineno="161"><highlight class="normal"><sp/><sp/><sp/><sp/><sp/><sp/>}</highlight></codeline>
<codeline lineno="162"><highlight class="normal"></highlight></codeline>
<codeline lineno="163"><highlight class="normal"><sp/><sp/><sp/><sp/></highlight><highlight class="comment">/*<sp/>Now<sp/>notify<sp/>the<sp/>processor<sp/>servant<sp/>*/</highlight><highlight class="normal"></highlight></codeline>
<codeline lineno="164"><highlight class="normal"><sp/><sp/><sp/><sp/></highlight><highlight class="keywordflow">if</highlight><highlight class="normal"><sp/>(OMX_ErrorNone<sp/>!=<sp/>(omx_error<sp/>=<sp/>tiz_api_SendCommand<sp/>(</highlight></codeline>
<codeline lineno="165"><highlight class="normal"><sp/><sp/><sp/><sp/><sp/><sp/><sp/><sp/><sp/><sp/><sp/><sp/><sp/><sp/><sp/><sp/><sp/><sp/><sp/><sp/><sp/><sp/><sp/><sp/><sp/><sp/><sp/><sp/>p_prc,<sp/>ap_hdl,<sp/>a_cmd,<sp/>a_param1,<sp/>ap_cmd_data)))</highlight></codeline>
<codeline lineno="166"><highlight class="normal"><sp/><sp/><sp/><sp/><sp/><sp/>{</highlight></codeline>
<codeline lineno="167"><highlight class="normal"><sp/><sp/><sp/><sp/><sp/><sp/><sp/><sp/></highlight><highlight class="keywordflow">return</highlight><highlight class="normal"><sp/>omx_error;</highlight></codeline>
<codeline lineno="168"><highlight class="normal"><sp/><sp/><sp/><sp/><sp/><sp/>}</highlight></codeline>
<codeline lineno="169"><highlight class="normal"><sp/><sp/>}</highlight></codeline>
<codeline lineno="170"><highlight class="normal"></highlight></codeline>
<codeline lineno="171"><highlight class="normal"><sp/><sp/></highlight><highlight class="keywordflow">return</highlight><highlight class="normal"><sp/>omx_error;</highlight></codeline>
<codeline lineno="172"><highlight class="normal">}</highlight></codeline>
<codeline lineno="173"><highlight class="normal"></highlight></codeline>
<codeline lineno="174"><highlight class="normal"></highlight><highlight class="keyword">static</highlight><highlight class="normal"><sp/>OMX_ERRORTYPE</highlight></codeline>
<codeline lineno="175"><highlight class="normal">waitforresources_trans_complete<sp/>(</highlight><highlight class="keyword">const</highlight><highlight class="normal"><sp/></highlight><highlight class="keywordtype">void</highlight><highlight class="normal"><sp/>*<sp/>ap_obj,<sp/>OMX_PTR<sp/>ap_servant,</highlight></codeline>
<codeline lineno="176"><highlight class="normal"><sp/><sp/><sp/><sp/><sp/><sp/><sp/><sp/><sp/><sp/><sp/><sp/><sp/><sp/><sp/><sp/><sp/><sp/><sp/><sp/><sp/><sp/><sp/><sp/><sp/><sp/><sp/><sp/><sp/><sp/><sp/><sp/><sp/>OMX_STATETYPE<sp/>a_new_state)</highlight></codeline>
<codeline lineno="177"><highlight class="normal">{</highlight></codeline>
<codeline lineno="178"><highlight class="normal"><sp/><sp/>TIZ_TRACE<sp/>(handleOf<sp/>(ap_servant),<sp/></highlight><highlight class="stringliteral">&quot;Trans<sp/>complete<sp/>to<sp/>state<sp/>[%s]...&quot;</highlight><highlight class="normal">,</highlight></codeline>
<codeline lineno="179"><highlight class="normal"><sp/><sp/><sp/><sp/><sp/><sp/><sp/><sp/><sp/><sp/><sp/><sp/><sp/>tiz_fsm_state_to_str<sp/>((tiz_fsm_state_id_t)<sp/>a_new_state));</highlight></codeline>
<codeline lineno="180"><highlight class="normal"><sp/><sp/>assert<sp/>(OMX_StateWaitForResources<sp/>==<sp/>a_new_state</highlight></codeline>
<codeline lineno="181"><highlight class="normal"><sp/><sp/><sp/><sp/><sp/><sp/><sp/><sp/><sp/><sp/>||<sp/>OMX_StateLoaded<sp/>==<sp/>a_new_state);</highlight></codeline>
<codeline lineno="182"><highlight class="normal"><sp/><sp/></highlight><highlight class="keywordflow">return</highlight><highlight class="normal"><sp/>tiz_state_super_trans_complete<sp/>(typeOf<sp/>(ap_obj,<sp/></highlight><highlight class="stringliteral">&quot;tizwaitforresources&quot;</highlight><highlight class="normal">),</highlight></codeline>
<codeline lineno="183"><highlight class="normal"><sp/><sp/><sp/><sp/><sp/><sp/><sp/><sp/><sp/><sp/><sp/><sp/><sp/><sp/><sp/><sp/><sp/><sp/><sp/><sp/><sp/><sp/><sp/><sp/><sp/><sp/><sp/><sp/><sp/><sp/><sp/><sp/><sp/><sp/><sp/><sp/><sp/><sp/><sp/><sp/><sp/>ap_obj,<sp/>ap_servant,<sp/>a_new_state);</highlight></codeline>
<codeline lineno="184"><highlight class="normal">}</highlight></codeline>
<codeline lineno="185"><highlight class="normal"></highlight></codeline>
<codeline lineno="186"><highlight class="normal"></highlight><highlight class="comment">/*</highlight></codeline>
<codeline lineno="187"><highlight class="comment"><sp/>*<sp/>waitforresources_class</highlight></codeline>
<codeline lineno="188"><highlight class="comment"><sp/>*/</highlight><highlight class="normal"></highlight></codeline>
<codeline lineno="189"><highlight class="normal"></highlight></codeline>
<codeline lineno="190"><highlight class="normal"></highlight><highlight class="keyword">static</highlight><highlight class="normal"><sp/></highlight><highlight class="keywordtype">void</highlight><highlight class="normal"><sp/>*</highlight></codeline>
<codeline lineno="191"><highlight class="normal">waitforresources_class_ctor<sp/>(</highlight><highlight class="keywordtype">void</highlight><highlight class="normal"><sp/>*<sp/>ap_obj,<sp/>va_list<sp/>*<sp/>app)</highlight></codeline>
<codeline lineno="192"><highlight class="normal">{</highlight></codeline>
<codeline lineno="193"><highlight class="normal"><sp/><sp/></highlight><highlight class="comment">/*<sp/>NOTE:<sp/>Class<sp/>methods<sp/>might<sp/>be<sp/>added<sp/>in<sp/>the<sp/>future.<sp/>None<sp/>for<sp/>now.<sp/>*/</highlight><highlight class="normal"></highlight></codeline>
<codeline lineno="194"><highlight class="normal"><sp/><sp/></highlight><highlight class="keywordflow">return</highlight><highlight class="normal"><sp/>super_ctor<sp/>(typeOf<sp/>(ap_obj,<sp/></highlight><highlight class="stringliteral">&quot;tizwaitforresources_class&quot;</highlight><highlight class="normal">),<sp/>ap_obj,<sp/>app);</highlight></codeline>
<codeline lineno="195"><highlight class="normal">}</highlight></codeline>
<codeline lineno="196"><highlight class="normal"></highlight></codeline>
<codeline lineno="197"><highlight class="normal"></highlight><highlight class="comment">/*</highlight></codeline>
<codeline lineno="198"><highlight class="comment"><sp/>*<sp/>initialization</highlight></codeline>
<codeline lineno="199"><highlight class="comment"><sp/>*/</highlight><highlight class="normal"></highlight></codeline>
<codeline lineno="200"><highlight class="normal"></highlight></codeline>
<codeline lineno="201"><highlight class="normal"></highlight><highlight class="keywordtype">void</highlight><highlight class="normal"><sp/>*</highlight></codeline>
<codeline lineno="202"><highlight class="normal">tiz_waitforresources_class_init<sp/>(</highlight><highlight class="keywordtype">void</highlight><highlight class="normal"><sp/>*<sp/>ap_tos,<sp/></highlight><highlight class="keywordtype">void</highlight><highlight class="normal"><sp/>*<sp/>ap_hdl)</highlight></codeline>
<codeline lineno="203"><highlight class="normal">{</highlight></codeline>
<codeline lineno="204"><highlight class="normal"><sp/><sp/></highlight><highlight class="keywordtype">void</highlight><highlight class="normal"><sp/>*<sp/>tizstate<sp/>=<sp/><ref refid="group__tizscheduler_1gacf2f63dcdf377b97875517fb7fca9425" kindref="member">tiz_get_type</ref><sp/>(ap_hdl,<sp/></highlight><highlight class="stringliteral">&quot;tizstate&quot;</highlight><highlight class="normal">);</highlight></codeline>
<codeline lineno="205"><highlight class="normal"><sp/><sp/></highlight><highlight class="keywordtype">void</highlight><highlight class="normal"><sp/>*<sp/>tizwaitforresources_class</highlight></codeline>
<codeline lineno="206"><highlight class="normal"><sp/><sp/><sp/><sp/>=<sp/>factory_new<sp/>(classOf<sp/>(tizstate),<sp/></highlight><highlight class="stringliteral">&quot;tizwaitforresources_class&quot;</highlight><highlight class="normal">,</highlight></codeline>
<codeline lineno="207"><highlight class="normal"><sp/><sp/><sp/><sp/><sp/><sp/><sp/><sp/><sp/><sp/><sp/><sp/><sp/><sp/><sp/><sp/><sp/><sp/><sp/>classOf<sp/>(tizstate),<sp/></highlight><highlight class="keyword">sizeof</highlight><highlight class="normal"><sp/>(<ref refid="structtiz__waitforresources__class" kindref="compound">tiz_waitforresources_class_t</ref>),</highlight></codeline>
<codeline lineno="208"><highlight class="normal"><sp/><sp/><sp/><sp/><sp/><sp/><sp/><sp/><sp/><sp/><sp/><sp/><sp/><sp/><sp/><sp/><sp/><sp/><sp/>ap_tos,<sp/>ap_hdl,<sp/>ctor,<sp/>waitforresources_class_ctor,<sp/>0);</highlight></codeline>
<codeline lineno="209"><highlight class="normal"><sp/><sp/></highlight><highlight class="keywordflow">return</highlight><highlight class="normal"><sp/>tizwaitforresources_class;</highlight></codeline>
<codeline lineno="210"><highlight class="normal">}</highlight></codeline>
<codeline lineno="211"><highlight class="normal"></highlight></codeline>
<codeline lineno="212"><highlight class="normal"></highlight><highlight class="keywordtype">void</highlight><highlight class="normal"><sp/>*</highlight></codeline>
<codeline lineno="213"><highlight class="normal">tiz_waitforresources_init<sp/>(</highlight><highlight class="keywordtype">void</highlight><highlight class="normal"><sp/>*<sp/>ap_tos,<sp/></highlight><highlight class="keywordtype">void</highlight><highlight class="normal"><sp/>*<sp/>ap_hdl)</highlight></codeline>
<codeline lineno="214"><highlight class="normal">{</highlight></codeline>
<codeline lineno="215"><highlight class="normal"><sp/><sp/></highlight><highlight class="keywordtype">void</highlight><highlight class="normal"><sp/>*<sp/>tizstate<sp/>=<sp/><ref refid="group__tizscheduler_1gacf2f63dcdf377b97875517fb7fca9425" kindref="member">tiz_get_type</ref><sp/>(ap_hdl,<sp/></highlight><highlight class="stringliteral">&quot;tizstate&quot;</highlight><highlight class="normal">);</highlight></codeline>
<codeline lineno="216"><highlight class="normal"><sp/><sp/></highlight><highlight class="keywordtype">void</highlight><highlight class="normal"><sp/>*<sp/>tizwaitforresources_class</highlight></codeline>
<codeline lineno="217"><highlight class="normal"><sp/><sp/><sp/><sp/>=<sp/><ref refid="group__tizscheduler_1gacf2f63dcdf377b97875517fb7fca9425" kindref="member">tiz_get_type</ref><sp/>(ap_hdl,<sp/></highlight><highlight class="stringliteral">&quot;tizwaitforresources_class&quot;</highlight><highlight class="normal">);</highlight></codeline>
<codeline lineno="218"><highlight class="normal"><sp/><sp/>TIZ_LOG_CLASS<sp/>(tizwaitforresources_class);</highlight></codeline>
<codeline lineno="219"><highlight class="normal"><sp/><sp/></highlight><highlight class="keywordtype">void</highlight><highlight class="normal"><sp/>*<sp/>tizwaitforresources<sp/>=<sp/>factory_new<sp/>(</highlight></codeline>
<codeline lineno="220"><highlight class="normal"><sp/><sp/><sp/><sp/>tizwaitforresources_class,<sp/></highlight><highlight class="stringliteral">&quot;tizwaitforresources&quot;</highlight><highlight class="normal">,<sp/>tizstate,</highlight></codeline>
<codeline lineno="221"><highlight class="normal"><sp/><sp/><sp/><sp/></highlight><highlight class="keyword">sizeof</highlight><highlight class="normal"><sp/>(<ref refid="structtiz__waitforresources" kindref="compound">tiz_waitforresources_t</ref>),<sp/>ap_tos,<sp/>ap_hdl,<sp/>ctor,</highlight></codeline>
<codeline lineno="222"><highlight class="normal"><sp/><sp/><sp/><sp/>waitforresources_ctor,<sp/>dtor,<sp/>waitforresources_dtor,<sp/>tiz_api_SetParameter,</highlight></codeline>
<codeline lineno="223"><highlight class="normal"><sp/><sp/><sp/><sp/>waitforresources_SetParameter,<sp/>tiz_api_GetState,<sp/>waitforresources_GetState,</highlight></codeline>
<codeline lineno="224"><highlight class="normal"><sp/><sp/><sp/><sp/>tiz_api_UseBuffer,<sp/>waitforresources_UseBuffer,<sp/>tiz_api_EmptyThisBuffer,</highlight></codeline>
<codeline lineno="225"><highlight class="normal"><sp/><sp/><sp/><sp/>waitforresources_EmptyThisBuffer,<sp/>tiz_api_FillThisBuffer,</highlight></codeline>
<codeline lineno="226"><highlight class="normal"><sp/><sp/><sp/><sp/>waitforresources_FillThisBuffer,<sp/>tiz_state_state_set,</highlight></codeline>
<codeline lineno="227"><highlight class="normal"><sp/><sp/><sp/><sp/>waitforresources_state_set,<sp/>tiz_state_trans_complete,</highlight></codeline>
<codeline lineno="228"><highlight class="normal"><sp/><sp/><sp/><sp/>waitforresources_trans_complete,<sp/>0);</highlight></codeline>
<codeline lineno="229"><highlight class="normal"></highlight></codeline>
<codeline lineno="230"><highlight class="normal"><sp/><sp/></highlight><highlight class="keywordflow">return</highlight><highlight class="normal"><sp/>tizwaitforresources;</highlight></codeline>
<codeline lineno="231"><highlight class="normal">}</highlight></codeline>
    </programlisting>
    <location file="/home/joni/work/tizonia-master/libtizonia/src/tizwaitforresources.c"/>
  </compounddef>
</doxygen>
