<?xml version='1.0' encoding='UTF-8' standalone='no'?>
<doxygen xmlns:xsi="http://www.w3.org/2001/XMLSchema-instance" xsi:noNamespaceSchemaLocation="compound.xsd" version="1.8.11">
  <compounddef id="tizyoutube_8cpp" kind="file" language="C++">
    <compoundname>tizyoutube.cpp</compoundname>
    <includes local="no">iostream</includes>
    <includes local="no">vector</includes>
    <includes local="no">boost/lexical_cast.hpp</includes>
    <includes local="no">boost/algorithm/string/split.hpp</includes>
    <includes local="no">boost/algorithm/string/classification.hpp</includes>
    <includes refid="tizyoutube_8hpp" local="yes">tizyoutube.hpp</includes>
    <incdepgraph>
      <node id="127">
        <label>boost/lexical_cast.hpp</label>
      </node>
      <node id="129">
        <label>boost/algorithm/string/classification.hpp</label>
      </node>
      <node id="132">
        <label>string</label>
      </node>
      <node id="130">
        <label>tizyoutube.hpp</label>
        <link refid="tizyoutube_8hpp_source"/>
        <childnode refid="131" relation="include">
        </childnode>
        <childnode refid="132" relation="include">
        </childnode>
      </node>
      <node id="128">
        <label>boost/algorithm/string/split.hpp</label>
      </node>
      <node id="131">
        <label>boost/python.hpp</label>
      </node>
      <node id="126">
        <label>vector</label>
      </node>
      <node id="124">
        <label>/home/joni/work/tizonia-master/clients/youtube/libtizyoutube/src/tizyoutube.cpp</label>
        <link refid="tizyoutube.cpp"/>
        <childnode refid="125" relation="include">
        </childnode>
        <childnode refid="126" relation="include">
        </childnode>
        <childnode refid="127" relation="include">
        </childnode>
        <childnode refid="128" relation="include">
        </childnode>
        <childnode refid="129" relation="include">
        </childnode>
        <childnode refid="130" relation="include">
        </childnode>
      </node>
      <node id="125">
        <label>iostream</label>
      </node>
    </incdepgraph>
      <sectiondef kind="define">
      <memberdef kind="define" id="tizyoutube_8cpp_1a00f8ceffab96ab09db36031f2ba8b799" prot="public" static="no">
        <name>try_catch_wrapper</name>
        <param><defname>expr</defname></param>
        <initializer>do                                                             \
    {                                                            \
      try                                                        \
        {                                                        \
          if (!rc)                                               \
            {                                                    \
              (expr);                                            \
            }                                                    \
        }                                                        \
      catch (bp::error_already_set &amp; e)                          \
        {                                                        \
          PyErr_PrintEx (0);                                     \
          rc = 1;                                                \
        }                                                        \
      catch (const std::exception &amp;e)                            \
        {                                                        \
          std::cerr &lt;&lt; e.what ();                                \
          rc = 1;                                                \
        }                                                        \
      catch (...)                                                \
        {                                                        \
          std::cerr &lt;&lt; std::string (&quot;Unknown exception caught&quot;); \
          rc = 1;                                                \
        }                                                        \
    }                                                            \
  while (0)</initializer>
        <briefdescription>
        </briefdescription>
        <detaileddescription>
        </detaileddescription>
        <inbodydescription>
        </inbodydescription>
        <location file="/home/joni/work/tizonia-master/clients/youtube/libtizyoutube/src/tizyoutube.cpp" line="44" column="9" bodyfile="/home/joni/work/tizonia-master/clients/youtube/libtizyoutube/src/tizyoutube.cpp" bodystart="44" bodyend="-1"/>
      </memberdef>
      </sectiondef>
    <briefdescription>
<para>Tizonia - Simple YouTube audio client library. </para>    </briefdescription>
    <detaileddescription>
<para>Copyright (C) 2011-2018 Aratelia Limited - Juan A. Rubio</para><para>This file is part of Tizonia</para><para>Tizonia is free software: you can redistribute it and/or modify it under the terms of the GNU Lesser General Public License as published by the Free Software Foundation, either version 3 of the License, or (at your option) any later version.</para><para>Tizonia is distributed in the hope that it will be useful, but WITHOUT ANY WARRANTY; without even the implied warranty of MERCHANTABILITY or FITNESS FOR A PARTICULAR PURPOSE. See the GNU Lesser General Public License for more details.</para><para>You should have received a copy of the GNU Lesser General Public License along with Tizonia. If not, see <ulink url="http://www.gnu.org/licenses/">http://www.gnu.org/licenses/</ulink>.</para><para><simplesect kind="author"><para>Juan A. Rubio <ulink url="mailto:juan.rubio@aratelia.com">juan.rubio@aratelia.com</ulink> </para></simplesect>
</para>    </detaileddescription>
    <programlisting>
<codeline lineno="1"></codeline>
<codeline lineno="28"><highlight class="preprocessor">#ifdef<sp/>HAVE_CONFIG_H</highlight><highlight class="normal"></highlight></codeline>
<codeline lineno="29"><highlight class="normal"></highlight><highlight class="preprocessor">#include<sp/>&lt;config.h&gt;</highlight><highlight class="normal"></highlight></codeline>
<codeline lineno="30"><highlight class="normal"></highlight><highlight class="preprocessor">#endif</highlight><highlight class="normal"></highlight></codeline>
<codeline lineno="31"><highlight class="normal"></highlight></codeline>
<codeline lineno="32"><highlight class="normal"></highlight></codeline>
<codeline lineno="33"><highlight class="normal"></highlight><highlight class="preprocessor">#include<sp/>&lt;iostream&gt;</highlight><highlight class="normal"></highlight></codeline>
<codeline lineno="34"><highlight class="normal"></highlight><highlight class="preprocessor">#include<sp/>&lt;vector&gt;</highlight><highlight class="normal"></highlight></codeline>
<codeline lineno="35"><highlight class="normal"></highlight><highlight class="preprocessor">#include<sp/>&lt;boost/lexical_cast.hpp&gt;</highlight><highlight class="normal"></highlight></codeline>
<codeline lineno="36"><highlight class="normal"></highlight><highlight class="preprocessor">#include<sp/>&lt;boost/algorithm/string/split.hpp&gt;</highlight><highlight class="normal"></highlight></codeline>
<codeline lineno="37"><highlight class="normal"></highlight><highlight class="preprocessor">#include<sp/>&lt;boost/algorithm/string/classification.hpp&gt;</highlight><highlight class="normal"></highlight></codeline>
<codeline lineno="38"><highlight class="normal"></highlight></codeline>
<codeline lineno="39"><highlight class="normal"></highlight><highlight class="preprocessor">#include<sp/>&quot;tizyoutube.hpp&quot;</highlight><highlight class="normal"></highlight></codeline>
<codeline lineno="40"><highlight class="normal"></highlight></codeline>
<codeline lineno="41"><highlight class="normal"></highlight><highlight class="keyword">namespace<sp/></highlight><highlight class="normal">bp<sp/>=<sp/>boost::python;</highlight></codeline>
<codeline lineno="42"><highlight class="normal"></highlight></codeline>
<codeline lineno="43"><highlight class="normal"></highlight><highlight class="comment">/*<sp/>This<sp/>macro<sp/>assumes<sp/>the<sp/>existence<sp/>of<sp/>an<sp/>&quot;int<sp/>rc&quot;<sp/>local<sp/>variable<sp/>*/</highlight><highlight class="normal"></highlight></codeline>
<codeline lineno="44"><highlight class="normal"></highlight><highlight class="preprocessor">#define<sp/>try_catch_wrapper(expr)<sp/><sp/><sp/><sp/><sp/><sp/><sp/><sp/><sp/><sp/><sp/><sp/><sp/><sp/><sp/><sp/><sp/><sp/><sp/><sp/><sp/><sp/><sp/><sp/><sp/><sp/><sp/><sp/><sp/><sp/><sp/><sp/><sp/><sp/>\</highlight></codeline>
<codeline lineno="45"><highlight class="preprocessor"><sp/><sp/>do<sp/><sp/><sp/><sp/><sp/><sp/><sp/><sp/><sp/><sp/><sp/><sp/><sp/><sp/><sp/><sp/><sp/><sp/><sp/><sp/><sp/><sp/><sp/><sp/><sp/><sp/><sp/><sp/><sp/><sp/><sp/><sp/><sp/><sp/><sp/><sp/><sp/><sp/><sp/><sp/><sp/><sp/><sp/><sp/><sp/><sp/><sp/><sp/><sp/><sp/><sp/><sp/><sp/><sp/><sp/><sp/><sp/><sp/><sp/><sp/><sp/>\</highlight></codeline>
<codeline lineno="46"><highlight class="preprocessor"><sp/><sp/><sp/><sp/>{<sp/><sp/><sp/><sp/><sp/><sp/><sp/><sp/><sp/><sp/><sp/><sp/><sp/><sp/><sp/><sp/><sp/><sp/><sp/><sp/><sp/><sp/><sp/><sp/><sp/><sp/><sp/><sp/><sp/><sp/><sp/><sp/><sp/><sp/><sp/><sp/><sp/><sp/><sp/><sp/><sp/><sp/><sp/><sp/><sp/><sp/><sp/><sp/><sp/><sp/><sp/><sp/><sp/><sp/><sp/><sp/><sp/><sp/><sp/><sp/>\</highlight></codeline>
<codeline lineno="47"><highlight class="preprocessor"><sp/><sp/><sp/><sp/><sp/><sp/>try<sp/><sp/><sp/><sp/><sp/><sp/><sp/><sp/><sp/><sp/><sp/><sp/><sp/><sp/><sp/><sp/><sp/><sp/><sp/><sp/><sp/><sp/><sp/><sp/><sp/><sp/><sp/><sp/><sp/><sp/><sp/><sp/><sp/><sp/><sp/><sp/><sp/><sp/><sp/><sp/><sp/><sp/><sp/><sp/><sp/><sp/><sp/><sp/><sp/><sp/><sp/><sp/><sp/><sp/><sp/><sp/>\</highlight></codeline>
<codeline lineno="48"><highlight class="preprocessor"><sp/><sp/><sp/><sp/><sp/><sp/><sp/><sp/>{<sp/><sp/><sp/><sp/><sp/><sp/><sp/><sp/><sp/><sp/><sp/><sp/><sp/><sp/><sp/><sp/><sp/><sp/><sp/><sp/><sp/><sp/><sp/><sp/><sp/><sp/><sp/><sp/><sp/><sp/><sp/><sp/><sp/><sp/><sp/><sp/><sp/><sp/><sp/><sp/><sp/><sp/><sp/><sp/><sp/><sp/><sp/><sp/><sp/><sp/><sp/><sp/><sp/><sp/><sp/><sp/>\</highlight></codeline>
<codeline lineno="49"><highlight class="preprocessor"><sp/><sp/><sp/><sp/><sp/><sp/><sp/><sp/><sp/><sp/>if<sp/>(!rc)<sp/><sp/><sp/><sp/><sp/><sp/><sp/><sp/><sp/><sp/><sp/><sp/><sp/><sp/><sp/><sp/><sp/><sp/><sp/><sp/><sp/><sp/><sp/><sp/><sp/><sp/><sp/><sp/><sp/><sp/><sp/><sp/><sp/><sp/><sp/><sp/><sp/><sp/><sp/><sp/><sp/><sp/><sp/><sp/><sp/><sp/><sp/>\</highlight></codeline>
<codeline lineno="50"><highlight class="preprocessor"><sp/><sp/><sp/><sp/><sp/><sp/><sp/><sp/><sp/><sp/><sp/><sp/>{<sp/><sp/><sp/><sp/><sp/><sp/><sp/><sp/><sp/><sp/><sp/><sp/><sp/><sp/><sp/><sp/><sp/><sp/><sp/><sp/><sp/><sp/><sp/><sp/><sp/><sp/><sp/><sp/><sp/><sp/><sp/><sp/><sp/><sp/><sp/><sp/><sp/><sp/><sp/><sp/><sp/><sp/><sp/><sp/><sp/><sp/><sp/><sp/><sp/><sp/><sp/><sp/>\</highlight></codeline>
<codeline lineno="51"><highlight class="preprocessor"><sp/><sp/><sp/><sp/><sp/><sp/><sp/><sp/><sp/><sp/><sp/><sp/><sp/><sp/>(expr);<sp/><sp/><sp/><sp/><sp/><sp/><sp/><sp/><sp/><sp/><sp/><sp/><sp/><sp/><sp/><sp/><sp/><sp/><sp/><sp/><sp/><sp/><sp/><sp/><sp/><sp/><sp/><sp/><sp/><sp/><sp/><sp/><sp/><sp/><sp/><sp/><sp/><sp/><sp/><sp/><sp/><sp/><sp/><sp/>\</highlight></codeline>
<codeline lineno="52"><highlight class="preprocessor"><sp/><sp/><sp/><sp/><sp/><sp/><sp/><sp/><sp/><sp/><sp/><sp/>}<sp/><sp/><sp/><sp/><sp/><sp/><sp/><sp/><sp/><sp/><sp/><sp/><sp/><sp/><sp/><sp/><sp/><sp/><sp/><sp/><sp/><sp/><sp/><sp/><sp/><sp/><sp/><sp/><sp/><sp/><sp/><sp/><sp/><sp/><sp/><sp/><sp/><sp/><sp/><sp/><sp/><sp/><sp/><sp/><sp/><sp/><sp/><sp/><sp/><sp/><sp/><sp/>\</highlight></codeline>
<codeline lineno="53"><highlight class="preprocessor"><sp/><sp/><sp/><sp/><sp/><sp/><sp/><sp/>}<sp/><sp/><sp/><sp/><sp/><sp/><sp/><sp/><sp/><sp/><sp/><sp/><sp/><sp/><sp/><sp/><sp/><sp/><sp/><sp/><sp/><sp/><sp/><sp/><sp/><sp/><sp/><sp/><sp/><sp/><sp/><sp/><sp/><sp/><sp/><sp/><sp/><sp/><sp/><sp/><sp/><sp/><sp/><sp/><sp/><sp/><sp/><sp/><sp/><sp/><sp/><sp/><sp/><sp/><sp/><sp/>\</highlight></codeline>
<codeline lineno="54"><highlight class="preprocessor"><sp/><sp/><sp/><sp/><sp/><sp/>catch<sp/>(bp::error_already_set<sp/>&amp;<sp/>e)<sp/><sp/><sp/><sp/><sp/><sp/><sp/><sp/><sp/><sp/><sp/><sp/><sp/><sp/><sp/><sp/><sp/><sp/><sp/><sp/><sp/><sp/><sp/><sp/><sp/><sp/>\</highlight></codeline>
<codeline lineno="55"><highlight class="preprocessor"><sp/><sp/><sp/><sp/><sp/><sp/><sp/><sp/>{<sp/><sp/><sp/><sp/><sp/><sp/><sp/><sp/><sp/><sp/><sp/><sp/><sp/><sp/><sp/><sp/><sp/><sp/><sp/><sp/><sp/><sp/><sp/><sp/><sp/><sp/><sp/><sp/><sp/><sp/><sp/><sp/><sp/><sp/><sp/><sp/><sp/><sp/><sp/><sp/><sp/><sp/><sp/><sp/><sp/><sp/><sp/><sp/><sp/><sp/><sp/><sp/><sp/><sp/><sp/><sp/>\</highlight></codeline>
<codeline lineno="56"><highlight class="preprocessor"><sp/><sp/><sp/><sp/><sp/><sp/><sp/><sp/><sp/><sp/>PyErr_PrintEx<sp/>(0);<sp/><sp/><sp/><sp/><sp/><sp/><sp/><sp/><sp/><sp/><sp/><sp/><sp/><sp/><sp/><sp/><sp/><sp/><sp/><sp/><sp/><sp/><sp/><sp/><sp/><sp/><sp/><sp/><sp/><sp/><sp/><sp/><sp/><sp/><sp/><sp/><sp/>\</highlight></codeline>
<codeline lineno="57"><highlight class="preprocessor"><sp/><sp/><sp/><sp/><sp/><sp/><sp/><sp/><sp/><sp/>rc<sp/>=<sp/>1;<sp/><sp/><sp/><sp/><sp/><sp/><sp/><sp/><sp/><sp/><sp/><sp/><sp/><sp/><sp/><sp/><sp/><sp/><sp/><sp/><sp/><sp/><sp/><sp/><sp/><sp/><sp/><sp/><sp/><sp/><sp/><sp/><sp/><sp/><sp/><sp/><sp/><sp/><sp/><sp/><sp/><sp/><sp/><sp/><sp/><sp/><sp/><sp/>\</highlight></codeline>
<codeline lineno="58"><highlight class="preprocessor"><sp/><sp/><sp/><sp/><sp/><sp/><sp/><sp/>}<sp/><sp/><sp/><sp/><sp/><sp/><sp/><sp/><sp/><sp/><sp/><sp/><sp/><sp/><sp/><sp/><sp/><sp/><sp/><sp/><sp/><sp/><sp/><sp/><sp/><sp/><sp/><sp/><sp/><sp/><sp/><sp/><sp/><sp/><sp/><sp/><sp/><sp/><sp/><sp/><sp/><sp/><sp/><sp/><sp/><sp/><sp/><sp/><sp/><sp/><sp/><sp/><sp/><sp/><sp/><sp/>\</highlight></codeline>
<codeline lineno="59"><highlight class="preprocessor"><sp/><sp/><sp/><sp/><sp/><sp/>catch<sp/>(const<sp/>std::exception<sp/>&amp;e)<sp/><sp/><sp/><sp/><sp/><sp/><sp/><sp/><sp/><sp/><sp/><sp/><sp/><sp/><sp/><sp/><sp/><sp/><sp/><sp/><sp/><sp/><sp/><sp/><sp/><sp/><sp/><sp/>\</highlight></codeline>
<codeline lineno="60"><highlight class="preprocessor"><sp/><sp/><sp/><sp/><sp/><sp/><sp/><sp/>{<sp/><sp/><sp/><sp/><sp/><sp/><sp/><sp/><sp/><sp/><sp/><sp/><sp/><sp/><sp/><sp/><sp/><sp/><sp/><sp/><sp/><sp/><sp/><sp/><sp/><sp/><sp/><sp/><sp/><sp/><sp/><sp/><sp/><sp/><sp/><sp/><sp/><sp/><sp/><sp/><sp/><sp/><sp/><sp/><sp/><sp/><sp/><sp/><sp/><sp/><sp/><sp/><sp/><sp/><sp/><sp/>\</highlight></codeline>
<codeline lineno="61"><highlight class="preprocessor"><sp/><sp/><sp/><sp/><sp/><sp/><sp/><sp/><sp/><sp/>std::cerr<sp/>&lt;&lt;<sp/>e.what<sp/>();<sp/><sp/><sp/><sp/><sp/><sp/><sp/><sp/><sp/><sp/><sp/><sp/><sp/><sp/><sp/><sp/><sp/><sp/><sp/><sp/><sp/><sp/><sp/><sp/><sp/><sp/><sp/><sp/><sp/><sp/><sp/><sp/>\</highlight></codeline>
<codeline lineno="62"><highlight class="preprocessor"><sp/><sp/><sp/><sp/><sp/><sp/><sp/><sp/><sp/><sp/>rc<sp/>=<sp/>1;<sp/><sp/><sp/><sp/><sp/><sp/><sp/><sp/><sp/><sp/><sp/><sp/><sp/><sp/><sp/><sp/><sp/><sp/><sp/><sp/><sp/><sp/><sp/><sp/><sp/><sp/><sp/><sp/><sp/><sp/><sp/><sp/><sp/><sp/><sp/><sp/><sp/><sp/><sp/><sp/><sp/><sp/><sp/><sp/><sp/><sp/><sp/><sp/>\</highlight></codeline>
<codeline lineno="63"><highlight class="preprocessor"><sp/><sp/><sp/><sp/><sp/><sp/><sp/><sp/>}<sp/><sp/><sp/><sp/><sp/><sp/><sp/><sp/><sp/><sp/><sp/><sp/><sp/><sp/><sp/><sp/><sp/><sp/><sp/><sp/><sp/><sp/><sp/><sp/><sp/><sp/><sp/><sp/><sp/><sp/><sp/><sp/><sp/><sp/><sp/><sp/><sp/><sp/><sp/><sp/><sp/><sp/><sp/><sp/><sp/><sp/><sp/><sp/><sp/><sp/><sp/><sp/><sp/><sp/><sp/><sp/>\</highlight></codeline>
<codeline lineno="64"><highlight class="preprocessor"><sp/><sp/><sp/><sp/><sp/><sp/>catch<sp/>(...)<sp/><sp/><sp/><sp/><sp/><sp/><sp/><sp/><sp/><sp/><sp/><sp/><sp/><sp/><sp/><sp/><sp/><sp/><sp/><sp/><sp/><sp/><sp/><sp/><sp/><sp/><sp/><sp/><sp/><sp/><sp/><sp/><sp/><sp/><sp/><sp/><sp/><sp/><sp/><sp/><sp/><sp/><sp/><sp/><sp/><sp/><sp/><sp/>\</highlight></codeline>
<codeline lineno="65"><highlight class="preprocessor"><sp/><sp/><sp/><sp/><sp/><sp/><sp/><sp/>{<sp/><sp/><sp/><sp/><sp/><sp/><sp/><sp/><sp/><sp/><sp/><sp/><sp/><sp/><sp/><sp/><sp/><sp/><sp/><sp/><sp/><sp/><sp/><sp/><sp/><sp/><sp/><sp/><sp/><sp/><sp/><sp/><sp/><sp/><sp/><sp/><sp/><sp/><sp/><sp/><sp/><sp/><sp/><sp/><sp/><sp/><sp/><sp/><sp/><sp/><sp/><sp/><sp/><sp/><sp/><sp/>\</highlight></codeline>
<codeline lineno="66"><highlight class="preprocessor"><sp/><sp/><sp/><sp/><sp/><sp/><sp/><sp/><sp/><sp/>std::cerr<sp/>&lt;&lt;<sp/>std::string<sp/>(&quot;Unknown<sp/>exception<sp/>caught&quot;);<sp/>\</highlight></codeline>
<codeline lineno="67"><highlight class="preprocessor"><sp/><sp/><sp/><sp/><sp/><sp/><sp/><sp/><sp/><sp/>rc<sp/>=<sp/>1;<sp/><sp/><sp/><sp/><sp/><sp/><sp/><sp/><sp/><sp/><sp/><sp/><sp/><sp/><sp/><sp/><sp/><sp/><sp/><sp/><sp/><sp/><sp/><sp/><sp/><sp/><sp/><sp/><sp/><sp/><sp/><sp/><sp/><sp/><sp/><sp/><sp/><sp/><sp/><sp/><sp/><sp/><sp/><sp/><sp/><sp/><sp/><sp/>\</highlight></codeline>
<codeline lineno="68"><highlight class="preprocessor"><sp/><sp/><sp/><sp/><sp/><sp/><sp/><sp/>}<sp/><sp/><sp/><sp/><sp/><sp/><sp/><sp/><sp/><sp/><sp/><sp/><sp/><sp/><sp/><sp/><sp/><sp/><sp/><sp/><sp/><sp/><sp/><sp/><sp/><sp/><sp/><sp/><sp/><sp/><sp/><sp/><sp/><sp/><sp/><sp/><sp/><sp/><sp/><sp/><sp/><sp/><sp/><sp/><sp/><sp/><sp/><sp/><sp/><sp/><sp/><sp/><sp/><sp/><sp/><sp/>\</highlight></codeline>
<codeline lineno="69"><highlight class="preprocessor"><sp/><sp/><sp/><sp/>}<sp/><sp/><sp/><sp/><sp/><sp/><sp/><sp/><sp/><sp/><sp/><sp/><sp/><sp/><sp/><sp/><sp/><sp/><sp/><sp/><sp/><sp/><sp/><sp/><sp/><sp/><sp/><sp/><sp/><sp/><sp/><sp/><sp/><sp/><sp/><sp/><sp/><sp/><sp/><sp/><sp/><sp/><sp/><sp/><sp/><sp/><sp/><sp/><sp/><sp/><sp/><sp/><sp/><sp/><sp/><sp/><sp/><sp/><sp/><sp/>\</highlight></codeline>
<codeline lineno="70"><highlight class="preprocessor"><sp/><sp/>while<sp/>(0)</highlight><highlight class="normal"></highlight></codeline>
<codeline lineno="71"><highlight class="normal"></highlight></codeline>
<codeline lineno="72"><highlight class="normal"></highlight><highlight class="keyword">namespace</highlight><highlight class="normal"></highlight></codeline>
<codeline lineno="73"><highlight class="normal">{</highlight></codeline>
<codeline lineno="74"><highlight class="normal"><sp/><sp/></highlight><highlight class="keywordtype">int</highlight><highlight class="normal"><sp/>check_deps<sp/>()</highlight></codeline>
<codeline lineno="75"><highlight class="normal"><sp/><sp/>{</highlight></codeline>
<codeline lineno="76"><highlight class="normal"><sp/><sp/><sp/><sp/></highlight><highlight class="keywordtype">int</highlight><highlight class="normal"><sp/>rc<sp/>=<sp/>1;</highlight></codeline>
<codeline lineno="77"><highlight class="normal"><sp/><sp/><sp/><sp/>Py_Initialize<sp/>();</highlight></codeline>
<codeline lineno="78"><highlight class="normal"></highlight></codeline>
<codeline lineno="79"><highlight class="normal"><sp/><sp/><sp/><sp/></highlight><highlight class="keywordflow">try</highlight><highlight class="normal"></highlight></codeline>
<codeline lineno="80"><highlight class="normal"><sp/><sp/><sp/><sp/><sp/><sp/>{</highlight></codeline>
<codeline lineno="81"><highlight class="normal"><sp/><sp/><sp/><sp/><sp/><sp/><sp/><sp/></highlight><highlight class="comment">//<sp/>Import<sp/>Tizonia<sp/>YouTube<sp/>proxy<sp/>module</highlight><highlight class="normal"></highlight></codeline>
<codeline lineno="82"><highlight class="normal"><sp/><sp/><sp/><sp/><sp/><sp/><sp/><sp/>bp::object<sp/>py_main<sp/>=<sp/>bp::import<sp/>(</highlight><highlight class="stringliteral">&quot;__main__&quot;</highlight><highlight class="normal">);</highlight></codeline>
<codeline lineno="83"><highlight class="normal"></highlight></codeline>
<codeline lineno="84"><highlight class="normal"><sp/><sp/><sp/><sp/><sp/><sp/><sp/><sp/></highlight><highlight class="comment">//<sp/>Retrieve<sp/>the<sp/>main<sp/>module&apos;s<sp/>namespace</highlight><highlight class="normal"></highlight></codeline>
<codeline lineno="85"><highlight class="normal"><sp/><sp/><sp/><sp/><sp/><sp/><sp/><sp/>bp::object<sp/>py_global<sp/>=<sp/>py_main.attr<sp/>(</highlight><highlight class="stringliteral">&quot;__dict__&quot;</highlight><highlight class="normal">);</highlight></codeline>
<codeline lineno="86"><highlight class="normal"></highlight></codeline>
<codeline lineno="87"><highlight class="normal"><sp/><sp/><sp/><sp/><sp/><sp/><sp/><sp/></highlight><highlight class="comment">//<sp/>Check<sp/>the<sp/>existence<sp/>of<sp/>the<sp/>&apos;pafy&apos;<sp/>module</highlight><highlight class="normal"></highlight></codeline>
<codeline lineno="88"><highlight class="normal"><sp/><sp/><sp/><sp/><sp/><sp/><sp/><sp/>bp::object<sp/>ignored<sp/>=<sp/>exec<sp/>(</highlight></codeline>
<codeline lineno="89"><highlight class="normal"><sp/><sp/><sp/><sp/><sp/><sp/><sp/><sp/><sp/><sp/><sp/><sp/></highlight><highlight class="stringliteral">&quot;import<sp/>imp\n&quot;</highlight><highlight class="normal"></highlight></codeline>
<codeline lineno="90"><highlight class="normal"><sp/><sp/><sp/><sp/><sp/><sp/><sp/><sp/><sp/><sp/><sp/><sp/></highlight><highlight class="stringliteral">&quot;imp.find_module(&apos;pafy&apos;)\n&quot;</highlight><highlight class="normal">,</highlight></codeline>
<codeline lineno="91"><highlight class="normal"><sp/><sp/><sp/><sp/><sp/><sp/><sp/><sp/><sp/><sp/><sp/><sp/>py_global);</highlight></codeline>
<codeline lineno="92"><highlight class="normal"></highlight></codeline>
<codeline lineno="93"><highlight class="normal"><sp/><sp/><sp/><sp/><sp/><sp/><sp/><sp/></highlight><highlight class="comment">//<sp/>Check<sp/>the<sp/>existence<sp/>of<sp/>the<sp/>&apos;youtube_dl&apos;<sp/>module</highlight><highlight class="normal"></highlight></codeline>
<codeline lineno="94"><highlight class="normal"><sp/><sp/><sp/><sp/><sp/><sp/><sp/><sp/>bp::object<sp/>ignored2<sp/>=<sp/>exec<sp/>(</highlight></codeline>
<codeline lineno="95"><highlight class="normal"><sp/><sp/><sp/><sp/><sp/><sp/><sp/><sp/><sp/><sp/><sp/><sp/></highlight><highlight class="stringliteral">&quot;import<sp/>imp\n&quot;</highlight><highlight class="normal"></highlight></codeline>
<codeline lineno="96"><highlight class="normal"><sp/><sp/><sp/><sp/><sp/><sp/><sp/><sp/><sp/><sp/><sp/><sp/></highlight><highlight class="stringliteral">&quot;imp.find_module(&apos;youtube_dl&apos;)\n&quot;</highlight><highlight class="normal">,</highlight></codeline>
<codeline lineno="97"><highlight class="normal"><sp/><sp/><sp/><sp/><sp/><sp/><sp/><sp/><sp/><sp/><sp/><sp/>py_global);</highlight></codeline>
<codeline lineno="98"><highlight class="normal"></highlight></codeline>
<codeline lineno="99"><highlight class="normal"><sp/><sp/><sp/><sp/><sp/><sp/><sp/><sp/>rc<sp/>=<sp/>0;</highlight></codeline>
<codeline lineno="100"><highlight class="normal"><sp/><sp/><sp/><sp/><sp/><sp/>}</highlight></codeline>
<codeline lineno="101"><highlight class="normal"><sp/><sp/><sp/><sp/></highlight><highlight class="keywordflow">catch</highlight><highlight class="normal"><sp/>(bp::error_already_set<sp/>&amp;e)</highlight></codeline>
<codeline lineno="102"><highlight class="normal"><sp/><sp/><sp/><sp/><sp/><sp/>{</highlight></codeline>
<codeline lineno="103"><highlight class="normal"><sp/><sp/><sp/><sp/><sp/><sp/><sp/><sp/>PyErr_PrintEx<sp/>(0);</highlight></codeline>
<codeline lineno="104"><highlight class="normal"><sp/><sp/><sp/><sp/><sp/><sp/><sp/><sp/>std::cerr<sp/>&lt;&lt;<sp/>std::string<sp/>(</highlight></codeline>
<codeline lineno="105"><highlight class="normal"><sp/><sp/><sp/><sp/><sp/><sp/><sp/><sp/><sp/><sp/><sp/><sp/></highlight><highlight class="stringliteral">&quot;\nPython<sp/>modules<sp/>&apos;pafy&apos;<sp/>or<sp/>&apos;youtube-dl&apos;<sp/>not<sp/>found.&quot;</highlight><highlight class="normal"></highlight></codeline>
<codeline lineno="106"><highlight class="normal"><sp/><sp/><sp/><sp/><sp/><sp/><sp/><sp/><sp/><sp/><sp/><sp/></highlight><highlight class="stringliteral">&quot;\nPlease<sp/>make<sp/>sure<sp/>these<sp/>are<sp/>installed<sp/>correctly.\n&quot;</highlight><highlight class="normal">);</highlight></codeline>
<codeline lineno="107"><highlight class="normal"><sp/><sp/><sp/><sp/><sp/><sp/>}</highlight></codeline>
<codeline lineno="108"><highlight class="normal"><sp/><sp/><sp/><sp/></highlight><highlight class="keywordflow">catch</highlight><highlight class="normal"><sp/>(...)</highlight></codeline>
<codeline lineno="109"><highlight class="normal"><sp/><sp/><sp/><sp/><sp/><sp/>{</highlight></codeline>
<codeline lineno="110"><highlight class="normal"><sp/><sp/><sp/><sp/><sp/><sp/><sp/><sp/>std::cerr<sp/>&lt;&lt;<sp/>std::string<sp/>(</highlight><highlight class="stringliteral">&quot;Unknown<sp/>exception<sp/>caught&quot;</highlight><highlight class="normal">);</highlight></codeline>
<codeline lineno="111"><highlight class="normal"><sp/><sp/><sp/><sp/><sp/><sp/>}</highlight></codeline>
<codeline lineno="112"><highlight class="normal"><sp/><sp/><sp/><sp/></highlight><highlight class="keywordflow">return</highlight><highlight class="normal"><sp/>rc;</highlight></codeline>
<codeline lineno="113"><highlight class="normal"><sp/><sp/>}</highlight></codeline>
<codeline lineno="114"><highlight class="normal"></highlight></codeline>
<codeline lineno="115"><highlight class="normal"><sp/><sp/></highlight><highlight class="keywordtype">void</highlight><highlight class="normal"><sp/>init_youtube<sp/>(boost::python::object<sp/>&amp;py_main,</highlight></codeline>
<codeline lineno="116"><highlight class="normal"><sp/><sp/><sp/><sp/><sp/><sp/><sp/><sp/><sp/><sp/><sp/><sp/><sp/><sp/><sp/><sp/><sp/><sp/><sp/><sp/><sp/>boost::python::object<sp/>&amp;py_global)</highlight></codeline>
<codeline lineno="117"><highlight class="normal"><sp/><sp/>{</highlight></codeline>
<codeline lineno="118"><highlight class="normal"><sp/><sp/><sp/><sp/></highlight><highlight class="comment">//<sp/>Import<sp/>the<sp/>YouTube<sp/>proxy<sp/>module</highlight><highlight class="normal"></highlight></codeline>
<codeline lineno="119"><highlight class="normal"><sp/><sp/><sp/><sp/>py_main<sp/>=<sp/>bp::import<sp/>(</highlight><highlight class="stringliteral">&quot;tizyoutubeproxy&quot;</highlight><highlight class="normal">);</highlight></codeline>
<codeline lineno="120"><highlight class="normal"></highlight></codeline>
<codeline lineno="121"><highlight class="normal"><sp/><sp/><sp/><sp/></highlight><highlight class="comment">//<sp/>Retrieve<sp/>the<sp/>main<sp/>module&apos;s<sp/>namespace</highlight><highlight class="normal"></highlight></codeline>
<codeline lineno="122"><highlight class="normal"><sp/><sp/><sp/><sp/>py_global<sp/>=<sp/>py_main.attr<sp/>(</highlight><highlight class="stringliteral">&quot;__dict__&quot;</highlight><highlight class="normal">);</highlight></codeline>
<codeline lineno="123"><highlight class="normal"><sp/><sp/>}</highlight></codeline>
<codeline lineno="124"><highlight class="normal"></highlight></codeline>
<codeline lineno="125"><highlight class="normal"><sp/><sp/></highlight><highlight class="keywordtype">void</highlight><highlight class="normal"><sp/>start_youtube<sp/>(boost::python::object<sp/>&amp;py_global,</highlight></codeline>
<codeline lineno="126"><highlight class="normal"><sp/><sp/><sp/><sp/><sp/><sp/><sp/><sp/><sp/><sp/><sp/><sp/><sp/><sp/><sp/><sp/><sp/><sp/><sp/><sp/><sp/><sp/>boost::python::object<sp/>&amp;py_yt_proxy)</highlight></codeline>
<codeline lineno="127"><highlight class="normal"><sp/><sp/>{</highlight></codeline>
<codeline lineno="128"><highlight class="normal"><sp/><sp/><sp/><sp/>bp::object<sp/>pyyoutubeproxy<sp/>=<sp/>py_global[</highlight><highlight class="stringliteral">&quot;tizyoutubeproxy&quot;</highlight><highlight class="normal">];</highlight></codeline>
<codeline lineno="129"><highlight class="normal"><sp/><sp/><sp/><sp/>py_yt_proxy<sp/>=<sp/>pyyoutubeproxy<sp/>();</highlight></codeline>
<codeline lineno="130"><highlight class="normal"><sp/><sp/>}</highlight></codeline>
<codeline lineno="131"><highlight class="normal">}</highlight></codeline>
<codeline lineno="132"><highlight class="normal"></highlight></codeline>
<codeline lineno="133"><highlight class="normal">tizyoutube::tizyoutube<sp/>()</highlight></codeline>
<codeline lineno="134"><highlight class="normal"><sp/><sp/>:<sp/>current_url_<sp/>(),</highlight></codeline>
<codeline lineno="135"><highlight class="normal"><sp/><sp/><sp/><sp/>current_stream_index_<sp/>(),</highlight></codeline>
<codeline lineno="136"><highlight class="normal"><sp/><sp/><sp/><sp/>current_queue_length_<sp/>(),</highlight></codeline>
<codeline lineno="137"><highlight class="normal"><sp/><sp/><sp/><sp/>current_stream_title_<sp/>(),</highlight></codeline>
<codeline lineno="138"><highlight class="normal"><sp/><sp/><sp/><sp/>current_stream_author_<sp/>(),</highlight></codeline>
<codeline lineno="139"><highlight class="normal"><sp/><sp/><sp/><sp/>current_stream_file_size_<sp/>(),</highlight></codeline>
<codeline lineno="140"><highlight class="normal"><sp/><sp/><sp/><sp/>current_stream_duration_<sp/>(),</highlight></codeline>
<codeline lineno="141"><highlight class="normal"><sp/><sp/><sp/><sp/>current_stream_bitrate_<sp/>(),</highlight></codeline>
<codeline lineno="142"><highlight class="normal"><sp/><sp/><sp/><sp/>current_stream_view_count_<sp/>(),</highlight></codeline>
<codeline lineno="143"><highlight class="normal"><sp/><sp/><sp/><sp/>current_stream_description_<sp/>(),</highlight></codeline>
<codeline lineno="144"><highlight class="normal"><sp/><sp/><sp/><sp/>current_stream_file_extension_<sp/>(),</highlight></codeline>
<codeline lineno="145"><highlight class="normal"><sp/><sp/><sp/><sp/>current_stream_video_id_<sp/>(),</highlight></codeline>
<codeline lineno="146"><highlight class="normal"><sp/><sp/><sp/><sp/>current_stream_published_<sp/>(),</highlight></codeline>
<codeline lineno="147"><highlight class="normal"><sp/><sp/><sp/><sp/>current_queue_progress_<sp/>()</highlight></codeline>
<codeline lineno="148"><highlight class="normal">{</highlight></codeline>
<codeline lineno="149"><highlight class="normal">}</highlight></codeline>
<codeline lineno="150"><highlight class="normal"></highlight></codeline>
<codeline lineno="151"><highlight class="normal">tizyoutube::~tizyoutube<sp/>()</highlight></codeline>
<codeline lineno="152"><highlight class="normal">{</highlight></codeline>
<codeline lineno="153"><highlight class="normal">}</highlight></codeline>
<codeline lineno="154"><highlight class="normal"></highlight></codeline>
<codeline lineno="155"><highlight class="normal"></highlight><highlight class="keywordtype">int</highlight><highlight class="normal"><sp/>tizyoutube::init<sp/>()</highlight></codeline>
<codeline lineno="156"><highlight class="normal">{</highlight></codeline>
<codeline lineno="157"><highlight class="normal"><sp/><sp/></highlight><highlight class="keywordtype">int</highlight><highlight class="normal"><sp/>rc<sp/>=<sp/>0;</highlight></codeline>
<codeline lineno="158"><highlight class="normal"><sp/><sp/></highlight><highlight class="keywordflow">if</highlight><highlight class="normal"><sp/>(0<sp/>==<sp/>(rc<sp/>=<sp/>check_deps<sp/>()))</highlight></codeline>
<codeline lineno="159"><highlight class="normal"><sp/><sp/><sp/><sp/>{</highlight></codeline>
<codeline lineno="160"><highlight class="normal"><sp/><sp/><sp/><sp/><sp/><sp/>try_catch_wrapper<sp/>(init_youtube<sp/>(py_main_,<sp/>py_global_));</highlight></codeline>
<codeline lineno="161"><highlight class="normal"><sp/><sp/><sp/><sp/>}</highlight></codeline>
<codeline lineno="162"><highlight class="normal"><sp/><sp/></highlight><highlight class="keywordflow">return</highlight><highlight class="normal"><sp/>rc;</highlight></codeline>
<codeline lineno="163"><highlight class="normal">}</highlight></codeline>
<codeline lineno="164"><highlight class="normal"></highlight></codeline>
<codeline lineno="165"><highlight class="normal"></highlight><highlight class="keywordtype">int</highlight><highlight class="normal"><sp/>tizyoutube::start<sp/>()</highlight></codeline>
<codeline lineno="166"><highlight class="normal">{</highlight></codeline>
<codeline lineno="167"><highlight class="normal"><sp/><sp/></highlight><highlight class="keywordtype">int</highlight><highlight class="normal"><sp/>rc<sp/>=<sp/>0;</highlight></codeline>
<codeline lineno="168"><highlight class="normal"><sp/><sp/>try_catch_wrapper<sp/>(start_youtube<sp/>(py_global_,<sp/>py_yt_proxy_));</highlight></codeline>
<codeline lineno="169"><highlight class="normal"><sp/><sp/></highlight><highlight class="keywordflow">return</highlight><highlight class="normal"><sp/>rc;</highlight></codeline>
<codeline lineno="170"><highlight class="normal">}</highlight></codeline>
<codeline lineno="171"><highlight class="normal"></highlight></codeline>
<codeline lineno="172"><highlight class="normal"></highlight><highlight class="keywordtype">void</highlight><highlight class="normal"><sp/>tizyoutube::stop<sp/>()</highlight></codeline>
<codeline lineno="173"><highlight class="normal">{</highlight></codeline>
<codeline lineno="174"><highlight class="normal"><sp/><sp/></highlight><highlight class="keywordtype">int</highlight><highlight class="normal"><sp/>rc<sp/>=<sp/>0;</highlight></codeline>
<codeline lineno="175"><highlight class="normal"><sp/><sp/></highlight><highlight class="comment">//<sp/>try_catch_wrapper<sp/>(py_yt_proxy_.attr<sp/>(&quot;logout&quot;)());</highlight><highlight class="normal"></highlight></codeline>
<codeline lineno="176"><highlight class="normal"><sp/><sp/>(void)rc;</highlight></codeline>
<codeline lineno="177"><highlight class="normal">}</highlight></codeline>
<codeline lineno="178"><highlight class="normal"></highlight></codeline>
<codeline lineno="179"><highlight class="normal"></highlight><highlight class="keywordtype">void</highlight><highlight class="normal"><sp/>tizyoutube::deinit<sp/>()</highlight></codeline>
<codeline lineno="180"><highlight class="normal">{</highlight></codeline>
<codeline lineno="181"><highlight class="normal"><sp/><sp/></highlight><highlight class="comment">//<sp/>boost::python<sp/>doesn&apos;t<sp/>support<sp/>Py_Finalize()<sp/>yet!</highlight><highlight class="normal"></highlight></codeline>
<codeline lineno="182"><highlight class="normal">}</highlight></codeline>
<codeline lineno="183"><highlight class="normal"></highlight></codeline>
<codeline lineno="184"><highlight class="normal"></highlight><highlight class="keywordtype">int</highlight><highlight class="normal"><sp/>tizyoutube::play_audio_stream<sp/>(</highlight><highlight class="keyword">const</highlight><highlight class="normal"><sp/>std::string<sp/>&amp;url_or_id)</highlight></codeline>
<codeline lineno="185"><highlight class="normal">{</highlight></codeline>
<codeline lineno="186"><highlight class="normal"><sp/><sp/></highlight><highlight class="keywordtype">int</highlight><highlight class="normal"><sp/>rc<sp/>=<sp/>0;</highlight></codeline>
<codeline lineno="187"><highlight class="normal"><sp/><sp/>try_catch_wrapper<sp/>(</highlight></codeline>
<codeline lineno="188"><highlight class="normal"><sp/><sp/><sp/><sp/><sp/><sp/>py_yt_proxy_.attr<sp/>(</highlight><highlight class="stringliteral">&quot;enqueue_audio_stream&quot;</highlight><highlight class="normal">)<sp/>(bp::object<sp/>(url_or_id)));</highlight></codeline>
<codeline lineno="189"><highlight class="normal"><sp/><sp/></highlight><highlight class="keywordflow">return</highlight><highlight class="normal"><sp/>rc;</highlight></codeline>
<codeline lineno="190"><highlight class="normal">}</highlight></codeline>
<codeline lineno="191"><highlight class="normal"></highlight></codeline>
<codeline lineno="192"><highlight class="normal"></highlight><highlight class="keywordtype">int</highlight><highlight class="normal"><sp/>tizyoutube::play_audio_playlist<sp/>(</highlight><highlight class="keyword">const</highlight><highlight class="normal"><sp/>std::string<sp/>&amp;url_or_id)</highlight></codeline>
<codeline lineno="193"><highlight class="normal">{</highlight></codeline>
<codeline lineno="194"><highlight class="normal"><sp/><sp/></highlight><highlight class="keywordtype">int</highlight><highlight class="normal"><sp/>rc<sp/>=<sp/>0;</highlight></codeline>
<codeline lineno="195"><highlight class="normal"><sp/><sp/>try_catch_wrapper<sp/>(</highlight></codeline>
<codeline lineno="196"><highlight class="normal"><sp/><sp/><sp/><sp/><sp/><sp/>py_yt_proxy_.attr<sp/>(</highlight><highlight class="stringliteral">&quot;enqueue_audio_playlist&quot;</highlight><highlight class="normal">)<sp/>(bp::object<sp/>(url_or_id)));</highlight></codeline>
<codeline lineno="197"><highlight class="normal"><sp/><sp/></highlight><highlight class="keywordflow">return</highlight><highlight class="normal"><sp/>rc;</highlight></codeline>
<codeline lineno="198"><highlight class="normal">}</highlight></codeline>
<codeline lineno="199"><highlight class="normal"></highlight></codeline>
<codeline lineno="200"><highlight class="normal"></highlight><highlight class="keywordtype">int</highlight><highlight class="normal"><sp/>tizyoutube::play_audio_mix<sp/>(</highlight><highlight class="keyword">const</highlight><highlight class="normal"><sp/>std::string<sp/>&amp;url_or_id)</highlight></codeline>
<codeline lineno="201"><highlight class="normal">{</highlight></codeline>
<codeline lineno="202"><highlight class="normal"><sp/><sp/></highlight><highlight class="keywordtype">int</highlight><highlight class="normal"><sp/>rc<sp/>=<sp/>0;</highlight></codeline>
<codeline lineno="203"><highlight class="normal"><sp/><sp/>try_catch_wrapper<sp/>(</highlight></codeline>
<codeline lineno="204"><highlight class="normal"><sp/><sp/><sp/><sp/><sp/><sp/>py_yt_proxy_.attr<sp/>(</highlight><highlight class="stringliteral">&quot;enqueue_audio_mix&quot;</highlight><highlight class="normal">)<sp/>(bp::object<sp/>(url_or_id)));</highlight></codeline>
<codeline lineno="205"><highlight class="normal"><sp/><sp/></highlight><highlight class="keywordflow">return</highlight><highlight class="normal"><sp/>rc;</highlight></codeline>
<codeline lineno="206"><highlight class="normal">}</highlight></codeline>
<codeline lineno="207"><highlight class="normal"></highlight></codeline>
<codeline lineno="208"><highlight class="normal"></highlight><highlight class="keywordtype">int</highlight><highlight class="normal"><sp/>tizyoutube::play_audio_search<sp/>(</highlight><highlight class="keyword">const</highlight><highlight class="normal"><sp/>std::string<sp/>&amp;search)</highlight></codeline>
<codeline lineno="209"><highlight class="normal">{</highlight></codeline>
<codeline lineno="210"><highlight class="normal"><sp/><sp/></highlight><highlight class="keywordtype">int</highlight><highlight class="normal"><sp/>rc<sp/>=<sp/>0;</highlight></codeline>
<codeline lineno="211"><highlight class="normal"><sp/><sp/>try_catch_wrapper<sp/>(</highlight></codeline>
<codeline lineno="212"><highlight class="normal"><sp/><sp/><sp/><sp/><sp/><sp/>py_yt_proxy_.attr<sp/>(</highlight><highlight class="stringliteral">&quot;enqueue_audio_search&quot;</highlight><highlight class="normal">)<sp/>(bp::object<sp/>(search)));</highlight></codeline>
<codeline lineno="213"><highlight class="normal"><sp/><sp/></highlight><highlight class="keywordflow">return</highlight><highlight class="normal"><sp/>rc;</highlight></codeline>
<codeline lineno="214"><highlight class="normal">}</highlight></codeline>
<codeline lineno="215"><highlight class="normal"></highlight></codeline>
<codeline lineno="216"><highlight class="normal"></highlight><highlight class="keywordtype">int</highlight><highlight class="normal"><sp/>tizyoutube::play_audio_mix_search<sp/>(</highlight><highlight class="keyword">const</highlight><highlight class="normal"><sp/>std::string<sp/>&amp;search)</highlight></codeline>
<codeline lineno="217"><highlight class="normal">{</highlight></codeline>
<codeline lineno="218"><highlight class="normal"><sp/><sp/></highlight><highlight class="keywordtype">int</highlight><highlight class="normal"><sp/>rc<sp/>=<sp/>0;</highlight></codeline>
<codeline lineno="219"><highlight class="normal"><sp/><sp/>try_catch_wrapper<sp/>(</highlight></codeline>
<codeline lineno="220"><highlight class="normal"><sp/><sp/><sp/><sp/><sp/><sp/>py_yt_proxy_.attr<sp/>(</highlight><highlight class="stringliteral">&quot;enqueue_audio_mix_search&quot;</highlight><highlight class="normal">)<sp/>(bp::object<sp/>(search)));</highlight></codeline>
<codeline lineno="221"><highlight class="normal"><sp/><sp/></highlight><highlight class="keywordflow">return</highlight><highlight class="normal"><sp/>rc;</highlight></codeline>
<codeline lineno="222"><highlight class="normal">}</highlight></codeline>
<codeline lineno="223"><highlight class="normal"></highlight></codeline>
<codeline lineno="224"><highlight class="normal"></highlight><highlight class="keyword">const</highlight><highlight class="normal"><sp/></highlight><highlight class="keywordtype">char</highlight><highlight class="normal"><sp/>*tizyoutube::get_next_url<sp/>(</highlight><highlight class="keyword">const</highlight><highlight class="normal"><sp/></highlight><highlight class="keywordtype">bool</highlight><highlight class="normal"><sp/>a_remove_current_url)</highlight></codeline>
<codeline lineno="225"><highlight class="normal">{</highlight></codeline>
<codeline lineno="226"><highlight class="normal"><sp/><sp/>current_url_.clear<sp/>();</highlight></codeline>
<codeline lineno="227"><highlight class="normal"><sp/><sp/></highlight><highlight class="keywordflow">try</highlight><highlight class="normal"></highlight></codeline>
<codeline lineno="228"><highlight class="normal"><sp/><sp/><sp/><sp/>{</highlight></codeline>
<codeline lineno="229"><highlight class="normal"><sp/><sp/><sp/><sp/><sp/><sp/></highlight><highlight class="keywordflow">if</highlight><highlight class="normal"><sp/>(a_remove_current_url)</highlight></codeline>
<codeline lineno="230"><highlight class="normal"><sp/><sp/><sp/><sp/><sp/><sp/><sp/><sp/>{</highlight></codeline>
<codeline lineno="231"><highlight class="normal"><sp/><sp/><sp/><sp/><sp/><sp/><sp/><sp/><sp/><sp/>py_yt_proxy_.attr<sp/>(</highlight><highlight class="stringliteral">&quot;remove_current_url&quot;</highlight><highlight class="normal">)<sp/>();</highlight></codeline>
<codeline lineno="232"><highlight class="normal"><sp/><sp/><sp/><sp/><sp/><sp/><sp/><sp/>}</highlight></codeline>
<codeline lineno="233"><highlight class="normal"><sp/><sp/><sp/><sp/><sp/><sp/></highlight><highlight class="keyword">const</highlight><highlight class="normal"><sp/></highlight><highlight class="keywordtype">char</highlight><highlight class="normal"><sp/>*p_next_url</highlight></codeline>
<codeline lineno="234"><highlight class="normal"><sp/><sp/><sp/><sp/><sp/><sp/><sp/><sp/><sp/><sp/>=<sp/>bp::extract&lt;<sp/>char<sp/>const<sp/>*<sp/>&gt;<sp/>(py_yt_proxy_.attr<sp/>(</highlight><highlight class="stringliteral">&quot;next_url&quot;</highlight><highlight class="normal">)<sp/>());</highlight></codeline>
<codeline lineno="235"><highlight class="normal"><sp/><sp/><sp/><sp/><sp/><sp/>current_url_.assign<sp/>(p_next_url);</highlight></codeline>
<codeline lineno="236"><highlight class="normal"><sp/><sp/><sp/><sp/><sp/><sp/></highlight><highlight class="keywordflow">if</highlight><highlight class="normal"><sp/>(!p_next_url<sp/>||<sp/>get_current_stream<sp/>())</highlight></codeline>
<codeline lineno="237"><highlight class="normal"><sp/><sp/><sp/><sp/><sp/><sp/><sp/><sp/>{</highlight></codeline>
<codeline lineno="238"><highlight class="normal"><sp/><sp/><sp/><sp/><sp/><sp/><sp/><sp/><sp/><sp/>current_url_.clear<sp/>();</highlight></codeline>
<codeline lineno="239"><highlight class="normal"><sp/><sp/><sp/><sp/><sp/><sp/><sp/><sp/>}</highlight></codeline>
<codeline lineno="240"><highlight class="normal"><sp/><sp/><sp/><sp/>}</highlight></codeline>
<codeline lineno="241"><highlight class="normal"><sp/><sp/></highlight><highlight class="keywordflow">catch</highlight><highlight class="normal"><sp/>(bp::error_already_set<sp/>&amp;e)</highlight></codeline>
<codeline lineno="242"><highlight class="normal"><sp/><sp/><sp/><sp/>{</highlight></codeline>
<codeline lineno="243"><highlight class="normal"><sp/><sp/><sp/><sp/><sp/><sp/>PyErr_PrintEx<sp/>(0);</highlight></codeline>
<codeline lineno="244"><highlight class="normal"><sp/><sp/><sp/><sp/>}</highlight></codeline>
<codeline lineno="245"><highlight class="normal"><sp/><sp/></highlight><highlight class="keywordflow">catch</highlight><highlight class="normal"><sp/>(...)</highlight></codeline>
<codeline lineno="246"><highlight class="normal"><sp/><sp/><sp/><sp/>{</highlight></codeline>
<codeline lineno="247"><highlight class="normal"><sp/><sp/><sp/><sp/>}</highlight></codeline>
<codeline lineno="248"><highlight class="normal"><sp/><sp/></highlight><highlight class="keywordflow">return</highlight><highlight class="normal"><sp/>current_url_.empty<sp/>()<sp/>?<sp/>NULL<sp/>:<sp/>current_url_.c_str<sp/>();</highlight></codeline>
<codeline lineno="249"><highlight class="normal">}</highlight></codeline>
<codeline lineno="250"><highlight class="normal"></highlight></codeline>
<codeline lineno="251"><highlight class="normal"></highlight><highlight class="keyword">const</highlight><highlight class="normal"><sp/></highlight><highlight class="keywordtype">char</highlight><highlight class="normal"><sp/>*tizyoutube::get_prev_url<sp/>(</highlight><highlight class="keyword">const</highlight><highlight class="normal"><sp/></highlight><highlight class="keywordtype">bool</highlight><highlight class="normal"><sp/>a_remove_current_url)</highlight></codeline>
<codeline lineno="252"><highlight class="normal">{</highlight></codeline>
<codeline lineno="253"><highlight class="normal"><sp/><sp/>current_url_.clear<sp/>();</highlight></codeline>
<codeline lineno="254"><highlight class="normal"><sp/><sp/></highlight><highlight class="keywordflow">try</highlight><highlight class="normal"></highlight></codeline>
<codeline lineno="255"><highlight class="normal"><sp/><sp/><sp/><sp/>{</highlight></codeline>
<codeline lineno="256"><highlight class="normal"><sp/><sp/><sp/><sp/><sp/><sp/></highlight><highlight class="keywordflow">if</highlight><highlight class="normal"><sp/>(a_remove_current_url)</highlight></codeline>
<codeline lineno="257"><highlight class="normal"><sp/><sp/><sp/><sp/><sp/><sp/><sp/><sp/>{</highlight></codeline>
<codeline lineno="258"><highlight class="normal"><sp/><sp/><sp/><sp/><sp/><sp/><sp/><sp/><sp/><sp/>py_yt_proxy_.attr<sp/>(</highlight><highlight class="stringliteral">&quot;remove_current_url&quot;</highlight><highlight class="normal">)<sp/>();</highlight></codeline>
<codeline lineno="259"><highlight class="normal"><sp/><sp/><sp/><sp/><sp/><sp/><sp/><sp/>}</highlight></codeline>
<codeline lineno="260"><highlight class="normal"><sp/><sp/><sp/><sp/><sp/><sp/></highlight><highlight class="keyword">const</highlight><highlight class="normal"><sp/></highlight><highlight class="keywordtype">char</highlight><highlight class="normal"><sp/>*p_prev_url</highlight></codeline>
<codeline lineno="261"><highlight class="normal"><sp/><sp/><sp/><sp/><sp/><sp/><sp/><sp/><sp/><sp/>=<sp/>bp::extract&lt;<sp/>char<sp/>const<sp/>*<sp/>&gt;<sp/>(py_yt_proxy_.attr<sp/>(</highlight><highlight class="stringliteral">&quot;prev_url&quot;</highlight><highlight class="normal">)<sp/>());</highlight></codeline>
<codeline lineno="262"><highlight class="normal"><sp/><sp/><sp/><sp/><sp/><sp/>current_url_.assign<sp/>(p_prev_url);</highlight></codeline>
<codeline lineno="263"><highlight class="normal"><sp/><sp/><sp/><sp/><sp/><sp/></highlight><highlight class="keywordflow">if</highlight><highlight class="normal"><sp/>(!p_prev_url<sp/>||<sp/>get_current_stream<sp/>())</highlight></codeline>
<codeline lineno="264"><highlight class="normal"><sp/><sp/><sp/><sp/><sp/><sp/><sp/><sp/>{</highlight></codeline>
<codeline lineno="265"><highlight class="normal"><sp/><sp/><sp/><sp/><sp/><sp/><sp/><sp/><sp/><sp/>current_url_.clear<sp/>();</highlight></codeline>
<codeline lineno="266"><highlight class="normal"><sp/><sp/><sp/><sp/><sp/><sp/><sp/><sp/>}</highlight></codeline>
<codeline lineno="267"><highlight class="normal"><sp/><sp/><sp/><sp/>}</highlight></codeline>
<codeline lineno="268"><highlight class="normal"><sp/><sp/></highlight><highlight class="keywordflow">catch</highlight><highlight class="normal"><sp/>(bp::error_already_set<sp/>&amp;e)</highlight></codeline>
<codeline lineno="269"><highlight class="normal"><sp/><sp/><sp/><sp/>{</highlight></codeline>
<codeline lineno="270"><highlight class="normal"><sp/><sp/><sp/><sp/><sp/><sp/>PyErr_PrintEx<sp/>(0);</highlight></codeline>
<codeline lineno="271"><highlight class="normal"><sp/><sp/><sp/><sp/>}</highlight></codeline>
<codeline lineno="272"><highlight class="normal"><sp/><sp/></highlight><highlight class="keywordflow">catch</highlight><highlight class="normal"><sp/>(...)</highlight></codeline>
<codeline lineno="273"><highlight class="normal"><sp/><sp/><sp/><sp/>{</highlight></codeline>
<codeline lineno="274"><highlight class="normal"><sp/><sp/><sp/><sp/>}</highlight></codeline>
<codeline lineno="275"><highlight class="normal"><sp/><sp/></highlight><highlight class="keywordflow">return</highlight><highlight class="normal"><sp/>current_url_.empty<sp/>()<sp/>?<sp/>NULL<sp/>:<sp/>current_url_.c_str<sp/>();</highlight></codeline>
<codeline lineno="276"><highlight class="normal">}</highlight></codeline>
<codeline lineno="277"><highlight class="normal"></highlight></codeline>
<codeline lineno="278"><highlight class="normal"></highlight><highlight class="keywordtype">void</highlight><highlight class="normal"><sp/>tizyoutube::clear_queue<sp/>()</highlight></codeline>
<codeline lineno="279"><highlight class="normal">{</highlight></codeline>
<codeline lineno="280"><highlight class="normal"><sp/><sp/></highlight><highlight class="keywordtype">int</highlight><highlight class="normal"><sp/>rc<sp/>=<sp/>0;</highlight></codeline>
<codeline lineno="281"><highlight class="normal"><sp/><sp/>try_catch_wrapper<sp/>(py_yt_proxy_.attr<sp/>(</highlight><highlight class="stringliteral">&quot;clear_queue&quot;</highlight><highlight class="normal">)<sp/>());</highlight></codeline>
<codeline lineno="282"><highlight class="normal"><sp/><sp/>(void)rc;</highlight></codeline>
<codeline lineno="283"><highlight class="normal">}</highlight></codeline>
<codeline lineno="284"><highlight class="normal"></highlight></codeline>
<codeline lineno="285"><highlight class="normal"></highlight><highlight class="keyword">const</highlight><highlight class="normal"><sp/></highlight><highlight class="keywordtype">char</highlight><highlight class="normal"><sp/>*tizyoutube::get_current_audio_stream_index<sp/>()</highlight></codeline>
<codeline lineno="286"><highlight class="normal">{</highlight></codeline>
<codeline lineno="287"><highlight class="normal"><sp/><sp/></highlight><highlight class="keywordflow">return</highlight><highlight class="normal"><sp/>current_stream_index_.empty<sp/>()<sp/>?<sp/>NULL<sp/>:<sp/>current_stream_index_.c_str<sp/>();</highlight></codeline>
<codeline lineno="288"><highlight class="normal">}</highlight></codeline>
<codeline lineno="289"><highlight class="normal"></highlight></codeline>
<codeline lineno="290"><highlight class="normal"></highlight><highlight class="keyword">const</highlight><highlight class="normal"><sp/></highlight><highlight class="keywordtype">char</highlight><highlight class="normal"><sp/>*tizyoutube::get_current_queue_length<sp/>()</highlight></codeline>
<codeline lineno="291"><highlight class="normal">{</highlight></codeline>
<codeline lineno="292"><highlight class="normal"><sp/><sp/></highlight><highlight class="keywordflow">return</highlight><highlight class="normal"><sp/>current_queue_length_.empty<sp/>()<sp/>?<sp/>NULL<sp/>:<sp/>current_queue_length_.c_str<sp/>();</highlight></codeline>
<codeline lineno="293"><highlight class="normal">}</highlight></codeline>
<codeline lineno="294"><highlight class="normal"></highlight></codeline>
<codeline lineno="295"><highlight class="normal"></highlight><highlight class="keyword">const</highlight><highlight class="normal"><sp/></highlight><highlight class="keywordtype">char</highlight><highlight class="normal"><sp/>*tizyoutube::get_current_queue_progress<sp/>()</highlight></codeline>
<codeline lineno="296"><highlight class="normal">{</highlight></codeline>
<codeline lineno="297"><highlight class="normal"><sp/><sp/>current_queue_progress_.assign<sp/>(get_current_audio_stream_index<sp/>());</highlight></codeline>
<codeline lineno="298"><highlight class="normal"><sp/><sp/>current_queue_progress_.append<sp/>(</highlight><highlight class="stringliteral">&quot;<sp/>of<sp/>&quot;</highlight><highlight class="normal">);</highlight></codeline>
<codeline lineno="299"><highlight class="normal"><sp/><sp/>current_queue_progress_.append<sp/>(get_current_queue_length<sp/>());</highlight></codeline>
<codeline lineno="300"><highlight class="normal"><sp/><sp/></highlight><highlight class="keywordflow">return</highlight><highlight class="normal"><sp/>current_queue_progress_.c_str<sp/>();</highlight></codeline>
<codeline lineno="301"><highlight class="normal">}</highlight></codeline>
<codeline lineno="302"><highlight class="normal"></highlight></codeline>
<codeline lineno="303"><highlight class="normal"></highlight><highlight class="keywordtype">void</highlight><highlight class="normal"><sp/>tizyoutube::set_playback_mode<sp/>(</highlight><highlight class="keyword">const</highlight><highlight class="normal"><sp/><ref refid="classtizyoutube_1ab6baf3619d560e95e7bdca583b0f29c5" kindref="member">playback_mode</ref><sp/>mode)</highlight></codeline>
<codeline lineno="304"><highlight class="normal">{</highlight></codeline>
<codeline lineno="305"><highlight class="normal"><sp/><sp/></highlight><highlight class="keywordtype">int</highlight><highlight class="normal"><sp/>rc<sp/>=<sp/>0;</highlight></codeline>
<codeline lineno="306"><highlight class="normal"><sp/><sp/></highlight><highlight class="keywordflow">switch</highlight><highlight class="normal"><sp/>(mode)</highlight></codeline>
<codeline lineno="307"><highlight class="normal"><sp/><sp/><sp/><sp/>{</highlight></codeline>
<codeline lineno="308"><highlight class="normal"><sp/><sp/><sp/><sp/><sp/><sp/></highlight><highlight class="keywordflow">case</highlight><highlight class="normal"><sp/>PlaybackModeNormal:</highlight></codeline>
<codeline lineno="309"><highlight class="normal"><sp/><sp/><sp/><sp/><sp/><sp/><sp/><sp/>{</highlight></codeline>
<codeline lineno="310"><highlight class="normal"><sp/><sp/><sp/><sp/><sp/><sp/><sp/><sp/><sp/><sp/>try_catch_wrapper<sp/>(py_yt_proxy_.attr<sp/>(</highlight><highlight class="stringliteral">&quot;set_play_mode&quot;</highlight><highlight class="normal">)<sp/>(</highlight><highlight class="stringliteral">&quot;NORMAL&quot;</highlight><highlight class="normal">));</highlight></codeline>
<codeline lineno="311"><highlight class="normal"><sp/><sp/><sp/><sp/><sp/><sp/><sp/><sp/>}</highlight></codeline>
<codeline lineno="312"><highlight class="normal"><sp/><sp/><sp/><sp/><sp/><sp/><sp/><sp/></highlight><highlight class="keywordflow">break</highlight><highlight class="normal">;</highlight></codeline>
<codeline lineno="313"><highlight class="normal"><sp/><sp/><sp/><sp/><sp/><sp/></highlight><highlight class="keywordflow">case</highlight><highlight class="normal"><sp/>PlaybackModeShuffle:</highlight></codeline>
<codeline lineno="314"><highlight class="normal"><sp/><sp/><sp/><sp/><sp/><sp/><sp/><sp/>{</highlight></codeline>
<codeline lineno="315"><highlight class="normal"><sp/><sp/><sp/><sp/><sp/><sp/><sp/><sp/><sp/><sp/>try_catch_wrapper<sp/>(py_yt_proxy_.attr<sp/>(</highlight><highlight class="stringliteral">&quot;set_play_mode&quot;</highlight><highlight class="normal">)<sp/>(</highlight><highlight class="stringliteral">&quot;SHUFFLE&quot;</highlight><highlight class="normal">));</highlight></codeline>
<codeline lineno="316"><highlight class="normal"><sp/><sp/><sp/><sp/><sp/><sp/><sp/><sp/>}</highlight></codeline>
<codeline lineno="317"><highlight class="normal"><sp/><sp/><sp/><sp/><sp/><sp/><sp/><sp/></highlight><highlight class="keywordflow">break</highlight><highlight class="normal">;</highlight></codeline>
<codeline lineno="318"><highlight class="normal"><sp/><sp/><sp/><sp/><sp/><sp/></highlight><highlight class="keywordflow">default</highlight><highlight class="normal">:</highlight></codeline>
<codeline lineno="319"><highlight class="normal"><sp/><sp/><sp/><sp/><sp/><sp/><sp/><sp/>{</highlight></codeline>
<codeline lineno="320"><highlight class="normal"><sp/><sp/><sp/><sp/><sp/><sp/><sp/><sp/><sp/><sp/>assert<sp/>(0);</highlight></codeline>
<codeline lineno="321"><highlight class="normal"><sp/><sp/><sp/><sp/><sp/><sp/><sp/><sp/>}</highlight></codeline>
<codeline lineno="322"><highlight class="normal"><sp/><sp/><sp/><sp/><sp/><sp/><sp/><sp/></highlight><highlight class="keywordflow">break</highlight><highlight class="normal">;</highlight></codeline>
<codeline lineno="323"><highlight class="normal"><sp/><sp/><sp/><sp/>};</highlight></codeline>
<codeline lineno="324"><highlight class="normal"><sp/><sp/>(void)rc;</highlight></codeline>
<codeline lineno="325"><highlight class="normal">}</highlight></codeline>
<codeline lineno="326"><highlight class="normal"></highlight></codeline>
<codeline lineno="327"><highlight class="normal"></highlight><highlight class="keyword">const</highlight><highlight class="normal"><sp/></highlight><highlight class="keywordtype">char</highlight><highlight class="normal"><sp/>*tizyoutube::get_current_audio_stream_title<sp/>()</highlight></codeline>
<codeline lineno="328"><highlight class="normal">{</highlight></codeline>
<codeline lineno="329"><highlight class="normal"><sp/><sp/></highlight><highlight class="keywordflow">return</highlight><highlight class="normal"><sp/>current_stream_title_.empty<sp/>()<sp/>?<sp/>NULL<sp/>:<sp/>current_stream_title_.c_str<sp/>();</highlight></codeline>
<codeline lineno="330"><highlight class="normal">}</highlight></codeline>
<codeline lineno="331"><highlight class="normal"></highlight></codeline>
<codeline lineno="332"><highlight class="normal"></highlight><highlight class="keyword">const</highlight><highlight class="normal"><sp/></highlight><highlight class="keywordtype">char</highlight><highlight class="normal"><sp/>*tizyoutube::get_current_audio_stream_author<sp/>()</highlight></codeline>
<codeline lineno="333"><highlight class="normal">{</highlight></codeline>
<codeline lineno="334"><highlight class="normal"><sp/><sp/></highlight><highlight class="keywordflow">return</highlight><highlight class="normal"><sp/>current_stream_author_.empty<sp/>()<sp/>?<sp/>NULL</highlight></codeline>
<codeline lineno="335"><highlight class="normal"><sp/><sp/><sp/><sp/><sp/><sp/><sp/><sp/><sp/><sp/><sp/><sp/><sp/><sp/><sp/><sp/><sp/><sp/><sp/><sp/><sp/><sp/><sp/><sp/><sp/><sp/><sp/><sp/><sp/><sp/><sp/><sp/><sp/><sp/><sp/><sp/><sp/><sp/><sp/><sp/><sp/>:<sp/>current_stream_author_.c_str<sp/>();</highlight></codeline>
<codeline lineno="336"><highlight class="normal">}</highlight></codeline>
<codeline lineno="337"><highlight class="normal"></highlight></codeline>
<codeline lineno="338"><highlight class="normal"></highlight><highlight class="keyword">const</highlight><highlight class="normal"><sp/></highlight><highlight class="keywordtype">char</highlight><highlight class="normal"><sp/>*tizyoutube::get_current_audio_stream_file_size<sp/>()</highlight></codeline>
<codeline lineno="339"><highlight class="normal">{</highlight></codeline>
<codeline lineno="340"><highlight class="normal"><sp/><sp/></highlight><highlight class="keywordflow">return</highlight><highlight class="normal"><sp/>current_stream_file_size_.empty<sp/>()</highlight></codeline>
<codeline lineno="341"><highlight class="normal"><sp/><sp/><sp/><sp/><sp/><sp/><sp/><sp/><sp/><sp/><sp/><sp/><sp/>?<sp/>NULL</highlight></codeline>
<codeline lineno="342"><highlight class="normal"><sp/><sp/><sp/><sp/><sp/><sp/><sp/><sp/><sp/><sp/><sp/><sp/><sp/>:<sp/>current_stream_file_size_.c_str<sp/>();</highlight></codeline>
<codeline lineno="343"><highlight class="normal">}</highlight></codeline>
<codeline lineno="344"><highlight class="normal"></highlight></codeline>
<codeline lineno="345"><highlight class="normal"></highlight><highlight class="keyword">const</highlight><highlight class="normal"><sp/></highlight><highlight class="keywordtype">char</highlight><highlight class="normal"><sp/>*tizyoutube::get_current_audio_stream_duration<sp/>()</highlight></codeline>
<codeline lineno="346"><highlight class="normal">{</highlight></codeline>
<codeline lineno="347"><highlight class="normal"><sp/><sp/></highlight><highlight class="keywordflow">return</highlight><highlight class="normal"><sp/>current_stream_duration_.empty<sp/>()<sp/>?<sp/>NULL</highlight></codeline>
<codeline lineno="348"><highlight class="normal"><sp/><sp/><sp/><sp/><sp/><sp/><sp/><sp/><sp/><sp/><sp/><sp/><sp/><sp/><sp/><sp/><sp/><sp/><sp/><sp/><sp/><sp/><sp/><sp/><sp/><sp/><sp/><sp/><sp/><sp/><sp/><sp/><sp/><sp/><sp/><sp/><sp/><sp/><sp/><sp/><sp/><sp/><sp/>:<sp/>current_stream_duration_.c_str<sp/>();</highlight></codeline>
<codeline lineno="349"><highlight class="normal">}</highlight></codeline>
<codeline lineno="350"><highlight class="normal"></highlight></codeline>
<codeline lineno="351"><highlight class="normal"></highlight><highlight class="keyword">const</highlight><highlight class="normal"><sp/></highlight><highlight class="keywordtype">char</highlight><highlight class="normal"><sp/>*tizyoutube::get_current_audio_stream_bitrate<sp/>()</highlight></codeline>
<codeline lineno="352"><highlight class="normal">{</highlight></codeline>
<codeline lineno="353"><highlight class="normal"><sp/><sp/></highlight><highlight class="keywordflow">return</highlight><highlight class="normal"><sp/>current_stream_bitrate_.empty<sp/>()<sp/>?<sp/>NULL</highlight></codeline>
<codeline lineno="354"><highlight class="normal"><sp/><sp/><sp/><sp/><sp/><sp/><sp/><sp/><sp/><sp/><sp/><sp/><sp/><sp/><sp/><sp/><sp/><sp/><sp/><sp/><sp/><sp/><sp/><sp/><sp/><sp/><sp/><sp/><sp/><sp/><sp/><sp/><sp/><sp/><sp/><sp/><sp/><sp/><sp/><sp/><sp/><sp/>:<sp/>current_stream_bitrate_.c_str<sp/>();</highlight></codeline>
<codeline lineno="355"><highlight class="normal">}</highlight></codeline>
<codeline lineno="356"><highlight class="normal"></highlight></codeline>
<codeline lineno="357"><highlight class="normal"></highlight><highlight class="keyword">const</highlight><highlight class="normal"><sp/></highlight><highlight class="keywordtype">char</highlight><highlight class="normal"><sp/>*tizyoutube::get_current_audio_stream_view_count<sp/>()</highlight></codeline>
<codeline lineno="358"><highlight class="normal">{</highlight></codeline>
<codeline lineno="359"><highlight class="normal"><sp/><sp/></highlight><highlight class="keywordflow">return</highlight><highlight class="normal"><sp/>current_stream_view_count_.empty<sp/>()</highlight></codeline>
<codeline lineno="360"><highlight class="normal"><sp/><sp/><sp/><sp/><sp/><sp/><sp/><sp/><sp/><sp/><sp/><sp/><sp/>?<sp/>NULL</highlight></codeline>
<codeline lineno="361"><highlight class="normal"><sp/><sp/><sp/><sp/><sp/><sp/><sp/><sp/><sp/><sp/><sp/><sp/><sp/>:<sp/>current_stream_view_count_.c_str<sp/>();</highlight></codeline>
<codeline lineno="362"><highlight class="normal">}</highlight></codeline>
<codeline lineno="363"><highlight class="normal"></highlight></codeline>
<codeline lineno="364"><highlight class="normal"></highlight><highlight class="keyword">const</highlight><highlight class="normal"><sp/></highlight><highlight class="keywordtype">char</highlight><highlight class="normal"><sp/>*tizyoutube::get_current_audio_stream_description<sp/>()</highlight></codeline>
<codeline lineno="365"><highlight class="normal">{</highlight></codeline>
<codeline lineno="366"><highlight class="normal"><sp/><sp/></highlight><highlight class="keywordflow">return</highlight><highlight class="normal"><sp/>current_stream_description_.empty<sp/>()</highlight></codeline>
<codeline lineno="367"><highlight class="normal"><sp/><sp/><sp/><sp/><sp/><sp/><sp/><sp/><sp/><sp/><sp/><sp/><sp/>?<sp/>NULL</highlight></codeline>
<codeline lineno="368"><highlight class="normal"><sp/><sp/><sp/><sp/><sp/><sp/><sp/><sp/><sp/><sp/><sp/><sp/><sp/>:<sp/>current_stream_description_.c_str<sp/>();</highlight></codeline>
<codeline lineno="369"><highlight class="normal">}</highlight></codeline>
<codeline lineno="370"><highlight class="normal"></highlight></codeline>
<codeline lineno="371"><highlight class="normal"></highlight><highlight class="keyword">const</highlight><highlight class="normal"><sp/></highlight><highlight class="keywordtype">char</highlight><highlight class="normal"><sp/>*tizyoutube::get_current_audio_stream_file_extension<sp/>()</highlight></codeline>
<codeline lineno="372"><highlight class="normal">{</highlight></codeline>
<codeline lineno="373"><highlight class="normal"><sp/><sp/></highlight><highlight class="keywordflow">return</highlight><highlight class="normal"><sp/>current_stream_file_extension_.empty<sp/>()</highlight></codeline>
<codeline lineno="374"><highlight class="normal"><sp/><sp/><sp/><sp/><sp/><sp/><sp/><sp/><sp/><sp/><sp/><sp/><sp/>?<sp/>NULL</highlight></codeline>
<codeline lineno="375"><highlight class="normal"><sp/><sp/><sp/><sp/><sp/><sp/><sp/><sp/><sp/><sp/><sp/><sp/><sp/>:<sp/>current_stream_file_extension_.c_str<sp/>();</highlight></codeline>
<codeline lineno="376"><highlight class="normal">}</highlight></codeline>
<codeline lineno="377"><highlight class="normal"></highlight></codeline>
<codeline lineno="378"><highlight class="normal"></highlight><highlight class="keyword">const</highlight><highlight class="normal"><sp/></highlight><highlight class="keywordtype">char</highlight><highlight class="normal"><sp/>*tizyoutube::get_current_audio_stream_video_id<sp/>()</highlight></codeline>
<codeline lineno="379"><highlight class="normal">{</highlight></codeline>
<codeline lineno="380"><highlight class="normal"><sp/><sp/></highlight><highlight class="keywordflow">return</highlight><highlight class="normal"><sp/>current_stream_video_id_.empty<sp/>()<sp/>?<sp/>NULL</highlight></codeline>
<codeline lineno="381"><highlight class="normal"><sp/><sp/><sp/><sp/><sp/><sp/><sp/><sp/><sp/><sp/><sp/><sp/><sp/><sp/><sp/><sp/><sp/><sp/><sp/><sp/><sp/><sp/><sp/><sp/><sp/><sp/><sp/><sp/><sp/><sp/><sp/><sp/><sp/><sp/><sp/><sp/><sp/><sp/><sp/><sp/><sp/><sp/><sp/>:<sp/>current_stream_video_id_.c_str<sp/>();</highlight></codeline>
<codeline lineno="382"><highlight class="normal">}</highlight></codeline>
<codeline lineno="383"><highlight class="normal"></highlight></codeline>
<codeline lineno="384"><highlight class="normal"></highlight><highlight class="keyword">const</highlight><highlight class="normal"><sp/></highlight><highlight class="keywordtype">char</highlight><highlight class="normal"><sp/>*tizyoutube::get_current_audio_stream_published<sp/>()</highlight></codeline>
<codeline lineno="385"><highlight class="normal">{</highlight></codeline>
<codeline lineno="386"><highlight class="normal"><sp/><sp/></highlight><highlight class="keywordflow">return</highlight><highlight class="normal"><sp/>current_stream_published_.empty<sp/>()</highlight></codeline>
<codeline lineno="387"><highlight class="normal"><sp/><sp/><sp/><sp/><sp/><sp/><sp/><sp/><sp/><sp/><sp/><sp/><sp/>?<sp/>NULL</highlight></codeline>
<codeline lineno="388"><highlight class="normal"><sp/><sp/><sp/><sp/><sp/><sp/><sp/><sp/><sp/><sp/><sp/><sp/><sp/>:<sp/>current_stream_published_.c_str<sp/>();</highlight></codeline>
<codeline lineno="389"><highlight class="normal">}</highlight></codeline>
<codeline lineno="390"><highlight class="normal"></highlight></codeline>
<codeline lineno="391"><highlight class="normal"></highlight><highlight class="keywordtype">int</highlight><highlight class="normal"><sp/>tizyoutube::get_current_stream<sp/>()</highlight></codeline>
<codeline lineno="392"><highlight class="normal">{</highlight></codeline>
<codeline lineno="393"><highlight class="normal"><sp/><sp/></highlight><highlight class="keywordtype">int</highlight><highlight class="normal"><sp/>rc<sp/>=<sp/>0;</highlight></codeline>
<codeline lineno="394"><highlight class="normal"><sp/><sp/>current_stream_index_.clear<sp/>();</highlight></codeline>
<codeline lineno="395"><highlight class="normal"><sp/><sp/>current_queue_length_.clear<sp/>();</highlight></codeline>
<codeline lineno="396"><highlight class="normal"><sp/><sp/>current_stream_title_.clear<sp/>();</highlight></codeline>
<codeline lineno="397"><highlight class="normal"><sp/><sp/>current_stream_author_.clear<sp/>();</highlight></codeline>
<codeline lineno="398"><highlight class="normal"><sp/><sp/>current_stream_file_size_.clear<sp/>();</highlight></codeline>
<codeline lineno="399"><highlight class="normal"><sp/><sp/>current_stream_duration_.clear<sp/>();</highlight></codeline>
<codeline lineno="400"><highlight class="normal"><sp/><sp/>current_stream_bitrate_.clear<sp/>();</highlight></codeline>
<codeline lineno="401"><highlight class="normal"><sp/><sp/>current_stream_view_count_.clear<sp/>();</highlight></codeline>
<codeline lineno="402"><highlight class="normal"><sp/><sp/>current_stream_description_.clear<sp/>();</highlight></codeline>
<codeline lineno="403"><highlight class="normal"><sp/><sp/>current_stream_file_extension_.clear<sp/>();</highlight></codeline>
<codeline lineno="404"><highlight class="normal"><sp/><sp/>current_stream_video_id_.clear<sp/>();</highlight></codeline>
<codeline lineno="405"><highlight class="normal"><sp/><sp/>current_stream_published_.clear<sp/>();</highlight></codeline>
<codeline lineno="406"><highlight class="normal"></highlight></codeline>
<codeline lineno="407"><highlight class="normal"><sp/><sp/></highlight><highlight class="keyword">const</highlight><highlight class="normal"><sp/>bp::tuple<sp/>&amp;queue_info<sp/>=<sp/>bp::extract&lt;<sp/>bp::tuple<sp/>&gt;<sp/>(py_yt_proxy_.attr<sp/>(</highlight></codeline>
<codeline lineno="408"><highlight class="normal"><sp/><sp/><sp/><sp/><sp/><sp/></highlight><highlight class="stringliteral">&quot;current_audio_stream_queue_index_and_queue_length&quot;</highlight><highlight class="normal">)<sp/>());</highlight></codeline>
<codeline lineno="409"><highlight class="normal"><sp/><sp/></highlight><highlight class="keyword">const</highlight><highlight class="normal"><sp/></highlight><highlight class="keywordtype">int</highlight><highlight class="normal"><sp/>queue_index<sp/>=<sp/>bp::extract&lt;<sp/>int<sp/>&gt;<sp/>(queue_info[0]);</highlight></codeline>
<codeline lineno="410"><highlight class="normal"><sp/><sp/></highlight><highlight class="keyword">const</highlight><highlight class="normal"><sp/></highlight><highlight class="keywordtype">int</highlight><highlight class="normal"><sp/>queue_length<sp/>=<sp/>bp::extract&lt;<sp/>int<sp/>&gt;<sp/>(queue_info[1]);</highlight></codeline>
<codeline lineno="411"><highlight class="normal"><sp/><sp/>current_stream_index_.assign<sp/>(</highlight></codeline>
<codeline lineno="412"><highlight class="normal"><sp/><sp/><sp/><sp/><sp/><sp/>boost::lexical_cast&lt;<sp/>std::string<sp/>&gt;<sp/>(queue_index));</highlight></codeline>
<codeline lineno="413"><highlight class="normal"><sp/><sp/>current_queue_length_.assign<sp/>(</highlight></codeline>
<codeline lineno="414"><highlight class="normal"><sp/><sp/><sp/><sp/><sp/><sp/>boost::lexical_cast&lt;<sp/>std::string<sp/>&gt;<sp/>(queue_length));</highlight></codeline>
<codeline lineno="415"><highlight class="normal"></highlight></codeline>
<codeline lineno="416"><highlight class="normal"><sp/><sp/></highlight><highlight class="keyword">const</highlight><highlight class="normal"><sp/></highlight><highlight class="keywordtype">char</highlight><highlight class="normal"><sp/>*p_title<sp/>=<sp/>bp::extract&lt;<sp/>char<sp/>const<sp/>*<sp/>&gt;<sp/>(</highlight></codeline>
<codeline lineno="417"><highlight class="normal"><sp/><sp/><sp/><sp/><sp/><sp/>py_yt_proxy_.attr<sp/>(</highlight><highlight class="stringliteral">&quot;current_audio_stream_title&quot;</highlight><highlight class="normal">)<sp/>());</highlight></codeline>
<codeline lineno="418"><highlight class="normal"><sp/><sp/></highlight><highlight class="keywordflow">if</highlight><highlight class="normal"><sp/>(p_title)</highlight></codeline>
<codeline lineno="419"><highlight class="normal"><sp/><sp/><sp/><sp/>{</highlight></codeline>
<codeline lineno="420"><highlight class="normal"><sp/><sp/><sp/><sp/><sp/><sp/>current_stream_title_.assign<sp/>(p_title);</highlight></codeline>
<codeline lineno="421"><highlight class="normal"><sp/><sp/><sp/><sp/>}</highlight></codeline>
<codeline lineno="422"><highlight class="normal"></highlight></codeline>
<codeline lineno="423"><highlight class="normal"><sp/><sp/></highlight><highlight class="keyword">const</highlight><highlight class="normal"><sp/></highlight><highlight class="keywordtype">char</highlight><highlight class="normal"><sp/>*p_author<sp/>=<sp/>bp::extract&lt;<sp/>char<sp/>const<sp/>*<sp/>&gt;<sp/>(</highlight></codeline>
<codeline lineno="424"><highlight class="normal"><sp/><sp/><sp/><sp/><sp/><sp/>py_yt_proxy_.attr<sp/>(</highlight><highlight class="stringliteral">&quot;current_audio_stream_author&quot;</highlight><highlight class="normal">)<sp/>());</highlight></codeline>
<codeline lineno="425"><highlight class="normal"><sp/><sp/></highlight><highlight class="keywordflow">if</highlight><highlight class="normal"><sp/>(p_author)</highlight></codeline>
<codeline lineno="426"><highlight class="normal"><sp/><sp/><sp/><sp/>{</highlight></codeline>
<codeline lineno="427"><highlight class="normal"><sp/><sp/><sp/><sp/><sp/><sp/>current_stream_author_.assign<sp/>(p_author);</highlight></codeline>
<codeline lineno="428"><highlight class="normal"><sp/><sp/><sp/><sp/>}</highlight></codeline>
<codeline lineno="429"><highlight class="normal"></highlight></codeline>
<codeline lineno="430"><highlight class="normal"><sp/><sp/></highlight><highlight class="keyword">const</highlight><highlight class="normal"><sp/></highlight><highlight class="keywordtype">int</highlight><highlight class="normal"><sp/>file_size<sp/>=<sp/>bp::extract&lt;<sp/>int<sp/>&gt;<sp/>(</highlight></codeline>
<codeline lineno="431"><highlight class="normal"><sp/><sp/><sp/><sp/><sp/><sp/>py_yt_proxy_.attr<sp/>(</highlight><highlight class="stringliteral">&quot;current_audio_stream_file_size&quot;</highlight><highlight class="normal">)<sp/>());</highlight></codeline>
<codeline lineno="432"><highlight class="normal"><sp/><sp/>current_stream_file_size_.assign<sp/>(</highlight></codeline>
<codeline lineno="433"><highlight class="normal"><sp/><sp/><sp/><sp/><sp/><sp/>boost::lexical_cast&lt;<sp/>std::string<sp/>&gt;<sp/>(file_size<sp/>/<sp/>(1024<sp/>*<sp/>1024)));</highlight></codeline>
<codeline lineno="434"><highlight class="normal"><sp/><sp/>current_stream_file_size_.append<sp/>(</highlight><highlight class="stringliteral">&quot;<sp/>MiB&quot;</highlight><highlight class="normal">);</highlight></codeline>
<codeline lineno="435"><highlight class="normal"></highlight></codeline>
<codeline lineno="436"><highlight class="normal"><sp/><sp/></highlight><highlight class="keyword">const</highlight><highlight class="normal"><sp/></highlight><highlight class="keywordtype">char</highlight><highlight class="normal"><sp/>*p_duration<sp/>=<sp/>bp::extract&lt;<sp/>char<sp/>const<sp/>*<sp/>&gt;<sp/>(</highlight></codeline>
<codeline lineno="437"><highlight class="normal"><sp/><sp/><sp/><sp/><sp/><sp/>py_yt_proxy_.attr<sp/>(</highlight><highlight class="stringliteral">&quot;current_audio_stream_duration&quot;</highlight><highlight class="normal">)<sp/>());</highlight></codeline>
<codeline lineno="438"><highlight class="normal"><sp/><sp/></highlight><highlight class="keywordflow">if</highlight><highlight class="normal"><sp/>(p_duration)</highlight></codeline>
<codeline lineno="439"><highlight class="normal"><sp/><sp/><sp/><sp/>{</highlight></codeline>
<codeline lineno="440"><highlight class="normal"><sp/><sp/><sp/><sp/><sp/><sp/>std::string<sp/><ref refid="structvalue" kindref="compound">value</ref>;</highlight></codeline>
<codeline lineno="441"><highlight class="normal"><sp/><sp/><sp/><sp/><sp/><sp/>value.assign<sp/>(p_duration);</highlight></codeline>
<codeline lineno="442"><highlight class="normal"><sp/><sp/><sp/><sp/><sp/><sp/>std::vector&lt;<sp/>std::string<sp/>&gt;<sp/>strs;</highlight></codeline>
<codeline lineno="443"><highlight class="normal"><sp/><sp/><sp/><sp/><sp/><sp/>boost::split<sp/>(strs,<sp/>value,<sp/>boost::is_any_of<sp/>(</highlight><highlight class="stringliteral">&quot;:&quot;</highlight><highlight class="normal">));</highlight></codeline>
<codeline lineno="444"><highlight class="normal"><sp/><sp/><sp/><sp/><sp/><sp/>std::reverse(strs.begin(),<sp/>strs.end());</highlight></codeline>
<codeline lineno="445"><highlight class="normal"><sp/><sp/><sp/><sp/><sp/><sp/></highlight><highlight class="keywordtype">size_t</highlight><highlight class="normal"><sp/>num_non_empty<sp/>=<sp/>0;</highlight></codeline>
<codeline lineno="446"><highlight class="normal"><sp/><sp/><sp/><sp/><sp/><sp/></highlight><highlight class="keywordflow">for</highlight><highlight class="normal"><sp/>(</highlight><highlight class="keywordtype">size_t</highlight><highlight class="normal"><sp/>i<sp/>=<sp/>0;<sp/>i<sp/>&lt;<sp/>strs.size<sp/>();<sp/>++i)</highlight></codeline>
<codeline lineno="447"><highlight class="normal"><sp/><sp/><sp/><sp/><sp/><sp/><sp/><sp/>{</highlight></codeline>
<codeline lineno="448"><highlight class="normal"><sp/><sp/><sp/><sp/><sp/><sp/><sp/><sp/><sp/><sp/></highlight><highlight class="keywordflow">if</highlight><highlight class="normal"><sp/>(0<sp/>==<sp/>i)</highlight></codeline>
<codeline lineno="449"><highlight class="normal"><sp/><sp/><sp/><sp/><sp/><sp/><sp/><sp/><sp/><sp/><sp/><sp/>{</highlight></codeline>
<codeline lineno="450"><highlight class="normal"><sp/><sp/><sp/><sp/><sp/><sp/><sp/><sp/><sp/><sp/><sp/><sp/><sp/><sp/>++num_non_empty;</highlight></codeline>
<codeline lineno="451"><highlight class="normal"><sp/><sp/><sp/><sp/><sp/><sp/><sp/><sp/><sp/><sp/><sp/><sp/><sp/><sp/>strs[i].append<sp/>(</highlight><highlight class="stringliteral">&quot;s&quot;</highlight><highlight class="normal">);</highlight></codeline>
<codeline lineno="452"><highlight class="normal"><sp/><sp/><sp/><sp/><sp/><sp/><sp/><sp/><sp/><sp/><sp/><sp/>}</highlight></codeline>
<codeline lineno="453"><highlight class="normal"><sp/><sp/><sp/><sp/><sp/><sp/><sp/><sp/><sp/><sp/></highlight><highlight class="keywordflow">if</highlight><highlight class="normal"><sp/>(1<sp/>==<sp/>i)</highlight></codeline>
<codeline lineno="454"><highlight class="normal"><sp/><sp/><sp/><sp/><sp/><sp/><sp/><sp/><sp/><sp/><sp/><sp/>{</highlight></codeline>
<codeline lineno="455"><highlight class="normal"><sp/><sp/><sp/><sp/><sp/><sp/><sp/><sp/><sp/><sp/><sp/><sp/><sp/><sp/>++num_non_empty;</highlight></codeline>
<codeline lineno="456"><highlight class="normal"><sp/><sp/><sp/><sp/><sp/><sp/><sp/><sp/><sp/><sp/><sp/><sp/><sp/><sp/>strs[i].append<sp/>(</highlight><highlight class="stringliteral">&quot;m&quot;</highlight><highlight class="normal">);</highlight></codeline>
<codeline lineno="457"><highlight class="normal"><sp/><sp/><sp/><sp/><sp/><sp/><sp/><sp/><sp/><sp/><sp/><sp/>}</highlight></codeline>
<codeline lineno="458"><highlight class="normal"><sp/><sp/><sp/><sp/><sp/><sp/><sp/><sp/><sp/><sp/></highlight><highlight class="keywordflow">if</highlight><highlight class="normal"><sp/>(2<sp/>==<sp/>i)</highlight></codeline>
<codeline lineno="459"><highlight class="normal"><sp/><sp/><sp/><sp/><sp/><sp/><sp/><sp/><sp/><sp/><sp/><sp/>{</highlight></codeline>
<codeline lineno="460"><highlight class="normal"><sp/><sp/><sp/><sp/><sp/><sp/><sp/><sp/><sp/><sp/><sp/><sp/><sp/><sp/></highlight><highlight class="keywordflow">if</highlight><highlight class="normal"><sp/>(0<sp/>==<sp/>boost::lexical_cast&lt;<sp/>unsigned<sp/>long<sp/>&gt;<sp/>(strs[i]))</highlight></codeline>
<codeline lineno="461"><highlight class="normal"><sp/><sp/><sp/><sp/><sp/><sp/><sp/><sp/><sp/><sp/><sp/><sp/><sp/><sp/><sp/><sp/>{</highlight></codeline>
<codeline lineno="462"><highlight class="normal"><sp/><sp/><sp/><sp/><sp/><sp/><sp/><sp/><sp/><sp/><sp/><sp/><sp/><sp/><sp/><sp/><sp/><sp/>strs[i].clear<sp/>();</highlight></codeline>
<codeline lineno="463"><highlight class="normal"><sp/><sp/><sp/><sp/><sp/><sp/><sp/><sp/><sp/><sp/><sp/><sp/><sp/><sp/><sp/><sp/>}</highlight></codeline>
<codeline lineno="464"><highlight class="normal"><sp/><sp/><sp/><sp/><sp/><sp/><sp/><sp/><sp/><sp/><sp/><sp/><sp/><sp/></highlight><highlight class="keywordflow">else</highlight><highlight class="normal"></highlight></codeline>
<codeline lineno="465"><highlight class="normal"><sp/><sp/><sp/><sp/><sp/><sp/><sp/><sp/><sp/><sp/><sp/><sp/><sp/><sp/><sp/><sp/>{</highlight></codeline>
<codeline lineno="466"><highlight class="normal"><sp/><sp/><sp/><sp/><sp/><sp/><sp/><sp/><sp/><sp/><sp/><sp/><sp/><sp/><sp/><sp/><sp/><sp/>++num_non_empty;</highlight></codeline>
<codeline lineno="467"><highlight class="normal"><sp/><sp/><sp/><sp/><sp/><sp/><sp/><sp/><sp/><sp/><sp/><sp/><sp/><sp/><sp/><sp/><sp/><sp/>strs[i].append<sp/>(</highlight><highlight class="stringliteral">&quot;h&quot;</highlight><highlight class="normal">);</highlight></codeline>
<codeline lineno="468"><highlight class="normal"><sp/><sp/><sp/><sp/><sp/><sp/><sp/><sp/><sp/><sp/><sp/><sp/><sp/><sp/><sp/><sp/>}</highlight></codeline>
<codeline lineno="469"><highlight class="normal"><sp/><sp/><sp/><sp/><sp/><sp/><sp/><sp/><sp/><sp/><sp/><sp/>}</highlight></codeline>
<codeline lineno="470"><highlight class="normal"><sp/><sp/><sp/><sp/><sp/><sp/><sp/><sp/>}</highlight></codeline>
<codeline lineno="471"><highlight class="normal"></highlight></codeline>
<codeline lineno="472"><highlight class="normal"><sp/><sp/><sp/><sp/><sp/><sp/></highlight><highlight class="keywordflow">for</highlight><highlight class="normal"><sp/>(</highlight><highlight class="keywordtype">size_t</highlight><highlight class="normal"><sp/>i<sp/>=<sp/>0;<sp/>i<sp/>&lt;<sp/>num_non_empty;<sp/>++i)</highlight></codeline>
<codeline lineno="473"><highlight class="normal"><sp/><sp/><sp/><sp/><sp/><sp/><sp/><sp/>{</highlight></codeline>
<codeline lineno="474"><highlight class="normal"><sp/><sp/><sp/><sp/><sp/><sp/><sp/><sp/><sp/><sp/>current_stream_duration_<sp/>=<sp/><sp/>strs[i]<sp/>+<sp/>current_stream_duration_;</highlight></codeline>
<codeline lineno="475"><highlight class="normal"><sp/><sp/><sp/><sp/><sp/><sp/><sp/><sp/><sp/><sp/></highlight><highlight class="keywordflow">if</highlight><highlight class="normal"><sp/>((num_non_empty<sp/>-<sp/>1)<sp/>!=<sp/>i)</highlight></codeline>
<codeline lineno="476"><highlight class="normal"><sp/><sp/><sp/><sp/><sp/><sp/><sp/><sp/><sp/><sp/><sp/><sp/>{</highlight></codeline>
<codeline lineno="477"><highlight class="normal"><sp/><sp/><sp/><sp/><sp/><sp/><sp/><sp/><sp/><sp/><sp/><sp/><sp/><sp/>current_stream_duration_<sp/>=<sp/></highlight><highlight class="stringliteral">&quot;:&quot;</highlight><highlight class="normal"><sp/>+<sp/>current_stream_duration_;</highlight></codeline>
<codeline lineno="478"><highlight class="normal"><sp/><sp/><sp/><sp/><sp/><sp/><sp/><sp/><sp/><sp/><sp/><sp/>}</highlight></codeline>
<codeline lineno="479"><highlight class="normal"><sp/><sp/><sp/><sp/><sp/><sp/><sp/><sp/>}</highlight></codeline>
<codeline lineno="480"><highlight class="normal"><sp/><sp/><sp/><sp/>}</highlight></codeline>
<codeline lineno="481"><highlight class="normal"></highlight></codeline>
<codeline lineno="482"><highlight class="normal"><sp/><sp/></highlight><highlight class="keyword">const</highlight><highlight class="normal"><sp/></highlight><highlight class="keywordtype">char</highlight><highlight class="normal"><sp/>*p_bitrate<sp/>=<sp/>bp::extract&lt;<sp/>char<sp/>const<sp/>*<sp/>&gt;<sp/>(</highlight></codeline>
<codeline lineno="483"><highlight class="normal"><sp/><sp/><sp/><sp/><sp/><sp/>py_yt_proxy_.attr<sp/>(</highlight><highlight class="stringliteral">&quot;current_audio_stream_bitrate&quot;</highlight><highlight class="normal">)<sp/>());</highlight></codeline>
<codeline lineno="484"><highlight class="normal"><sp/><sp/></highlight><highlight class="keywordflow">if</highlight><highlight class="normal"><sp/>(p_bitrate)</highlight></codeline>
<codeline lineno="485"><highlight class="normal"><sp/><sp/><sp/><sp/>{</highlight></codeline>
<codeline lineno="486"><highlight class="normal"><sp/><sp/><sp/><sp/><sp/><sp/>current_stream_bitrate_.assign<sp/>(p_bitrate);</highlight></codeline>
<codeline lineno="487"><highlight class="normal"><sp/><sp/><sp/><sp/>}</highlight></codeline>
<codeline lineno="488"><highlight class="normal"></highlight></codeline>
<codeline lineno="489"><highlight class="normal"><sp/><sp/></highlight><highlight class="keyword">const</highlight><highlight class="normal"><sp/></highlight><highlight class="keywordtype">int</highlight><highlight class="normal"><sp/>view_count<sp/>=<sp/>bp::extract&lt;<sp/>int<sp/>&gt;<sp/>(</highlight></codeline>
<codeline lineno="490"><highlight class="normal"><sp/><sp/><sp/><sp/><sp/><sp/>py_yt_proxy_.attr<sp/>(</highlight><highlight class="stringliteral">&quot;current_audio_stream_view_count&quot;</highlight><highlight class="normal">)<sp/>());</highlight></codeline>
<codeline lineno="491"><highlight class="normal"><sp/><sp/>current_stream_view_count_.assign<sp/>(</highlight></codeline>
<codeline lineno="492"><highlight class="normal"><sp/><sp/><sp/><sp/><sp/><sp/>boost::lexical_cast&lt;<sp/>std::string<sp/>&gt;<sp/>(view_count));</highlight></codeline>
<codeline lineno="493"><highlight class="normal"></highlight></codeline>
<codeline lineno="494"><highlight class="normal"><sp/><sp/></highlight><highlight class="keyword">const</highlight><highlight class="normal"><sp/></highlight><highlight class="keywordtype">char</highlight><highlight class="normal"><sp/>*p_description<sp/>=<sp/>bp::extract&lt;<sp/>char<sp/>const<sp/>*<sp/>&gt;<sp/>(</highlight></codeline>
<codeline lineno="495"><highlight class="normal"><sp/><sp/><sp/><sp/><sp/><sp/>py_yt_proxy_.attr<sp/>(</highlight><highlight class="stringliteral">&quot;current_audio_stream_description&quot;</highlight><highlight class="normal">)<sp/>());</highlight></codeline>
<codeline lineno="496"><highlight class="normal"><sp/><sp/></highlight><highlight class="keywordflow">if</highlight><highlight class="normal"><sp/>(p_description)</highlight></codeline>
<codeline lineno="497"><highlight class="normal"><sp/><sp/><sp/><sp/>{</highlight></codeline>
<codeline lineno="498"><highlight class="normal"><sp/><sp/><sp/><sp/><sp/><sp/>current_stream_description_.assign<sp/>(p_description);</highlight></codeline>
<codeline lineno="499"><highlight class="normal"><sp/><sp/><sp/><sp/><sp/><sp/>current_stream_description_.erase<sp/>(</highlight></codeline>
<codeline lineno="500"><highlight class="normal"><sp/><sp/><sp/><sp/><sp/><sp/><sp/><sp/><sp/><sp/>std::remove<sp/>(current_stream_description_.begin<sp/>(),</highlight></codeline>
<codeline lineno="501"><highlight class="normal"><sp/><sp/><sp/><sp/><sp/><sp/><sp/><sp/><sp/><sp/><sp/><sp/><sp/><sp/><sp/><sp/><sp/><sp/><sp/><sp/><sp/><sp/><sp/>current_stream_description_.end<sp/>(),<sp/></highlight><highlight class="charliteral">&apos;\n&apos;</highlight><highlight class="normal">),</highlight></codeline>
<codeline lineno="502"><highlight class="normal"><sp/><sp/><sp/><sp/><sp/><sp/><sp/><sp/><sp/><sp/>current_stream_description_.end<sp/>());</highlight></codeline>
<codeline lineno="503"><highlight class="normal"><sp/><sp/><sp/><sp/><sp/><sp/>current_stream_description_.erase<sp/>(</highlight></codeline>
<codeline lineno="504"><highlight class="normal"><sp/><sp/><sp/><sp/><sp/><sp/><sp/><sp/><sp/><sp/>std::remove<sp/>(current_stream_description_.begin<sp/>(),</highlight></codeline>
<codeline lineno="505"><highlight class="normal"><sp/><sp/><sp/><sp/><sp/><sp/><sp/><sp/><sp/><sp/><sp/><sp/><sp/><sp/><sp/><sp/><sp/><sp/><sp/><sp/><sp/><sp/><sp/>current_stream_description_.end<sp/>(),<sp/></highlight><highlight class="charliteral">&apos;\r&apos;</highlight><highlight class="normal">),</highlight></codeline>
<codeline lineno="506"><highlight class="normal"><sp/><sp/><sp/><sp/><sp/><sp/><sp/><sp/><sp/><sp/>current_stream_description_.end<sp/>());</highlight></codeline>
<codeline lineno="507"><highlight class="normal"><sp/><sp/><sp/><sp/>}</highlight></codeline>
<codeline lineno="508"><highlight class="normal"></highlight></codeline>
<codeline lineno="509"><highlight class="normal"><sp/><sp/></highlight><highlight class="keyword">const</highlight><highlight class="normal"><sp/></highlight><highlight class="keywordtype">char</highlight><highlight class="normal"><sp/>*p_file_extension<sp/>=<sp/>bp::extract&lt;<sp/>char<sp/>const<sp/>*<sp/>&gt;<sp/>(</highlight></codeline>
<codeline lineno="510"><highlight class="normal"><sp/><sp/><sp/><sp/><sp/><sp/>py_yt_proxy_.attr<sp/>(</highlight><highlight class="stringliteral">&quot;current_audio_stream_file_extension&quot;</highlight><highlight class="normal">)<sp/>());</highlight></codeline>
<codeline lineno="511"><highlight class="normal"><sp/><sp/></highlight><highlight class="keywordflow">if</highlight><highlight class="normal"><sp/>(p_file_extension)</highlight></codeline>
<codeline lineno="512"><highlight class="normal"><sp/><sp/><sp/><sp/>{</highlight></codeline>
<codeline lineno="513"><highlight class="normal"><sp/><sp/><sp/><sp/><sp/><sp/>current_stream_file_extension_.assign<sp/>(p_file_extension);</highlight></codeline>
<codeline lineno="514"><highlight class="normal"><sp/><sp/><sp/><sp/>}</highlight></codeline>
<codeline lineno="515"><highlight class="normal"></highlight></codeline>
<codeline lineno="516"><highlight class="normal"><sp/><sp/></highlight><highlight class="keyword">const</highlight><highlight class="normal"><sp/></highlight><highlight class="keywordtype">char</highlight><highlight class="normal"><sp/>*p_video_id<sp/>=<sp/>bp::extract&lt;<sp/>char<sp/>const<sp/>*<sp/>&gt;<sp/>(</highlight></codeline>
<codeline lineno="517"><highlight class="normal"><sp/><sp/><sp/><sp/><sp/><sp/>py_yt_proxy_.attr<sp/>(</highlight><highlight class="stringliteral">&quot;current_audio_stream_video_id&quot;</highlight><highlight class="normal">)<sp/>());</highlight></codeline>
<codeline lineno="518"><highlight class="normal"><sp/><sp/></highlight><highlight class="keywordflow">if</highlight><highlight class="normal"><sp/>(p_video_id)</highlight></codeline>
<codeline lineno="519"><highlight class="normal"><sp/><sp/><sp/><sp/>{</highlight></codeline>
<codeline lineno="520"><highlight class="normal"><sp/><sp/><sp/><sp/><sp/><sp/>current_stream_video_id_.assign<sp/>(p_video_id);</highlight></codeline>
<codeline lineno="521"><highlight class="normal"><sp/><sp/><sp/><sp/>}</highlight></codeline>
<codeline lineno="522"><highlight class="normal"></highlight></codeline>
<codeline lineno="523"><highlight class="normal"><sp/><sp/></highlight><highlight class="keyword">const</highlight><highlight class="normal"><sp/></highlight><highlight class="keywordtype">char</highlight><highlight class="normal"><sp/>*p_published<sp/>=<sp/>bp::extract&lt;<sp/>char<sp/>const<sp/>*<sp/>&gt;<sp/>(</highlight></codeline>
<codeline lineno="524"><highlight class="normal"><sp/><sp/><sp/><sp/><sp/><sp/>py_yt_proxy_.attr<sp/>(</highlight><highlight class="stringliteral">&quot;current_audio_stream_published&quot;</highlight><highlight class="normal">)<sp/>());</highlight></codeline>
<codeline lineno="525"><highlight class="normal"><sp/><sp/></highlight><highlight class="keywordflow">if</highlight><highlight class="normal"><sp/>(p_published)</highlight></codeline>
<codeline lineno="526"><highlight class="normal"><sp/><sp/><sp/><sp/>{</highlight></codeline>
<codeline lineno="527"><highlight class="normal"><sp/><sp/><sp/><sp/><sp/><sp/>current_stream_published_.assign<sp/>(p_published);</highlight></codeline>
<codeline lineno="528"><highlight class="normal"><sp/><sp/><sp/><sp/>}</highlight></codeline>
<codeline lineno="529"><highlight class="normal"></highlight></codeline>
<codeline lineno="530"><highlight class="normal"><sp/><sp/></highlight><highlight class="keywordflow">return</highlight><highlight class="normal"><sp/>rc;</highlight></codeline>
<codeline lineno="531"><highlight class="normal">}</highlight></codeline>
    </programlisting>
    <location file="/home/joni/work/tizonia-master/clients/youtube/libtizyoutube/src/tizyoutube.cpp"/>
  </compounddef>
</doxygen>
